{"CV_RMSE": 312.7556178136112, "RMSE": 23.80345944720454, "RMSE_Kalmar": 17.263712473209125, "RMSE_Blekinge": 6.539746973995415, "CV_RMSE_'Kalmar": 167.06818522460443, "CV_RMSE_Blekinge": 145.68743258900676, "_timestamp": 1748575072.172213, "_runtime": 1.3107171058654785, "_step": 0, "_wandb": {"runtime": 1}}