{"CV_RMSE": 306.9832894195781, "RMSE": 22.257146988844788, "RMSE_Kalmar": 14.987866243326355, "RMSE_Blekinge": 7.269280745518432, "CV_RMSE_'Kalmar": 145.0438668709002, "CV_RMSE_Blekinge": 161.93942254867795, "_timestamp": 1748505010.6488533, "_runtime": 1.3124723434448242, "_step": 0, "_wandb": {"runtime": 1}}