{"CV_RMSE": 270.65964186172914, "RMSE": 430.06447417553494, "RMSE_STHLM": 394.6470880544331, "RMSE_S\u00f6dermanland": 35.41738612110184, "CV_RMSE_STHLM": 140.55495815155908, "CV_RMSE_S\u00f6dermanland": 130.10468371017004, "_timestamp": 1748468033.9952815, "_runtime": 1.2961125373840332, "_step": 0, "_wandb": {"runtime": 1}}