{"CV_RMSE": 306.34232269177085, "RMSE": 22.22775655863238, "RMSE_Kalmar": 14.986773323616578, "RMSE_Blekinge": 7.240983235015801, "CV_RMSE_'Kalmar": 145.03329022854751, "CV_RMSE_Blekinge": 161.3090324632233, "_timestamp": 1748484680.0401978, "_runtime": 1.3420689105987549, "_step": 0, "_wandb": {"runtime": 1}}