{"CV_RMSE": 268.33034755492537, "RMSE": 423.8636950786908, "RMSE_STHLM": 388.48274349547125, "RMSE_S\u00f6dermanland": 35.38095158321955, "CV_RMSE_STHLM": 138.35950500432295, "CV_RMSE_S\u00f6dermanland": 129.9708425506024, "_timestamp": 1748477077.8043728, "_runtime": 1.2573437690734863, "_step": 0, "_wandb": {"runtime": 1}}