{"CV_RMSE": 306.86858147310744, "RMSE": 22.247088018395953, "RMSE_Kalmar": 14.979185315356613, "RMSE_Blekinge": 7.267902703039341, "CV_RMSE_'Kalmar": 144.95985789054785, "CV_RMSE_Blekinge": 161.9087235825596, "_timestamp": 1748541573.2303898, "_runtime": 1.3399827480316162, "_step": 0, "_wandb": {"runtime": 1}}