{"CV_RMSE": 275.2204059663738, "RMSE": 436.8428462219015, "RMSE_STHLM": 400.7783637757323, "RMSE_S\u00f6dermanland": 36.064482446169166, "CV_RMSE_STHLM": 142.7386337151401, "CV_RMSE_S\u00f6dermanland": 132.48177225123368, "_timestamp": 1748430845.5964992, "_runtime": 1.2708323001861572, "_step": 0, "_wandb": {"runtime": 3}}