{"CV_RMSE": 303.35881778941933, "RMSE": 22.036586764441576, "RMSE_Kalmar": 14.885563202056478, "RMSE_Blekinge": 7.1510235623851, "CV_RMSE_'Kalmar": 144.05383743925623, "CV_RMSE_Blekinge": 159.3049803501631, "_timestamp": 1748473414.0998125, "_runtime": 1.341761589050293, "_step": 0, "_wandb": {"runtime": 1}}