{"CV_RMSE": 2871.9585051479175, "RMSE": 1292.2000321333214, "RMSE_skane": 1186.8061301455002, "RMSE_kronoberg": 105.39390198782114, "CV_RMSE_'skane": 1881.8279019220404, "CV_RMSE_kronoberg": 990.1306032258772, "_timestamp": 1748557204.6695743, "_runtime": 1.3581352233886719, "_step": 0, "_wandb": {"runtime": 1}}