{"CV_RMSE": 272.26777727360513, "RMSE": 431.67821665617566, "RMSE_STHLM": 395.94931503281344, "RMSE_S\u00f6dermanland": 35.72890162336222, "CV_RMSE_STHLM": 141.01875090207048, "CV_RMSE_S\u00f6dermanland": 131.24902637153468, "_timestamp": 1748433908.2467482, "_runtime": 1.2680332660675049, "_step": 0, "_wandb": {"runtime": 1}}