{"CV_RMSE": 273.30862571928, "RMSE": 436.97145062799143, "RMSE_STHLM": 401.4970787569622, "RMSE_S\u00f6dermanland": 35.47437187102926, "CV_RMSE_STHLM": 142.9946066012133, "CV_RMSE_S\u00f6dermanland": 130.31401911806668, "_timestamp": 1748462743.1826384, "_runtime": 1.9007213115692139, "_step": 0, "_wandb": {"runtime": 1}}