{"CV_RMSE": 225.55320429165866, "RMSE": 80.1736705401484, "RMSE_skane": 67.56916484835813, "RMSE_kronoberg": 12.604505691790262, "CV_RMSE_'skane": 107.13926772995474, "CV_RMSE_kronoberg": 118.41393656170392, "_timestamp": 1748507986.1977837, "_runtime": 1.3607046604156494, "_step": 0, "_wandb": {"runtime": 1}}