{"CV_RMSE": 1920.9333745060153, "RMSE": 160.35866847970206, "RMSE_Kalmar": 131.06653310217703, "RMSE_Blekinge": 29.292135377525025, "CV_RMSE_'Kalmar": 1268.3858042146164, "CV_RMSE_Blekinge": 652.547570291399, "_timestamp": 1748512197.025802, "_runtime": 1.3347718715667725, "_step": 0, "_wandb": {"runtime": 1}}