{"CV_RMSE": 477.07610084766935, "RMSE": 960.070338270455, "RMSE_STHLM": 919.3314831785914, "RMSE_S\u00f6dermanland": 40.73885509186359, "CV_RMSE_STHLM": 327.42316377551737, "CV_RMSE_S\u00f6dermanland": 149.65293707215199, "_timestamp": 1748394544.6206334, "_runtime": 1.3291864395141602, "_step": 0, "_wandb": {"runtime": 1}}