{"CV_RMSE": 643.3857556151702, "RMSE": 1221.3730959641089, "RMSE_STHLM": 1158.5544162350213, "RMSE_S\u00f6dermanland": 62.818679729087584, "CV_RMSE_STHLM": 412.623258651175, "CV_RMSE_S\u00f6dermanland": 230.7624969639952, "_timestamp": 1748318611.2692, "_runtime": 1.295107126235962, "_step": 0, "_wandb": {"runtime": 1}}