{"CV_RMSE": 4250.8339198382255, "RMSE": 1881.6057963542648, "RMSE_skane": 1719.3156698171913, "RMSE_kronoberg": 162.29012653707363, "CV_RMSE_'skane": 2726.187637130853, "CV_RMSE_kronoberg": 1524.6462827073724, "_timestamp": 1748571215.5712714, "_runtime": 1.3878374099731445, "_step": 0, "_wandb": {"runtime": 1}}