{"CV_RMSE": 2552.6337869422905, "RMSE": 718.9203222217179, "RMSE_skane": 538.0129018752424, "RMSE_kronoberg": 180.90742034647553, "CV_RMSE_'skane": 853.085996630934, "CV_RMSE_kronoberg": 1699.5477903113567, "_timestamp": 1748575668.3367429, "_runtime": 1.3618087768554688, "_step": 0, "_wandb": {"runtime": 1}}