{"CV_RMSE": 1262.083911593621, "RMSE": 1833.0227447392579, "RMSE_STHLM": 1649.3663197167248, "RMSE_S\u00f6dermanland": 183.656425022533, "CV_RMSE_STHLM": 587.4276564088058, "CV_RMSE_S\u00f6dermanland": 674.6562551848151, "_timestamp": 1748354297.1328232, "_runtime": 1.3752012252807617, "_step": 0, "_wandb": {"runtime": 1}}