{"CV_RMSE": 5166.7755159929775, "RMSE": 345.46946828339475, "RMSE_Kalmar": 200.74325151312476, "RMSE_Blekinge": 144.72621677026999, "CV_RMSE_'Kalmar": 1942.6766275463688, "CV_RMSE_Blekinge": 3224.0988884466087, "_timestamp": 1748499165.6389298, "_runtime": 1.298332929611206, "_step": 0, "_wandb": {"runtime": 1}}