{"CV_RMSE": 3831.9521492794424, "RMSE": 258.4113130793831, "RMSE_Kalmar": 152.75911046623662, "RMSE_Blekinge": 105.65220261314646, "CV_RMSE_'Kalmar": 1478.3139722539026, "CV_RMSE_Blekinge": 2353.63817702554, "_timestamp": 1748569055.18566, "_runtime": 1.3243439197540283, "_step": 0, "_wandb": {"runtime": 1}}