{"CV_RMSE": 1379.3265815236305, "RMSE": 1902.3176097864123, "RMSE_STHLM": 1690.7581864919832, "RMSE_S\u00f6dermanland": 211.55942329442914, "CV_RMSE_STHLM": 602.1695163604214, "CV_RMSE_S\u00f6dermanland": 777.1570651632092, "_timestamp": 1748332091.3158188, "_runtime": 1.2457318305969238, "_step": 0, "_wandb": {"runtime": 1}}