{"CV_RMSE": 3693.187697942959, "RMSE": 1824.0008570608584, "RMSE_skane": 1721.4251050412292, "RMSE_kronoberg": 102.57575201962923, "CV_RMSE_'skane": 2729.532407570659, "CV_RMSE_kronoberg": 963.6552903722998, "_timestamp": 1748573159.488765, "_runtime": 1.3079590797424316, "_step": 0, "_wandb": {"runtime": 1}}