{"CV_RMSE": 3142.208141486566, "RMSE": 216.8567138373313, "RMSE_Kalmar": 134.03047146158224, "RMSE_Blekinge": 82.82624237574906, "CV_RMSE_'Kalmar": 1297.0690786604732, "CV_RMSE_Blekinge": 1845.1390628260929, "_timestamp": 1748554924.4134605, "_runtime": 1.4883954524993896, "_step": 0, "_wandb": {"runtime": 1}}