{"CV_RMSE": 2001.4848541354102, "RMSE": 2766.0543372485167, "RMSE_STHLM": 2459.678685235299, "RMSE_S\u00f6dermanland": 306.37565201321775, "CV_RMSE_STHLM": 876.0232753113451, "CV_RMSE_S\u00f6dermanland": 1125.461578824065, "_timestamp": 1748331878.8728435, "_runtime": 1.312434434890747, "_step": 0, "_wandb": {"runtime": 1}}