{"CV_RMSE": 672.4081780757236, "RMSE": 1057.703956873991, "RMSE_STHLM": 968.5646703423733, "RMSE_S\u00f6dermanland": 89.13928653161778, "CV_RMSE_STHLM": 344.95773775549503, "CV_RMSE_S\u00f6dermanland": 327.4504403202286, "_timestamp": 1748306747.9493947, "_runtime": 1.2832567691802979, "_step": 0, "_wandb": {"runtime": 1}}