{"CV_RMSE": 1200.82458026837, "RMSE": 1230.764388428864, "RMSE_STHLM": 1000.9148595729446, "RMSE_S\u00f6dermanland": 229.8495288559194, "CV_RMSE_STHLM": 356.4793722262169, "CV_RMSE_S\u00f6dermanland": 844.345208042153, "_timestamp": 1748285356.8708413, "_runtime": 1.2851252555847168, "_step": 0, "_wandb": {"runtime": 1}}