{"CV_RMSE": 749.7283087851558, "RMSE": 1837.2411347399568, "RMSE_STHLM": 1808.4864499199348, "RMSE_S\u00f6dermanland": 28.754684820022067, "CV_RMSE_STHLM": 644.0988543442585, "CV_RMSE_S\u00f6dermanland": 105.62945444089739, "_timestamp": 1748369174.1486728, "_runtime": 1.3478038311004639, "_step": 0, "_wandb": {"runtime": 1}}