{"CV_RMSE": 2415.6405415317186, "RMSE": 140.398413474096, "RMSE_Kalmar": 56.51251721881843, "RMSE_Blekinge": 83.88589625527759, "CV_RMSE_'Kalmar": 546.8953279240493, "CV_RMSE_Blekinge": 1868.745213607669, "_timestamp": 1748542910.814452, "_runtime": 1.4169368743896484, "_step": 0, "_wandb": {"runtime": 1}}