{"CV_RMSE": 561.3303515061472, "RMSE": 473.33026610386304, "RMSE_STHLM": 354.93572092087226, "RMSE_S\u00f6dermanland": 118.39454518299078, "CV_RMSE_STHLM": 126.4116140992422, "CV_RMSE_S\u00f6dermanland": 434.91873740690494, "_timestamp": 1748530679.0110142, "_runtime": 1.2981681823730469, "_step": 0, "_wandb": {"runtime": 1}}