{"CV_RMSE": 2157.7778251872337, "RMSE": 146.22210610069405, "RMSE_Kalmar": 87.27476628294501, "RMSE_Blekinge": 58.94733981774903, "CV_RMSE_'Kalmar": 844.5945124155968, "CV_RMSE_Blekinge": 1313.1833127716368, "_timestamp": 1748490591.6541479, "_runtime": 1.3582308292388916, "_step": 0, "_wandb": {"runtime": 1}}