{"CV_RMSE": 7228.153604591664, "RMSE": 484.00338496022437, "RMSE_Kalmar": 282.0757202788124, "RMSE_Blekinge": 201.92766468141195, "CV_RMSE_'Kalmar": 2729.765034956249, "CV_RMSE_Blekinge": 4498.388569635415, "_timestamp": 1748457390.6818163, "_runtime": 1.2823293209075928, "_step": 0, "_wandb": {"runtime": 1}}