{"CV_RMSE": 305.5046725785136, "RMSE": 22.107697432545205, "RMSE_Kalmar": 14.840982663541244, "RMSE_Blekinge": 7.266714769003962, "CV_RMSE_'Kalmar": 143.62241287297977, "CV_RMSE_Blekinge": 161.8822597055338, "_timestamp": 1748467785.0099614, "_runtime": 1.3007032871246338, "_step": 0, "_wandb": {"runtime": 1}}