{"CV_RMSE": 808.5720767606281, "RMSE": 1160.4815756143591, "RMSE_STHLM": 1041.330288302698, "RMSE_S\u00f6dermanland": 119.15128731166132, "CV_RMSE_STHLM": 370.8734703096273, "CV_RMSE_S\u00f6dermanland": 437.6986064510008, "_timestamp": 1748348991.3818698, "_runtime": 1.3437306880950928, "_step": 0, "_wandb": {"runtime": 1}}