{"CV_RMSE": 306.08548892231164, "RMSE": 22.173201996920533, "RMSE_Kalmar": 14.910701482115323, "RMSE_Blekinge": 7.262500514805211, "CV_RMSE_'Kalmar": 144.29711111724507, "CV_RMSE_Blekinge": 161.78837780506657, "_timestamp": 1748576814.2676492, "_runtime": 1.35072922706604, "_step": 0, "_wandb": {"runtime": 1}}