{"CV_RMSE": 384.4126046359597, "RMSE": 693.0877785129892, "RMSE_STHLM": 651.6184267956467, "RMSE_S\u00f6dermanland": 41.469351717342526, "CV_RMSE_STHLM": 232.07621057225248, "CV_RMSE_S\u00f6dermanland": 152.33639406370725, "_timestamp": 1748344631.3672552, "_runtime": 1.3540112972259521, "_step": 0, "_wandb": {"runtime": 1}}