{"CV_RMSE": 306.9386886549046, "RMSE": 22.254443007057567, "RMSE_Kalmar": 14.986625236090221, "RMSE_Blekinge": 7.267817770967348, "CV_RMSE_'Kalmar": 145.03185712345376, "CV_RMSE_Blekinge": 161.90683153145082, "_timestamp": 1748469696.2142093, "_runtime": 1.243187427520752, "_step": 0, "_wandb": {"runtime": 1}}