{"CV_RMSE": 3116.1181782940253, "RMSE": 1421.795535191223, "RMSE_skane": 1311.449625181843, "RMSE_kronoberg": 110.34591000938002, "CV_RMSE_'skane": 2079.465579040977, "CV_RMSE_kronoberg": 1036.6525992530483, "_timestamp": 1748503092.9642243, "_runtime": 1.3481643199920654, "_step": 0, "_wandb": {"runtime": 1}}