{"CV_RMSE": 1216.5966402389772, "RMSE": 1061.3901887640175, "RMSE_STHLM": 808.6018489553269, "RMSE_S\u00f6dermanland": 252.7883398086905, "CV_RMSE_STHLM": 287.98641237031825, "CV_RMSE_S\u00f6dermanland": 928.6102278686591, "_timestamp": 1748284937.6078854, "_runtime": 1.265451431274414, "_step": 0, "_wandb": {"runtime": 1}}