{"CV_RMSE": 983.7025817314445, "RMSE": 1967.2559679765898, "RMSE_STHLM": 1881.9287292241186, "RMSE_S\u00f6dermanland": 85.32723875247113, "CV_RMSE_STHLM": 670.255582232571, "CV_RMSE_S\u00f6dermanland": 313.44699949887354, "_timestamp": 1748371331.4832234, "_runtime": 1.308159351348877, "_step": 0, "_wandb": {"runtime": 1}}