{"CV_RMSE": 267.7403842518607, "RMSE": 427.9541438207051, "RMSE_STHLM": 393.19019441782984, "RMSE_S\u00f6dermanland": 34.76394940287528, "CV_RMSE_STHLM": 140.0360803229311, "CV_RMSE_S\u00f6dermanland": 127.70430392892959, "_timestamp": 1748460540.3788624, "_runtime": 1.2674014568328857, "_step": 0, "_wandb": {"runtime": 1}}