{"CV_RMSE": 306.97370057339447, "RMSE": 22.256283875839216, "RMSE_Kalmar": 14.98710123813656, "RMSE_Blekinge": 7.269182637702658, "CV_RMSE_'Kalmar": 145.03646359486993, "CV_RMSE_Blekinge": 161.93723697852454, "_timestamp": 1748570707.5053437, "_runtime": 1.4510576725006104, "_step": 0, "_wandb": {"runtime": 1}}