{"CV_RMSE": 3088.3770965278536, "RMSE": 184.21579717781438, "RMSE_Kalmar": 80.59171518184642, "RMSE_Blekinge": 103.62408199596796, "CV_RMSE_'Kalmar": 779.9198243404492, "CV_RMSE_Blekinge": 2308.4572721874047, "_timestamp": 1748518834.4047925, "_runtime": 1.3000316619873047, "_step": 0, "_wandb": {"runtime": 1}}