{"CV_RMSE": 967.2387332236535, "RMSE": 1046.5831607741966, "RMSE_STHLM": 867.373684988311, "RMSE_S\u00f6dermanland": 179.2094757858856, "CV_RMSE_STHLM": 308.9182099285635, "CV_RMSE_S\u00f6dermanland": 658.32052329509, "_timestamp": 1748311720.9045084, "_runtime": 1.3161704540252686, "_step": 0, "_wandb": {"runtime": 1}}