{"CV_RMSE": 279.2157669459908, "RMSE": 100.77010318292757, "RMSE_skane": 85.47581515060564, "RMSE_kronoberg": 15.294288032321928, "CV_RMSE_'skane": 135.5324764544487, "CV_RMSE_kronoberg": 143.68329049154212, "_timestamp": 1748528975.4044251, "_runtime": 1.3761041164398193, "_step": 0, "_wandb": {"runtime": 1}}