{"CV_RMSE": 306.5349082801371, "RMSE": 22.212910488709166, "RMSE_Kalmar": 14.945239765839169, "RMSE_Blekinge": 7.267670722869998, "CV_RMSE_'Kalmar": 144.63135257263713, "CV_RMSE_Blekinge": 161.90355570749995, "_timestamp": 1748496869.0906684, "_runtime": 1.2462053298950195, "_step": 0, "_wandb": {"runtime": 1}}