{"CV_RMSE": 1823.061656499938, "RMSE": 2392.2379607774114, "RMSE_STHLM": 2099.5140601480707, "RMSE_S\u00f6dermanland": 292.7239006293407, "CV_RMSE_STHLM": 747.7493684737885, "CV_RMSE_S\u00f6dermanland": 1075.3122880261494, "_timestamp": 1748333533.1757872, "_runtime": 1.233309268951416, "_step": 0, "_wandb": {"runtime": 1}}