{"CV_RMSE": 985.4878624342377, "RMSE": 602.6397229421165, "RMSE_STHLM": 370.26643487013456, "RMSE_S\u00f6dermanland": 232.3732880719819, "CV_RMSE_STHLM": 131.87170216981445, "CV_RMSE_S\u00f6dermanland": 853.6161602644233, "_timestamp": 1748333582.317769, "_runtime": 1.3064031600952148, "_step": 0, "_wandb": {"runtime": 1}}