{"CV_RMSE": 477.4486107021245, "RMSE": 440.30411375562676, "RMSE_STHLM": 343.6498438502173, "RMSE_S\u00f6dermanland": 96.6542699054095, "CV_RMSE_STHLM": 122.39210900878336, "CV_RMSE_S\u00f6dermanland": 355.0565016933411, "_timestamp": 1748512138.1273403, "_runtime": 1.372690200805664, "_step": 0, "_wandb": {"runtime": 1}}