{"CV_RMSE": 874.4363008676801, "RMSE": 1235.6601428916597, "RMSE_STHLM": 1104.7255003246703, "RMSE_S\u00f6dermanland": 130.9346425669894, "CV_RMSE_STHLM": 393.4518996011885, "CV_RMSE_S\u00f6dermanland": 480.98440126649166, "_timestamp": 1748290509.517433, "_runtime": 1.2778799533843994, "_step": 0, "_wandb": {"runtime": 1}}