{"CV_RMSE": 273.0526605022566, "RMSE": 433.56280670878357, "RMSE_STHLM": 397.7996364743071, "RMSE_S\u00f6dermanland": 35.763170234476476, "CV_RMSE_STHLM": 141.67774943683276, "CV_RMSE_S\u00f6dermanland": 131.3749110654238, "_timestamp": 1748523940.5059733, "_runtime": 1.3246424198150635, "_step": 0, "_wandb": {"runtime": 1}}