{"CV_RMSE": 623.7183844278213, "RMSE": 1266.628675599903, "RMSE_STHLM": 1214.5974239662232, "RMSE_S\u00f6dermanland": 52.03125163367997, "CV_RMSE_STHLM": 432.58317434491534, "CV_RMSE_S\u00f6dermanland": 191.135210082906, "_timestamp": 1748333412.2760134, "_runtime": 1.2681984901428223, "_step": 0, "_wandb": {"runtime": 1}}