{"CV_RMSE": 4005.3634480440287, "RMSE": 1496.1035134965668, "RMSE_skane": 1286.9708340508414, "RMSE_kronoberg": 209.13267944572544, "CV_RMSE_'skane": 2040.6514281990085, "CV_RMSE_kronoberg": 1964.71201984502, "_timestamp": 1748539569.7962892, "_runtime": 1.2990291118621826, "_step": 0, "_wandb": {"runtime": 1}}