{"CV_RMSE": 5115.712491923357, "RMSE": 1985.026377972317, "RMSE_skane": 1732.9812142752453, "RMSE_kronoberg": 252.04516369707176, "CV_RMSE_'skane": 2747.856048005146, "CV_RMSE_kronoberg": 2367.856443918211, "_timestamp": 1748573048.6910987, "_runtime": 1.2602016925811768, "_step": 0, "_wandb": {"runtime": 1}}