{"CV_RMSE": 1605.1599580197194, "RMSE": 2103.7969206572698, "RMSE_STHLM": 1845.7915713513732, "RMSE_S\u00f6dermanland": 258.00534930589663, "CV_RMSE_STHLM": 657.385205467446, "CV_RMSE_S\u00f6dermanland": 947.7747525522734, "_timestamp": 1748290235.8965235, "_runtime": 1.2473304271697998, "_step": 0, "_wandb": {"runtime": 1}}