{"CV_RMSE": 306.8802965645446, "RMSE": 22.247841667755132, "RMSE_Kalmar": 14.979588029970376, "RMSE_Blekinge": 7.268253637784758, "CV_RMSE_'Kalmar": 144.96375512874556, "CV_RMSE_Blekinge": 161.91654143579905, "_timestamp": 1748546617.2143996, "_runtime": 1.3520145416259766, "_step": 0, "_wandb": {"runtime": 1}}