{"CV_RMSE": 373.14096404301563, "RMSE": 155.95597917505415, "RMSE_skane": 139.83940815247638, "RMSE_kronoberg": 16.11657102257777, "CV_RMSE_'skane": 221.73267677453973, "CV_RMSE_kronoberg": 151.4082872684759, "_timestamp": 1748534898.242824, "_runtime": 1.3756589889526367, "_step": 0, "_wandb": {"runtime": 1}}