{"CV_RMSE": 305.6796450779135, "RMSE": 22.126087033343502, "RMSE_Kalmar": 14.85960967900537, "RMSE_Blekinge": 7.2664773543381305, "CV_RMSE_'Kalmar": 143.8026743129552, "CV_RMSE_Blekinge": 161.87697076495834, "_timestamp": 1748499416.022863, "_runtime": 1.2926158905029297, "_step": 0, "_wandb": {"runtime": 1}}