{"CV_RMSE": 2996.28213451186, "RMSE": 193.13942865988972, "RMSE_Kalmar": 103.67847365958617, "RMSE_Blekinge": 89.46095500030354, "CV_RMSE_'Kalmar": 1003.3400676734146, "CV_RMSE_Blekinge": 1992.9420668384453, "_timestamp": 1748547018.0881984, "_runtime": 1.357100486755371, "_step": 0, "_wandb": {"runtime": 1}}