{"CV_RMSE": 260.7366650883188, "RMSE": 408.94490777639106, "RMSE_STHLM": 374.25135035041956, "RMSE_S\u00f6dermanland": 34.69355742597149, "CV_RMSE_STHLM": 133.2909439316888, "CV_RMSE_S\u00f6dermanland": 127.44572115662997, "_timestamp": 1748513154.7378445, "_runtime": 1.3433873653411865, "_step": 0, "_wandb": {"runtime": 1}}