{"CV_RMSE": 3525.372745023914, "RMSE": 232.09982547438267, "RMSE_Kalmar": 130.57086849602828, "RMSE_Blekinge": 101.52895697835439, "CV_RMSE_'Kalmar": 1263.5890499615641, "CV_RMSE_Blekinge": 2261.78369506235, "_timestamp": 1748515342.8983896, "_runtime": 1.3889296054840088, "_step": 0, "_wandb": {"runtime": 1}}