{"CV_RMSE": 306.21858614536666, "RMSE": 22.21635854506021, "RMSE_Kalmar": 14.976441452390535, "RMSE_Blekinge": 7.2399170926696765, "CV_RMSE_'Kalmar": 144.93330437797292, "CV_RMSE_Blekinge": 161.28528176739377, "_timestamp": 1748509885.721642, "_runtime": 1.3521020412445068, "_step": 0, "_wandb": {"runtime": 1}}