{"CV_RMSE": 2558.22491626507, "RMSE": 222.04593323478872, "RMSE_Kalmar": 189.5539069784684, "RMSE_Blekinge": 32.492026256320315, "CV_RMSE_'Kalmar": 1834.3926481787264, "CV_RMSE_Blekinge": 723.8322680863437, "_timestamp": 1748519819.9844654, "_runtime": 1.290783405303955, "_step": 0, "_wandb": {"runtime": 1}}