{"CV_RMSE": 229.72584901934624, "RMSE": 347.1872050143851, "RMSE_STHLM": 315.2113844330526, "RMSE_S\u00f6dermanland": 31.975820581332467, "CV_RMSE_STHLM": 112.26365096547185, "CV_RMSE_S\u00f6dermanland": 117.46219805387437, "_timestamp": 1748346117.888298, "_runtime": 1.3422520160675049, "_step": 0, "_wandb": {"runtime": 1}}