{"CV_RMSE": 2228.3964899189737, "RMSE": 1227.3676842742047, "RMSE_skane": 1191.222839308279, "RMSE_kronoberg": 36.14484496592573, "CV_RMSE_'skane": 1888.8311405522393, "CV_RMSE_kronoberg": 339.5653493667344, "_timestamp": 1748530375.6816132, "_runtime": 1.310685157775879, "_step": 0, "_wandb": {"runtime": 1}}