{"CV_RMSE": 574.1469120186895, "RMSE": 921.5377614710006, "RMSE_STHLM": 847.4001195243187, "RMSE_S\u00f6dermanland": 74.13764194668191, "CV_RMSE_STHLM": 301.80455384720494, "CV_RMSE_S\u00f6dermanland": 272.34235817148453, "_timestamp": 1748334409.4846745, "_runtime": 1.302619457244873, "_step": 0, "_wandb": {"runtime": 1}}