{"CV_RMSE": 466.4174521210134, "RMSE": 540.8856724334169, "RMSE_STHLM": 458.3553627156582, "RMSE_S\u00f6dermanland": 82.53030971775868, "CV_RMSE_STHLM": 163.24488581087945, "CV_RMSE_S\u00f6dermanland": 303.17256631013396, "_timestamp": 1748529861.1285965, "_runtime": 1.3133494853973389, "_step": 0, "_wandb": {"runtime": 1}}