{"CV_RMSE": 266.31684808037903, "RMSE": 411.67840766645827, "RMSE_STHLM": 375.59618617029025, "RMSE_S\u00f6dermanland": 36.082221496167996, "CV_RMSE_STHLM": 133.7699119720068, "CV_RMSE_S\u00f6dermanland": 132.54693610837222, "_timestamp": 1748432836.6369464, "_runtime": 1.2802433967590332, "_step": 0, "_wandb": {"runtime": 1}}