{"CV_RMSE": 286.45256475495506, "RMSE": 426.226838980418, "RMSE_STHLM": 385.63668335032656, "RMSE_S\u00f6dermanland": 40.59015563009145, "CV_RMSE_STHLM": 137.3458706035987, "CV_RMSE_S\u00f6dermanland": 149.10669415135635, "_timestamp": 1748561359.449291, "_runtime": 1.2681939601898193, "_step": 0, "_wandb": {"runtime": 1}}