{"CV_RMSE": 3770.426306263124, "RMSE": 279.1582808602254, "RMSE_Kalmar": 194.32408935591582, "RMSE_Blekinge": 84.83419150430957, "CV_RMSE_'Kalmar": 1880.5557034443466, "CV_RMSE_Blekinge": 1889.8706028187773, "_timestamp": 1748578576.8549404, "_runtime": 1.340590476989746, "_step": 0, "_wandb": {"runtime": 1}}