{"CV_RMSE": 274.86093500694403, "RMSE": 435.88929078442425, "RMSE_STHLM": 399.8307947483649, "RMSE_S\u00f6dermanland": 36.058496036059324, "CV_RMSE_STHLM": 142.40115364999144, "CV_RMSE_S\u00f6dermanland": 132.45978135695262, "_timestamp": 1748434081.2707925, "_runtime": 1.3265326023101807, "_step": 0, "_wandb": {"runtime": 1}}