{"CV_RMSE": 5174.369969785172, "RMSE": 1992.1535136312082, "RMSE_skane": 1734.0439580724653, "RMSE_kronoberg": 258.1095555587427, "CV_RMSE_'skane": 2749.5411597343527, "CV_RMSE_kronoberg": 2424.828810050819, "_timestamp": 1748516549.5572171, "_runtime": 1.294255018234253, "_step": 0, "_wandb": {"runtime": 1}}