{"CV_RMSE": 4103.11118029284, "RMSE": 236.9335593266423, "RMSE_Kalmar": 93.26424987418042, "RMSE_Blekinge": 143.66930945246187, "CV_RMSE_'Kalmar": 902.5572568469073, "CV_RMSE_Blekinge": 3200.553923445933, "_timestamp": 1748542711.0430386, "_runtime": 1.299694538116455, "_step": 0, "_wandb": {"runtime": 1}}