{"CV_RMSE": 3843.178565881837, "RMSE": 250.56845619797923, "RMSE_Kalmar": 138.0014633721931, "RMSE_Blekinge": 112.56699282578613, "CV_RMSE_'Kalmar": 1335.4980326341265, "CV_RMSE_Blekinge": 2507.6805332477106, "_timestamp": 1748523165.8449478, "_runtime": 1.3437447547912598, "_step": 0, "_wandb": {"runtime": 1}}