{"CV_RMSE": 2791.4479472313146, "RMSE": 183.50449172633566, "RMSE_Kalmar": 102.9002477853147, "RMSE_Blekinge": 80.60424394102095, "CV_RMSE_'Kalmar": 995.8088495353035, "CV_RMSE_Blekinge": 1795.6390976960113, "_timestamp": 1748526556.2966833, "_runtime": 1.3123583793640137, "_step": 0, "_wandb": {"runtime": 1}}