{"CV_RMSE": 257.63683245109735, "RMSE": 412.12987130148724, "RMSE_STHLM": 378.7126978177093, "RMSE_S\u00f6dermanland": 33.41717348377798, "CV_RMSE_STHLM": 134.87986863313745, "CV_RMSE_S\u00f6dermanland": 122.75696381795993, "_timestamp": 1748470916.9504304, "_runtime": 1.4608533382415771, "_step": 0, "_wandb": {"runtime": 1}}