{"CV_RMSE": 602.3687364900047, "RMSE": 656.492322094607, "RMSE_STHLM": 545.3914538162213, "RMSE_S\u00f6dermanland": 111.10086827838563, "CV_RMSE_STHLM": 194.24309791634317, "CV_RMSE_S\u00f6dermanland": 408.12563857366155, "_timestamp": 1748310349.5466342, "_runtime": 1.3253812789916992, "_step": 0, "_wandb": {"runtime": 1}}