{"CV_RMSE": 1333.2527159754304, "RMSE": 1705.9366295833804, "RMSE_STHLM": 1487.1822579658942, "RMSE_S\u00f6dermanland": 218.75437161748619, "CV_RMSE_STHLM": 529.6652284009913, "CV_RMSE_S\u00f6dermanland": 803.587487574439, "_timestamp": 1748304141.8309104, "_runtime": 1.2431864738464355, "_step": 0, "_wandb": {"runtime": 1}}