{"CV_RMSE": 1646.6143330328707, "RMSE": 147.94789807629664, "RMSE_Kalmar": 130.89521962219953, "RMSE_Blekinge": 17.052678454097098, "CV_RMSE_'Kalmar": 1266.7279318277374, "CV_RMSE_Blekinge": 379.8864012051333, "_timestamp": 1748485450.3733604, "_runtime": 1.3058483600616455, "_step": 0, "_wandb": {"runtime": 1}}