{"CV_RMSE": 306.8315296859064, "RMSE": 22.2469517331972, "RMSE_Kalmar": 14.981885017590162, "RMSE_Blekinge": 7.265066715607038, "CV_RMSE_'Kalmar": 144.9859840411951, "CV_RMSE_Blekinge": 161.84554564471125, "_timestamp": 1748472107.7489185, "_runtime": 1.2338435649871826, "_step": 0, "_wandb": {"runtime": 1}}