{"CV_RMSE": 258.0228140517147, "RMSE": 413.8449954639771, "RMSE_STHLM": 380.4956074895782, "RMSE_S\u00f6dermanland": 33.34938797439887, "CV_RMSE_STHLM": 135.51485822739232, "CV_RMSE_S\u00f6dermanland": 122.5079558243224, "_timestamp": 1748489421.8972425, "_runtime": 1.3515315055847168, "_step": 0, "_wandb": {"runtime": 1}}