{"CV_RMSE": 273.7551721207205, "RMSE": 444.15066022863954, "RMSE_STHLM": 409.3124516362231, "RMSE_S\u00f6dermanland": 34.838208592416414, "CV_RMSE_STHLM": 145.77807933225202, "CV_RMSE_S\u00f6dermanland": 127.97709278846845, "_timestamp": 1748433681.9428866, "_runtime": 1.2717576026916504, "_step": 0, "_wandb": {"runtime": 1}}