{"CV_RMSE": 274.6927623156093, "RMSE": 440.3886848492736, "RMSE_STHLM": 404.8639480045158, "RMSE_S\u00f6dermanland": 35.52473684475781, "CV_RMSE_STHLM": 144.19372900833568, "CV_RMSE_S\u00f6dermanland": 130.4990333072736, "_timestamp": 1748563569.9884815, "_runtime": 1.3414015769958496, "_step": 0, "_wandb": {"runtime": 1}}