{"CV_RMSE": 1459.4132425039265, "RMSE": 2156.5476588935694, "RMSE_STHLM": 1948.1408661937999, "RMSE_S\u00f6dermanland": 208.40679269976943, "CV_RMSE_STHLM": 693.8372693211, "CV_RMSE_S\u00f6dermanland": 765.5759731828265, "_timestamp": 1748368635.8983417, "_runtime": 1.2961325645446777, "_step": 0, "_wandb": {"runtime": 1}}