{"CV_RMSE": 776.2333415834651, "RMSE": 1081.594452434442, "RMSE_STHLM": 963.7221530320403, "RMSE_S\u00f6dermanland": 117.87229940240165, "CV_RMSE_STHLM": 343.2330580644385, "CV_RMSE_S\u00f6dermanland": 433.00028351902654, "_timestamp": 1748348320.130897, "_runtime": 1.3126640319824219, "_step": 0, "_wandb": {"runtime": 1}}