{"CV_RMSE": 274.85453576855065, "RMSE": 434.7366095509377, "RMSE_STHLM": 398.5562884357539, "RMSE_S\u00f6dermanland": 36.18032111518379, "CV_RMSE_STHLM": 141.94723371277345, "CV_RMSE_S\u00f6dermanland": 132.9073020557772, "_timestamp": 1748466312.3589697, "_runtime": 1.259981632232666, "_step": 0, "_wandb": {"runtime": 22}}