{"CV_RMSE": 274.1346663120036, "RMSE": 435.9293989448538, "RMSE_STHLM": 400.094141633326, "RMSE_S\u00f6dermanland": 35.83525731152782, "CV_RMSE_STHLM": 142.49494557577896, "CV_RMSE_S\u00f6dermanland": 131.63972073622466, "_timestamp": 1748460880.8852382, "_runtime": 1.2640082836151123, "_step": 0, "_wandb": {"runtime": 1}}