{"CV_RMSE": 1830.3160996992028, "RMSE": 2510.2910412232277, "RMSE_STHLM": 2228.0547098007182, "RMSE_S\u00f6dermanland": 282.23633142250964, "CV_RMSE_STHLM": 793.5295761063104, "CV_RMSE_S\u00f6dermanland": 1036.7865235928925, "_timestamp": 1748309712.93371, "_runtime": 1.2813210487365723, "_step": 0, "_wandb": {"runtime": 1}}