{"CV_RMSE": 2721.4939646931844, "RMSE": 247.24402126383663, "RMSE_Kalmar": 221.14760151326348, "RMSE_Blekinge": 26.09641975057315, "CV_RMSE_'Kalmar": 2140.1380791606143, "CV_RMSE_Blekinge": 581.3558855325701, "_timestamp": 1748488751.875583, "_runtime": 1.333467960357666, "_step": 0, "_wandb": {"runtime": 1}}