{"CV_RMSE": 306.75533161622445, "RMSE": 22.23870880961918, "RMSE_Kalmar": 14.973358585058024, "RMSE_Blekinge": 7.265350224561154, "CV_RMSE_'Kalmar": 144.90347017798086, "CV_RMSE_Blekinge": 161.85186143824356, "_timestamp": 1748579512.3236325, "_runtime": 1.3188884258270264, "_step": 0, "_wandb": {"runtime": 1}}