{"CV_RMSE": 538.5859711512674, "RMSE": 889.9579326684008, "RMSE_STHLM": 823.1496118114845, "RMSE_S\u00f6dermanland": 66.8083208569162, "CV_RMSE_STHLM": 293.16764963606494, "CV_RMSE_S\u00f6dermanland": 245.41832151520236, "_timestamp": 1748321700.6661446, "_runtime": 1.3475935459136963, "_step": 0, "_wandb": {"runtime": 1}}