{"CV_RMSE": 305.3881918292187, "RMSE": 22.15160506073078, "RMSE_Kalmar": 14.927858665872957, "RMSE_Blekinge": 7.223746394857825, "CV_RMSE_'Kalmar": 144.4631483794157, "CV_RMSE_Blekinge": 160.92504344980304, "_timestamp": 1748463738.6725914, "_runtime": 1.3436763286590576, "_step": 0, "_wandb": {"runtime": 1}}