{"CV_RMSE": 5133.6678466654375, "RMSE": 355.32260325604045, "RMSE_Kalmar": 220.7918263421885, "RMSE_Blekinge": 134.53077691385195, "CV_RMSE_'Kalmar": 2136.6950936340822, "CV_RMSE_Blekinge": 2996.9727530313553, "_timestamp": 1748526808.3046825, "_runtime": 1.590165376663208, "_step": 0, "_wandb": {"runtime": 1}}