{"CV_RMSE": 1810.7870648211115, "RMSE": 650.9756619818224, "RMSE_skane": 551.2715012649339, "RMSE_kronoberg": 99.70416071688854, "CV_RMSE_'skane": 874.1091457689226, "CV_RMSE_kronoberg": 936.6779190521889, "_timestamp": 1748564473.6043825, "_runtime": 1.3120794296264648, "_step": 0, "_wandb": {"runtime": 1}}