{"CV_RMSE": 5108.47994628257, "RMSE": 1983.2312949751856, "RMSE_skane": 1731.747822730128, "RMSE_kronoberg": 251.48347224505747, "CV_RMSE_'skane": 2745.9003531661647, "CV_RMSE_kronoberg": 2362.579593116406, "_timestamp": 1748577264.8542843, "_runtime": 1.2980942726135254, "_step": 0, "_wandb": {"runtime": 1}}