{"CV_RMSE": 1664.5749031707662, "RMSE": 750.9481456265152, "RMSE_skane": 690.267280417887, "RMSE_kronoberg": 60.68086520862816, "CV_RMSE_'skane": 1094.5041444258252, "CV_RMSE_kronoberg": 570.070758744941, "_timestamp": 1748562394.0397618, "_runtime": 1.397528886795044, "_step": 0, "_wandb": {"runtime": 1}}