{"CV_RMSE": 1963.5620493005836, "RMSE": 2660.536995284665, "RMSE_STHLM": 2354.2645682263037, "RMSE_S\u00f6dermanland": 306.2724270583612, "CV_RMSE_STHLM": 838.4796641882364, "CV_RMSE_S\u00f6dermanland": 1125.082385112347, "_timestamp": 1748309538.386115, "_runtime": 1.269106149673462, "_step": 0, "_wandb": {"runtime": 1}}