{"CV_RMSE": 3545.017497777688, "RMSE": 201.56605611956536, "RMSE_Kalmar": 75.0261756349237, "RMSE_Blekinge": 126.53988048464164, "CV_RMSE_'Kalmar": 726.059764208939, "CV_RMSE_Blekinge": 2818.957733568749, "_timestamp": 1748483945.543066, "_runtime": 1.3116869926452637, "_step": 0, "_wandb": {"runtime": 1}}