{"CV_RMSE": 5230.297364197819, "RMSE": 2022.7701020895681, "RMSE_skane": 1763.715347962944, "RMSE_kronoberg": 259.05475412662423, "CV_RMSE_'skane": 2796.588818123061, "CV_RMSE_kronoberg": 2433.708546074758, "_timestamp": 1748526271.5503495, "_runtime": 1.330080509185791, "_step": 0, "_wandb": {"runtime": 1}}