{"CV_RMSE": 1892.571109753988, "RMSE": 2543.222113634922, "RMSE_STHLM": 2245.754645254924, "RMSE_S\u00f6dermanland": 297.467468379998, "CV_RMSE_STHLM": 799.8334708070564, "CV_RMSE_S\u00f6dermanland": 1092.7376389469316, "_timestamp": 1748299252.9601748, "_runtime": 1.2971978187561035, "_step": 0, "_wandb": {"runtime": 1}}