{"CV_RMSE": 1159.2568369176274, "RMSE": 1723.7922632433847, "RMSE_STHLM": 1559.4057102474308, "RMSE_S\u00f6dermanland": 164.38655299595405, "CV_RMSE_STHLM": 555.3878667284083, "CV_RMSE_S\u00f6dermanland": 603.868970189219, "_timestamp": 1748321312.5202954, "_runtime": 1.2680854797363281, "_step": 0, "_wandb": {"runtime": 1}}