{"CV_RMSE": 3028.541372678641, "RMSE": 243.36438568989516, "RMSE_Kalmar": 189.9189572626961, "RMSE_Blekinge": 53.445428427199055, "CV_RMSE_'Kalmar": 1837.9253928648009, "CV_RMSE_Blekinge": 1190.6159798138403, "_timestamp": 1748578482.1645718, "_runtime": 1.3272497653961182, "_step": 0, "_wandb": {"runtime": 1}}