{"CV_RMSE": 275.49159024188464, "RMSE": 437.0670790926285, "RMSE_STHLM": 400.94492262526074, "RMSE_S\u00f6dermanland": 36.12215646736774, "CV_RMSE_STHLM": 142.79795423930932, "CV_RMSE_S\u00f6dermanland": 132.69363600257535, "_timestamp": 1748433309.0647225, "_runtime": 1.2575244903564453, "_step": 0, "_wandb": {"runtime": 1}}