{"CV_RMSE": 305.3026673654946, "RMSE": 22.116037928119, "RMSE_Kalmar": 14.87176157072083, "RMSE_Blekinge": 7.244276357398169, "CV_RMSE_'Kalmar": 143.9202732650403, "CV_RMSE_Blekinge": 161.38239410045426, "_timestamp": 1748501185.090783, "_runtime": 1.3371200561523438, "_step": 0, "_wandb": {"runtime": 1}}