{"CV_RMSE": 1297.8026255001605, "RMSE": 1986.8065799277056, "RMSE_STHLM": 1808.8933353992838, "RMSE_S\u00f6dermanland": 177.9132445284218, "CV_RMSE_STHLM": 644.243768048815, "CV_RMSE_S\u00f6dermanland": 653.5588574513455, "_timestamp": 1748293057.8016496, "_runtime": 1.2790746688842773, "_step": 0, "_wandb": {"runtime": 1}}