{"CV_RMSE": 271.1722313296831, "RMSE": 429.76377300128365, "RMSE_STHLM": 394.1595836679047, "RMSE_S\u00f6dermanland": 35.60418933337895, "CV_RMSE_STHLM": 140.38133173767878, "CV_RMSE_S\u00f6dermanland": 130.7908995920043, "_timestamp": 1748430725.6145854, "_runtime": 1.2908904552459717, "_step": 0, "_wandb": {"runtime": 1}}