{"CV_RMSE": 4697.170777190455, "RMSE": 1805.7831196683856, "RMSE_skane": 1570.9399342876636, "RMSE_kronoberg": 234.8431853807219, "CV_RMSE_'skane": 2490.9195575385784, "CV_RMSE_kronoberg": 2206.251219651876, "_timestamp": 1748554011.4628963, "_runtime": 1.2524702548980713, "_step": 0, "_wandb": {"runtime": 1}}