{"CV_RMSE": 2611.171957238147, "RMSE": 171.9824780973277, "RMSE_Kalmar": 96.83646259001183, "RMSE_Blekinge": 75.14601550731585, "CV_RMSE_'Kalmar": 937.1270573226951, "CV_RMSE_Blekinge": 1674.044899915452, "_timestamp": 1748465985.7564194, "_runtime": 1.3814234733581543, "_step": 0, "_wandb": {"runtime": 1}}