{"CV_RMSE": 445.98505252430823, "RMSE": 35.84665833109681, "RMSE_Kalmar": 27.982895288729868, "RMSE_Blekinge": 7.863763042366942, "CV_RMSE_'Kalmar": 270.80221247157937, "CV_RMSE_Blekinge": 175.1828400527289, "_timestamp": 1748567559.9687893, "_runtime": 1.283278226852417, "_step": 0, "_wandb": {"runtime": 1}}