{"CV_RMSE": 391.8863974054893, "RMSE": 348.1360950392719, "RMSE_STHLM": 267.37908950146874, "RMSE_S\u00f6dermanland": 80.75700553780312, "CV_RMSE_STHLM": 95.22800971560027, "CV_RMSE_S\u00f6dermanland": 296.658387689889, "_timestamp": 1748365917.8151345, "_runtime": 1.37473464012146, "_step": 0, "_wandb": {"runtime": 1}}