{"CV_RMSE": 260.6899089846083, "RMSE": 403.4818815715082, "RMSE_STHLM": 368.21589748616, "RMSE_S\u00f6dermanland": 35.26598408534824, "CV_RMSE_STHLM": 131.14139601802293, "CV_RMSE_S\u00f6dermanland": 129.54851296658535, "_timestamp": 1748450609.9572747, "_runtime": 1.294067621231079, "_step": 0, "_wandb": {"runtime": 1}}