{"CV_RMSE": 1888.4080401936158, "RMSE": 705.2760946948124, "RMSE_skane": 606.6577493940151, "RMSE_kronoberg": 98.61834530079729, "CV_RMSE_'skane": 961.9308922738082, "CV_RMSE_kronoberg": 926.4771479198075, "_timestamp": 1748535587.6289623, "_runtime": 1.3181312084197998, "_step": 0, "_wandb": {"runtime": 1}}