{"CV_RMSE": 2916.5588752198164, "RMSE": 1167.771208447061, "RMSE_skane": 1031.4003235821062, "RMSE_kronoberg": 136.37088486495492, "CV_RMSE_'skane": 1635.4127752358977, "CV_RMSE_kronoberg": 1281.146099983919, "_timestamp": 1748547816.9287362, "_runtime": 1.3527162075042725, "_step": 0, "_wandb": {"runtime": 1}}