{"CV_RMSE": 2867.7901952045313, "RMSE": 188.1668490255015, "RMSE_Kalmar": 105.08457841174507, "RMSE_Blekinge": 83.08227061375645, "CV_RMSE_'Kalmar": 1016.9475330168877, "CV_RMSE_Blekinge": 1850.8426621876436, "_timestamp": 1748499817.723972, "_runtime": 1.3162081241607666, "_step": 0, "_wandb": {"runtime": 1}}