{"CV_RMSE": 4764.9042942833585, "RMSE": 317.8799068084861, "RMSE_Kalmar": 183.85825486668458, "RMSE_Blekinge": 134.0216519418015, "CV_RMSE_'Kalmar": 1779.2734341937216, "CV_RMSE_Blekinge": 2985.6308600896373, "_timestamp": 1748514368.8701527, "_runtime": 1.3632657527923584, "_step": 0, "_wandb": {"runtime": 1}}