{"CV_RMSE": 909.8032077479422, "RMSE": 1579.512921532513, "RMSE_STHLM": 1474.8336860826405, "RMSE_S\u00f6dermanland": 104.6792354498725, "CV_RMSE_STHLM": 525.2672407892269, "CV_RMSE_S\u00f6dermanland": 384.5359669587153, "_timestamp": 1748313903.7685976, "_runtime": 1.305342674255371, "_step": 0, "_wandb": {"runtime": 1}}