{"CV_RMSE": 4255.911080452746, "RMSE": 265.8782350046703, "RMSE_Kalmar": 132.31303672188096, "RMSE_Blekinge": 133.56519828278934, "CV_RMSE_'Kalmar": 1280.4487424698157, "CV_RMSE_Blekinge": 2975.462337982931, "_timestamp": 1748494087.0084379, "_runtime": 1.3209128379821777, "_step": 0, "_wandb": {"runtime": 1}}