{"CV_RMSE": 683.9434740133674, "RMSE": 886.8871503019684, "RMSE_STHLM": 775.9313380163505, "RMSE_S\u00f6dermanland": 110.95581228561785, "CV_RMSE_STHLM": 276.3506941886488, "CV_RMSE_S\u00f6dermanland": 407.59277982471866, "_timestamp": 1748353997.546244, "_runtime": 1.3085298538208008, "_step": 0, "_wandb": {"runtime": 1}}