{"CV_RMSE": 585.9579080707724, "RMSE": 658.545567421061, "RMSE_STHLM": 552.6121597674958, "RMSE_S\u00f6dermanland": 105.93340765356524, "CV_RMSE_STHLM": 196.81477791481845, "CV_RMSE_S\u00f6dermanland": 389.143130155954, "_timestamp": 1748285260.7703776, "_runtime": 1.4067466259002686, "_step": 0, "_wandb": {"runtime": 1}}