{"CV_RMSE": 271.38076444115666, "RMSE": 431.1127101364047, "RMSE_STHLM": 395.5904833412399, "RMSE_S\u00f6dermanland": 35.52222679516479, "CV_RMSE_STHLM": 140.89095172422475, "CV_RMSE_S\u00f6dermanland": 130.4898127169319, "_timestamp": 1748376989.574995, "_runtime": 1.3212640285491943, "_step": 0, "_wandb": {"runtime": 1}}