{"CV_RMSE": 4318.462349044085, "RMSE": 1733.392986604647, "RMSE_skane": 1532.3475557168967, "RMSE_kronoberg": 201.04543088775011, "CV_RMSE_'skane": 2429.7265682614643, "CV_RMSE_kronoberg": 1888.7357807826213, "_timestamp": 1748502646.4622872, "_runtime": 1.3313732147216797, "_step": 0, "_wandb": {"runtime": 1}}