{"CV_RMSE": 305.61472681405155, "RMSE": 22.07462650412493, "RMSE_Kalmar": 14.773776654193117, "RMSE_Blekinge": 7.300849849931813, "CV_RMSE_'Kalmar": 142.97203213735276, "CV_RMSE_Blekinge": 162.64269467669882, "_timestamp": 1748463008.7162118, "_runtime": 1.3092687129974365, "_step": 0, "_wandb": {"runtime": 1}}