{"CV_RMSE": 4414.3501377016655, "RMSE": 1762.883760537232, "RMSE_skane": 1555.547275204095, "RMSE_kronoberg": 207.33648533313698, "CV_RMSE_'skane": 2466.5125928183325, "CV_RMSE_kronoberg": 1947.837544883333, "_timestamp": 1748537048.9649556, "_runtime": 1.3591594696044922, "_step": 0, "_wandb": {"runtime": 1}}