{"CV_RMSE": 362.5314259398729, "RMSE": 520.0283907009875, "RMSE_STHLM": 466.5750926090619, "RMSE_S\u00f6dermanland": 53.45329809192555, "CV_RMSE_STHLM": 166.1723717246362, "CV_RMSE_S\u00f6dermanland": 196.3590542152367, "_timestamp": 1748310796.4964876, "_runtime": 1.3121025562286377, "_step": 0, "_wandb": {"runtime": 1}}