{"CV_RMSE": 1086.0461661512747, "RMSE": 818.8596266702868, "RMSE_STHLM": 579.3869786636902, "RMSE_S\u00f6dermanland": 239.47264800659661, "CV_RMSE_STHLM": 206.35072449438908, "CV_RMSE_S\u00f6dermanland": 879.6954416568856, "_timestamp": 1748290225.702158, "_runtime": 1.257969856262207, "_step": 0, "_wandb": {"runtime": 1}}