{"CV_RMSE": 1009.3740314036174, "RMSE": 1737.6212024432023, "RMSE_STHLM": 1619.9013035661333, "RMSE_S\u00f6dermanland": 117.7198988770691, "CV_RMSE_STHLM": 576.9335865490779, "CV_RMSE_S\u00f6dermanland": 432.4404448545396, "_timestamp": 1748335798.9817884, "_runtime": 1.2870404720306396, "_step": 0, "_wandb": {"runtime": 1}}