{"CV_RMSE": 4298.112350877829, "RMSE": 1667.327995664478, "RMSE_skane": 1455.4739114147262, "RMSE_kronoberg": 211.85408424975185, "CV_RMSE_'skane": 2307.8338975920606, "CV_RMSE_kronoberg": 1990.2784532857688, "_timestamp": 1748575427.2563484, "_runtime": 1.424220323562622, "_step": 0, "_wandb": {"runtime": 1}}