{"CV_RMSE": 706.6882957068322, "RMSE": 1049.505245803669, "RMSE_STHLM": 949.1520383361325, "RMSE_S\u00f6dermanland": 100.35320746753646, "CV_RMSE_STHLM": 338.04386011180026, "CV_RMSE_S\u00f6dermanland": 368.64443559503195, "_timestamp": 1748343399.3954816, "_runtime": 1.3586657047271729, "_step": 0, "_wandb": {"runtime": 1}}