{"CV_RMSE": 1777.6550798535363, "RMSE": 2432.2312595815038, "RMSE_STHLM": 2157.4888640094905, "RMSE_S\u00f6dermanland": 274.74239557201315, "CV_RMSE_STHLM": 768.3973002012431, "CV_RMSE_S\u00f6dermanland": 1009.2577796522933, "_timestamp": 1748397540.2581398, "_runtime": 1.2874867916107178, "_step": 0, "_wandb": {"runtime": 1}}