{"CV_RMSE": 275.59588243638086, "RMSE": 437.1900105900945, "RMSE_STHLM": 401.0496135604499, "RMSE_S\u00f6dermanland": 36.14039702964459, "CV_RMSE_STHLM": 142.835240286666, "CV_RMSE_S\u00f6dermanland": 132.76064214971484, "_timestamp": 1748519301.1969094, "_runtime": 1.223921537399292, "_step": 0, "_wandb": {"runtime": 1}}