{"CV_RMSE": 306.53771785761535, "RMSE": 22.21585658939466, "RMSE_Kalmar": 14.950225665350668, "RMSE_Blekinge": 7.265630924043993, "CV_RMSE_'Kalmar": 144.67960321307098, "CV_RMSE_Blekinge": 161.8581146445444, "_timestamp": 1748546152.5539088, "_runtime": 1.3102238178253174, "_step": 0, "_wandb": {"runtime": 1}}