{"CV_RMSE": 253.8413525274628, "RMSE": 407.781708413627, "RMSE_STHLM": 375.041849486353, "RMSE_S\u00f6dermanland": 32.73985892727401, "CV_RMSE_STHLM": 133.5724829987011, "CV_RMSE_S\u00f6dermanland": 120.26886952876167, "_timestamp": 1748378392.0134943, "_runtime": 1.3373372554779053, "_step": 0, "_wandb": {"runtime": 1}}