{"CV_RMSE": 314.41336522532424, "RMSE": 103.00890604005804, "RMSE_skane": 83.66187005073195, "RMSE_kronoberg": 19.347035989326095, "CV_RMSE_'skane": 132.65624215232336, "CV_RMSE_kronoberg": 181.7571230730009, "_timestamp": 1748539894.9045353, "_runtime": 1.3052692413330078, "_step": 0, "_wandb": {"runtime": 1}}