{"CV_RMSE": 3555.3687380737288, "RMSE": 1582.191351355872, "RMSE_skane": 1448.1645117885112, "RMSE_kronoberg": 134.02683956736095, "CV_RMSE_'skane": 2296.2439404680413, "CV_RMSE_kronoberg": 1259.1247976056875, "_timestamp": 1748544412.5616088, "_runtime": 1.2900967597961426, "_step": 0, "_wandb": {"runtime": 1}}