{"CV_RMSE": 306.90919801904283, "RMSE": 22.249860248253043, "RMSE_Kalmar": 14.980863201977861, "RMSE_Blekinge": 7.268997046275182, "CV_RMSE_'Kalmar": 144.97609550301155, "CV_RMSE_Blekinge": 161.93310251603128, "_timestamp": 1748466335.4352548, "_runtime": 1.2657787799835205, "_step": 0, "_wandb": {"runtime": 1}}