{"CV_RMSE": 5154.34258282691, "RMSE": 1977.9364433352648, "RMSE_skane": 1719.5047526781216, "RMSE_kronoberg": 258.4316906571433, "CV_RMSE_'skane": 2726.48745139237, "CV_RMSE_kronoberg": 2427.8551314345405, "_timestamp": 1748502804.2562244, "_runtime": 1.3012104034423828, "_step": 0, "_wandb": {"runtime": 1}}