{"CV_RMSE": 4615.564704583538, "RMSE": 1827.8490875209384, "RMSE_skane": 1607.936772284832, "RMSE_kronoberg": 219.91231523610637, "CV_RMSE_'skane": 2549.5826199019534, "CV_RMSE_kronoberg": 2065.9820846815837, "_timestamp": 1748515414.0999677, "_runtime": 1.2775688171386719, "_step": 0, "_wandb": {"runtime": 1}}