{"CV_RMSE": 824.6123462473146, "RMSE": 1405.5984971653083, "RMSE_STHLM": 1307.9281280339637, "RMSE_S\u00f6dermanland": 97.67036913134466, "CV_RMSE_STHLM": 465.8232351525791, "CV_RMSE_S\u00f6dermanland": 358.78911109473546, "_timestamp": 1748283716.5695875, "_runtime": 1.2748634815216064, "_step": 0, "_wandb": {"runtime": 1}}