{"CV_RMSE": 571.0489983445209, "RMSE": 1085.058411101145, "RMSE_STHLM": 1029.4105286577399, "RMSE_S\u00f6dermanland": 55.64788244340519, "CV_RMSE_STHLM": 366.62820569527736, "CV_RMSE_S\u00f6dermanland": 204.42079264924357, "_timestamp": 1748314512.082053, "_runtime": 1.308542013168335, "_step": 0, "_wandb": {"runtime": 1}}