{"CV_RMSE": 2774.1437505083604, "RMSE": 190.21082668708326, "RMSE_Kalmar": 116.13082581957873, "RMSE_Blekinge": 74.08000086750452, "CV_RMSE_'Kalmar": 1123.846701479794, "CV_RMSE_Blekinge": 1650.297049028566, "_timestamp": 1748546189.3965878, "_runtime": 1.338230848312378, "_step": 0, "_wandb": {"runtime": 1}}