{"CV_RMSE": 302.79406128096855, "RMSE": 22.027628653390046, "RMSE_Kalmar": 14.914547343554965, "RMSE_Blekinge": 7.113081309835082, "CV_RMSE_'Kalmar": 144.33432913117707, "CV_RMSE_Blekinge": 158.45973214979145, "_timestamp": 1748513308.292252, "_runtime": 1.3360450267791748, "_step": 0, "_wandb": {"runtime": 1}}