{"CV_RMSE": 1455.1917837679403, "RMSE": 643.8349327914551, "RMSE_skane": 588.2177293054465, "RMSE_kronoberg": 55.6172034860086, "CV_RMSE_'skane": 932.6919597866487, "CV_RMSE_kronoberg": 522.4998239812917, "_timestamp": 1748548110.4467885, "_runtime": 1.3005075454711914, "_step": 0, "_wandb": {"runtime": 1}}