{"CV_RMSE": 279.59574828596186, "RMSE": 100.76019737131669, "RMSE_skane": 85.41523820994323, "RMSE_kronoberg": 15.344959161373467, "CV_RMSE_'skane": 135.43642422295434, "CV_RMSE_kronoberg": 144.15932406300752, "_timestamp": 1748579072.0006115, "_runtime": 1.2840886116027832, "_step": 0, "_wandb": {"runtime": 1}}