{"CV_RMSE": 5182.712490037433, "RMSE": 1995.3720825898376, "RMSE_skane": 1736.84773608148, "RMSE_kronoberg": 258.5243465083577, "CV_RMSE_'skane": 2753.986896535116, "CV_RMSE_kronoberg": 2428.725593502317, "_timestamp": 1748558216.5069106, "_runtime": 1.3194866180419922, "_step": 0, "_wandb": {"runtime": 1}}