{"CV_RMSE": 305.09491079643584, "RMSE": 22.131879785386257, "RMSE_Kalmar": 14.916259805501921, "RMSE_Blekinge": 7.215619979884337, "CV_RMSE_'Kalmar": 144.35090134356696, "CV_RMSE_Blekinge": 160.74400945286888, "_timestamp": 1748506165.6261368, "_runtime": 1.3645167350769043, "_step": 0, "_wandb": {"runtime": 1}}