{"CV_RMSE": 3776.144543596174, "RMSE": 268.29370638474256, "RMSE_Kalmar": 174.6610254584582, "RMSE_Blekinge": 93.6326809262844, "CV_RMSE_'Kalmar": 1690.26798830766, "CV_RMSE_Blekinge": 2085.876555288514, "_timestamp": 1748499398.1781552, "_runtime": 1.4124512672424316, "_step": 0, "_wandb": {"runtime": 1}}