{"CV_RMSE": 1498.787228337751, "RMSE": 2069.5817063351014, "RMSE_STHLM": 1839.9688479139131, "RMSE_S\u00f6dermanland": 229.61285842118838, "CV_RMSE_STHLM": 655.311421892569, "CV_RMSE_S\u00f6dermanland": 843.4758064451819, "_timestamp": 1748303753.1174214, "_runtime": 1.2505064010620117, "_step": 0, "_wandb": {"runtime": 1}}