{"CV_RMSE": 860.3101201494203, "RMSE": 1032.5616819312097, "RMSE_STHLM": 884.0803063491294, "RMSE_S\u00f6dermanland": 148.48137558208035, "CV_RMSE_STHLM": 314.8683322968803, "CV_RMSE_S\u00f6dermanland": 545.4417878525401, "_timestamp": 1748319868.417423, "_runtime": 1.2675409317016602, "_step": 0, "_wandb": {"runtime": 1}}