{"CV_RMSE": 306.9809022931728, "RMSE": 22.25685363979879, "RMSE_Kalmar": 14.98753704172476, "RMSE_Blekinge": 7.269316598074032, "CV_RMSE_'Kalmar": 145.0406810489493, "CV_RMSE_Blekinge": 161.9402212442235, "_timestamp": 1748482733.553234, "_runtime": 1.2209930419921875, "_step": 0, "_wandb": {"runtime": 1}}