{"CV_RMSE": 305.53678051905, "RMSE": 22.17780802946418, "RMSE_Kalmar": 14.962394176171891, "RMSE_Blekinge": 7.215413853292291, "CV_RMSE_'Kalmar": 144.79736299521184, "CV_RMSE_Blekinge": 160.73941752383817, "_timestamp": 1748534170.8028734, "_runtime": 1.4004943370819092, "_step": 0, "_wandb": {"runtime": 1}}