{"CV_RMSE": 1035.5958480232816, "RMSE": 815.0701195808055, "RMSE_STHLM": 590.3987971144668, "RMSE_S\u00f6dermanland": 224.6713224663387, "CV_RMSE_STHLM": 210.27262263673134, "CV_RMSE_S\u00f6dermanland": 825.3232253865502, "_timestamp": 1748312187.8384578, "_runtime": 1.28157377243042, "_step": 0, "_wandb": {"runtime": 1}}