{"CV_RMSE": 2795.8426535610256, "RMSE": 1115.1366900972257, "RMSE_skane": 983.5369576840945, "RMSE_kronoberg": 131.59973241313128, "CV_RMSE_'skane": 1559.5194889282682, "CV_RMSE_kronoberg": 1236.3231646327574, "_timestamp": 1748515619.6717992, "_runtime": 1.3007421493530273, "_step": 0, "_wandb": {"runtime": 1}}