{"CV_RMSE": 274.9155515434877, "RMSE": 436.4826659245378, "RMSE_STHLM": 400.47141173353293, "RMSE_S\u00f6dermanland": 36.01125419100487, "CV_RMSE_STHLM": 142.6293116581637, "CV_RMSE_S\u00f6dermanland": 132.28623988532402, "_timestamp": 1748460985.5723774, "_runtime": 1.2390365600585938, "_step": 0, "_wandb": {"runtime": 1}}