{"CV_RMSE": 304.99010867953035, "RMSE": 22.103476357416923, "RMSE_Kalmar": 14.874358571716629, "RMSE_Blekinge": 7.2291177857002955, "CV_RMSE_'Kalmar": 143.94540553274157, "CV_RMSE_Blekinge": 161.04470314678878, "_timestamp": 1748509517.2495916, "_runtime": 1.3157355785369873, "_step": 0, "_wandb": {"runtime": 1}}