{"CV_RMSE": 3453.0928654533295, "RMSE": 1675.3433424773943, "RMSE_skane": 1573.3284799864175, "RMSE_kronoberg": 102.01486249097675, "CV_RMSE_'skane": 2494.706892156053, "CV_RMSE_kronoberg": 958.3859732972765, "_timestamp": 1748536451.6779027, "_runtime": 1.2764477729797363, "_step": 0, "_wandb": {"runtime": 1}}