{"CV_RMSE": 4583.986719158003, "RMSE": 1763.9675014070776, "RMSE_skane": 1535.1277138592586, "RMSE_kronoberg": 228.839787547819, "CV_RMSE_'skane": 2434.134852842376, "CV_RMSE_kronoberg": 2149.8518663156274, "_timestamp": 1748574633.5587163, "_runtime": 1.3057732582092285, "_step": 0, "_wandb": {"runtime": 1}}