{"CV_RMSE": 584.6622228301127, "RMSE": 769.3801668226791, "RMSE_STHLM": 675.7367617671409, "RMSE_S\u00f6dermanland": 93.64340505553824, "CV_RMSE_STHLM": 240.66604099344158, "CV_RMSE_S\u00f6dermanland": 343.9961818366711, "_timestamp": 1748309806.9094982, "_runtime": 1.2809092998504639, "_step": 0, "_wandb": {"runtime": 1}}