{"CV_RMSE": 671.8254628874616, "RMSE": 1066.7013913035087, "RMSE_STHLM": 978.7037456354071, "RMSE_S\u00f6dermanland": 87.99764566810164, "CV_RMSE_STHLM": 348.5688053311699, "CV_RMSE_S\u00f6dermanland": 323.2566575562917, "_timestamp": 1748294754.0123174, "_runtime": 1.305673360824585, "_step": 0, "_wandb": {"runtime": 1}}