{"CV_RMSE": 306.9234252698702, "RMSE": 22.251929186668473, "RMSE_Kalmar": 14.983392046898919, "RMSE_Blekinge": 7.268537139769555, "CV_RMSE_'Kalmar": 145.00056819579598, "CV_RMSE_Blekinge": 161.92285707407424, "_timestamp": 1748574988.073242, "_runtime": 1.2567028999328613, "_step": 0, "_wandb": {"runtime": 1}}