{"CV_RMSE": 3253.028771281925, "RMSE": 215.5614771446265, "RMSE_Kalmar": 122.94499234357397, "RMSE_Blekinge": 92.61648480105255, "CV_RMSE_'Kalmar": 1189.7902484861997, "CV_RMSE_Blekinge": 2063.238522795725, "_timestamp": 1748516632.5363414, "_runtime": 1.502946376800537, "_step": 0, "_wandb": {"runtime": 1}}