{"CV_RMSE": 322.8167427217564, "RMSE": 407.5146707748409, "RMSE_STHLM": 353.95361187702815, "RMSE_S\u00f6dermanland": 53.561058897812735, "CV_RMSE_STHLM": 126.06183248489329, "CV_RMSE_S\u00f6dermanland": 196.7549102368631, "_timestamp": 1748544058.1395419, "_runtime": 1.2998077869415283, "_step": 0, "_wandb": {"runtime": 1}}