{"CV_RMSE": 1257.0112452501703, "RMSE": 1875.939182247199, "RMSE_STHLM": 1698.4194980435025, "RMSE_S\u00f6dermanland": 177.5196842036965, "CV_RMSE_STHLM": 604.8981196039383, "CV_RMSE_S\u00f6dermanland": 652.113125646232, "_timestamp": 1748403322.829469, "_runtime": 1.3069138526916504, "_step": 0, "_wandb": {"runtime": 1}}