{"CV_RMSE": 2960.3046280207436, "RMSE": 214.13429358601036, "RMSE_Kalmar": 143.65407318862543, "RMSE_Blekinge": 70.48022039738493, "CV_RMSE_'Kalmar": 1390.20070827702, "CV_RMSE_Blekinge": 1570.1039197437237, "_timestamp": 1748536751.694669, "_runtime": 1.3412840366363525, "_step": 0, "_wandb": {"runtime": 1}}