{"CV_RMSE": 1502.9031678477, "RMSE": 1625.2343831174535, "RMSE_STHLM": 1346.6747798042632, "RMSE_S\u00f6dermanland": 278.5596033131903, "CV_RMSE_STHLM": 479.6229924114906, "CV_RMSE_S\u00f6dermanland": 1023.2801754362092, "_timestamp": 1748317793.0466392, "_runtime": 1.2919211387634277, "_step": 0, "_wandb": {"runtime": 1}}