{"CV_RMSE": 2964.2647065837036, "RMSE": 211.52339063495398, "RMSE_Kalmar": 138.72354120340847, "RMSE_Blekinge": 72.79984943154551, "CV_RMSE_'Kalmar": 1342.4858826136303, "CV_RMSE_Blekinge": 1621.7788239700733, "_timestamp": 1748474563.6136894, "_runtime": 1.3279814720153809, "_step": 0, "_wandb": {"runtime": 1}}