{"CV_RMSE": 279.52382165905317, "RMSE": 100.74403420460357, "RMSE_skane": 85.40500387320729, "RMSE_kronoberg": 15.339030331396277, "CV_RMSE_'skane": 135.42019641629062, "CV_RMSE_kronoberg": 144.10362524276252, "_timestamp": 1748512328.2551277, "_runtime": 1.2640376091003418, "_step": 0, "_wandb": {"runtime": 1}}