{"CV_RMSE": 332.63156537467205, "RMSE": 401.5788721810023, "RMSE_STHLM": 344.42187038870065, "RMSE_S\u00f6dermanland": 57.157001792301635, "CV_RMSE_STHLM": 122.66706899478851, "CV_RMSE_S\u00f6dermanland": 209.96449637988357, "_timestamp": 1748382159.107484, "_runtime": 1.359955072402954, "_step": 0, "_wandb": {"runtime": 1}}