{"CV_RMSE": 273.87307636133187, "RMSE": 435.4793001944515, "RMSE_STHLM": 399.6745753047011, "RMSE_S\u00f6dermanland": 35.804724889750425, "CV_RMSE_STHLM": 142.3455155418405, "CV_RMSE_S\u00f6dermanland": 131.52756081949136, "_timestamp": 1748486059.2684543, "_runtime": 1.360032320022583, "_step": 0, "_wandb": {"runtime": 1}}