{"CV_RMSE": 1455.6870833532387, "RMSE": 1989.1048235506419, "RMSE_STHLM": 1763.8442845413304, "RMSE_S\u00f6dermanland": 225.26053900931143, "CV_RMSE_STHLM": 628.1993890333191, "CV_RMSE_S\u00f6dermanland": 827.4876943199196, "_timestamp": 1748347878.8308804, "_runtime": 1.366727352142334, "_step": 0, "_wandb": {"runtime": 1}}