{"CV_RMSE": 1255.8131709584222, "RMSE": 1815.905879350312, "RMSE_STHLM": 1632.3020596301933, "RMSE_S\u00f6dermanland": 183.6038197201187, "CV_RMSE_STHLM": 581.3501597416597, "CV_RMSE_S\u00f6dermanland": 674.4630112167625, "_timestamp": 1748309382.815925, "_runtime": 1.3175947666168213, "_step": 0, "_wandb": {"runtime": 1}}