{"CV_RMSE": 306.979882673559, "RMSE": 22.25675660600851, "RMSE_Kalmar": 14.98744640350266, "RMSE_Blekinge": 7.269310202505847, "CV_RMSE_'Kalmar": 145.03980390486444, "CV_RMSE_Blekinge": 161.9400787686946, "_timestamp": 1748498296.546296, "_runtime": 1.276319980621338, "_step": 0, "_wandb": {"runtime": 1}}