{"CV_RMSE": 272.62059074199715, "RMSE": 432.62217434978066, "RMSE_STHLM": 396.88826277460055, "RMSE_S\u00f6dermanland": 35.73391157518011, "CV_RMSE_STHLM": 141.35316046582528, "CV_RMSE_S\u00f6dermanland": 131.26743027617184, "_timestamp": 1748366076.2810156, "_runtime": 1.289475679397583, "_step": 0, "_wandb": {"runtime": 1}}