{"CV_RMSE": 248.26022874211162, "RMSE": 413.9595372306751, "RMSE_STHLM": 383.5653637189853, "RMSE_S\u00f6dermanland": 30.394173511689825, "CV_RMSE_STHLM": 136.60816278080205, "CV_RMSE_S\u00f6dermanland": 111.65206596130956, "_timestamp": 1748296186.5628767, "_runtime": 1.2536296844482422, "_step": 0, "_wandb": {"runtime": 1}}