{"CV_RMSE": 4103.189843064192, "RMSE": 1633.3245048109377, "RMSE_skane": 1439.5273677075347, "RMSE_kronoberg": 193.79713710340292, "CV_RMSE_'skane": 2282.548680297359, "CV_RMSE_kronoberg": 1820.6411627668335, "_timestamp": 1748562683.1892362, "_runtime": 1.3042690753936768, "_step": 0, "_wandb": {"runtime": 1}}