{"CV_RMSE": 4764.129021687123, "RMSE": 1744.1834142479956, "RMSE_skane": 1488.257723425334, "RMSE_kronoberg": 255.92569082266155, "CV_RMSE_'skane": 2359.81668619239, "CV_RMSE_kronoberg": 2404.312335494733, "_timestamp": 1748555991.9742932, "_runtime": 1.2694542407989502, "_step": 0, "_wandb": {"runtime": 1}}