{"CV_RMSE": 274.96633653360266, "RMSE": 436.31965188152, "RMSE_STHLM": 400.2755871219882, "RMSE_S\u00f6dermanland": 36.044064759531736, "CV_RMSE_STHLM": 142.5595680292004, "CV_RMSE_S\u00f6dermanland": 132.4067685044023, "_timestamp": 1748477514.3083522, "_runtime": 1.2802691459655762, "_step": 0, "_wandb": {"runtime": 1}}