{"CV_RMSE": 265.3305992233779, "RMSE": 428.59221398075863, "RMSE_STHLM": 394.62319520803277, "RMSE_S\u00f6dermanland": 33.96901877272583, "CV_RMSE_STHLM": 140.54644862969113, "CV_RMSE_S\u00f6dermanland": 124.78415059368673, "_timestamp": 1748461022.488992, "_runtime": 1.2765779495239258, "_step": 0, "_wandb": {"runtime": 1}}