{"CV_RMSE": 303.7376268265491, "RMSE": 21.963187817015555, "RMSE_Kalmar": 14.725724731125721, "RMSE_Blekinge": 7.237463085889833, "CV_RMSE_'Kalmar": 142.5070135270231, "CV_RMSE_Blekinge": 161.23061329952597, "_timestamp": 1748472584.1410136, "_runtime": 1.2511177062988281, "_step": 0, "_wandb": {"runtime": 1}}