{"CV_RMSE": 260.43205639091576, "RMSE": 418.80487733276686, "RMSE_STHLM": 385.26172944076825, "RMSE_S\u00f6dermanland": 33.54314789199859, "CV_RMSE_STHLM": 137.21232944071684, "CV_RMSE_S\u00f6dermanland": 123.21972695019892, "_timestamp": 1748476721.905899, "_runtime": 1.319106101989746, "_step": 0, "_wandb": {"runtime": 1}}