{"CV_RMSE": 3054.4803800916666, "RMSE": 160.79286356205984, "RMSE_Kalmar": 41.86880008584699, "RMSE_Blekinge": 118.92406347621284, "CV_RMSE_'Kalmar": 405.1819363146482, "CV_RMSE_Blekinge": 2649.2984437770183, "_timestamp": 1748551229.5543425, "_runtime": 1.3060195446014404, "_step": 0, "_wandb": {"runtime": 1}}