{"CV_RMSE": 832.9515546790337, "RMSE": 57.13639157539693, "RMSE_Kalmar": 34.91234460542158, "RMSE_Blekinge": 22.22404696997535, "CV_RMSE_'Kalmar": 337.8613994073056, "CV_RMSE_Blekinge": 495.0901552717281, "_timestamp": 1748462333.2553828, "_runtime": 1.3368597030639648, "_step": 0, "_wandb": {"runtime": 1}}