{"CV_RMSE": 274.26376161092, "RMSE": 437.27807941350227, "RMSE_STHLM": 401.54870349614544, "RMSE_S\u00f6dermanland": 35.729375917356855, "CV_RMSE_STHLM": 143.01299293491527, "CV_RMSE_S\u00f6dermanland": 131.25076867600478, "_timestamp": 1748561328.1692953, "_runtime": 1.2606542110443115, "_step": 0, "_wandb": {"runtime": 1}}