{"CV_RMSE": 2774.522290348605, "RMSE": 154.18983890220494, "RMSE_Kalmar": 52.41348472363278, "RMSE_Blekinge": 101.77635417857218, "CV_RMSE_'Kalmar": 507.22727151902683, "CV_RMSE_Blekinge": 2267.295018829578, "_timestamp": 1748549803.9929845, "_runtime": 1.3184375762939453, "_step": 0, "_wandb": {"runtime": 1}}