{"CV_RMSE": 1078.891610448944, "RMSE": 1581.3483537617049, "RMSE_STHLM": 1425.8947227369497, "RMSE_S\u00f6dermanland": 155.45363102475517, "CV_RMSE_STHLM": 507.83745566412927, "CV_RMSE_S\u00f6dermanland": 571.0541547848148, "_timestamp": 1748298147.0420392, "_runtime": 1.2960882186889648, "_step": 0, "_wandb": {"runtime": 1}}