{"CV_RMSE": 306.80641576611504, "RMSE": 22.246774180896672, "RMSE_Kalmar": 14.983564292872916, "RMSE_Blekinge": 7.263209888023756, "CV_RMSE_'Kalmar": 145.00223509231853, "CV_RMSE_Blekinge": 161.80418067379654, "_timestamp": 1748464032.473341, "_runtime": 1.273118019104004, "_step": 0, "_wandb": {"runtime": 1}}