{"CV_RMSE": 258.8658807506491, "RMSE": 403.6877655790665, "RMSE_STHLM": 368.99373624283413, "RMSE_S\u00f6dermanland": 34.69402933623234, "CV_RMSE_STHLM": 131.41842604612216, "CV_RMSE_S\u00f6dermanland": 127.44745470452696, "_timestamp": 1748466881.4850688, "_runtime": 1.5263357162475586, "_step": 0, "_wandb": {"runtime": 1}}