{"CV_RMSE": 3897.650782296492, "RMSE": 1784.6290251364974, "RMSE_skane": 1647.8755603846066, "RMSE_kronoberg": 136.75346475189068, "CV_RMSE_'skane": 2612.9105080094187, "CV_RMSE_kronoberg": 1284.7402742870731, "_timestamp": 1748527803.54295, "_runtime": 1.34425687789917, "_step": 0, "_wandb": {"runtime": 1}}