{"CV_RMSE": 715.8055410751006, "RMSE": 670.521084514812, "RMSE_STHLM": 526.73101321907, "RMSE_S\u00f6dermanland": 143.79007129574197, "CV_RMSE_STHLM": 187.59711590706883, "CV_RMSE_S\u00f6dermanland": 528.2084251680317, "_timestamp": 1748287861.9556484, "_runtime": 1.285447359085083, "_step": 0, "_wandb": {"runtime": 1}}