{"CV_RMSE": 724.9864932932521, "RMSE": 1214.5481695400513, "RMSE_STHLM": 1126.3983295304738, "RMSE_S\u00f6dermanland": 88.14984000957759, "CV_RMSE_STHLM": 401.17075448255895, "CV_RMSE_S\u00f6dermanland": 323.8157388106932, "_timestamp": 1748301969.2897332, "_runtime": 1.3703062534332275, "_step": 0, "_wandb": {"runtime": 1}}