{"CV_RMSE": 1610.2664014737775, "RMSE": 2383.407906508797, "RMSE_STHLM": 2153.8828116781183, "RMSE_S\u00f6dermanland": 229.52509483067874, "CV_RMSE_STHLM": 767.1129918916923, "CV_RMSE_S\u00f6dermanland": 843.1534095820853, "_timestamp": 1748348923.3433475, "_runtime": 1.2686474323272705, "_step": 0, "_wandb": {"runtime": 1}}