{"CV_RMSE": 1992.1583154650762, "RMSE": 903.5600861678181, "RMSE_skane": 831.9176545701426, "RMSE_kronoberg": 71.64243159767545, "CV_RMSE_'skane": 1319.1083317708392, "CV_RMSE_kronoberg": 673.0499836942371, "_timestamp": 1748541459.6396203, "_runtime": 1.3864963054656982, "_step": 0, "_wandb": {"runtime": 1}}