{"CV_RMSE": 518.5797536445965, "RMSE": 1100.4445905244236, "RMSE_STHLM": 1062.265375427024, "RMSE_S\u00f6dermanland": 38.17921509739942, "CV_RMSE_STHLM": 378.32957573578227, "CV_RMSE_S\u00f6dermanland": 140.2501779088142, "_timestamp": 1748351258.2493873, "_runtime": 1.3181123733520508, "_step": 0, "_wandb": {"runtime": 1}}