{"CV_RMSE": 3543.228830466305, "RMSE": 1378.3342531216786, "RMSE_skane": 1204.468408273129, "RMSE_kronoberg": 173.86584484854956, "CV_RMSE_'skane": 1909.8336283400563, "CV_RMSE_kronoberg": 1633.3952021262487, "_timestamp": 1748504664.2731688, "_runtime": 1.4213848114013672, "_step": 0, "_wandb": {"runtime": 1}}