{"CV_RMSE": 265.84040095603916, "RMSE": 417.9575487401263, "RMSE_STHLM": 382.6930924441382, "RMSE_S\u00f6dermanland": 35.26445629598809, "CV_RMSE_STHLM": 136.29750027689923, "CV_RMSE_S\u00f6dermanland": 129.54290067913993, "_timestamp": 1748514783.4741533, "_runtime": 1.402625322341919, "_step": 0, "_wandb": {"runtime": 1}}