{"CV_RMSE": 2860.546087565578, "RMSE": 187.90834152379196, "RMSE_Kalmar": 105.20245934389514, "RMSE_Blekinge": 82.70588217989682, "CV_RMSE_'Kalmar": 1018.0883162312432, "CV_RMSE_Blekinge": 1842.457771334335, "_timestamp": 1748508815.615123, "_runtime": 1.4048080444335938, "_step": 0, "_wandb": {"runtime": 1}}