{"CV_RMSE": 267.3843693709299, "RMSE": 432.3959699485629, "RMSE_STHLM": 398.2162238830136, "RMSE_S\u00f6dermanland": 34.17974606554929, "CV_RMSE_STHLM": 141.82611851789167, "CV_RMSE_S\u00f6dermanland": 125.5582508530382, "_timestamp": 1748510928.6959567, "_runtime": 1.3752257823944092, "_step": 0, "_wandb": {"runtime": 1}}