{"CV_RMSE": 4959.762767363376, "RMSE": 1900.0332225884285, "RMSE_skane": 1650.700660373747, "RMSE_kronoberg": 249.3325622146815, "CV_RMSE_'skane": 2617.3900534467443, "CV_RMSE_kronoberg": 2342.372713916632, "_timestamp": 1748514801.348365, "_runtime": 1.2458629608154297, "_step": 0, "_wandb": {"runtime": 1}}