{"CV_RMSE": 752.3378494782273, "RMSE": 553.0386825562526, "RMSE_STHLM": 385.6228591186935, "RMSE_S\u00f6dermanland": 167.41582343755914, "CV_RMSE_STHLM": 137.34094705454064, "CV_RMSE_S\u00f6dermanland": 614.9969024236867, "_timestamp": 1748293770.7660134, "_runtime": 1.292736291885376, "_step": 0, "_wandb": {"runtime": 1}}