{"CV_RMSE": 3806.9740939228805, "RMSE": 252.02264458457856, "RMSE_Kalmar": 143.44597139928555, "RMSE_Blekinge": 108.576673185293, "CV_RMSE_'Kalmar": 1388.186819993086, "CV_RMSE_Blekinge": 2418.7872739297945, "_timestamp": 1748541294.8200557, "_runtime": 1.3452258110046387, "_step": 0, "_wandb": {"runtime": 1}}