{"CV_RMSE": 264.49196718893495, "RMSE": 416.0570156508483, "RMSE_STHLM": 380.9949977741488, "RMSE_S\u00f6dermanland": 35.062017876699485, "CV_RMSE_STHLM": 135.69271784595722, "CV_RMSE_S\u00f6dermanland": 128.7992493429777, "_timestamp": 1748362176.9952, "_runtime": 1.2924649715423584, "_step": 0, "_wandb": {"runtime": 1}}