{"CV_RMSE": 272.04548793116606, "RMSE": 430.82980264034455, "RMSE_STHLM": 395.07682241914097, "RMSE_S\u00f6dermanland": 35.75298022120358, "CV_RMSE_STHLM": 140.70800956756108, "CV_RMSE_S\u00f6dermanland": 131.337478363605, "_timestamp": 1748434384.7234056, "_runtime": 1.3998236656188965, "_step": 0, "_wandb": {"runtime": 1}}