{"CV_RMSE": 306.3312104145298, "RMSE": 22.22601543878531, "RMSE_Kalmar": 14.984576857981816, "RMSE_Blekinge": 7.241438580803493, "CV_RMSE_'Kalmar": 145.01203410950143, "CV_RMSE_Blekinge": 161.31917630502832, "_timestamp": 1748480597.3218906, "_runtime": 1.2511584758758545, "_step": 0, "_wandb": {"runtime": 1}}