{"CV_RMSE": 3311.595984483632, "RMSE": 1776.985350879624, "RMSE_skane": 1713.7289540374604, "RMSE_kronoberg": 63.256396842163696, "CV_RMSE_'skane": 2717.3292083046413, "CV_RMSE_kronoberg": 594.2667761789909, "_timestamp": 1748566393.0252738, "_runtime": 1.2777297496795654, "_step": 0, "_wandb": {"runtime": 1}}