{"CV_RMSE": 272.0326509376531, "RMSE": 432.08397636181843, "RMSE_STHLM": 396.46951638641474, "RMSE_S\u00f6dermanland": 35.61445997540371, "CV_RMSE_STHLM": 141.20402245657826, "CV_RMSE_S\u00f6dermanland": 130.82862848107487, "_timestamp": 1748345734.758451, "_runtime": 1.2985379695892334, "_step": 0, "_wandb": {"runtime": 1}}