{"CV_RMSE": 554.2129976392887, "RMSE": 968.1184396677955, "RMSE_STHLM": 904.9908400540555, "RMSE_S\u00f6dermanland": 63.12759961374004, "CV_RMSE_STHLM": 322.3156929357539, "CV_RMSE_S\u00f6dermanland": 231.89730470353484, "_timestamp": 1748322743.4928267, "_runtime": 1.2890217304229736, "_step": 0, "_wandb": {"runtime": 1}}