{"CV_RMSE": 2237.8918091574433, "RMSE": 896.9108509729477, "RMSE_skane": 792.4500849346022, "RMSE_kronoberg": 104.46076603834561, "CV_RMSE_'skane": 1256.5276188180796, "CV_RMSE_kronoberg": 981.3641903393639, "_timestamp": 1748549117.1339533, "_runtime": 1.3443992137908936, "_step": 0, "_wandb": {"runtime": 1}}