{"CV_RMSE": 2771.9106274251126, "RMSE": 163.05157502361277, "RMSE_Kalmar": 68.288851290975, "RMSE_Blekinge": 94.76272373263777, "CV_RMSE_'Kalmar": 660.8598512029838, "CV_RMSE_Blekinge": 2111.0507762221287, "_timestamp": 1748521498.0084205, "_runtime": 1.3099493980407715, "_step": 0, "_wandb": {"runtime": 1}}