{"CV_RMSE": 275.08524895550374, "RMSE": 437.14636906799876, "RMSE_STHLM": 401.1552163133036, "RMSE_S\u00f6dermanland": 35.991152754695186, "CV_RMSE_STHLM": 142.87285108111328, "CV_RMSE_S\u00f6dermanland": 132.2123978743905, "_timestamp": 1748486592.9300861, "_runtime": 1.251643180847168, "_step": 0, "_wandb": {"runtime": 1}}