{"CV_RMSE": 3183.750974289709, "RMSE": 1499.949536506921, "RMSE_skane": 1396.812028522303, "RMSE_kronoberg": 103.13750798461787, "CV_RMSE_'skane": 2214.818227043821, "CV_RMSE_kronoberg": 968.9327472458882, "_timestamp": 1748574527.2524881, "_runtime": 1.3446252346038818, "_step": 0, "_wandb": {"runtime": 1}}