{"CV_RMSE": 279.4618132786038, "RMSE": 100.72432516395553, "RMSE_skane": 85.3892335522882, "RMSE_kronoberg": 15.335091611667323, "CV_RMSE_'skane": 135.39519062202146, "CV_RMSE_kronoberg": 144.06662265658238, "_timestamp": 1748547890.1326423, "_runtime": 1.3103172779083252, "_step": 0, "_wandb": {"runtime": 1}}