{"CV_RMSE": 329.0362551785511, "RMSE": 24.98555152859848, "RMSE_Kalmar": 18.061589458953122, "RMSE_Blekinge": 6.923962069645358, "CV_RMSE_'Kalmar": 174.78957540922374, "CV_RMSE_Blekinge": 154.2466797693273, "_timestamp": 1748542301.4564111, "_runtime": 1.4177942276000977, "_step": 0, "_wandb": {"runtime": 1}}