{"CV_RMSE": 714.713520152448, "RMSE": 723.5006555874593, "RMSE_STHLM": 585.7277631577446, "RMSE_S\u00f6dermanland": 137.77289242971472, "CV_RMSE_STHLM": 208.60901734941436, "CV_RMSE_S\u00f6dermanland": 506.10450280303365, "_timestamp": 1748475034.6894145, "_runtime": 1.3610634803771973, "_step": 0, "_wandb": {"runtime": 1}}