{"CV_RMSE": 271.0897084067019, "RMSE": 435.20692750981135, "RMSE_STHLM": 400.2120023446045, "RMSE_S\u00f6dermanland": 34.994925165206844, "CV_RMSE_STHLM": 142.53692208553386, "CV_RMSE_S\u00f6dermanland": 128.552786321168, "_timestamp": 1748469470.0394237, "_runtime": 1.336094617843628, "_step": 0, "_wandb": {"runtime": 1}}