{"CV_RMSE": 265.79414370983454, "RMSE": 95.80685400503816, "RMSE_skane": 81.22351673975845, "RMSE_kronoberg": 14.583337265279704, "CV_RMSE_'skane": 128.78993140553666, "CV_RMSE_kronoberg": 137.00421230429785, "_timestamp": 1748529659.5998502, "_runtime": 1.3631312847137451, "_step": 0, "_wandb": {"runtime": 1}}