{"CV_RMSE": 275.62618110479025, "RMSE": 437.2242578791893, "RMSE_STHLM": 401.07840421654885, "RMSE_S\u00f6dermanland": 36.14585366264045, "CV_RMSE_STHLM": 142.8454941808049, "CV_RMSE_S\u00f6dermanland": 132.78068692398531, "_timestamp": 1748342576.897063, "_runtime": 1.2605559825897217, "_step": 0, "_wandb": {"runtime": 1}}