{"CV_RMSE": 3406.875638666092, "RMSE": 1324.2701118155685, "RMSE_skane": 1156.88757392894, "RMSE_kronoberg": 167.38253788662854, "CV_RMSE_'skane": 1834.388330754133, "CV_RMSE_kronoberg": 1572.487307911959, "_timestamp": 1748523757.3578584, "_runtime": 1.3923983573913574, "_step": 0, "_wandb": {"runtime": 1}}