{"CV_RMSE": 4727.371402918954, "RMSE": 1789.8262834980674, "RMSE_skane": 1547.8755900977803, "RMSE_kronoberg": 241.95069340028715, "CV_RMSE_'skane": 2454.3481872586367, "CV_RMSE_kronoberg": 2273.023215660318, "_timestamp": 1748565886.3165505, "_runtime": 1.3291494846343994, "_step": 0, "_wandb": {"runtime": 1}}