{"CV_RMSE": 750.0225648290265, "RMSE": 869.9327418300454, "RMSE_STHLM": 737.2372258837031, "RMSE_S\u00f6dermanland": 132.69551594634225, "CV_RMSE_STHLM": 262.5696491077692, "CV_RMSE_S\u00f6dermanland": 487.4529157212573, "_timestamp": 1748360787.4048338, "_runtime": 1.3305177688598633, "_step": 0, "_wandb": {"runtime": 1}}