{"CV_RMSE": 272.7190245526769, "RMSE": 436.022652068119, "RMSE_STHLM": 400.624149728597, "RMSE_S\u00f6dermanland": 35.39850233952201, "CV_RMSE_STHLM": 142.68370983606542, "CV_RMSE_S\u00f6dermanland": 130.03531471661148, "_timestamp": 1748452236.0532382, "_runtime": 1.317176103591919, "_step": 0, "_wandb": {"runtime": 1}}