{"CV_RMSE": 2403.435575303527, "RMSE": 1420.1314034927946, "RMSE_skane": 1400.7124512333583, "RMSE_kronoberg": 19.418952259436345, "CV_RMSE_'skane": 2221.0028296512023, "CV_RMSE_kronoberg": 182.43274565232477, "_timestamp": 1748509259.803821, "_runtime": 1.390451192855835, "_step": 0, "_wandb": {"runtime": 1}}