{"CV_RMSE": 3363.6198764021283, "RMSE": 222.99961425546752, "RMSE_Kalmar": 127.31886593925975, "RMSE_Blekinge": 95.68074831620778, "CV_RMSE_'Kalmar": 1232.1180574767072, "CV_RMSE_Blekinge": 2131.501818925421, "_timestamp": 1748473735.0329533, "_runtime": 1.2931013107299805, "_step": 0, "_wandb": {"runtime": 1}}