{"CV_RMSE": 411.6474208859115, "RMSE": 34.245667130589474, "RMSE_Kalmar": 27.877495755762407, "RMSE_Blekinge": 6.368171374827069, "CV_RMSE_'Kalmar": 269.7822169912491, "CV_RMSE_Blekinge": 141.86520389466244, "_timestamp": 1748507593.9032042, "_runtime": 1.3429381847381592, "_step": 0, "_wandb": {"runtime": 1}}