{"CV_RMSE": 3928.698967775472, "RMSE": 1627.467209861969, "RMSE_skane": 1454.8257268103523, "RMSE_kronoberg": 172.64148305161675, "CV_RMSE_'skane": 2306.8061207352307, "CV_RMSE_kronoberg": 1621.892847040241, "_timestamp": 1748517530.3960686, "_runtime": 1.3325636386871338, "_step": 0, "_wandb": {"runtime": 1}}