{"CV_RMSE": 3220.136284622524, "RMSE": 192.74921528156403, "RMSE_Kalmar": 85.22208006935283, "RMSE_Blekinge": 107.52713521221122, "CV_RMSE_'Kalmar": 824.7298071227693, "CV_RMSE_Blekinge": 2395.4064774997546, "_timestamp": 1748544667.180357, "_runtime": 1.3249640464782715, "_step": 0, "_wandb": {"runtime": 1}}