{"CV_RMSE": 264.36059417112494, "RMSE": 427.94480621311254, "RMSE_STHLM": 394.19868707285315, "RMSE_S\u00f6dermanland": 33.746119140259374, "CV_RMSE_STHLM": 140.3952585538456, "CV_RMSE_S\u00f6dermanland": 123.96533561727934, "_timestamp": 1748472011.4400086, "_runtime": 1.3207626342773438, "_step": 0, "_wandb": {"runtime": 1}}