{"CV_RMSE": 4485.145452050373, "RMSE": 1864.9154969828846, "RMSE_skane": 1669.230852447858, "RMSE_kronoberg": 195.68464453502645, "CV_RMSE_'skane": 2646.771964769331, "CV_RMSE_kronoberg": 1838.373487281042, "_timestamp": 1748513841.2573464, "_runtime": 1.2687153816223145, "_step": 0, "_wandb": {"runtime": 1}}