{"CV_RMSE": 249.90596212587607, "RMSE": 393.76717123328496, "RMSE_STHLM": 360.70900175007216, "RMSE_S\u00f6dermanland": 33.058169483212794, "CV_RMSE_STHLM": 128.46778851407396, "CV_RMSE_S\u00f6dermanland": 121.43817361180211, "_timestamp": 1748557546.2974422, "_runtime": 1.335130214691162, "_step": 0, "_wandb": {"runtime": 1}}