{"CV_RMSE": 3852.1247048963737, "RMSE": 255.21775089040534, "RMSE_Kalmar": 145.51167740368123, "RMSE_Blekinge": 109.7060734867241, "CV_RMSE_'Kalmar": 1408.1775232614314, "CV_RMSE_Blekinge": 2443.9471816349424, "_timestamp": 1748531497.2025943, "_runtime": 1.3080031871795654, "_step": 0, "_wandb": {"runtime": 1}}