{"CV_RMSE": 4816.698202171172, "RMSE": 324.86020465995625, "RMSE_Kalmar": 192.0891559957923, "RMSE_Blekinge": 132.77104866416394, "CV_RMSE_'Kalmar": 1858.9273160883126, "CV_RMSE_Blekinge": 2957.7708860828598, "_timestamp": 1748539090.4586773, "_runtime": 1.33980131149292, "_step": 0, "_wandb": {"runtime": 1}}