{"CV_RMSE": 2305.771136681379, "RMSE": 1069.3684371308962, "RMSE_skane": 991.2330475108789, "RMSE_kronoberg": 78.1353896200173, "CV_RMSE_'skane": 1571.7225911906114, "CV_RMSE_kronoberg": 734.048545490768, "_timestamp": 1748520734.302049, "_runtime": 1.3132948875427246, "_step": 0, "_wandb": {"runtime": 1}}