{"CV_RMSE": 1355.927571671921, "RMSE": 1685.4505337483824, "RMSE_STHLM": 1457.661432645966, "RMSE_S\u00f6dermanland": 227.78910110241648, "CV_RMSE_STHLM": 519.151281907942, "CV_RMSE_S\u00f6dermanland": 836.776289763979, "_timestamp": 1748377325.4102747, "_runtime": 1.315093755722046, "_step": 0, "_wandb": {"runtime": 1}}