{"CV_RMSE": 819.2162893866068, "RMSE": 377.136208558809, "RMSE_skane": 348.8071458979622, "RMSE_kronoberg": 28.329062660846805, "CV_RMSE_'skane": 553.0768698170648, "CV_RMSE_kronoberg": 266.13941956954204, "_timestamp": 1748557770.5820758, "_runtime": 1.5041007995605469, "_step": 0, "_wandb": {"runtime": 1}}