{"CV_RMSE": 3787.98593655874, "RMSE": 240.33742766121154, "RMSE_Kalmar": 124.29281652735335, "RMSE_Blekinge": 116.04461113385818, "CV_RMSE_'Kalmar": 1202.8337083292258, "CV_RMSE_Blekinge": 2585.152228229514, "_timestamp": 1748511399.7223508, "_runtime": 1.375572919845581, "_step": 0, "_wandb": {"runtime": 1}}