{"CV_RMSE": 1742.3332794331964, "RMSE": 746.1332023841708, "RMSE_skane": 674.5170536404502, "RMSE_kronoberg": 71.61614874372059, "CV_RMSE_'skane": 1069.5302119034623, "CV_RMSE_kronoberg": 672.8030675297341, "_timestamp": 1748534830.438553, "_runtime": 1.3477511405944824, "_step": 0, "_wandb": {"runtime": 1}}