{"CV_RMSE": 305.6683787443621, "RMSE": 22.170490222176294, "RMSE_Kalmar": 14.939011385252188, "RMSE_Blekinge": 7.231478836924105, "CV_RMSE_'Kalmar": 144.57107792179536, "CV_RMSE_Blekinge": 161.09730082256672, "_timestamp": 1748488131.5748913, "_runtime": 1.305030345916748, "_step": 0, "_wandb": {"runtime": 1}}