{"CV_RMSE": 5221.640874058527, "RMSE": 2018.210296934335, "RMSE_skane": 1759.3381993002197, "RMSE_kronoberg": 258.8720976341152, "CV_RMSE_'skane": 2789.648307558488, "CV_RMSE_kronoberg": 2431.9925665000387, "_timestamp": 1748505140.6757615, "_runtime": 1.4611034393310547, "_step": 0, "_wandb": {"runtime": 1}}