{"CV_RMSE": 846.6218452261547, "RMSE": 775.8769219287524, "RMSE_STHLM": 603.9636770062181, "RMSE_S\u00f6dermanland": 171.9132449225343, "CV_RMSE_STHLM": 215.10380265357983, "CV_RMSE_S\u00f6dermanland": 631.5180425725749, "_timestamp": 1748314270.2801743, "_runtime": 1.2869691848754883, "_step": 0, "_wandb": {"runtime": 1}}