{"CV_RMSE": 1249.6351538962545, "RMSE": 1511.377038926159, "RMSE_STHLM": 1296.9407592391099, "RMSE_S\u00f6dermanland": 214.43627968704914, "CV_RMSE_STHLM": 461.91004484178825, "CV_RMSE_S\u00f6dermanland": 787.7251090544662, "_timestamp": 1748328294.8760326, "_runtime": 1.3044536113739014, "_step": 0, "_wandb": {"runtime": 1}}