{"CV_RMSE": 3758.762201057186, "RMSE": 1318.7721131029862, "RMSE_skane": 1105.2112291269084, "RMSE_kronoberg": 213.56088397607783, "CV_RMSE_'skane": 1752.4490948101084, "CV_RMSE_kronoberg": 2006.3131062470777, "_timestamp": 1748575464.3230693, "_runtime": 1.3413283824920654, "_step": 0, "_wandb": {"runtime": 1}}