{"CV_RMSE": 305.9908675797715, "RMSE": 22.15927733842506, "RMSE_Kalmar": 14.893591583343055, "RMSE_Blekinge": 7.265685755082005, "CV_RMSE_'Kalmar": 144.13153145170696, "CV_RMSE_Blekinge": 161.85933612806448, "_timestamp": 1748500633.2715569, "_runtime": 1.2674767971038818, "_step": 0, "_wandb": {"runtime": 1}}