{"CV_RMSE": 275.02738143338587, "RMSE": 436.66066990522876, "RMSE_STHLM": 400.6348156146319, "RMSE_S\u00f6dermanland": 36.02585429059682, "CV_RMSE_STHLM": 142.68750852915267, "CV_RMSE_S\u00f6dermanland": 132.3398729042332, "_timestamp": 1748551576.5079489, "_runtime": 1.3281078338623047, "_step": 0, "_wandb": {"runtime": 1}}