{"CV_RMSE": 3323.863596157027, "RMSE": 225.78599732676366, "RMSE_Kalmar": 135.40066904877344, "RMSE_Blekinge": 90.38532827799021, "CV_RMSE_'Kalmar": 1310.3290553107106, "CV_RMSE_Blekinge": 2013.5345408463165, "_timestamp": 1748525291.8397095, "_runtime": 1.3734896183013916, "_step": 0, "_wandb": {"runtime": 1}}