{"CV_RMSE": 303.00847891970005, "RMSE": 385.626247846957, "RMSE_STHLM": 335.68637698508337, "RMSE_S\u00f6dermanland": 49.93987086187364, "CV_RMSE_STHLM": 119.55589208016423, "CV_RMSE_S\u00f6dermanland": 183.45258683953583, "_timestamp": 1748389894.239297, "_runtime": 1.3099520206451416, "_step": 0, "_wandb": {"runtime": 1}}