{"CV_RMSE": 3711.088496396831, "RMSE": 1296.2738231443855, "RMSE_skane": 1084.2496228343557, "RMSE_kronoberg": 212.02420031002987, "CV_RMSE_'skane": 1719.2118755301622, "CV_RMSE_kronoberg": 1991.876620866669, "_timestamp": 1748539480.235101, "_runtime": 1.3095979690551758, "_step": 0, "_wandb": {"runtime": 1}}