{"CV_RMSE": 306.2454244029958, "RMSE": 22.18842879945145, "RMSE_Kalmar": 14.924929910163726, "RMSE_Blekinge": 7.263498889287726, "CV_RMSE_'Kalmar": 144.4348055822296, "CV_RMSE_Blekinge": 161.8106188207662, "_timestamp": 1748511162.328024, "_runtime": 1.3097100257873535, "_step": 0, "_wandb": {"runtime": 1}}