{"CV_RMSE": 896.0048392901244, "RMSE": 1651.078272680233, "RMSE_STHLM": 1558.2419317750262, "RMSE_S\u00f6dermanland": 92.83634090520694, "CV_RMSE_STHLM": 554.97338290365, "CV_RMSE_S\u00f6dermanland": 341.0314563864745, "_timestamp": 1748303115.6936548, "_runtime": 1.2667038440704346, "_step": 0, "_wandb": {"runtime": 1}}