{"CV_RMSE": 1973.362242961878, "RMSE": 156.87722116555003, "RMSE_Kalmar": 120.75003786016411, "RMSE_Blekinge": 36.12718330538591, "CV_RMSE_'Kalmar": 1168.5487534854592, "CV_RMSE_Blekinge": 804.8134894764188, "_timestamp": 1748459220.6837873, "_runtime": 1.8622612953186035, "_step": 0, "_wandb": {"runtime": 1}}