{"CV_RMSE": 4445.110170573911, "RMSE": 1772.1174044009715, "RMSE_skane": 1562.7167552641224, "RMSE_kronoberg": 209.40064913684915, "CV_RMSE_'skane": 2477.8806901650987, "CV_RMSE_kronoberg": 1967.2294804088128, "_timestamp": 1748512296.724007, "_runtime": 1.3011817932128906, "_step": 0, "_wandb": {"runtime": 1}}