{"CV_RMSE": 906.3820297244711, "RMSE": 761.7672475154659, "RMSE_STHLM": 570.3245402140219, "RMSE_S\u00f6dermanland": 191.442707301444, "CV_RMSE_STHLM": 203.12310494365641, "CV_RMSE_S\u00f6dermanland": 703.2589247808147, "_timestamp": 1748367024.73645, "_runtime": 1.3089258670806885, "_step": 0, "_wandb": {"runtime": 1}}