{"CV_RMSE": 272.0932675626025, "RMSE": 435.42437927440005, "RMSE_STHLM": 400.1502787207846, "RMSE_S\u00f6dermanland": 35.274100553615455, "CV_RMSE_STHLM": 142.5149389983008, "CV_RMSE_S\u00f6dermanland": 129.57832856430167, "_timestamp": 1748344480.467889, "_runtime": 1.2621831893920898, "_step": 0, "_wandb": {"runtime": 1}}