{"CV_RMSE": 257.45800243318314, "RMSE": 410.78558337658967, "RMSE_STHLM": 377.27799254891306, "RMSE_S\u00f6dermanland": 33.50759082767658, "CV_RMSE_STHLM": 134.36889327028956, "CV_RMSE_S\u00f6dermanland": 123.08910916289356, "_timestamp": 1748491550.4091835, "_runtime": 1.4395124912261963, "_step": 0, "_wandb": {"runtime": 1}}