{"CV_RMSE": 256.357601782198, "RMSE": 413.2174184829813, "RMSE_STHLM": 380.3026284100004, "RMSE_S\u00f6dermanland": 32.914790072980885, "CV_RMSE_STHLM": 135.4461280447172, "CV_RMSE_S\u00f6dermanland": 120.9114737374808, "_timestamp": 1748404145.0362046, "_runtime": 1.2936906814575195, "_step": 0, "_wandb": {"runtime": 1}}