{"CV_RMSE": 1128.2548445722427, "RMSE": 204.49762726699655, "RMSE_skane": 101.53900481424495, "RMSE_kronoberg": 102.9586224527516, "CV_RMSE_'skane": 161.00265033971186, "CV_RMSE_kronoberg": 967.2521942325308, "_timestamp": 1748535422.4920943, "_runtime": 1.303185224533081, "_step": 0, "_wandb": {"runtime": 1}}