{"CV_RMSE": 1081.2244451093718, "RMSE": 593.1440865253606, "RMSE_skane": 575.1235887037643, "RMSE_kronoberg": 18.0204978215963, "CV_RMSE_'skane": 911.9295803970892, "CV_RMSE_kronoberg": 169.2948647122826, "_timestamp": 1748538189.9579616, "_runtime": 1.3327314853668213, "_step": 0, "_wandb": {"runtime": 1}}