{"CV_RMSE": 647.0797713553018, "RMSE": 1535.4472768414557, "RMSE_STHLM": 1505.2346621277072, "RMSE_S\u00f6dermanland": 30.212614713748486, "CV_RMSE_STHLM": 536.0946560803073, "CV_RMSE_S\u00f6dermanland": 110.98511527499444, "_timestamp": 1748300056.1340246, "_runtime": 1.2809295654296875, "_step": 0, "_wandb": {"runtime": 1}}