{"CV_RMSE": 446.0336895625253, "RMSE": 870.1614295394785, "RMSE_STHLM": 829.1274668848637, "RMSE_S\u00f6dermanland": 41.03396265461479, "CV_RMSE_STHLM": 295.2966838925118, "CV_RMSE_S\u00f6dermanland": 150.7370056700135, "_timestamp": 1748347100.317113, "_runtime": 1.3312289714813232, "_step": 0, "_wandb": {"runtime": 1}}