{"CV_RMSE": 306.24405511145835, "RMSE": 22.19564450945895, "RMSE_Kalmar": 14.937796400019915, "RMSE_Blekinge": 7.2578481094390375, "CV_RMSE_'Kalmar": 144.5593200001927, "CV_RMSE_Blekinge": 161.68473511126567, "_timestamp": 1748473023.2764947, "_runtime": 1.2869787216186523, "_step": 0, "_wandb": {"runtime": 1}}