{"CV_RMSE": 758.4276315715094, "RMSE": 1074.8596390353243, "RMSE_STHLM": 961.6317820321565, "RMSE_S\u00f6dermanland": 113.22785700316783, "CV_RMSE_STHLM": 342.4885650292603, "CV_RMSE_S\u00f6dermanland": 415.9390665422492, "_timestamp": 1748324361.601724, "_runtime": 1.2918598651885986, "_step": 0, "_wandb": {"runtime": 1}}