{"CV_RMSE": 279.70988602221576, "RMSE": 100.83000350558966, "RMSE_skane": 85.4846023542474, "RMSE_kronoberg": 15.345401151342253, "CV_RMSE_'skane": 135.54640965261214, "CV_RMSE_kronoberg": 144.16347636960364, "_timestamp": 1748535093.833235, "_runtime": 1.2502129077911377, "_step": 0, "_wandb": {"runtime": 1}}