{"CV_RMSE": 1860.012936486783, "RMSE": 2584.492173262771, "RMSE_STHLM": 2301.270153120316, "RMSE_S\u00f6dermanland": 283.2220201424548, "CV_RMSE_STHLM": 819.6055155553164, "CV_RMSE_S\u00f6dermanland": 1040.4074209314667, "_timestamp": 1748391744.1260734, "_runtime": 1.3178954124450684, "_step": 0, "_wandb": {"runtime": 1}}