{"CV_RMSE": 620.6823651038092, "RMSE": 655.4683049227, "RMSE_STHLM": 538.7368796447813, "RMSE_S\u00f6dermanland": 116.73142527791872, "CV_RMSE_STHLM": 191.87304775635266, "CV_RMSE_S\u00f6dermanland": 428.8093173474565, "_timestamp": 1748295412.996127, "_runtime": 1.2890539169311523, "_step": 0, "_wandb": {"runtime": 1}}