{"CV_RMSE": 2569.295697205031, "RMSE": 169.3687611643201, "RMSE_Kalmar": 95.5388152918219, "RMSE_Blekinge": 73.82994587249819, "CV_RMSE_'Kalmar": 924.5691802434377, "CV_RMSE_Blekinge": 1644.7265169615932, "_timestamp": 1748576626.2154527, "_runtime": 1.3655877113342285, "_step": 0, "_wandb": {"runtime": 1}}