{"CV_RMSE": 262.6358598912381, "RMSE": 413.8148156768312, "RMSE_STHLM": 379.0715916336806, "RMSE_S\u00f6dermanland": 34.74322404315056, "CV_RMSE_STHLM": 135.00768993680748, "CV_RMSE_S\u00f6dermanland": 127.62816995443065, "_timestamp": 1748556586.8944414, "_runtime": 1.416560411453247, "_step": 0, "_wandb": {"runtime": 1}}