{"CV_RMSE": 1872.1209001384527, "RMSE": 2552.931539910428, "RMSE_STHLM": 2262.671180314085, "RMSE_S\u00f6dermanland": 290.26035959634277, "CV_RMSE_STHLM": 805.8583546824997, "CV_RMSE_S\u00f6dermanland": 1066.262545455953, "_timestamp": 1748333655.875007, "_runtime": 1.3136568069458008, "_step": 0, "_wandb": {"runtime": 1}}