{"CV_RMSE": 549.6969867851967, "RMSE": 502.72164394006586, "RMSE_STHLM": 390.9894755279846, "RMSE_S\u00f6dermanland": 111.73216841208128, "CV_RMSE_STHLM": 139.25228649591855, "CV_RMSE_S\u00f6dermanland": 410.4447002892782, "_timestamp": 1748340861.4751952, "_runtime": 1.3384382724761963, "_step": 0, "_wandb": {"runtime": 1}}