{"CV_RMSE": 570.73975702787, "RMSE": 293.2366725108848, "RMSE_skane": 279.69109108881435, "RMSE_kronoberg": 13.545581422070413, "CV_RMSE_'skane": 443.48481673702065, "CV_RMSE_kronoberg": 127.2549402908494, "_timestamp": 1748578065.137801, "_runtime": 1.4118280410766602, "_step": 0, "_wandb": {"runtime": 1}}