{"CV_RMSE": 1632.9999363390925, "RMSE": 464.42764436263195, "RMSE_skane": 349.6116119538352, "RMSE_kronoberg": 114.81603240879674, "CV_RMSE_'skane": 554.3524502439247, "CV_RMSE_kronoberg": 1078.6474860951678, "_timestamp": 1748531079.210934, "_runtime": 1.3208208084106445, "_step": 0, "_wandb": {"runtime": 1}}