{"CV_RMSE": 2597.213287048583, "RMSE": 170.10204364237467, "RMSE_Kalmar": 94.6195878911665, "RMSE_Blekinge": 75.48245575120815, "CV_RMSE_'Kalmar": 915.673431204837, "CV_RMSE_Blekinge": 1681.539855843746, "_timestamp": 1748524649.2183228, "_runtime": 1.3643598556518555, "_step": 0, "_wandb": {"runtime": 1}}