{"CV_RMSE": 306.84056667523794, "RMSE": 22.2466603337485, "RMSE_Kalmar": 14.980652573353309, "RMSE_Blekinge": 7.266007760395194, "CV_RMSE_'Kalmar": 144.9740571614836, "CV_RMSE_Blekinge": 161.86650951375432, "_timestamp": 1748478280.9286447, "_runtime": 1.233966588973999, "_step": 0, "_wandb": {"runtime": 1}}