{"CV_RMSE": 4609.727540758689, "RMSE": 1818.2502774755226, "RMSE_skane": 1597.136400101498, "RMSE_kronoberg": 221.11387737402438, "CV_RMSE_'skane": 2532.4572940298594, "CV_RMSE_kronoberg": 2077.2702467288304, "_timestamp": 1748523641.6863225, "_runtime": 1.250335454940796, "_step": 0, "_wandb": {"runtime": 1}}