{"CV_RMSE": 305.9416537115908, "RMSE": 22.180439555060865, "RMSE_Kalmar": 14.934913591749163, "RMSE_Blekinge": 7.245525963311702, "CV_RMSE_'Kalmar": 144.53142185563706, "CV_RMSE_Blekinge": 161.41023185595375, "_timestamp": 1748545196.2801528, "_runtime": 1.3160626888275146, "_step": 0, "_wandb": {"runtime": 1}}