{"CV_RMSE": 1192.4624734652234, "RMSE": 1322.011428099977, "RMSE_STHLM": 1104.479105398946, "RMSE_S\u00f6dermanland": 217.53232270103075, "CV_RMSE_STHLM": 393.3641451757228, "CV_RMSE_S\u00f6dermanland": 799.0983282895007, "_timestamp": 1748329992.7905715, "_runtime": 1.332329511642456, "_step": 0, "_wandb": {"runtime": 1}}