{"CV_RMSE": 279.0370639415288, "RMSE": 458.46893027083604, "RMSE_STHLM": 423.5757407112683, "RMSE_S\u00f6dermanland": 34.89318955956776, "CV_RMSE_STHLM": 150.85800025332074, "CV_RMSE_S\u00f6dermanland": 128.1790636882081, "_timestamp": 1748509576.887042, "_runtime": 1.302173137664795, "_step": 0, "_wandb": {"runtime": 1}}