{"CV_RMSE": 3036.3427666336665, "RMSE": 224.08386716096777, "RMSE_Kalmar": 155.21065987699595, "RMSE_Blekinge": 68.87320728397181, "CV_RMSE_'Kalmar": 1502.0386439709284, "CV_RMSE_Blekinge": 1534.3041226627383, "_timestamp": 1748513072.4742904, "_runtime": 1.332355260848999, "_step": 0, "_wandb": {"runtime": 1}}