{"CV_RMSE": 304.3806254499335, "RMSE": 21.854395440312928, "RMSE_Kalmar": 14.482340777644739, "RMSE_Blekinge": 7.37205466266819, "CV_RMSE_'Kalmar": 140.15168494494907, "CV_RMSE_Blekinge": 164.22894050498442, "_timestamp": 1748477573.9586446, "_runtime": 1.3033976554870605, "_step": 0, "_wandb": {"runtime": 1}}