{"CV_RMSE": 5001.707140909153, "RMSE": 1882.7682013795222, "RMSE_skane": 1624.5586179691672, "RMSE_kronoberg": 258.20958341035504, "CV_RMSE_'skane": 2575.9386120018507, "CV_RMSE_kronoberg": 2425.7685289073024, "_timestamp": 1748510702.5247927, "_runtime": 1.4072556495666504, "_step": 0, "_wandb": {"runtime": 1}}