{"CV_RMSE": 275.0568394671203, "RMSE": 436.9712343536113, "RMSE_STHLM": 400.9698427907937, "RMSE_S\u00f6dermanland": 36.00139156281764, "CV_RMSE_STHLM": 142.80682964452487, "CV_RMSE_S\u00f6dermanland": 132.25000982259542, "_timestamp": 1748565803.7185812, "_runtime": 1.3732092380523682, "_step": 0, "_wandb": {"runtime": 1}}