{"CV_RMSE": 1470.3477354758895, "RMSE": 778.9366300012729, "RMSE_skane": 748.8112712020028, "RMSE_kronoberg": 30.12535879927008, "CV_RMSE_'skane": 1187.332882455607, "CV_RMSE_kronoberg": 283.0148530202826, "_timestamp": 1748556892.2291646, "_runtime": 1.3426575660705566, "_step": 0, "_wandb": {"runtime": 1}}