{"CV_RMSE": 306.66940057508805, "RMSE": 22.229024533898297, "RMSE_Kalmar": 14.963056224050835, "RMSE_Blekinge": 7.265968309847462, "CV_RMSE_'Kalmar": 144.80376991016936, "CV_RMSE_Blekinge": 161.8656306649187, "_timestamp": 1748478638.8364913, "_runtime": 1.2674994468688965, "_step": 0, "_wandb": {"runtime": 1}}