{"CV_RMSE": 254.45922207390748, "RMSE": 385.6945738399025, "RMSE_STHLM": 350.39714091430665, "RMSE_S\u00f6dermanland": 35.297432925595835, "CV_RMSE_STHLM": 124.79518275539216, "CV_RMSE_S\u00f6dermanland": 129.6640393185153, "_timestamp": 1748524505.6701977, "_runtime": 1.2972116470336914, "_step": 0, "_wandb": {"runtime": 1}}