{"CV_RMSE": 3232.673826548348, "RMSE": 1710.1488149538807, "RMSE_skane": 1643.4277472204353, "RMSE_kronoberg": 66.72106773344527, "CV_RMSE_'skane": 2605.857950138111, "CV_RMSE_kronoberg": 626.8158764102375, "_timestamp": 1748547790.4356985, "_runtime": 1.3232314586639404, "_step": 0, "_wandb": {"runtime": 1}}