{"CV_RMSE": 4927.031042190936, "RMSE": 1896.805168121571, "RMSE_skane": 1651.0087088939888, "RMSE_kronoberg": 245.79645922758203, "CV_RMSE_'skane": 2617.878502474612, "CV_RMSE_kronoberg": 2309.1525397163236, "_timestamp": 1748551519.2933483, "_runtime": 1.318486213684082, "_step": 0, "_wandb": {"runtime": 1}}