{"CV_RMSE": 1138.6895974187585, "RMSE": 538.4182580267386, "RMSE_skane": 501.9266786443619, "RMSE_kronoberg": 36.49157938237672, "CV_RMSE_'skane": 795.8668266031108, "CV_RMSE_kronoberg": 342.82277081564774, "_timestamp": 1748540585.3621068, "_runtime": 1.533679723739624, "_step": 0, "_wandb": {"runtime": 1}}