{"CV_RMSE": 306.9793878848858, "RMSE": 22.25656902952173, "RMSE_Kalmar": 14.987154026402107, "RMSE_Blekinge": 7.269415003119624, "CV_RMSE_'Kalmar": 145.03697444905262, "CV_RMSE_Blekinge": 161.9424134358332, "_timestamp": 1748503787.473015, "_runtime": 1.314850091934204, "_step": 0, "_wandb": {"runtime": 1}}