{"CV_RMSE": 306.27041097590296, "RMSE": 22.18609001319526, "RMSE_Kalmar": 14.918811702276733, "RMSE_Blekinge": 7.267278310918527, "CV_RMSE_'Kalmar": 144.3755971188071, "CV_RMSE_Blekinge": 161.89481385709587, "_timestamp": 1748500704.3050666, "_runtime": 1.3253166675567627, "_step": 0, "_wandb": {"runtime": 1}}