{"CV_RMSE": 304.68092628308295, "RMSE": 22.04317220667505, "RMSE_Kalmar": 14.792275823149605, "RMSE_Blekinge": 7.250896383525443, "CV_RMSE_'Kalmar": 143.15105635306068, "CV_RMSE_Blekinge": 161.52986993002227, "_timestamp": 1748496155.1205153, "_runtime": 1.299922227859497, "_step": 0, "_wandb": {"runtime": 1}}