{"CV_RMSE": 4571.593027094685, "RMSE": 1853.6234373963437, "RMSE_skane": 1644.5755936856613, "RMSE_kronoberg": 209.04784371068243, "CV_RMSE_'skane": 2607.6780026728243, "CV_RMSE_kronoberg": 1963.9150244218602, "_timestamp": 1748563964.867386, "_runtime": 1.3063139915466309, "_step": 0, "_wandb": {"runtime": 1}}