{"CV_RMSE": 267.5561599251309, "RMSE": 419.86711871151346, "RMSE_STHLM": 384.29046456984497, "RMSE_S\u00f6dermanland": 35.57665414166846, "CV_RMSE_STHLM": 136.86641001696103, "CV_RMSE_S\u00f6dermanland": 130.68974990816986, "_timestamp": 1748462364.8324897, "_runtime": 1.3320097923278809, "_step": 0, "_wandb": {"runtime": 1}}