{"CV_RMSE": 279.5984233980281, "RMSE": 100.77511537093447, "RMSE_skane": 85.4328427712381, "RMSE_kronoberg": 15.342272599696376, "CV_RMSE_'skane": 135.46433843219572, "CV_RMSE_kronoberg": 144.13408496583236, "_timestamp": 1748508369.2008462, "_runtime": 1.3159492015838623, "_step": 0, "_wandb": {"runtime": 1}}