{"CV_RMSE": 306.8610073319537, "RMSE": 22.248265211339266, "RMSE_Kalmar": 14.981867795553018, "RMSE_Blekinge": 7.2663974157862485, "CV_RMSE_'Kalmar": 144.98581737631952, "CV_RMSE_Blekinge": 161.87518995563423, "_timestamp": 1748503191.7534306, "_runtime": 1.3214147090911865, "_step": 0, "_wandb": {"runtime": 1}}