{"CV_RMSE": 275.4611553750857, "RMSE": 436.9223820460918, "RMSE_STHLM": 400.79386516573203, "RMSE_S\u00f6dermanland": 36.12851688035979, "CV_RMSE_STHLM": 142.74415459009057, "CV_RMSE_S\u00f6dermanland": 132.71700078499515, "_timestamp": 1748346474.189451, "_runtime": 1.2422759532928467, "_step": 0, "_wandb": {"runtime": 1}}