{"CV_RMSE": 4563.972976043022, "RMSE": 1898.8388955459077, "RMSE_skane": 1699.9479575562102, "RMSE_kronoberg": 198.89093798969736, "CV_RMSE_'skane": 2695.4777339686207, "CV_RMSE_kronoberg": 1868.4952420744014, "_timestamp": 1748520980.8644013, "_runtime": 1.3336262702941895, "_step": 0, "_wandb": {"runtime": 1}}