{"CV_RMSE": 1092.1125075338932, "RMSE": 87.0355078319032, "RMSE_Kalmar": 67.20715868660656, "RMSE_Blekinge": 19.82834914529665, "CV_RMSE_'Kalmar": 650.3918582574828, "CV_RMSE_Blekinge": 441.7206492764105, "_timestamp": 1748569658.9724796, "_runtime": 1.3128166198730469, "_step": 0, "_wandb": {"runtime": 1}}