{"CV_RMSE": 337.1166853086173, "RMSE": 458.37528974845327, "RMSE_STHLM": 405.964030017559, "RMSE_S\u00f6dermanland": 52.411259730894265, "CV_RMSE_STHLM": 144.58552711349552, "CV_RMSE_S\u00f6dermanland": 192.53115819512178, "_timestamp": 1748481055.7545066, "_runtime": 1.3277525901794434, "_step": 0, "_wandb": {"runtime": 1}}