{"CV_RMSE": 4882.570380710226, "RMSE": 1862.048810809914, "RMSE_skane": 1614.8885518510826, "RMSE_kronoberg": 247.1602589588313, "CV_RMSE_'skane": 2560.605526190934, "CV_RMSE_kronoberg": 2321.964854519292, "_timestamp": 1748575657.9424434, "_runtime": 1.409400463104248, "_step": 0, "_wandb": {"runtime": 1}}