{"CV_RMSE": 1686.2199085616774, "RMSE": 2044.4432073020878, "RMSE_STHLM": 1755.6301235163967, "RMSE_S\u00f6dermanland": 288.81308378569116, "CV_RMSE_STHLM": 625.2738864917915, "CV_RMSE_S\u00f6dermanland": 1060.9460220698859, "_timestamp": 1748392740.4460652, "_runtime": 1.3359711170196533, "_step": 0, "_wandb": {"runtime": 1}}