{"CV_RMSE": 494.3040593544664, "RMSE": 30.106440818790766, "RMSE_Kalmar": 13.998941375711574, "RMSE_Blekinge": 16.107499443079192, "CV_RMSE_'Kalmar": 135.47362621656362, "CV_RMSE_Blekinge": 358.8304331379028, "_timestamp": 1748524349.8473713, "_runtime": 1.3808002471923828, "_step": 0, "_wandb": {"runtime": 1}}