{"CV_RMSE": 341.7689404506731, "RMSE": 397.17681626495266, "RMSE_STHLM": 336.7927527822881, "RMSE_S\u00f6dermanland": 60.384063482664516, "CV_RMSE_STHLM": 119.94993173884421, "CV_RMSE_S\u00f6dermanland": 221.81900871182884, "_timestamp": 1748517793.4055781, "_runtime": 1.327775239944458, "_step": 0, "_wandb": {"runtime": 1}}