{"CV_RMSE": 268.21201871290975, "RMSE": 427.7240660339387, "RMSE_STHLM": 392.79324151112263, "RMSE_S\u00f6dermanland": 34.93082452281606, "CV_RMSE_STHLM": 139.8947041392997, "CV_RMSE_S\u00f6dermanland": 128.31731457361002, "_timestamp": 1748376637.4046822, "_runtime": 1.2647302150726318, "_step": 0, "_wandb": {"runtime": 1}}