{"CV_RMSE": 275.6000339843942, "RMSE": 437.13757171160114, "RMSE_STHLM": 400.99029326294976, "RMSE_S\u00f6dermanland": 36.14727844865136, "CV_RMSE_STHLM": 142.8141131526137, "CV_RMSE_S\u00f6dermanland": 132.78592083178052, "_timestamp": 1748510996.4393232, "_runtime": 1.2681281566619873, "_step": 0, "_wandb": {"runtime": 1}}