{"CV_RMSE": 275.1194276440908, "RMSE": 437.2751488873862, "RMSE_STHLM": 401.2875190713366, "RMSE_S\u00f6dermanland": 35.98762981604959, "CV_RMSE_STHLM": 142.91997117696988, "CV_RMSE_S\u00f6dermanland": 132.19945646712094, "_timestamp": 1748475310.9956043, "_runtime": 1.231898307800293, "_step": 0, "_wandb": {"runtime": 1}}