{"CV_RMSE": 501.13251242421006, "RMSE": 468.7051351846071, "RMSE_STHLM": 367.96057723285475, "RMSE_S\u00f6dermanland": 100.74455795175234, "CV_RMSE_STHLM": 131.050462805528, "CV_RMSE_S\u00f6dermanland": 370.08204961868205, "_timestamp": 1748515335.756161, "_runtime": 1.272939920425415, "_step": 0, "_wandb": {"runtime": 1}}