{"CV_RMSE": 719.2565730336382, "RMSE": 775.4693674798921, "RMSE_STHLM": 641.9064413505686, "RMSE_S\u00f6dermanland": 133.56292612932356, "CV_RMSE_STHLM": 228.61725255857212, "CV_RMSE_S\u00f6dermanland": 490.63932047506614, "_timestamp": 1748303345.9571688, "_runtime": 1.2848539352416992, "_step": 0, "_wandb": {"runtime": 1}}