{"CV_RMSE": 641.6160437895593, "RMSE": 669.3348500524748, "RMSE_STHLM": 547.7817375224319, "RMSE_S\u00f6dermanland": 121.553112530043, "CV_RMSE_STHLM": 195.09440592409524, "CV_RMSE_S\u00f6dermanland": 446.5216378654641, "_timestamp": 1748358213.931501, "_runtime": 1.288200855255127, "_step": 0, "_wandb": {"runtime": 1}}