{"CV_RMSE": 275.5820422086838, "RMSE": 437.135338068794, "RMSE_STHLM": 400.9932434062854, "RMSE_S\u00f6dermanland": 36.1420946625086, "CV_RMSE_STHLM": 142.81516385661135, "CV_RMSE_S\u00f6dermanland": 132.7668783520724, "_timestamp": 1748475086.9303615, "_runtime": 1.26796555519104, "_step": 0, "_wandb": {"runtime": 1}}