{"CV_RMSE": 306.9877443419431, "RMSE": 22.257455005576467, "RMSE_Kalmar": 14.98805726500215, "RMSE_Blekinge": 7.269397740574317, "CV_RMSE_'Kalmar": 145.04571546776273, "CV_RMSE_Blekinge": 161.94202887418032, "_timestamp": 1748569065.525162, "_runtime": 1.232719898223877, "_step": 0, "_wandb": {"runtime": 1}}