{"CV_RMSE": 305.9637672428361, "RMSE": 22.177967583535125, "RMSE_Kalmar": 14.928787926850571, "RMSE_Blekinge": 7.2491796566845546, "CV_RMSE_'Kalmar": 144.47214122758615, "CV_RMSE_Blekinge": 161.49162601524998, "_timestamp": 1748514766.9598916, "_runtime": 1.3569855690002441, "_step": 0, "_wandb": {"runtime": 1}}