{"CV_RMSE": 1467.7323045638225, "RMSE": 840.7823509480343, "RMSE_skane": 823.5498256011188, "RMSE_kronoberg": 17.2325253469155, "CV_RMSE_'skane": 1305.8401040186873, "CV_RMSE_kronoberg": 161.8922005451352, "_timestamp": 1748524674.3485312, "_runtime": 1.3030812740325928, "_step": 0, "_wandb": {"runtime": 1}}