{"CV_RMSE": 1142.1534003433082, "RMSE": 1326.4105795842067, "RMSE_STHLM": 1124.516154783725, "RMSE_S\u00f6dermanland": 201.89442480048186, "CV_RMSE_STHLM": 400.5004112803136, "CV_RMSE_S\u00f6dermanland": 741.6529890629946, "_timestamp": 1748302937.777579, "_runtime": 1.2993841171264648, "_step": 0, "_wandb": {"runtime": 1}}