{"CV_RMSE": 4581.969524532954, "RMSE": 285.44899506721237, "RMSE_Kalmar": 141.03728326046595, "RMSE_Blekinge": 144.4117118067464, "CV_RMSE_'Kalmar": 1364.8769347787027, "CV_RMSE_Blekinge": 3217.0925897542515, "_timestamp": 1748569695.885227, "_runtime": 1.3267009258270264, "_step": 0, "_wandb": {"runtime": 1}}