{"CV_RMSE": 271.19187719418636, "RMSE": 96.94858191056836, "RMSE_skane": 81.90585081610261, "RMSE_kronoberg": 15.042731094465752, "CV_RMSE_'skane": 129.87185647373565, "CV_RMSE_kronoberg": 141.3200207204507, "_timestamp": 1748535262.1733327, "_runtime": 1.3214216232299805, "_step": 0, "_wandb": {"runtime": 1}}