{"CV_RMSE": 3979.588446983308, "RMSE": 1546.4339487756006, "RMSE_skane": 1350.8216726303228, "RMSE_kronoberg": 195.61227614527775, "CV_RMSE_'skane": 2141.8948297520974, "CV_RMSE_kronoberg": 1837.6936172312107, "_timestamp": 1748533649.7097485, "_runtime": 1.2789185047149658, "_step": 0, "_wandb": {"runtime": 1}}