{"CV_RMSE": 1229.6820815782507, "RMSE": 1657.1849822856461, "RMSE_STHLM": 1464.4177540539129, "RMSE_S\u00f6dermanland": 192.76722823173327, "CV_RMSE_STHLM": 521.5575697065776, "CV_RMSE_S\u00f6dermanland": 708.1245118716732, "_timestamp": 1748377419.9302907, "_runtime": 1.4607386589050293, "_step": 0, "_wandb": {"runtime": 1}}