{"CV_RMSE": 280.01520056439136, "RMSE": 437.74153343546965, "RMSE_STHLM": 400.3281520084066, "RMSE_S\u00f6dermanland": 37.41338142706305, "CV_RMSE_STHLM": 142.57828919966994, "CV_RMSE_S\u00f6dermanland": 137.43691136472142, "_timestamp": 1748484553.8755612, "_runtime": 1.3224363327026367, "_step": 0, "_wandb": {"runtime": 1}}