{"CV_RMSE": 1053.6675628182775, "RMSE": 1343.9171640791953, "RMSE_STHLM": 1170.5762065980505, "RMSE_S\u00f6dermanland": 173.3409574811448, "CV_RMSE_STHLM": 416.90486186713315, "CV_RMSE_S\u00f6dermanland": 636.7627009511442, "_timestamp": 1748290550.5905025, "_runtime": 1.310518503189087, "_step": 0, "_wandb": {"runtime": 1}}