{"CV_RMSE": 4973.320910078827, "RMSE": 332.11414067911676, "RMSE_Kalmar": 192.48399348318347, "RMSE_Blekinge": 139.63014719593332, "CV_RMSE_'Kalmar": 1862.7483240308077, "CV_RMSE_Blekinge": 3110.5725860480193, "_timestamp": 1748487016.866433, "_runtime": 1.2958028316497803, "_step": 0, "_wandb": {"runtime": 1}}