{"CV_RMSE": 226.70138239752012, "RMSE": 407.63680285963375, "RMSE_STHLM": 383.06269080758807, "RMSE_S\u00f6dermanland": 24.57411205204568, "CV_RMSE_STHLM": 136.4291340430666, "CV_RMSE_S\u00f6dermanland": 90.27224835445352, "_timestamp": 1748481571.2653804, "_runtime": 1.4051554203033447, "_step": 0, "_wandb": {"runtime": 1}}