{"CV_RMSE": 905.1158103717058, "RMSE": 60.84199385905566, "RMSE_Kalmar": 35.73666589088267, "RMSE_Blekinge": 25.105327968172993, "CV_RMSE_'Kalmar": 345.83870216983223, "CV_RMSE_Blekinge": 559.2771082018736, "_timestamp": 1748552878.8114882, "_runtime": 1.4116811752319336, "_step": 0, "_wandb": {"runtime": 1}}