{"CV_RMSE": 275.59654991410844, "RMSE": 437.1866968825411, "RMSE_STHLM": 401.04574287656544, "RMSE_S\u00f6dermanland": 36.14095400597571, "CV_RMSE_STHLM": 142.83386172889152, "CV_RMSE_S\u00f6dermanland": 132.7626881852169, "_timestamp": 1748438677.5499113, "_runtime": 1.2438323497772217, "_step": 0, "_wandb": {"runtime": 1}}