{"CV_RMSE": 5201.758923913845, "RMSE": 2008.9268337493909, "RMSE_skane": 1750.7157561233237, "RMSE_kronoberg": 258.21107762606715, "CV_RMSE_'skane": 2775.976357489414, "CV_RMSE_kronoberg": 2425.7825664244306, "_timestamp": 1748507359.0339482, "_runtime": 1.285292148590088, "_step": 0, "_wandb": {"runtime": 1}}