{"CV_RMSE": 415.5918577537815, "RMSE": 469.2108423157197, "RMSE_STHLM": 394.30668305843255, "RMSE_S\u00f6dermanland": 74.9041592572871, "CV_RMSE_STHLM": 140.4337217066044, "CV_RMSE_S\u00f6dermanland": 275.1581360471771, "_timestamp": 1748479065.816014, "_runtime": 1.263375997543335, "_step": 0, "_wandb": {"runtime": 1}}