{"CV_RMSE": 1101.531399676224, "RMSE": 1564.8027532918059, "RMSE_STHLM": 1400.7480228362103, "RMSE_S\u00f6dermanland": 164.05473045559557, "CV_RMSE_STHLM": 498.88136943117905, "CV_RMSE_S\u00f6dermanland": 602.650030245045, "_timestamp": 1748390299.0121236, "_runtime": 1.4595046043395996, "_step": 0, "_wandb": {"runtime": 1}}