{"CV_RMSE": 265.81574684047615, "RMSE": 427.73982472036465, "RMSE_STHLM": 393.5330447250871, "RMSE_S\u00f6dermanland": 34.20677999527753, "CV_RMSE_STHLM": 140.15818767415053, "CV_RMSE_S\u00f6dermanland": 125.65755916632563, "_timestamp": 1748508212.967195, "_runtime": 1.4138641357421875, "_step": 0, "_wandb": {"runtime": 1}}