{"CV_RMSE": 1022.5363295723478, "RMSE": 1513.501501208067, "RMSE_STHLM": 1367.751915724181, "RMSE_S\u00f6dermanland": 145.7495854838861, "CV_RMSE_STHLM": 487.12968901929673, "CV_RMSE_S\u00f6dermanland": 535.406640553051, "_timestamp": 1748341618.270846, "_runtime": 1.2893807888031006, "_step": 0, "_wandb": {"runtime": 1}}