{"CV_RMSE": 254.90710712807333, "RMSE": 383.85745086131465, "RMSE_STHLM": 348.2277665129471, "RMSE_S\u00f6dermanland": 35.62968434836755, "CV_RMSE_STHLM": 124.02255237896809, "CV_RMSE_S\u00f6dermanland": 130.88455474910526, "_timestamp": 1748388942.3434896, "_runtime": 1.3041596412658691, "_step": 0, "_wandb": {"runtime": 1}}