{"CV_RMSE": 277.39605782049335, "RMSE": 99.98725459030109, "RMSE_skane": 84.76703618100335, "RMSE_kronoberg": 15.22021840929775, "CV_RMSE_'skane": 134.40861973732032, "CV_RMSE_kronoberg": 142.98743808317303, "_timestamp": 1748563800.8838658, "_runtime": 1.2678139209747314, "_step": 0, "_wandb": {"runtime": 1}}