{"CV_RMSE": 1845.2144804543057, "RMSE": 441.7873606167839, "RMSE_skane": 295.1983540368709, "RMSE_kronoberg": 146.58900657991296, "CV_RMSE_'skane": 468.07350005846337, "CV_RMSE_kronoberg": 1377.1409803958422, "_timestamp": 1748567149.5225816, "_runtime": 1.3677775859832764, "_step": 0, "_wandb": {"runtime": 1}}