{"CV_RMSE": 1348.6280069552404, "RMSE": 1837.1279704196154, "RMSE_STHLM": 1627.8236997756537, "RMSE_S\u00f6dermanland": 209.30427064396167, "CV_RMSE_STHLM": 579.7551760182383, "CV_RMSE_S\u00f6dermanland": 768.8728309370022, "_timestamp": 1748346740.2783196, "_runtime": 1.3028717041015625, "_step": 0, "_wandb": {"runtime": 1}}