{"CV_RMSE": 303.5378490952831, "RMSE": 444.1299365198106, "RMSE_STHLM": 400.31155866412456, "RMSE_S\u00f6dermanland": 43.81837785568602, "CV_RMSE_STHLM": 142.57237942133443, "CV_RMSE_S\u00f6dermanland": 160.96546967394866, "_timestamp": 1748495619.0969024, "_runtime": 1.3204612731933594, "_step": 0, "_wandb": {"runtime": 1}}