{"CV_RMSE": 1405.4805287635822, "RMSE": 1596.3986249128106, "RMSE_STHLM": 1344.1110697603176, "RMSE_S\u00f6dermanland": 252.2875551524931, "CV_RMSE_STHLM": 478.7099179993217, "CV_RMSE_S\u00f6dermanland": 926.7706107642605, "_timestamp": 1748297973.4830627, "_runtime": 1.2480087280273438, "_step": 0, "_wandb": {"runtime": 1}}