{"CV_RMSE": 1357.080437880476, "RMSE": 107.7347710156337, "RMSE_Kalmar": 82.7751946092948, "RMSE_Blekinge": 24.959576406338893, "CV_RMSE_'Kalmar": 801.0502704125303, "CV_RMSE_Blekinge": 556.0301674679456, "_timestamp": 1748484072.7581685, "_runtime": 1.28499436378479, "_step": 0, "_wandb": {"runtime": 1}}