{"CV_RMSE": 260.1876005201495, "RMSE": 415.83241740474244, "RMSE_STHLM": 382.04383124334083, "RMSE_S\u00f6dermanland": 33.78858616140161, "CV_RMSE_STHLM": 136.066263600715, "CV_RMSE_S\u00f6dermanland": 124.12133691943448, "_timestamp": 1748536523.6201134, "_runtime": 2.2926554679870605, "_step": 0, "_wandb": {"runtime": 1}}