{"CV_RMSE": 306.8767007319044, "RMSE": 22.248167705050005, "RMSE_Kalmar": 14.980449871625984, "RMSE_Blekinge": 7.267717833424022, "CV_RMSE_'Kalmar": 144.97209553186434, "CV_RMSE_Blekinge": 161.9046052000401, "_timestamp": 1748486685.451281, "_runtime": 1.3120601177215576, "_step": 0, "_wandb": {"runtime": 1}}