{"CV_RMSE": 1488.501316919992, "RMSE": 1921.2256072824957, "RMSE_STHLM": 1678.7856197378806, "RMSE_S\u00f6dermanland": 242.43998754461506, "CV_RMSE_STHLM": 597.9054443071201, "CV_RMSE_S\u00f6dermanland": 890.5958726128717, "_timestamp": 1748350778.638445, "_runtime": 1.289247989654541, "_step": 0, "_wandb": {"runtime": 1}}