{"CV_RMSE": 306.33273451846696, "RMSE": 22.2219495025669, "RMSE_Kalmar": 14.977267072920691, "RMSE_Blekinge": 7.244682429646211, "CV_RMSE_'Kalmar": 144.94129425407118, "CV_RMSE_Blekinge": 161.3914402643958, "_timestamp": 1748476441.2192729, "_runtime": 1.3622767925262451, "_step": 0, "_wandb": {"runtime": 1}}