{"CV_RMSE": 275.46165070942504, "RMSE": 436.823478490504, "RMSE_STHLM": 400.68419381243916, "RMSE_S\u00f6dermanland": 36.139284678064826, "CV_RMSE_STHLM": 142.70509474918688, "CV_RMSE_S\u00f6dermanland": 132.75655596023813, "_timestamp": 1748489442.3849354, "_runtime": 1.2602183818817139, "_step": 0, "_wandb": {"runtime": 1}}