{"CV_RMSE": 1207.7836395274812, "RMSE": 1088.2643793119346, "RMSE_STHLM": 841.0179715079736, "RMSE_S\u00f6dermanland": 247.24640780396092, "CV_RMSE_STHLM": 299.53152922721654, "CV_RMSE_S\u00f6dermanland": 908.2521103002647, "_timestamp": 1748401499.7673671, "_runtime": 1.3285961151123047, "_step": 0, "_wandb": {"runtime": 1}}