{"CV_RMSE": 1667.7089934584235, "RMSE": 1930.9143122672858, "RMSE_STHLM": 1635.4926316605688, "RMSE_S\u00f6dermanland": 295.42168060671696, "CV_RMSE_STHLM": 582.4864932704836, "CV_RMSE_S\u00f6dermanland": 1085.2225001879399, "_timestamp": 1748299898.7627666, "_runtime": 1.2847015857696533, "_step": 0, "_wandb": {"runtime": 1}}