{"CV_RMSE": 270.5897134039127, "RMSE": 426.7571535798901, "RMSE_STHLM": 391.00576685786376, "RMSE_S\u00f6dermanland": 35.75138672202632, "CV_RMSE_STHLM": 139.2580887107548, "CV_RMSE_S\u00f6dermanland": 131.33162469315792, "_timestamp": 1748536742.2034698, "_runtime": 1.2727177143096924, "_step": 0, "_wandb": {"runtime": 1}}