{"CV_RMSE": 4070.3670301405377, "RMSE": 1464.157895206965, "RMSE_skane": 1240.2143467741548, "RMSE_kronoberg": 223.94354843281, "CV_RMSE_'skane": 1966.51323484274, "CV_RMSE_kronoberg": 2103.8537952977977, "_timestamp": 1748527910.3196938, "_runtime": 1.352015733718872, "_step": 0, "_wandb": {"runtime": 1}}