{"CV_RMSE": 269.87219912390367, "RMSE": 429.09994555414727, "RMSE_STHLM": 393.8163792059604, "RMSE_S\u00f6dermanland": 35.283566348186845, "CV_RMSE_STHLM": 140.2590982530132, "CV_RMSE_S\u00f6dermanland": 129.61310087089046, "_timestamp": 1748524327.4540668, "_runtime": 1.3301198482513428, "_step": 0, "_wandb": {"runtime": 1}}