{"CV_RMSE": 1344.3970234545334, "RMSE": 1727.9365731391529, "RMSE_STHLM": 1508.1847234951417, "RMSE_S\u00f6dermanland": 219.7518496440112, "CV_RMSE_STHLM": 537.1453308846962, "CV_RMSE_S\u00f6dermanland": 807.2516925698371, "_timestamp": 1748404008.5582414, "_runtime": 1.336975336074829, "_step": 0, "_wandb": {"runtime": 1}}