{"CV_RMSE": 3280.13146160411, "RMSE": 1239.3493067629488, "RMSE_skane": 1070.954050916308, "RMSE_kronoberg": 168.39525584664074, "CV_RMSE_'skane": 1698.1301018757526, "CV_RMSE_kronoberg": 1582.0013597283576, "_timestamp": 1748548890.4439788, "_runtime": 1.2987487316131592, "_step": 0, "_wandb": {"runtime": 1}}