{"CV_RMSE": 275.0183124253223, "RMSE": 436.28864608514436, "RMSE_STHLM": 400.22558442605924, "RMSE_S\u00f6dermanland": 36.063061659085136, "CV_RMSE_STHLM": 142.5417593919483, "CV_RMSE_S\u00f6dermanland": 132.476553033374, "_timestamp": 1748445518.673478, "_runtime": 1.2553868293762207, "_step": 0, "_wandb": {"runtime": 1}}