{"CV_RMSE": 3962.845338797037, "RMSE": 1632.23732660811, "RMSE_skane": 1456.191702591569, "RMSE_kronoberg": 176.04562401654084, "CV_RMSE_'skane": 2308.9720442783864, "CV_RMSE_kronoberg": 1653.8732945186507, "_timestamp": 1748569747.8863325, "_runtime": 1.3122615814208984, "_step": 0, "_wandb": {"runtime": 1}}