{"CV_RMSE": 274.76951683940047, "RMSE": 435.4805854629194, "RMSE_STHLM": 399.40576789380276, "RMSE_S\u00f6dermanland": 36.07481756911662, "CV_RMSE_STHLM": 142.2497788304007, "CV_RMSE_S\u00f6dermanland": 132.5197380089998, "_timestamp": 1748542511.0870488, "_runtime": 1.2723338603973389, "_step": 0, "_wandb": {"runtime": 1}}