{"CV_RMSE": 267.9879942529312, "RMSE": 429.0554882552274, "RMSE_STHLM": 394.33513968105956, "RMSE_S\u00f6dermanland": 34.72034857416781, "CV_RMSE_STHLM": 140.44385663353924, "CV_RMSE_S\u00f6dermanland": 127.54413761939195, "_timestamp": 1748471953.7715738, "_runtime": 1.3187618255615234, "_step": 0, "_wandb": {"runtime": 1}}