{"CV_RMSE": 261.98266026245636, "RMSE": 410.6478243842403, "RMSE_STHLM": 375.76149200929353, "RMSE_S\u00f6dermanland": 34.886332374946775, "CV_RMSE_STHLM": 133.82878623203965, "CV_RMSE_S\u00f6dermanland": 128.15387403041672, "_timestamp": 1748463472.7356088, "_runtime": 1.2769958972930908, "_step": 0, "_wandb": {"runtime": 1}}