{"CV_RMSE": 3621.5623647253506, "RMSE": 262.7857487237922, "RMSE_Kalmar": 177.19123471557498, "RMSE_Blekinge": 85.59451400821723, "CV_RMSE_'Kalmar": 1714.753884344274, "CV_RMSE_Blekinge": 1906.8084803810768, "_timestamp": 1748501435.7263136, "_runtime": 1.3637375831604004, "_step": 0, "_wandb": {"runtime": 1}}