{"CV_RMSE": 273.16829804857144, "RMSE": 432.2498161253788, "RMSE_STHLM": 396.31082187535674, "RMSE_S\u00f6dermanland": 35.938994250022056, "CV_RMSE_STHLM": 141.1475028444088, "CV_RMSE_S\u00f6dermanland": 132.02079520416265, "_timestamp": 1748402439.4681282, "_runtime": 1.320716142654419, "_step": 0, "_wandb": {"runtime": 1}}