{"CV_RMSE": 1341.8082823140692, "RMSE": 1448.4278498006884, "_timestamp": 1748283218.188386, "_runtime": 1.26436185836792, "_step": 0, "_wandb": {"runtime": 1}}