{"CV_RMSE": 4635.090430118012, "RMSE": 1835.8074777184797, "RMSE_skane": 1615.0107010559482, "RMSE_kronoberg": 220.79677666253144, "CV_RMSE_'skane": 2560.799208862497, "CV_RMSE_kronoberg": 2074.2912212555148, "_timestamp": 1748527924.248452, "_runtime": 1.3761470317840576, "_step": 0, "_wandb": {"runtime": 1}}