{"CV_RMSE": 1459.94569174996, "RMSE": 712.706967766324, "RMSE_skane": 670.4656014401061, "RMSE_kronoberg": 42.241366326218035, "CV_RMSE_'skane": 1063.1061333616904, "CV_RMSE_kronoberg": 396.8395583882696, "_timestamp": 1748568074.6182168, "_runtime": 1.2933557033538818, "_step": 0, "_wandb": {"runtime": 1}}