{"CV_RMSE": 274.3362847947516, "RMSE": 434.89351390162324, "RMSE_STHLM": 398.88626434207765, "RMSE_S\u00f6dermanland": 36.00724955954558, "CV_RMSE_STHLM": 142.06475580050252, "CV_RMSE_S\u00f6dermanland": 132.27152899424905, "_timestamp": 1748342204.1443834, "_runtime": 1.3504693508148193, "_step": 0, "_wandb": {"runtime": 1}}