{"CV_RMSE": 3470.8276173334675, "RMSE": 216.87611202104443, "RMSE_Kalmar": 107.98346118116002, "RMSE_Blekinge": 108.89265083988442, "CV_RMSE_'Kalmar": 1045.0012372370325, "CV_RMSE_Blekinge": 2425.826380096435, "_timestamp": 1748551130.0214589, "_runtime": 1.3959648609161377, "_step": 0, "_wandb": {"runtime": 1}}