{"CV_RMSE": 1160.3106901874166, "RMSE": 1762.6778662391307, "RMSE_STHLM": 1602.148465396958, "RMSE_S\u00f6dermanland": 160.5294008421726, "CV_RMSE_STHLM": 570.6108503590274, "CV_RMSE_S\u00f6dermanland": 589.6998398283891, "_timestamp": 1748299338.9651053, "_runtime": 1.3132762908935547, "_step": 0, "_wandb": {"runtime": 1}}