{"CV_RMSE": 1169.14588405865, "RMSE": 1720.4732033739222, "RMSE_STHLM": 1552.7492708269258, "RMSE_S\u00f6dermanland": 167.7239325469964, "CV_RMSE_STHLM": 553.017152253357, "CV_RMSE_S\u00f6dermanland": 616.1287318052929, "_timestamp": 1748323905.707193, "_runtime": 1.2901599407196045, "_step": 0, "_wandb": {"runtime": 1}}