{"CV_RMSE": 1652.0900656980514, "RMSE": 2522.393771520205, "RMSE_STHLM": 2295.1827897281883, "RMSE_S\u00f6dermanland": 227.2109817920167, "CV_RMSE_STHLM": 817.4374795232962, "CV_RMSE_S\u00f6dermanland": 834.6525861747551, "_timestamp": 1748316969.4184587, "_runtime": 1.2565157413482666, "_step": 0, "_wandb": {"runtime": 1}}