{"CV_RMSE": 3556.489052475158, "RMSE": 233.51488567261362, "RMSE_Kalmar": 130.60319524372818, "RMSE_Blekinge": 102.91169042888542, "CV_RMSE_'Kalmar": 1263.901889455434, "CV_RMSE_Blekinge": 2292.5871630197244, "_timestamp": 1748576338.041788, "_runtime": 1.4141130447387695, "_step": 0, "_wandb": {"runtime": 1}}