{"CV_RMSE": 3146.8823688032744, "RMSE": 209.41466495241355, "RMSE_Kalmar": 120.50150022072984, "RMSE_Blekinge": 88.91316473168372, "CV_RMSE_'Kalmar": 1166.1435505231918, "CV_RMSE_Blekinge": 1980.7388182800828, "_timestamp": 1748517734.5434473, "_runtime": 1.4415233135223389, "_step": 0, "_wandb": {"runtime": 1}}