{"CV_RMSE": 269.7358586948328, "RMSE": 429.6537472397813, "RMSE_STHLM": 394.4707377503083, "RMSE_S\u00f6dermanland": 35.18300948947301, "CV_RMSE_STHLM": 140.4921503661565, "CV_RMSE_S\u00f6dermanland": 129.24370832867635, "_timestamp": 1748287966.0262456, "_runtime": 1.3220765590667725, "_step": 0, "_wandb": {"runtime": 1}}