{"CV_RMSE": 274.1680855625327, "RMSE": 435.1474142916361, "RMSE_STHLM": 399.21812738846063, "RMSE_S\u00f6dermanland": 35.92928690317544, "CV_RMSE_STHLM": 142.18294999984747, "CV_RMSE_S\u00f6dermanland": 131.9851355626853, "_timestamp": 1748531350.013896, "_runtime": 1.3198580741882324, "_step": 0, "_wandb": {"runtime": 1}}