{"CV_RMSE": 3040.499479349793, "RMSE": 1425.4885997964248, "RMSE_skane": 1325.5761702014106, "RMSE_kronoberg": 99.91242959501425, "CV_RMSE_'skane": 2101.8649633214754, "CV_RMSE_kronoberg": 938.6345160283175, "_timestamp": 1748515236.3174279, "_runtime": 1.306372880935669, "_step": 0, "_wandb": {"runtime": 1}}