{"CV_RMSE": 1568.7800175247871, "RMSE": 2114.410985580205, "RMSE_STHLM": 1868.511862866492, "RMSE_S\u00f6dermanland": 245.89912271371284, "CV_RMSE_STHLM": 665.4771177601277, "CV_RMSE_S\u00f6dermanland": 903.3028997646595, "_timestamp": 1748287633.6852133, "_runtime": 1.2720813751220703, "_step": 0, "_wandb": {"runtime": 1}}