{"CV_RMSE": 3959.543842921692, "RMSE": 1560.9526753349055, "RMSE_skane": 1370.8553339500395, "RMSE_kronoberg": 190.09734138486604, "CV_RMSE_'skane": 2173.660677510633, "CV_RMSE_kronoberg": 1785.883165411059, "_timestamp": 1748568500.1099315, "_runtime": 1.2691164016723633, "_step": 0, "_wandb": {"runtime": 1}}