{"CV_RMSE": 306.85528942278324, "RMSE": 22.244659798435062, "RMSE_Kalmar": 14.975947015414732, "RMSE_Blekinge": 7.268712783020329, "CV_RMSE_'Kalmar": 144.9285195040135, "CV_RMSE_Blekinge": 161.9267699187697, "_timestamp": 1748484512.264557, "_runtime": 1.3576269149780273, "_step": 0, "_wandb": {"runtime": 1}}