{"CV_RMSE": 306.03095303578624, "RMSE": 22.168008627451385, "RMSE_Kalmar": 14.90584759973859, "RMSE_Blekinge": 7.2621610277127955, "CV_RMSE_'Kalmar": 144.25013806198635, "CV_RMSE_Blekinge": 161.7808149737999, "_timestamp": 1748479182.8500218, "_runtime": 1.2547228336334229, "_step": 0, "_wandb": {"runtime": 1}}