{"CV_RMSE": 1393.0073670191587, "RMSE": 2025.3860857277134, "RMSE_STHLM": 1822.9154828797703, "RMSE_S\u00f6dermanland": 202.4706028479431, "CV_RMSE_STHLM": 649.2378055369186, "CV_RMSE_S\u00f6dermanland": 743.76956148224, "_timestamp": 1748318584.8898363, "_runtime": 1.294297218322754, "_step": 0, "_wandb": {"runtime": 1}}