{"CV_RMSE": 1484.3081287902205, "RMSE": 2274.538768899673, "RMSE_STHLM": 2071.2952064234923, "RMSE_S\u00f6dermanland": 203.2435624761805, "CV_RMSE_STHLM": 737.6991237756799, "CV_RMSE_S\u00f6dermanland": 746.6090050145406, "_timestamp": 1748374631.6094348, "_runtime": 1.3132438659667969, "_step": 0, "_wandb": {"runtime": 1}}