{"CV_RMSE": 4934.213443359641, "RMSE": 1857.360163420604, "RMSE_skane": 1602.6345460613775, "RMSE_kronoberg": 254.72561735922667, "CV_RMSE_'skane": 2541.1752844525013, "CV_RMSE_kronoberg": 2393.03815890714, "_timestamp": 1748504637.6162238, "_runtime": 1.2713696956634521, "_step": 0, "_wandb": {"runtime": 1}}