{"CV_RMSE": 3567.8870949984776, "RMSE": 1561.385964219209, "RMSE_skane": 1421.531467790344, "RMSE_kronoberg": 139.85449642886493, "CV_RMSE_'skane": 2254.0139552701016, "CV_RMSE_kronoberg": 1313.8731397283761, "_timestamp": 1748544249.5302706, "_runtime": 1.3933584690093994, "_step": 0, "_wandb": {"runtime": 1}}