{"CV_RMSE": 274.6834660543367, "RMSE": 435.1989804865191, "RMSE_STHLM": 399.1198691373355, "RMSE_S\u00f6dermanland": 36.07911134918356, "CV_RMSE_STHLM": 142.1479549757032, "CV_RMSE_S\u00f6dermanland": 132.5355110786335, "_timestamp": 1748434133.1656241, "_runtime": 1.2813172340393066, "_step": 0, "_wandb": {"runtime": 1}}