{"CV_RMSE": 673.6626223873302, "RMSE": 830.0283222884118, "RMSE_STHLM": 716.0671822578649, "RMSE_S\u00f6dermanland": 113.96114003054684, "CV_RMSE_STHLM": 255.0298630914438, "CV_RMSE_S\u00f6dermanland": 418.6327592958864, "_timestamp": 1748384597.0404866, "_runtime": 1.3911895751953125, "_step": 0, "_wandb": {"runtime": 1}}