{"CV_RMSE": 250.43090125685535, "RMSE": 350.4615358897185, "RMSE_STHLM": 312.59574624712667, "RMSE_S\u00f6dermanland": 37.865789642591814, "CV_RMSE_STHLM": 111.33208216162011, "CV_RMSE_S\u00f6dermanland": 139.09881909523523, "_timestamp": 1748456616.9858475, "_runtime": 1.2785475254058838, "_step": 0, "_wandb": {"runtime": 1}}