{"CV_RMSE": 213.8814075164855, "RMSE": 325.25435012869497, "RMSE_STHLM": 295.70005885827345, "RMSE_S\u00f6dermanland": 29.554291270421498, "CV_RMSE_STHLM": 105.31462325779427, "CV_RMSE_S\u00f6dermanland": 108.56678425869123, "_timestamp": 1748402368.0301712, "_runtime": 1.334585189819336, "_step": 0, "_wandb": {"runtime": 1}}