{"CV_RMSE": 2170.6559659113104, "RMSE": 329.04994265932686, "RMSE_skane": 117.89390573505686, "RMSE_kronoberg": 211.15603692427, "CV_RMSE_'skane": 186.93536850167578, "CV_RMSE_kronoberg": 1983.7205974096348, "_timestamp": 1748570259.7730038, "_runtime": 1.3022677898406982, "_step": 0, "_wandb": {"runtime": 1}}