{"CV_RMSE": 1474.8998489120618, "RMSE": 2280.450211627901, "RMSE_STHLM": 2080.6774254290312, "RMSE_S\u00f6dermanland": 199.77278619886982, "CV_RMSE_STHLM": 741.0406343039683, "CV_RMSE_S\u00f6dermanland": 733.8592146080933, "_timestamp": 1748394382.4746602, "_runtime": 1.307098150253296, "_step": 0, "_wandb": {"runtime": 1}}