{"CV_RMSE": 1187.9468378925524, "RMSE": 1406.0743486730594, "RMSE_STHLM": 1198.92841788163, "RMSE_S\u00f6dermanland": 207.14593079142952, "CV_RMSE_STHLM": 427.002602332199, "CV_RMSE_S\u00f6dermanland": 760.9442355603534, "_timestamp": 1748292045.5034208, "_runtime": 1.346526861190796, "_step": 0, "_wandb": {"runtime": 1}}