{"CV_RMSE": 3060.5365732531213, "RMSE": 1608.692908994498, "RMSE_skane": 1543.414592060223, "RMSE_kronoberg": 65.27831693427522, "CV_RMSE_'skane": 2447.2747231398885, "CV_RMSE_kronoberg": 613.2618501132329, "_timestamp": 1748525553.047914, "_runtime": 1.3286099433898926, "_step": 0, "_wandb": {"runtime": 1}}