{"CV_RMSE": 3876.6752286544834, "RMSE": 285.13222303656755, "RMSE_Kalmar": 196.4538001491356, "RMSE_Blekinge": 88.67842288743198, "CV_RMSE_'Kalmar": 1901.1658078948606, "CV_RMSE_Blekinge": 1975.509420759623, "_timestamp": 1748520058.759038, "_runtime": 1.4278218746185303, "_step": 0, "_wandb": {"runtime": 1}}