{"CV_RMSE": 265.8913744839091, "RMSE": 419.3420346757164, "RMSE_STHLM": 384.21085361251164, "RMSE_S\u00f6dermanland": 35.13118106320475, "CV_RMSE_STHLM": 136.8380562925447, "CV_RMSE_S\u00f6dermanland": 129.05331819136438, "_timestamp": 1748373347.96122, "_runtime": 1.3473589420318604, "_step": 0, "_wandb": {"runtime": 1}}