{"CV_RMSE": 273.4204426159778, "RMSE": 437.1294516311139, "RMSE_STHLM": 401.6383360183325, "RMSE_S\u00f6dermanland": 35.49111561278142, "CV_RMSE_STHLM": 143.0449158751481, "CV_RMSE_S\u00f6dermanland": 130.3755267408297, "_timestamp": 1748532280.2594655, "_runtime": 1.3734714984893799, "_step": 0, "_wandb": {"runtime": 1}}