{"CV_RMSE": 4063.3688141697676, "RMSE": 1586.7302500153344, "RMSE_skane": 1388.5714596793202, "RMSE_kronoberg": 198.1587903360141, "CV_RMSE_'skane": 2201.751785960867, "CV_RMSE_kronoberg": 1861.6170282089008, "_timestamp": 1748532563.6937118, "_runtime": 1.5072388648986816, "_step": 0, "_wandb": {"runtime": 1}}