{"CV_RMSE": 707.4146940135446, "RMSE": 470.57615070106004, "RMSE_STHLM": 307.84900733042423, "RMSE_S\u00f6dermanland": 162.72714337063582, "CV_RMSE_STHLM": 109.6415142846782, "CV_RMSE_S\u00f6dermanland": 597.7731797288664, "_timestamp": 1748290624.0775795, "_runtime": 1.3369336128234863, "_step": 0, "_wandb": {"runtime": 1}}