{"CV_RMSE": 305.5853856273076, "RMSE": 22.13962876320973, "RMSE_Kalmar": 14.891033303796666, "RMSE_Blekinge": 7.248595459413062, "CV_RMSE_'Kalmar": 144.10677390770968, "CV_RMSE_Blekinge": 161.47861171959792, "_timestamp": 1748488354.3075237, "_runtime": 1.3573546409606934, "_step": 0, "_wandb": {"runtime": 1}}