{"CV_RMSE": 2279.2932023570174, "RMSE": 121.55912679668589, "RMSE_Kalmar": 34.02489423292824, "RMSE_Blekinge": 87.53423256375766, "CV_RMSE_'Kalmar": 329.27316999607973, "CV_RMSE_Blekinge": 1950.0200323609376, "_timestamp": 1748458768.360121, "_runtime": 1.3131370544433594, "_step": 0, "_wandb": {"runtime": 1}}