{"CV_RMSE": 270.7981751467586, "RMSE": 435.44557216861824, "RMSE_STHLM": 400.5641506364315, "RMSE_S\u00f6dermanland": 34.881421532186735, "CV_RMSE_STHLM": 142.66234094688895, "CV_RMSE_S\u00f6dermanland": 128.13583419986966, "_timestamp": 1748561781.741632, "_runtime": 1.370910882949829, "_step": 0, "_wandb": {"runtime": 1}}