{"CV_RMSE": 269.0688521669372, "RMSE": 435.4831285877241, "RMSE_STHLM": 401.12704106423587, "RMSE_S\u00f6dermanland": 34.35608752348823, "CV_RMSE_STHLM": 142.86281636636815, "CV_RMSE_S\u00f6dermanland": 126.206035800569, "_timestamp": 1748499639.4301505, "_runtime": 1.3057405948638916, "_step": 0, "_wandb": {"runtime": 1}}