{"CV_RMSE": 806.8661287973619, "RMSE": 1963.7353687598195, "RMSE_STHLM": 1931.337241133547, "RMSE_S\u00f6dermanland": 32.39812762627252, "CV_RMSE_STHLM": 687.852598741667, "CV_RMSE_S\u00f6dermanland": 119.01353005569496, "_timestamp": 1748308107.3710775, "_runtime": 1.3715486526489258, "_step": 0, "_wandb": {"runtime": 1}}