{"CV_RMSE": 5214.314779145014, "RMSE": 2024.7324328199934, "RMSE_skane": 1768.1228354900707, "RMSE_kronoberg": 256.6095973299228, "CV_RMSE_'skane": 2803.577434709414, "CV_RMSE_kronoberg": 2410.7373444356003, "_timestamp": 1748574691.3735821, "_runtime": 1.2866291999816895, "_step": 0, "_wandb": {"runtime": 1}}