{"CV_RMSE": 1792.5362992394228, "RMSE": 2210.4525118390575, "RMSE_STHLM": 1907.4135927412374, "RMSE_S\u00f6dermanland": 303.03891909782016, "CV_RMSE_STHLM": 679.3321066351855, "CV_RMSE_S\u00f6dermanland": 1113.2041926042373, "_timestamp": 1748347579.963317, "_runtime": 1.3016350269317627, "_step": 0, "_wandb": {"runtime": 1}}