{"CV_RMSE": 275.0993143380512, "RMSE": 436.76013392214537, "RMSE_STHLM": 400.7232742149833, "RMSE_S\u00f6dermanland": 36.03685970716209, "CV_RMSE_STHLM": 142.71901337296597, "CV_RMSE_S\u00f6dermanland": 132.38030096508524, "_timestamp": 1748539333.2468257, "_runtime": 1.328033685684204, "_step": 0, "_wandb": {"runtime": 1}}