{"CV_RMSE": 275.3608513314292, "RMSE": 403.18444297180423, "RMSE_STHLM": 363.46399122539515, "RMSE_S\u00f6dermanland": 39.72045174640907, "CV_RMSE_STHLM": 129.4489877731918, "CV_RMSE_S\u00f6dermanland": 145.9118635582374, "_timestamp": 1748440352.7629728, "_runtime": 1.3493099212646484, "_step": 0, "_wandb": {"runtime": 1}}