{"CV_RMSE": 241.05447290137985, "RMSE": 399.85092127535455, "RMSE_STHLM": 370.11418359441086, "RMSE_S\u00f6dermanland": 29.736737680943666, "CV_RMSE_STHLM": 131.81747733872965, "CV_RMSE_S\u00f6dermanland": 109.23699556265021, "_timestamp": 1748298967.524617, "_runtime": 1.277343988418579, "_step": 0, "_wandb": {"runtime": 1}}