{"CV_RMSE": 270.42628141152124, "RMSE": 434.54803657840716, "RMSE_STHLM": 399.6823606846711, "RMSE_S\u00f6dermanland": 34.86567589373609, "CV_RMSE_STHLM": 142.34828833249068, "CV_RMSE_S\u00f6dermanland": 128.07799307903053, "_timestamp": 1748469654.8796809, "_runtime": 1.3542978763580322, "_step": 0, "_wandb": {"runtime": 1}}