{"CV_RMSE": 439.1696400799664, "RMSE": 448.3370224688265, "RMSE_STHLM": 364.08432100630233, "RMSE_S\u00f6dermanland": 84.25270146252419, "CV_RMSE_STHLM": 129.66992042171432, "CV_RMSE_S\u00f6dermanland": 309.4997196582521, "_timestamp": 1748503174.0967436, "_runtime": 1.3157176971435547, "_step": 0, "_wandb": {"runtime": 1}}