{"CV_RMSE": 306.97939221717184, "RMSE": 22.256612466407397, "RMSE_Kalmar": 14.987230481621063, "RMSE_Blekinge": 7.2693819847863335, "CV_RMSE_'Kalmar": 145.03771433826836, "CV_RMSE_Blekinge": 161.94167787890348, "_timestamp": 1748515494.3388264, "_runtime": 1.3158354759216309, "_step": 0, "_wandb": {"runtime": 1}}