{"CV_RMSE": 1908.5842886964701, "RMSE": 841.7956150401318, "RMSE_skane": 768.3141161937699, "RMSE_kronoberg": 73.48149884636193, "CV_RMSE_'skane": 1218.2570552755335, "CV_RMSE_kronoberg": 690.3272334209368, "_timestamp": 1748531871.8262491, "_runtime": 1.563643217086792, "_step": 0, "_wandb": {"runtime": 1}}