{"CV_RMSE": 915.3734844844282, "RMSE": 1180.439719584956, "RMSE_STHLM": 1031.2360499588513, "RMSE_S\u00f6dermanland": 149.20366962610476, "CV_RMSE_STHLM": 367.2783715722066, "CV_RMSE_S\u00f6dermanland": 548.0951129122216, "_timestamp": 1748394130.4003546, "_runtime": 1.2930445671081543, "_step": 0, "_wandb": {"runtime": 1}}