{"CV_RMSE": 3592.359665463274, "RMSE": 1479.754332890932, "RMSE_skane": 1320.1904452357387, "RMSE_kronoberg": 159.56388765519307, "CV_RMSE_'skane": 2093.325230289226, "CV_RMSE_kronoberg": 1499.0344351740478, "_timestamp": 1748517604.583258, "_runtime": 1.3860068321228027, "_step": 0, "_wandb": {"runtime": 1}}