{"CV_RMSE": 270.245903787899, "RMSE": 426.45095059259086, "RMSE_STHLM": 390.7703302215816, "RMSE_S\u00f6dermanland": 35.68062037100925, "CV_RMSE_STHLM": 139.17423711888543, "CV_RMSE_S\u00f6dermanland": 131.07166666901358, "_timestamp": 1748566962.6906044, "_runtime": 1.2961513996124268, "_step": 0, "_wandb": {"runtime": 1}}