{"CV_RMSE": 4797.799562620747, "RMSE": 1930.0834203800466, "RMSE_skane": 1707.5933343363768, "RMSE_kronoberg": 222.4900860436699, "CV_RMSE_'skane": 2707.6004244234305, "CV_RMSE_kronoberg": 2090.1991381973166, "_timestamp": 1748550288.0979095, "_runtime": 1.3304443359375, "_step": 0, "_wandb": {"runtime": 1}}