{"CV_RMSE": 704.9454842440232, "RMSE": 418.0335553020773, "RMSE_STHLM": 250.4096754045068, "RMSE_S\u00f6dermanland": 167.6238798975705, "CV_RMSE_STHLM": 89.18429278356001, "CV_RMSE_S\u00f6dermanland": 615.7611914604631, "_timestamp": 1748369836.4038987, "_runtime": 1.387528657913208, "_step": 0, "_wandb": {"runtime": 1}}