{"CV_RMSE": 4599.9035419859265, "RMSE": 1931.8203025546698, "RMSE_skane": 1735.0251056608672, "RMSE_kronoberg": 196.79519689380263, "CV_RMSE_'skane": 2751.0968905827704, "CV_RMSE_kronoberg": 1848.8066514031564, "_timestamp": 1748509753.4070776, "_runtime": 1.2919185161590576, "_step": 0, "_wandb": {"runtime": 1}}