{"CV_RMSE": 1139.4351345255282, "RMSE": 1521.7223734376378, "RMSE_STHLM": 1341.6164235064014, "RMSE_S\u00f6dermanland": 180.10594993123635, "CV_RMSE_STHLM": 477.8214409005783, "CV_RMSE_S\u00f6dermanland": 661.6136936249499, "_timestamp": 1748355921.9947171, "_runtime": 1.3393030166625977, "_step": 0, "_wandb": {"runtime": 1}}