{"CV_RMSE": 246.43118172998254, "RMSE": 381.58864110286225, "RMSE_STHLM": 348.2704281738638, "RMSE_S\u00f6dermanland": 33.318212928998435, "CV_RMSE_STHLM": 124.0377464806005, "CV_RMSE_S\u00f6dermanland": 122.39343524938202, "_timestamp": 1748527268.4130301, "_runtime": 1.4214451313018799, "_step": 0, "_wandb": {"runtime": 1}}