{"CV_RMSE": 1250.8439062641348, "RMSE": 1843.195483081182, "RMSE_STHLM": 1664.0195063515496, "RMSE_S\u00f6dermanland": 179.17597672963245, "CV_RMSE_STHLM": 592.6464407267094, "CV_RMSE_S\u00f6dermanland": 658.1974655374254, "_timestamp": 1748330383.7364697, "_runtime": 1.3027877807617188, "_step": 0, "_wandb": {"runtime": 1}}