{"CV_RMSE": 1201.5165404775216, "RMSE": 2099.913332325053, "RMSE_STHLM": 1963.1687499995749, "RMSE_S\u00f6dermanland": 136.74458232547798, "CV_RMSE_STHLM": 699.1895033635209, "CV_RMSE_S\u00f6dermanland": 502.3270371140008, "_timestamp": 1748381698.0461044, "_runtime": 1.2895903587341309, "_step": 0, "_wandb": {"runtime": 1}}