{"CV_RMSE": 258.3328284950304, "RMSE": 422.48337439229954, "RMSE_STHLM": 389.9679663388383, "RMSE_S\u00f6dermanland": 32.51540805346124, "CV_RMSE_STHLM": 138.88847238027483, "CV_RMSE_S\u00f6dermanland": 119.44435611475559, "_timestamp": 1748464248.7055497, "_runtime": 1.3312177658081055, "_step": 0, "_wandb": {"runtime": 1}}