{"CV_RMSE": 4381.361189643477, "RMSE": 306.46059726926603, "RMSE_Kalmar": 194.10861279486895, "RMSE_Blekinge": 112.35198447439711, "CV_RMSE_'Kalmar": 1878.4704464019574, "CV_RMSE_Blekinge": 2502.8907432415194, "_timestamp": 1748569506.8328278, "_runtime": 1.2913298606872559, "_step": 0, "_wandb": {"runtime": 1}}