{"CV_RMSE": 5079.68766595485, "RMSE": 1944.4669526499956, "RMSE_skane": 1688.7993857867025, "RMSE_kronoberg": 255.6675668632932, "CV_RMSE_'skane": 2677.8002945877947, "CV_RMSE_kronoberg": 2401.887371367055, "_timestamp": 1748530239.826911, "_runtime": 1.2514798641204834, "_step": 0, "_wandb": {"runtime": 1}}