{"CV_RMSE": 222.93155269885426, "RMSE": 317.47973230730287, "RMSE_STHLM": 284.3625898029739, "RMSE_S\u00f6dermanland": 33.11714250432899, "CV_RMSE_STHLM": 101.2767434992784, "CV_RMSE_S\u00f6dermanland": 121.65480919957588, "_timestamp": 1748457729.239655, "_runtime": 1.3065390586853027, "_step": 0, "_wandb": {"runtime": 1}}