{"CV_RMSE": 1228.5904833884856, "RMSE": 75.67248448177725, "RMSE_Kalmar": 36.28489199276587, "RMSE_Blekinge": 39.38759248901137, "CV_RMSE_'Kalmar": 351.14411605902455, "CV_RMSE_Blekinge": 877.4463673294612, "_timestamp": 1748533120.3182466, "_runtime": 1.3213536739349365, "_step": 0, "_wandb": {"runtime": 1}}