{"CV_RMSE": 275.28640159331155, "RMSE": 436.70066936201926, "RMSE_STHLM": 400.6010282440341, "RMSE_S\u00f6dermanland": 36.099641117985115, "CV_RMSE_STHLM": 142.67547503744785, "CV_RMSE_S\u00f6dermanland": 132.6109265558637, "_timestamp": 1748510246.601935, "_runtime": 1.2979400157928467, "_step": 0, "_wandb": {"runtime": 1}}