{"CV_RMSE": 3034.660235543097, "RMSE": 224.13664984910628, "RMSE_Kalmar": 155.43751912521483, "RMSE_Blekinge": 68.69913072389144, "CV_RMSE_'Kalmar": 1504.234056050466, "CV_RMSE_Blekinge": 1530.426179492631, "_timestamp": 1748507887.5939171, "_runtime": 1.3052871227264404, "_step": 0, "_wandb": {"runtime": 1}}