{"CV_RMSE": 304.5594552881168, "RMSE": 22.15549629342012, "RMSE_Kalmar": 15.000512343699869, "RMSE_Blekinge": 7.154983949720253, "CV_RMSE_'Kalmar": 145.1662484874181, "CV_RMSE_Blekinge": 159.3932068006987, "_timestamp": 1748578230.8808994, "_runtime": 1.5258073806762695, "_step": 0, "_wandb": {"runtime": 1}}