{"CV_RMSE": 279.06125621509204, "RMSE": 100.55810393765958, "RMSE_skane": 85.24055537342018, "RMSE_kronoberg": 15.3175485642394, "CV_RMSE_'skane": 135.1594429811102, "CV_RMSE_kronoberg": 143.90181323398184, "_timestamp": 1748538644.6593707, "_runtime": 1.337174654006958, "_step": 0, "_wandb": {"runtime": 1}}