{"CV_RMSE": 237.80711686356693, "RMSE": 376.86090235161936, "RMSE_STHLM": 345.6348218235956, "RMSE_S\u00f6dermanland": 31.226080528023747, "CV_RMSE_STHLM": 123.099065944296, "CV_RMSE_S\u00f6dermanland": 114.70805091927092, "_timestamp": 1748438572.4087226, "_runtime": 1.2920737266540527, "_step": 0, "_wandb": {"runtime": 1}}