{"CV_RMSE": 598.4449652214375, "RMSE": 1068.11781664335, "RMSE_STHLM": 1002.3926846571721, "RMSE_S\u00f6dermanland": 65.72513198617769, "CV_RMSE_STHLM": 357.0057048640502, "CV_RMSE_S\u00f6dermanland": 241.4392603573874, "_timestamp": 1748324032.2085462, "_runtime": 1.286898136138916, "_step": 0, "_wandb": {"runtime": 1}}