{"CV_RMSE": 274.82970054615635, "RMSE": 436.68717195002705, "RMSE_STHLM": 400.7237535847273, "RMSE_S\u00f6dermanland": 35.96341836529975, "CV_RMSE_STHLM": 142.71918410219808, "CV_RMSE_S\u00f6dermanland": 132.1105164439583, "_timestamp": 1748539343.5453393, "_runtime": 1.2919213771820068, "_step": 0, "_wandb": {"runtime": 1}}