{"CV_RMSE": 3936.9836501824757, "RMSE": 251.01641271219253, "RMSE_Kalmar": 131.34851655143467, "RMSE_Blekinge": 119.66789616075786, "CV_RMSE_'Kalmar": 1271.1146763042066, "CV_RMSE_Blekinge": 2665.868973878269, "_timestamp": 1748558497.5762844, "_runtime": 1.3408493995666504, "_step": 0, "_wandb": {"runtime": 1}}