{"CV_RMSE": 265.36264173506913, "RMSE": 420.4089217022853, "RMSE_STHLM": 385.55166943699487, "RMSE_S\u00f6dermanland": 34.857252265290406, "CV_RMSE_STHLM": 137.31559259726765, "CV_RMSE_S\u00f6dermanland": 128.04704913780148, "_timestamp": 1748431403.6888938, "_runtime": 1.3022148609161377, "_step": 0, "_wandb": {"runtime": 1}}