{"CV_RMSE": 469.958619814299, "RMSE": 34.30590509890405, "RMSE_Kalmar": 23.356056831685358, "RMSE_Blekinge": 10.949848267218693, "CV_RMSE_'Kalmar": 226.02635643566475, "CV_RMSE_Blekinge": 243.93226337863425, "_timestamp": 1748545481.278808, "_runtime": 1.354574203491211, "_step": 0, "_wandb": {"runtime": 1}}