{"CV_RMSE": 1353.0088107698784, "RMSE": 2306.6588567227104, "RMSE_STHLM": 2146.4437569211545, "RMSE_S\u00f6dermanland": 160.21509980155594, "CV_RMSE_STHLM": 764.4635461927342, "CV_RMSE_S\u00f6dermanland": 588.5452645771443, "_timestamp": 1748312465.9840302, "_runtime": 1.285414218902588, "_step": 0, "_wandb": {"runtime": 1}}