{"CV_RMSE": 306.6769732967981, "RMSE": 22.23201909122058, "RMSE_Kalmar": 14.967749764774657, "RMSE_Blekinge": 7.26426932644592, "CV_RMSE_'Kalmar": 144.8491912720128, "CV_RMSE_Blekinge": 161.82778202478534, "_timestamp": 1748492872.6032226, "_runtime": 1.2860937118530273, "_step": 0, "_wandb": {"runtime": 1}}