{"CV_RMSE": 3524.343344296047, "RMSE": 1525.9922864679813, "RMSE_skane": 1384.5271630690834, "RMSE_kronoberg": 141.4651233988979, "CV_RMSE_'skane": 2195.339053492204, "CV_RMSE_kronoberg": 1329.0042908038427, "_timestamp": 1748562430.9902823, "_runtime": 1.449369192123413, "_step": 0, "_wandb": {"runtime": 1}}