{"CV_RMSE": 1994.0674398859246, "RMSE": 711.871098693743, "RMSE_skane": 601.0613287647294, "RMSE_kronoberg": 110.80976992901351, "CV_RMSE_'skane": 953.0570752083447, "CV_RMSE_kronoberg": 1041.01036467758, "_timestamp": 1748521028.5313408, "_runtime": 1.4710419178009033, "_step": 0, "_wandb": {"runtime": 1}}