{"CV_RMSE": 301.1034553257833, "RMSE": 21.89175180205485, "RMSE_Kalmar": 14.808485920615926, "RMSE_Blekinge": 7.0832658814389236, "CV_RMSE_'Kalmar": 143.3079282640251, "CV_RMSE_Blekinge": 157.79552706175818, "_timestamp": 1748487378.0569308, "_runtime": 1.37479567527771, "_step": 0, "_wandb": {"runtime": 1}}