{"CV_RMSE": 3680.8644994618044, "RMSE": 275.0744684848718, "RMSE_Kalmar": 194.21184864397713, "RMSE_Blekinge": 80.86261984089467, "CV_RMSE_'Kalmar": 1879.4695030062303, "CV_RMSE_Blekinge": 1801.3949964555743, "_timestamp": 1748551003.8816693, "_runtime": 1.4160912036895752, "_step": 0, "_wandb": {"runtime": 1}}