{"CV_RMSE": 275.3375558071317, "RMSE": 436.87011606661093, "RMSE_STHLM": 400.7732467167012, "RMSE_S\u00f6dermanland": 36.09686934990974, "CV_RMSE_STHLM": 142.73681125644285, "CV_RMSE_S\u00f6dermanland": 132.60074455068883, "_timestamp": 1748393806.9240737, "_runtime": 1.3054916858673096, "_step": 0, "_wandb": {"runtime": 1}}