{"CV_RMSE": 4464.586863876993, "RMSE": 1663.7574985119988, "RMSE_skane": 1429.8599879015237, "RMSE_kronoberg": 233.89751061047522, "CV_RMSE_'skane": 2267.219853966475, "CV_RMSE_kronoberg": 2197.367009910519, "_timestamp": 1748502604.777405, "_runtime": 1.3309290409088135, "_step": 0, "_wandb": {"runtime": 1}}