{"CV_RMSE": 4785.004455868451, "RMSE": 1840.2407546045351, "RMSE_skane": 1601.1464414995087, "RMSE_kronoberg": 239.09431310502646, "CV_RMSE_'skane": 2538.8157106228996, "CV_RMSE_kronoberg": 2246.188745245551, "_timestamp": 1748508158.9516385, "_runtime": 1.2715225219726562, "_step": 0, "_wandb": {"runtime": 1}}