{"CV_RMSE": 272.1949328899206, "RMSE": 431.28901500829136, "RMSE_STHLM": 395.54028676463815, "RMSE_S\u00f6dermanland": 35.748728243653204, "CV_RMSE_STHLM": 140.87307403568434, "CV_RMSE_S\u00f6dermanland": 131.32185885423627, "_timestamp": 1748566673.9439938, "_runtime": 1.252699851989746, "_step": 0, "_wandb": {"runtime": 1}}