{"CV_RMSE": 271.5711134487324, "RMSE": 437.35053757534695, "RMSE_STHLM": 402.4406357507058, "RMSE_S\u00f6dermanland": 34.90990182464114, "CV_RMSE_STHLM": 143.33065776637721, "CV_RMSE_S\u00f6dermanland": 128.2404556823552, "_timestamp": 1748470404.2160892, "_runtime": 1.3063063621520996, "_step": 0, "_wandb": {"runtime": 1}}