{"CV_RMSE": 1301.838221939443, "RMSE": 1743.2087338208196, "RMSE_STHLM": 1537.9258216733137, "RMSE_S\u00f6dermanland": 205.2829121475059, "CV_RMSE_STHLM": 547.7377283363602, "CV_RMSE_S\u00f6dermanland": 754.1004936030829, "_timestamp": 1748330278.848897, "_runtime": 1.2859869003295898, "_step": 0, "_wandb": {"runtime": 1}}