{"CV_RMSE": 271.454243954083, "RMSE": 430.0669840217094, "RMSE_STHLM": 394.4103357264298, "RMSE_S\u00f6dermanland": 35.65664829527956, "CV_RMSE_STHLM": 140.47063797142337, "CV_RMSE_S\u00f6dermanland": 130.9836059826596, "_timestamp": 1748509788.218468, "_runtime": 1.3374278545379639, "_step": 0, "_wandb": {"runtime": 1}}