{"CV_RMSE": 1202.731600718176, "RMSE": 1865.8493104884992, "RMSE_STHLM": 1703.6088771376767, "RMSE_S\u00f6dermanland": 162.24043335082257, "CV_RMSE_STHLM": 606.7463353478073, "CV_RMSE_S\u00f6dermanland": 595.9852653703687, "_timestamp": 1748330420.5123568, "_runtime": 1.3024787902832031, "_step": 0, "_wandb": {"runtime": 1}}