{"CV_RMSE": 1342.8930940335479, "RMSE": 1666.719941511667, "RMSE_STHLM": 1440.8491114360718, "RMSE_S\u00f6dermanland": 225.8708300755952, "CV_RMSE_STHLM": 513.1635141640145, "CV_RMSE_S\u00f6dermanland": 829.7295798695334, "_timestamp": 1748317892.95265, "_runtime": 1.323781967163086, "_step": 0, "_wandb": {"runtime": 1}}