{"CV_RMSE": 274.99056977013316, "RMSE": 436.20829391328846, "RMSE_STHLM": 400.1449684700341, "RMSE_S\u00f6dermanland": 36.0633254432544, "CV_RMSE_STHLM": 142.51304773368844, "CV_RMSE_S\u00f6dermanland": 132.47752203644473, "_timestamp": 1748476748.4634545, "_runtime": 1.3408925533294678, "_step": 0, "_wandb": {"runtime": 1}}