{"CV_RMSE": 304.6397549332471, "RMSE": 22.048816326133558, "RMSE_Kalmar": 14.805522586864864, "RMSE_Blekinge": 7.243293739268695, "CV_RMSE_'Kalmar": 143.2792508406277, "CV_RMSE_Blekinge": 161.36050409261944, "_timestamp": 1748504373.8301694, "_runtime": 1.3050625324249268, "_step": 0, "_wandb": {"runtime": 1}}