{"CV_RMSE": 2804.0026291133117, "RMSE": 1355.9694655784954, "RMSE_skane": 1272.2263918685949, "RMSE_kronoberg": 83.7430737099004, "CV_RMSE_'skane": 2017.2722915463976, "CV_RMSE_kronoberg": 786.730337566914, "_timestamp": 1748530540.9463756, "_runtime": 1.296797513961792, "_step": 0, "_wandb": {"runtime": 1}}