{"CV_RMSE": 1766.9859190919187, "RMSE": 2457.090998670429, "RMSE_STHLM": 2188.2337963665223, "RMSE_S\u00f6dermanland": 268.8572023039068, "CV_RMSE_STHLM": 779.3472167510367, "CV_RMSE_S\u00f6dermanland": 987.6387023408821, "_timestamp": 1748380585.754991, "_runtime": 1.2697241306304932, "_step": 0, "_wandb": {"runtime": 1}}