{"CV_RMSE": 306.36876814562675, "RMSE": 22.210269436484484, "RMSE_Kalmar": 14.953756150338034, "RMSE_Blekinge": 7.25651328614645, "CV_RMSE_'Kalmar": 144.71376919681967, "CV_RMSE_Blekinge": 161.65499894880705, "_timestamp": 1748522458.0288646, "_runtime": 1.3832085132598877, "_step": 0, "_wandb": {"runtime": 1}}