{"CV_RMSE": 261.58576109953873, "RMSE": 416.8231364031877, "RMSE_STHLM": 382.71944232088265, "RMSE_S\u00f6dermanland": 34.10369408230501, "CV_RMSE_STHLM": 136.30688487882642, "CV_RMSE_S\u00f6dermanland": 125.27887622071229, "_timestamp": 1748558979.9938862, "_runtime": 1.3498003482818604, "_step": 0, "_wandb": {"runtime": 1}}