{"CV_RMSE": 306.3211990063121, "RMSE": 22.200616400013736, "RMSE_Kalmar": 14.940464380537257, "RMSE_Blekinge": 7.260152019476477, "CV_RMSE_'Kalmar": 144.58513916648957, "CV_RMSE_Blekinge": 161.7360598398225, "_timestamp": 1748484387.654213, "_runtime": 1.257472038269043, "_step": 0, "_wandb": {"runtime": 1}}