{"CV_RMSE": 273.3178729177636, "RMSE": 433.59811514233417, "RMSE_STHLM": 397.7587877966352, "RMSE_S\u00f6dermanland": 35.83932734569897, "CV_RMSE_STHLM": 141.66320103560415, "CV_RMSE_S\u00f6dermanland": 131.65467188215948, "_timestamp": 1748435405.996806, "_runtime": 1.2883858680725098, "_step": 0, "_wandb": {"runtime": 1}}