{"CV_RMSE": 1822.367243303191, "RMSE": 2545.326447386275, "RMSE_STHLM": 2269.24775706152, "RMSE_S\u00f6dermanland": 276.07869032475475, "CV_RMSE_STHLM": 808.2006257836836, "CV_RMSE_S\u00f6dermanland": 1014.1666175195073, "_timestamp": 1748376958.6220965, "_runtime": 1.2680985927581787, "_step": 0, "_wandb": {"runtime": 1}}