{"CV_RMSE": 5198.948098682635, "RMSE": 2003.7977716190326, "RMSE_skane": 1744.9051762141485, "RMSE_kronoberg": 258.89259540488405, "CV_RMSE_'skane": 2766.7629643987552, "CV_RMSE_kronoberg": 2432.1851342838795, "_timestamp": 1748505349.5225248, "_runtime": 1.2762718200683594, "_step": 0, "_wandb": {"runtime": 1}}