{"CV_RMSE": 4771.052707437704, "RMSE": 1877.5666206711094, "RMSE_skane": 1647.8380406004906, "RMSE_kronoberg": 229.7285800706187, "CV_RMSE_'skane": 2612.8510157513065, "CV_RMSE_kronoberg": 2158.201691686397, "_timestamp": 1748570433.6310947, "_runtime": 1.5028796195983887, "_step": 0, "_wandb": {"runtime": 1}}