{"CV_RMSE": 305.600062119206, "RMSE": 22.137450471436274, "RMSE_Kalmar": 14.886017132761625, "RMSE_Blekinge": 7.25143333867465, "CV_RMSE_'Kalmar": 144.05823031704796, "CV_RMSE_Blekinge": 161.54183180215804, "_timestamp": 1748465285.5648906, "_runtime": 1.2726545333862305, "_step": 0, "_wandb": {"runtime": 1}}