{"CV_RMSE": 4003.2238521573695, "RMSE": 261.1263116975149, "RMSE_Kalmar": 143.96619416468792, "RMSE_Blekinge": 117.16011753282696, "CV_RMSE_'Kalmar": 1393.2212338518184, "CV_RMSE_Blekinge": 2610.002618305551, "_timestamp": 1748506749.7266226, "_runtime": 1.405867576599121, "_step": 0, "_wandb": {"runtime": 1}}