{"CV_RMSE": 1412.5736550796541, "RMSE": 1909.8635833068465, "RMSE_STHLM": 1689.0920289464023, "RMSE_S\u00f6dermanland": 220.77155436044427, "CV_RMSE_STHLM": 601.5761084494507, "CV_RMSE_S\u00f6dermanland": 810.9975466302035, "_timestamp": 1748291941.2648315, "_runtime": 1.264411449432373, "_step": 0, "_wandb": {"runtime": 1}}