{"CV_RMSE": 2572.787881824881, "RMSE": 192.1392820214699, "RMSE_Kalmar": 135.52131972126298, "RMSE_Blekinge": 56.617962300206926, "CV_RMSE_'Kalmar": 1311.4966424638353, "CV_RMSE_Blekinge": 1261.2912393610454, "_timestamp": 1748543843.2898824, "_runtime": 1.3889515399932861, "_step": 0, "_wandb": {"runtime": 1}}