{"CV_RMSE": 2647.5205702525154, "RMSE": 491.41265949466845, "RMSE_skane": 252.15828893259862, "RMSE_kronoberg": 239.2543705620698, "CV_RMSE_'skane": 399.82815369862357, "CV_RMSE_kronoberg": 2247.6924165538917, "_timestamp": 1748526997.0338151, "_runtime": 1.2793331146240234, "_step": 0, "_wandb": {"runtime": 1}}