{"CV_RMSE": 249.61853884245704, "RMSE": 396.0318130843665, "RMSE_STHLM": 363.3034233237545, "RMSE_S\u00f6dermanland": 32.728389760612025, "CV_RMSE_STHLM": 129.39180094633124, "CV_RMSE_S\u00f6dermanland": 120.22673789612581, "_timestamp": 1748513880.4761252, "_runtime": 1.299335241317749, "_step": 0, "_wandb": {"runtime": 1}}