{"CV_RMSE": 859.6457733513928, "RMSE": 293.5968398772409, "RMSE_skane": 243.12760194873655, "RMSE_kronoberg": 50.4692379285043, "CV_RMSE_'skane": 385.5088825825632, "CV_RMSE_kronoberg": 474.1368907688296, "_timestamp": 1748510868.4731255, "_runtime": 1.3433654308319092, "_step": 0, "_wandb": {"runtime": 1}}