{"CV_RMSE": 339.8978822734166, "RMSE": 26.441724155796482, "RMSE_Kalmar": 19.7741442450884, "RMSE_Blekinge": 6.667579910708082, "CV_RMSE_'Kalmar": 191.36268624279097, "CV_RMSE_Blekinge": 148.5351960306256, "_timestamp": 1748486214.6299508, "_runtime": 1.3535518646240234, "_step": 0, "_wandb": {"runtime": 1}}