{"CV_RMSE": 1450.1765255021596, "RMSE": 2241.0997746089074, "RMSE_STHLM": 2044.5550578472921, "RMSE_S\u00f6dermanland": 196.54471676161523, "CV_RMSE_STHLM": 728.1755251533688, "CV_RMSE_S\u00f6dermanland": 722.0010003487907, "_timestamp": 1748312961.469595, "_runtime": 1.2722530364990234, "_step": 0, "_wandb": {"runtime": 1}}