{"CV_RMSE": 1831.2354676934601, "RMSE": 2626.666025461036, "RMSE_STHLM": 2356.646798678059, "RMSE_S\u00f6dermanland": 270.019226782977, "CV_RMSE_STHLM": 839.3281040008917, "CV_RMSE_S\u00f6dermanland": 991.9073636925685, "_timestamp": 1748324801.1033146, "_runtime": 1.2561075687408447, "_step": 0, "_wandb": {"runtime": 1}}