{"CV_RMSE": 253.99700878492837, "RMSE": 400.2180388245597, "RMSE_STHLM": 366.6192071305946, "RMSE_S\u00f6dermanland": 33.598831693965096, "CV_RMSE_STHLM": 130.5727290928117, "CV_RMSE_S\u00f6dermanland": 123.42427969211667, "_timestamp": 1748339162.695339, "_runtime": 1.2542340755462646, "_step": 0, "_wandb": {"runtime": 1}}