{"CV_RMSE": 306.0315948921167, "RMSE": 22.188732443278084, "RMSE_Kalmar": 14.942437625131285, "RMSE_Blekinge": 7.246294818146801, "CV_RMSE_'Kalmar": 144.60423508191565, "CV_RMSE_Blekinge": 161.427359810201, "_timestamp": 1748477806.8607025, "_runtime": 1.2910056114196777, "_step": 0, "_wandb": {"runtime": 1}}