{"CV_RMSE": 260.9240771540418, "RMSE": 418.69317161692885, "RMSE_STHLM": 384.9897118420278, "RMSE_S\u00f6dermanland": 33.703459774901056, "CV_RMSE_STHLM": 137.11544940950733, "CV_RMSE_S\u00f6dermanland": 123.8086277445345, "_timestamp": 1748472200.158143, "_runtime": 1.382737159729004, "_step": 0, "_wandb": {"runtime": 1}}