{"CV_RMSE": 320.4813930339009, "RMSE": 22.747076667963853, "RMSE_Kalmar": 14.782797363785429, "RMSE_Blekinge": 7.964279304178426, "CV_RMSE_'Kalmar": 143.05932932695575, "CV_RMSE_Blekinge": 177.42206370694512, "_timestamp": 1748486611.4240642, "_runtime": 1.2981600761413574, "_step": 0, "_wandb": {"runtime": 1}}