{"CV_RMSE": 275.41135192308934, "RMSE": 437.0780511638969, "RMSE_STHLM": 400.98126040324627, "RMSE_S\u00f6dermanland": 36.096790760650606, "CV_RMSE_STHLM": 142.81089606763817, "CV_RMSE_S\u00f6dermanland": 132.6004558554512, "_timestamp": 1748560735.7597845, "_runtime": 1.3676555156707764, "_step": 0, "_wandb": {"runtime": 1}}