{"CV_RMSE": 306.57315610319586, "RMSE": 22.231934016979448, "RMSE_Kalmar": 14.975838933465406, "RMSE_Blekinge": 7.256095083514043, "CV_RMSE_'Kalmar": 144.92747354966522, "CV_RMSE_Blekinge": 161.64568255353066, "_timestamp": 1748488091.533387, "_runtime": 1.2820229530334473, "_step": 0, "_wandb": {"runtime": 1}}