{"CV_RMSE": 271.1234832249064, "RMSE": 426.6345567148631, "RMSE_STHLM": 390.7091036224682, "RMSE_S\u00f6dermanland": 35.925453092394896, "CV_RMSE_STHLM": 139.1524310487619, "CV_RMSE_S\u00f6dermanland": 131.97105217614452, "_timestamp": 1748357550.8349454, "_runtime": 1.3170993328094482, "_step": 0, "_wandb": {"runtime": 1}}