{"CV_RMSE": 4162.656150230085, "RMSE": 1544.1830422566043, "RMSE_skane": 1324.6703911001853, "RMSE_kronoberg": 219.51265115641908, "CV_RMSE_'skane": 2100.428738530949, "CV_RMSE_kronoberg": 2062.2274116991357, "_timestamp": 1748502085.8822181, "_runtime": 1.3370730876922607, "_step": 0, "_wandb": {"runtime": 1}}