{"CV_RMSE": 359.88845501642766, "RMSE": 24.597261129656175, "RMSE_Kalmar": 14.926443881801859, "RMSE_Blekinge": 9.670817247854318, "CV_RMSE_'Kalmar": 144.44945692066312, "CV_RMSE_Blekinge": 215.4389980957645, "_timestamp": 1748551364.1781378, "_runtime": 1.41078782081604, "_step": 0, "_wandb": {"runtime": 1}}