{"CV_RMSE": 303.7112959131874, "RMSE": 419.137747530649, "RMSE_STHLM": 372.5838739116087, "RMSE_S\u00f6dermanland": 46.55387361904028, "CV_RMSE_STHLM": 132.69706629222313, "CV_RMSE_S\u00f6dermanland": 171.0142296209643, "_timestamp": 1748447693.6319776, "_runtime": 1.3572015762329102, "_step": 0, "_wandb": {"runtime": 1}}