{"CV_RMSE": 930.6581718379591, "RMSE": 1510.7556678249232, "RMSE_STHLM": 1392.4078202730377, "RMSE_S\u00f6dermanland": 118.34784755188551, "CV_RMSE_STHLM": 495.91097674940005, "CV_RMSE_S\u00f6dermanland": 434.74719508855907, "_timestamp": 1748312366.2335377, "_runtime": 1.2561047077178955, "_step": 0, "_wandb": {"runtime": 1}}