{"CV_RMSE": 306.93838484626656, "RMSE": 22.2534583145098, "RMSE_Kalmar": 14.984908351923902, "RMSE_Blekinge": 7.268549962585896, "CV_RMSE_'Kalmar": 145.0152421153926, "CV_RMSE_Blekinge": 161.92314273087393, "_timestamp": 1748528508.6855721, "_runtime": 1.2961571216583252, "_step": 0, "_wandb": {"runtime": 1}}