{"CV_RMSE": 258.4368181705187, "RMSE": 408.81965036293883, "RMSE_STHLM": 374.80593053792535, "RMSE_S\u00f6dermanland": 34.01371982501346, "CV_RMSE_STHLM": 133.48845962965288, "CV_RMSE_S\u00f6dermanland": 124.94835854086577, "_timestamp": 1748486420.3755882, "_runtime": 1.2991492748260498, "_step": 0, "_wandb": {"runtime": 1}}