{"CV_RMSE": 272.9271726069286, "RMSE": 435.23522938723045, "RMSE_STHLM": 399.68944187693035, "RMSE_S\u00f6dermanland": 35.54578751030008, "CV_RMSE_STHLM": 142.35081032419365, "CV_RMSE_S\u00f6dermanland": 130.57636228273498, "_timestamp": 1748481238.9039876, "_runtime": 1.2389225959777832, "_step": 0, "_wandb": {"runtime": 1}}