{"CV_RMSE": 3478.5607818565372, "RMSE": 1716.488386364782, "RMSE_skane": 1619.566737156732, "RMSE_kronoberg": 96.92164920804987, "CV_RMSE_'skane": 2568.02336758467, "CV_RMSE_kronoberg": 910.5374142718673, "_timestamp": 1748541176.7914813, "_runtime": 1.332367181777954, "_step": 0, "_wandb": {"runtime": 1}}