{"CV_RMSE": 4783.159860188081, "RMSE": 1873.4368737596121, "RMSE_skane": 1641.319319346673, "RMSE_kronoberg": 232.11755441293917, "CV_RMSE_'skane": 2602.5147769767536, "CV_RMSE_kronoberg": 2180.6450832113283, "_timestamp": 1748543126.1658003, "_runtime": 1.293621301651001, "_step": 0, "_wandb": {"runtime": 1}}