{"CV_RMSE": 4799.480014808093, "RMSE": 1787.9957644474966, "RMSE_skane": 1536.4392799838754, "RMSE_kronoberg": 251.5564844636213, "CV_RMSE_'skane": 2436.21450314568, "CV_RMSE_kronoberg": 2363.2655116624132, "_timestamp": 1748517357.0914605, "_runtime": 1.319913387298584, "_step": 0, "_wandb": {"runtime": 1}}