{"CV_RMSE": 1527.1369748702432, "RMSE": 2133.936870033909, "RMSE_STHLM": 1902.6873187853391, "RMSE_S\u00f6dermanland": 231.24955124857024, "CV_RMSE_STHLM": 677.6488274265157, "CV_RMSE_S\u00f6dermanland": 849.4881474437275, "_timestamp": 1748365896.7849936, "_runtime": 1.3701157569885254, "_step": 0, "_wandb": {"runtime": 1}}