{"CV_RMSE": 273.7953533277479, "RMSE": 434.7327347433613, "RMSE_STHLM": 398.8712866156967, "RMSE_S\u00f6dermanland": 35.86144812766456, "CV_RMSE_STHLM": 142.05942143020462, "CV_RMSE_S\u00f6dermanland": 131.73593189754328, "_timestamp": 1748533791.2584212, "_runtime": 1.2867090702056885, "_step": 0, "_wandb": {"runtime": 1}}