{"CV_RMSE": 275.57563097003634, "RMSE": 437.26001199711936, "RMSE_STHLM": 401.1332352308085, "RMSE_S\u00f6dermanland": 36.126776766310854, "CV_RMSE_STHLM": 142.86502244073117, "CV_RMSE_S\u00f6dermanland": 132.71060852930518, "_timestamp": 1748511488.986423, "_runtime": 1.3185439109802246, "_step": 0, "_wandb": {"runtime": 1}}