{"CV_RMSE": 275.61361522245295, "RMSE": 437.1823696227825, "RMSE_STHLM": 401.0358067215139, "RMSE_S\u00f6dermanland": 36.146562901268595, "CV_RMSE_STHLM": 142.83032293207856, "CV_RMSE_S\u00f6dermanland": 132.78329229037442, "_timestamp": 1748340021.2955072, "_runtime": 1.2553513050079346, "_step": 0, "_wandb": {"runtime": 1}}