{"CV_RMSE": 778.9914243062996, "RMSE": 1076.8314436170517, "RMSE_STHLM": 957.6163582427042, "RMSE_S\u00f6dermanland": 119.21508537434744, "CV_RMSE_STHLM": 341.05845762502327, "CV_RMSE_S\u00f6dermanland": 437.9329666812763, "_timestamp": 1748376406.6164668, "_runtime": 1.3191168308258057, "_step": 0, "_wandb": {"runtime": 1}}