{"CV_RMSE": 306.9734290876086, "RMSE": 22.256106934963647, "RMSE_Kalmar": 14.986809942722733, "RMSE_Blekinge": 7.269296992240915, "CV_RMSE_'Kalmar": 145.0336446069942, "CV_RMSE_Blekinge": 161.93978448061443, "_timestamp": 1748535259.305825, "_runtime": 1.2929840087890625, "_step": 0, "_wandb": {"runtime": 1}}