{"CV_RMSE": 4583.57844352795, "RMSE": 1890.5258295781364, "RMSE_skane": 1687.4362645427532, "RMSE_kronoberg": 203.08956503538312, "CV_RMSE_'skane": 2675.638897266522, "CV_RMSE_kronoberg": 1907.9395462614282, "_timestamp": 1748503723.615898, "_runtime": 1.4521098136901855, "_step": 0, "_wandb": {"runtime": 1}}