{"CV_RMSE": 1403.781182102664, "RMSE": 1826.6191125515334, "RMSE_STHLM": 1599.560746478947, "RMSE_S\u00f6dermanland": 227.0583660725862, "CV_RMSE_STHLM": 569.6892251013267, "CV_RMSE_S\u00f6dermanland": 834.0919570013372, "_timestamp": 1748296641.490221, "_runtime": 1.2574999332427979, "_step": 0, "_wandb": {"runtime": 1}}