{"CV_RMSE": 270.5073504130952, "RMSE": 432.94487476002524, "RMSE_STHLM": 397.88264213444444, "RMSE_S\u00f6dermanland": 35.062232625580805, "CV_RMSE_STHLM": 141.7073121966759, "CV_RMSE_S\u00f6dermanland": 128.8000382164193, "_timestamp": 1748287363.74612, "_runtime": 1.2359459400177002, "_step": 0, "_wandb": {"runtime": 1}}