{"CV_RMSE": 267.38096992353286, "RMSE": 404.3371736783166, "RMSE_STHLM": 367.146004918876, "RMSE_S\u00f6dermanland": 37.19116875944066, "CV_RMSE_STHLM": 130.7603499908937, "CV_RMSE_S\u00f6dermanland": 136.62061993263916, "_timestamp": 1748516404.7737713, "_runtime": 1.2773041725158691, "_step": 0, "_wandb": {"runtime": 1}}