{"CV_RMSE": 305.7923150160598, "RMSE": 22.14375777487424, "RMSE_Kalmar": 14.881910430473884, "RMSE_Blekinge": 7.261847344400353, "CV_RMSE_'Kalmar": 144.01848803684402, "CV_RMSE_Blekinge": 161.77382697921578, "_timestamp": 1748504907.2681756, "_runtime": 1.2924816608428955, "_step": 0, "_wandb": {"runtime": 1}}