{"CV_RMSE": 429.537795429005, "RMSE": 454.2944652087844, "RMSE_STHLM": 373.58487194824716, "RMSE_S\u00f6dermanland": 80.70959326053726, "CV_RMSE_STHLM": 133.05357528825581, "CV_RMSE_S\u00f6dermanland": 296.48422014074913, "_timestamp": 1748439521.1645966, "_runtime": 1.2689645290374756, "_step": 0, "_wandb": {"runtime": 1}}