{"CV_RMSE": 1541.4462045129424, "RMSE": 2053.3151343532445, "RMSE_STHLM": 1809.0963789816701, "RMSE_S\u00f6dermanland": 244.21875537157456, "CV_RMSE_STHLM": 644.3160827398113, "CV_RMSE_S\u00f6dermanland": 897.130121773131, "_timestamp": 1748314611.9640908, "_runtime": 1.2952418327331543, "_step": 0, "_wandb": {"runtime": 1}}