{"CV_RMSE": 306.9852260783197, "RMSE": 22.25722622389413, "RMSE_Kalmar": 14.987852630301557, "RMSE_Blekinge": 7.269373593592572, "CV_RMSE_'Kalmar": 145.04373513195054, "CV_RMSE_Blekinge": 161.94149094636919, "_timestamp": 1748510806.7020152, "_runtime": 1.3250000476837158, "_step": 0, "_wandb": {"runtime": 1}}