{"CV_RMSE": 533.9899320216053, "RMSE": 851.0624781323345, "RMSE_STHLM": 781.4637341770436, "RMSE_S\u00f6dermanland": 69.59874395529089, "CV_RMSE_STHLM": 278.32107667563884, "CV_RMSE_S\u00f6dermanland": 255.6688553459665, "_timestamp": 1748366428.9478614, "_runtime": 1.2958674430847168, "_step": 0, "_wandb": {"runtime": 1}}