{"CV_RMSE": 2263.843294399821, "RMSE": 177.68104834244022, "RMSE_Kalmar": 134.47806760758846, "RMSE_Blekinge": 43.20298073485176, "CV_RMSE_'Kalmar": 1301.400654266985, "CV_RMSE_Blekinge": 962.4426401328361, "_timestamp": 1748509265.7605445, "_runtime": 1.5390825271606445, "_step": 0, "_wandb": {"runtime": 1}}