{"CV_RMSE": 2998.650811226901, "RMSE": 922.7720034023843, "RMSE_skane": 726.1409585387761, "RMSE_kronoberg": 196.6310448636082, "CV_RMSE_'skane": 1151.386297894465, "CV_RMSE_kronoberg": 1847.264513332436, "_timestamp": 1748521894.509801, "_runtime": 1.2831950187683105, "_step": 0, "_wandb": {"runtime": 1}}