{"CV_RMSE": 741.2779164390895, "RMSE": 1754.5651270389285, "RMSE_STHLM": 1719.4815421114267, "RMSE_S\u00f6dermanland": 35.08358492750178, "CV_RMSE_STHLM": 612.3994411952054, "CV_RMSE_S\u00f6dermanland": 128.8784752438841, "_timestamp": 1748298026.8961763, "_runtime": 1.3007514476776123, "_step": 0, "_wandb": {"runtime": 1}}