{"CV_RMSE": 1877.1946522069204, "RMSE": 2472.35267231402, "RMSE_STHLM": 2171.9117321758144, "RMSE_S\u00f6dermanland": 300.44094013820535, "CV_RMSE_STHLM": 773.53405578086, "CV_RMSE_S\u00f6dermanland": 1103.6605964260605, "_timestamp": 1748336528.7633748, "_runtime": 1.2874298095703125, "_step": 0, "_wandb": {"runtime": 1}}