{"CV_RMSE": 270.920176617569, "RMSE": 434.6233620035438, "RMSE_STHLM": 399.61688920930635, "RMSE_S\u00f6dermanland": 35.006472794237425, "CV_RMSE_STHLM": 142.324970434656, "CV_RMSE_S\u00f6dermanland": 128.595206182913, "_timestamp": 1748469524.70238, "_runtime": 1.3069770336151123, "_step": 0, "_wandb": {"runtime": 1}}