{"CV_RMSE": 279.6951981067936, "RMSE": 100.82459967387268, "RMSE_skane": 85.47998217118898, "RMSE_kronoberg": 15.344617502683702, "CV_RMSE_'skane": 135.53908378095505, "CV_RMSE_kronoberg": 144.15611432583856, "_timestamp": 1748545569.9081392, "_runtime": 1.3147552013397217, "_step": 0, "_wandb": {"runtime": 1}}