{"CV_RMSE": 967.4102636690575, "RMSE": 1645.1453244702984, "RMSE_STHLM": 1530.1469500688145, "RMSE_S\u00f6dermanland": 114.99837440148394, "CV_RMSE_STHLM": 544.9672556636062, "CV_RMSE_S\u00f6dermanland": 422.44300800545125, "_timestamp": 1748397355.6409981, "_runtime": 1.3093972206115723, "_step": 0, "_wandb": {"runtime": 1}}