{"CV_RMSE": 409.57148659015314, "RMSE": 28.821312317883667, "RMSE_Kalmar": 18.451665644071387, "RMSE_Blekinge": 10.369646673812282, "CV_RMSE_'Kalmar": 178.56450623294887, "CV_RMSE_Blekinge": 231.00698035720427, "_timestamp": 1748473108.2093208, "_runtime": 1.2801487445831299, "_step": 0, "_wandb": {"runtime": 1}}