{"CV_RMSE": 1742.5640242096201, "RMSE": 2393.2446981081544, "RMSE_STHLM": 2124.894776053577, "RMSE_S\u00f6dermanland": 268.34992205457735, "CV_RMSE_STHLM": 756.7888003356626, "CV_RMSE_S\u00f6dermanland": 985.7752238739577, "_timestamp": 1748316877.0774105, "_runtime": 1.2387654781341553, "_step": 0, "_wandb": {"runtime": 1}}