{"CV_RMSE": 275.38428250987045, "RMSE": 437.04335320483995, "RMSE_STHLM": 400.9509972381289, "RMSE_S\u00f6dermanland": 36.092355966711075, "CV_RMSE_STHLM": 142.80011773419707, "CV_RMSE_S\u00f6dermanland": 132.58416477567334, "_timestamp": 1748333346.8079026, "_runtime": 1.3183355331420898, "_step": 0, "_wandb": {"runtime": 1}}