{"CV_RMSE": 3923.8250862694667, "RMSE": 1259.8330514499253, "RMSE_skane": 1013.1668060988281, "RMSE_kronoberg": 246.66624535109716, "CV_RMSE_'skane": 1606.501278169389, "CV_RMSE_kronoberg": 2317.3238081000777, "_timestamp": 1748549164.3179407, "_runtime": 1.3517217636108398, "_step": 0, "_wandb": {"runtime": 1}}