{"CV_RMSE": 5196.853368815295, "RMSE": 2002.2665356697748, "RMSE_skane": 1743.331266898822, "RMSE_kronoberg": 258.93526877095286, "CV_RMSE_'skane": 2764.2673365203304, "CV_RMSE_kronoberg": 2432.5860322949643, "_timestamp": 1748570286.290892, "_runtime": 1.2679779529571533, "_step": 0, "_wandb": {"runtime": 1}}