{"CV_RMSE": 305.0150208605038, "RMSE": 22.095038152210165, "RMSE_Kalmar": 14.857462124269242, "RMSE_Blekinge": 7.237576027940924, "CV_RMSE_'Kalmar": 143.78189152518618, "CV_RMSE_Blekinge": 161.2331293353176, "_timestamp": 1748469323.9404283, "_runtime": 1.3875353336334229, "_step": 0, "_wandb": {"runtime": 1}}