{"CV_RMSE": 254.80257711244278, "RMSE": 408.1508687444914, "RMSE_STHLM": 375.16088385267636, "RMSE_S\u00f6dermanland": 32.98998489181501, "CV_RMSE_STHLM": 133.61487750985702, "CV_RMSE_S\u00f6dermanland": 121.18769960258575, "_timestamp": 1748506806.3943362, "_runtime": 1.3133602142333984, "_step": 0, "_wandb": {"runtime": 1}}