{"CV_RMSE": 4342.1644293745885, "RMSE": 1733.0860175410642, "RMSE_skane": 1528.943009787222, "RMSE_kronoberg": 204.1430077538421, "CV_RMSE_'skane": 2424.328239620331, "CV_RMSE_kronoberg": 1917.836189754258, "_timestamp": 1748533143.5487175, "_runtime": 1.3051354885101318, "_step": 0, "_wandb": {"runtime": 1}}