{"CV_RMSE": 876.4354710615622, "RMSE": 573.424912598874, "RMSE_STHLM": 370.78874868893763, "RMSE_S\u00f6dermanland": 202.63616390993639, "CV_RMSE_STHLM": 132.05772608628567, "CV_RMSE_S\u00f6dermanland": 744.3777449752765, "_timestamp": 1748285910.7383316, "_runtime": 1.262204647064209, "_step": 0, "_wandb": {"runtime": 1}}