{"CV_RMSE": 270.4023105852091, "RMSE": 432.3655772080816, "RMSE_STHLM": 397.2728141622253, "RMSE_S\u00f6dermanland": 35.092763045856316, "CV_RMSE_STHLM": 141.49011980451237, "CV_RMSE_S\u00f6dermanland": 128.91219078069668, "_timestamp": 1748560882.202441, "_runtime": 1.253467082977295, "_step": 0, "_wandb": {"runtime": 1}}