{"CV_RMSE": 269.5101266080105, "RMSE": 435.38270678424243, "RMSE_STHLM": 400.88281624524495, "RMSE_S\u00f6dermanland": 34.49989053899746, "CV_RMSE_STHLM": 142.7758348321015, "CV_RMSE_S\u00f6dermanland": 126.73429177590904, "_timestamp": 1748290095.0650537, "_runtime": 1.2531776428222656, "_step": 0, "_wandb": {"runtime": 1}}