{"CV_RMSE": 1256.232171673715, "RMSE": 539.7125276707948, "RMSE_skane": 488.43146005804044, "RMSE_kronoberg": 51.28106761275429, "CV_RMSE_'skane": 774.4684884641233, "CV_RMSE_kronoberg": 481.76368320959153, "_timestamp": 1748532918.570125, "_runtime": 1.3227500915527344, "_step": 0, "_wandb": {"runtime": 1}}