{"CV_RMSE": 274.70550072704793, "RMSE": 436.16452344743004, "RMSE_STHLM": 400.18243236627904, "RMSE_S\u00f6dermanland": 35.98209108115102, "CV_RMSE_STHLM": 142.5263906330238, "CV_RMSE_S\u00f6dermanland": 132.17911009402417, "_timestamp": 1748454372.9629457, "_runtime": 1.2796566486358643, "_step": 0, "_wandb": {"runtime": 1}}