{"CV_RMSE": 306.45576025551634, "RMSE": 22.216126396446242, "RMSE_Kalmar": 14.957207371155993, "RMSE_Blekinge": 7.2589190252902505, "CV_RMSE_'Kalmar": 144.74716810796122, "CV_RMSE_Blekinge": 161.7085921475551, "_timestamp": 1748488623.4159577, "_runtime": 1.2862977981567383, "_step": 0, "_wandb": {"runtime": 1}}