{"CV_RMSE": 271.9588183627096, "RMSE": 432.65989814034094, "RMSE_STHLM": 397.1295269792329, "RMSE_S\u00f6dermanland": 35.53037116110808, "CV_RMSE_STHLM": 141.43908756680239, "CV_RMSE_S\u00f6dermanland": 130.51973079590724, "_timestamp": 1748439962.4592328, "_runtime": 1.328779697418213, "_step": 0, "_wandb": {"runtime": 1}}