{"CV_RMSE": 1996.1113974854568, "RMSE": 2772.8522497820722, "RMSE_STHLM": 2468.8262556359714, "RMSE_S\u00f6dermanland": 304.02599414610074, "CV_RMSE_STHLM": 879.2812149079439, "CV_RMSE_S\u00f6dermanland": 1116.830182577513, "_timestamp": 1748384529.074586, "_runtime": 1.2640538215637207, "_step": 0, "_wandb": {"runtime": 1}}