{"CV_RMSE": 3228.717494642958, "RMSE": 200.59274538411523, "RMSE_Kalmar": 98.40885969112637, "RMSE_Blekinge": 102.18388569298885, "CV_RMSE_'Kalmar": 952.3438034625132, "CV_RMSE_Blekinge": 2276.373691180445, "_timestamp": 1748498184.745675, "_runtime": 1.2965350151062012, "_step": 0, "_wandb": {"runtime": 1}}