{"CV_RMSE": 213.11832634472137, "RMSE": 319.82235061139863, "RMSE_STHLM": 289.9148989096269, "RMSE_S\u00f6dermanland": 29.907451701771727, "CV_RMSE_STHLM": 103.2542180524987, "CV_RMSE_S\u00f6dermanland": 109.86410829222268, "_timestamp": 1748341707.0992873, "_runtime": 1.3072662353515625, "_step": 0, "_wandb": {"runtime": 1}}