{"CV_RMSE": 4287.345822086488, "RMSE": 1442.1451057354925, "RMSE_skane": 1185.945896105879, "RMSE_kronoberg": 256.19920962961345, "CV_RMSE_'skane": 1880.4638944596388, "CV_RMSE_kronoberg": 2406.8819276268487, "_timestamp": 1748506190.0988379, "_runtime": 1.3549017906188965, "_step": 0, "_wandb": {"runtime": 1}}