{"CV_RMSE": 5189.049232745787, "RMSE": 1997.9500742123196, "RMSE_skane": 1739.137722450421, "RMSE_kronoberg": 258.8123517618984, "CV_RMSE_'skane": 2757.6179531454877, "CV_RMSE_kronoberg": 2431.4312796002987, "_timestamp": 1748509291.7921238, "_runtime": 1.3749747276306152, "_step": 0, "_wandb": {"runtime": 1}}