{"CV_RMSE": 278.0125453205869, "RMSE": 100.0183050679429, "RMSE_skane": 84.72544523468535, "RMSE_kronoberg": 15.29285983325755, "CV_RMSE_'skane": 134.34267214802117, "CV_RMSE_kronoberg": 143.66987317256573, "_timestamp": 1748567889.3062446, "_runtime": 1.331345558166504, "_step": 0, "_wandb": {"runtime": 1}}