{"CV_RMSE": 277.3986648641535, "RMSE": 99.88280489076, "RMSE_skane": 84.6410438930089, "RMSE_kronoberg": 15.2417609977511, "CV_RMSE_'skane": 134.2088433821494, "CV_RMSE_kronoberg": 143.18982148200408, "_timestamp": 1748540653.1726608, "_runtime": 1.3961148262023926, "_step": 0, "_wandb": {"runtime": 1}}