{"CV_RMSE": 260.6305071438042, "RMSE": 410.28462605094165, "RMSE_STHLM": 375.76690456583907, "RMSE_S\u00f6dermanland": 34.51772148510259, "CV_RMSE_STHLM": 133.83071393322325, "CV_RMSE_S\u00f6dermanland": 126.79979321058096, "_timestamp": 1748470367.2658613, "_runtime": 1.2753422260284424, "_step": 0, "_wandb": {"runtime": 1}}