{"CV_RMSE": 5202.508195758364, "RMSE": 350.1805197662053, "RMSE_Kalmar": 206.2367070411503, "RMSE_Blekinge": 143.94381272505498, "CV_RMSE_'Kalmar": 1995.8391003982285, "CV_RMSE_Blekinge": 3206.6690953601355, "_timestamp": 1748516642.8884752, "_runtime": 1.3581690788269043, "_step": 0, "_wandb": {"runtime": 1}}