{"CV_RMSE": 1293.7124466448183, "RMSE": 1254.24742865778, "RMSE_STHLM": 998.9181739175589, "RMSE_S\u00f6dermanland": 255.3292547402211, "CV_RMSE_STHLM": 355.76824555829165, "CV_RMSE_S\u00f6dermanland": 937.9442010865266, "_timestamp": 1748343273.0510623, "_runtime": 1.3251392841339111, "_step": 0, "_wandb": {"runtime": 1}}