{"CV_RMSE": 271.74415901322106, "RMSE": 431.41691017073776, "RMSE_STHLM": 395.8177981272951, "RMSE_S\u00f6dermanland": 35.599112043442716, "CV_RMSE_STHLM": 140.97191069037024, "CV_RMSE_S\u00f6dermanland": 130.7722483228508, "_timestamp": 1748544299.2848225, "_runtime": 1.2830853462219238, "_step": 0, "_wandb": {"runtime": 1}}