{"CV_RMSE": 273.8671956942359, "RMSE": 434.72520121992466, "RMSE_STHLM": 398.84128750230684, "RMSE_S\u00f6dermanland": 35.88391371761782, "CV_RMSE_STHLM": 142.04873713972145, "CV_RMSE_S\u00f6dermanland": 131.81845855451445, "_timestamp": 1748530166.0037677, "_runtime": 1.3398277759552002, "_step": 0, "_wandb": {"runtime": 1}}