{"CV_RMSE": 3015.216645893872, "RMSE": 200.14233828093143, "RMSE_Kalmar": 114.55728204819405, "RMSE_Blekinge": 85.58505623273739, "CV_RMSE_'Kalmar": 1108.61885853091, "CV_RMSE_Blekinge": 1906.5977873629615, "_timestamp": 1748536599.467011, "_runtime": 1.3533539772033691, "_step": 0, "_wandb": {"runtime": 1}}