{"CV_RMSE": 813.654606079891, "RMSE": 995.7518290097809, "RMSE_STHLM": 857.3827116923717, "RMSE_S\u00f6dermanland": 138.36911731740918, "CV_RMSE_STHLM": 305.3598894036939, "CV_RMSE_S\u00f6dermanland": 508.294716676197, "_timestamp": 1748358902.1489267, "_runtime": 1.3181707859039307, "_step": 0, "_wandb": {"runtime": 1}}