{"CV_RMSE": 265.6732562208097, "RMSE": 432.0619992254209, "RMSE_STHLM": 398.3622099587244, "RMSE_S\u00f6dermanland": 33.699789266696506, "CV_RMSE_STHLM": 141.87811197580214, "CV_RMSE_S\u00f6dermanland": 123.79514424500758, "_timestamp": 1748515743.3819597, "_runtime": 1.2494547367095947, "_step": 0, "_wandb": {"runtime": 1}}