{"CV_RMSE": 306.96527298701426, "RMSE": 22.255490357015045, "RMSE_Kalmar": 14.986367114815152, "RMSE_Blekinge": 7.269123242199892, "CV_RMSE_'Kalmar": 145.0293591756305, "CV_RMSE_Blekinge": 161.93591381138373, "_timestamp": 1748484931.6894972, "_runtime": 1.279602289199829, "_step": 0, "_wandb": {"runtime": 1}}