{"CV_RMSE": 1158.809629670679, "RMSE": 1800.2987768382864, "RMSE_STHLM": 1644.2609233078938, "RMSE_S\u00f6dermanland": 156.0378535303926, "CV_RMSE_STHLM": 585.6093513957675, "CV_RMSE_S\u00f6dermanland": 573.2002782749116, "_timestamp": 1748296301.6272807, "_runtime": 1.2499136924743652, "_step": 0, "_wandb": {"runtime": 1}}