{"CV_RMSE": 306.9119169392907, "RMSE": 22.250571184336827, "RMSE_Kalmar": 14.981904389621661, "RMSE_Blekinge": 7.268666794715165, "CV_RMSE_'Kalmar": 144.98617151246768, "CV_RMSE_Blekinge": 161.92574542682297, "_timestamp": 1748519584.1737337, "_runtime": 1.2545018196105957, "_step": 0, "_wandb": {"runtime": 1}}