{"CV_RMSE": 1824.9880685500952, "RMSE": 2601.3145249019262, "RMSE_STHLM": 2330.4567805648353, "RMSE_S\u00f6dermanland": 270.85774433709094, "CV_RMSE_STHLM": 830.0004362913937, "CV_RMSE_S\u00f6dermanland": 994.9876322587014, "_timestamp": 1748369579.103271, "_runtime": 1.297579050064087, "_step": 0, "_wandb": {"runtime": 1}}