{"CV_RMSE": 268.4585636448475, "RMSE": 427.4049263164661, "RMSE_STHLM": 392.36551771864794, "RMSE_S\u00f6dermanland": 35.03940859781818, "CV_RMSE_STHLM": 139.7423687957195, "CV_RMSE_S\u00f6dermanland": 128.71619484912802, "_timestamp": 1748541959.671391, "_runtime": 1.328711986541748, "_step": 0, "_wandb": {"runtime": 1}}