{"CV_RMSE": 744.8202300101436, "RMSE": 282.8034554106554, "RMSE_skane": 244.84695197901468, "RMSE_kronoberg": 37.956503431640684, "CV_RMSE_'skane": 388.2351247024545, "CV_RMSE_kronoberg": 356.5851053076891, "_timestamp": 1748567767.7087224, "_runtime": 1.3681144714355469, "_step": 0, "_wandb": {"runtime": 1}}