{"CV_RMSE": 971.4109806874748, "RMSE": 802.9455754264616, "RMSE_STHLM": 596.320972287504, "RMSE_S\u00f6dermanland": 206.6246031389576, "CV_RMSE_STHLM": 212.38182629946718, "CV_RMSE_S\u00f6dermanland": 759.0291543880076, "_timestamp": 1748325033.4455252, "_runtime": 1.2910921573638916, "_step": 0, "_wandb": {"runtime": 1}}