{"CV_RMSE": 3962.7885644465523, "RMSE": 1652.0289537780209, "RMSE_skane": 1480.0093324490917, "RMSE_kronoberg": 172.0196213289292, "CV_RMSE_'skane": 2346.7378421497224, "CV_RMSE_kronoberg": 1616.0507222968297, "_timestamp": 1748531787.178608, "_runtime": 1.3386189937591553, "_step": 0, "_wandb": {"runtime": 1}}