{"CV_RMSE": 1713.062628858244, "RMSE": 2481.995740623125, "RMSE_STHLM": 2232.0674571202658, "RMSE_S\u00f6dermanland": 249.92828350285936, "CV_RMSE_STHLM": 794.9587302763115, "CV_RMSE_S\u00f6dermanland": 918.1038985819323, "_timestamp": 1748314647.6796985, "_runtime": 1.2398955821990967, "_step": 0, "_wandb": {"runtime": 1}}