{"CV_RMSE": 3220.0998538163303, "RMSE": 211.09758750511054, "RMSE_Kalmar": 117.66600978916424, "RMSE_Blekinge": 93.4315777159463, "CV_RMSE_'Kalmar": 1138.703320540299, "CV_RMSE_Blekinge": 2081.3965332760313, "_timestamp": 1748489820.1623456, "_runtime": 1.2819726467132568, "_step": 0, "_wandb": {"runtime": 1}}