{"CV_RMSE": 244.5688428201696, "RMSE": 373.17166692782786, "RMSE_STHLM": 339.5111904622405, "RMSE_S\u00f6dermanland": 33.66047646558733, "CV_RMSE_STHLM": 120.91811294658348, "CV_RMSE_S\u00f6dermanland": 123.65072987358612, "_timestamp": 1748434533.7995536, "_runtime": 1.2794437408447266, "_step": 0, "_wandb": {"runtime": 1}}