{"CV_RMSE": 4954.178917631524, "RMSE": 1880.1078574302696, "RMSE_skane": 1627.444465004554, "RMSE_kronoberg": 252.6633924257155, "CV_RMSE_'skane": 2580.514479394113, "CV_RMSE_kronoberg": 2373.664438237411, "_timestamp": 1748573169.7485433, "_runtime": 1.3973703384399414, "_step": 0, "_wandb": {"runtime": 1}}