{"CV_RMSE": 2744.8077316875133, "RMSE": 210.80979020533638, "RMSE_Kalmar": 154.87933736143492, "RMSE_Blekinge": 55.93045284390146, "CV_RMSE_'Kalmar": 1498.8322970461443, "CV_RMSE_Blekinge": 1245.9754346413692, "_timestamp": 1748505058.1414998, "_runtime": 1.2879576683044434, "_step": 0, "_wandb": {"runtime": 1}}