{"CV_RMSE": 493.6981816860401, "RMSE": 491.1710414481664, "RMSE_STHLM": 395.07953540316106, "RMSE_S\u00f6dermanland": 96.09150604500536, "CV_RMSE_STHLM": 140.70897580642855, "CV_RMSE_S\u00f6dermanland": 352.9892058796115, "_timestamp": 1748384576.231564, "_runtime": 1.2874360084533691, "_step": 0, "_wandb": {"runtime": 1}}