{"CV_RMSE": 1735.2053076854818, "RMSE": 2115.5833242954077, "RMSE_STHLM": 1819.6414063576535, "RMSE_S\u00f6dermanland": 295.94191793775417, "CV_RMSE_STHLM": 648.0717315876092, "CV_RMSE_S\u00f6dermanland": 1087.1335760978725, "_timestamp": 1748296223.3309307, "_runtime": 1.244842767715454, "_step": 0, "_wandb": {"runtime": 1}}