{"CV_RMSE": 272.2354054635823, "RMSE": 431.29901324003754, "RMSE_STHLM": 395.53915802815834, "RMSE_S\u00f6dermanland": 35.7598552118792, "CV_RMSE_STHLM": 140.87267203218937, "CV_RMSE_S\u00f6dermanland": 131.36273343139297, "_timestamp": 1748446743.330002, "_runtime": 1.2719841003417969, "_step": 0, "_wandb": {"runtime": 1}}