{"CV_RMSE": 4032.10613849568, "RMSE": 263.92286775683226, "RMSE_Kalmar": 146.61839559972304, "RMSE_Blekinge": 117.30447215710919, "CV_RMSE_'Kalmar": 1418.8876993521585, "CV_RMSE_Blekinge": 2613.2184391435217, "_timestamp": 1748463985.376899, "_runtime": 1.3517820835113525, "_step": 0, "_wandb": {"runtime": 1}}