{"CV_RMSE": 470.1060658502894, "RMSE": 949.0057381050632, "RMSE_STHLM": 909.1800726523728, "RMSE_S\u00f6dermanland": 39.825665452690366, "CV_RMSE_STHLM": 323.8077029628554, "CV_RMSE_S\u00f6dermanland": 146.298362887434, "_timestamp": 1748317671.3951378, "_runtime": 1.3840417861938477, "_step": 0, "_wandb": {"runtime": 1}}