{"CV_RMSE": 262.5483718676345, "RMSE": 420.2874286429615, "RMSE_STHLM": 386.2654901713199, "RMSE_S\u00f6dermanland": 34.02193847164161, "CV_RMSE_STHLM": 137.56982237997147, "CV_RMSE_S\u00f6dermanland": 124.97854948766306, "_timestamp": 1748442360.0983365, "_runtime": 1.2993144989013672, "_step": 0, "_wandb": {"runtime": 1}}