{"CV_RMSE": 306.86463071608955, "RMSE": 22.24836781603988, "RMSE_Kalmar": 14.981761632362616, "RMSE_Blekinge": 7.266606183677265, "CV_RMSE_'Kalmar": 144.98478999060595, "CV_RMSE_Blekinge": 161.8798407254836, "_timestamp": 1748526661.3508403, "_runtime": 1.4264874458312988, "_step": 0, "_wandb": {"runtime": 1}}