{"CV_RMSE": 306.88720374537314, "RMSE": 22.249386704593903, "RMSE_Kalmar": 14.981771551803838, "RMSE_Blekinge": 7.267615152790065, "CV_RMSE_'Kalmar": 144.98488598519842, "CV_RMSE_Blekinge": 161.90231776017472, "_timestamp": 1748472228.9548953, "_runtime": 1.2565703392028809, "_step": 0, "_wandb": {"runtime": 1}}