{"CV_RMSE": 3493.938368802143, "RMSE": 233.83675222218815, "RMSE_Kalmar": 136.13669036192937, "RMSE_Blekinge": 97.70006186025878, "CV_RMSE_'Kalmar": 1317.4518422122196, "CV_RMSE_Blekinge": 2176.4865265899234, "_timestamp": 1748542974.4448276, "_runtime": 1.3132076263427734, "_step": 0, "_wandb": {"runtime": 1}}