{"CV_RMSE": 450.5200868658302, "RMSE": 463.3312821826826, "RMSE_STHLM": 377.26681833096535, "RMSE_S\u00f6dermanland": 86.06446385171726, "CV_RMSE_STHLM": 134.3649135329912, "CV_RMSE_S\u00f6dermanland": 316.15517333283896, "_timestamp": 1748366493.1435423, "_runtime": 1.2979562282562256, "_step": 0, "_wandb": {"runtime": 1}}