{"CV_RMSE": 786.9446768998887, "RMSE": 1027.680262293144, "RMSE_STHLM": 900.790713260504, "RMSE_S\u00f6dermanland": 126.88954903264013, "CV_RMSE_STHLM": 320.81980290243513, "CV_RMSE_S\u00f6dermanland": 466.12487399745356, "_timestamp": 1748319323.9670298, "_runtime": 1.323002815246582, "_step": 0, "_wandb": {"runtime": 1}}