{"CV_RMSE": 3870.6051215510324, "RMSE": 251.91443511276677, "RMSE_Kalmar": 138.20449210492268, "RMSE_Blekinge": 113.70994300784409, "CV_RMSE_'Kalmar": 1337.4628268218323, "CV_RMSE_Blekinge": 2533.1422947292, "_timestamp": 1748567160.0001218, "_runtime": 1.3744478225708008, "_step": 0, "_wandb": {"runtime": 1}}