{"CV_RMSE": 266.0932897126634, "RMSE": 423.01898377228395, "RMSE_STHLM": 388.2217001328512, "RMSE_S\u00f6dermanland": 34.79728363943276, "CV_RMSE_STHLM": 138.26653348617572, "CV_RMSE_S\u00f6dermanland": 127.8267562264877, "_timestamp": 1748556807.0377388, "_runtime": 1.3655447959899902, "_step": 0, "_wandb": {"runtime": 1}}