{"CV_RMSE": 304.3433350504141, "RMSE": 22.512773759178497, "RMSE_Kalmar": 15.64935329936257, "RMSE_Blekinge": 6.863420459815926, "CV_RMSE_'Kalmar": 151.44535450996034, "CV_RMSE_Blekinge": 152.8979805404538, "_timestamp": 1748501870.6181562, "_runtime": 1.2982470989227295, "_step": 0, "_wandb": {"runtime": 1}}