{"CV_RMSE": 506.36558900892965, "RMSE": 1087.341893177925, "RMSE_STHLM": 1051.4378887989537, "RMSE_S\u00f6dermanland": 35.904004378971194, "CV_RMSE_STHLM": 374.47332802495384, "CV_RMSE_S\u00f6dermanland": 131.89226098397583, "_timestamp": 1748388532.5595233, "_runtime": 1.2965283393859863, "_step": 0, "_wandb": {"runtime": 1}}