{"CV_RMSE": 968.4360559298796, "RMSE": 77.64705527769524, "RMSE_Kalmar": 60.42354409386034, "RMSE_Blekinge": 17.2235111838349, "CV_RMSE_'Kalmar": 584.7439751018743, "CV_RMSE_Blekinge": 383.6920808280052, "_timestamp": 1748508637.3224463, "_runtime": 1.549525260925293, "_step": 0, "_wandb": {"runtime": 1}}