{"CV_RMSE": 2781.222668107867, "RMSE": 172.6010868480505, "RMSE_Kalmar": 84.43390706732046, "RMSE_Blekinge": 88.16717978073005, "CV_RMSE_'Kalmar": 817.10232645794, "CV_RMSE_Blekinge": 1964.120341649927, "_timestamp": 1748518933.641865, "_runtime": 1.3001959323883057, "_step": 0, "_wandb": {"runtime": 1}}