{"CV_RMSE": 799.4168847097311, "RMSE": 1908.9942612640218, "RMSE_STHLM": 1872.9645845825785, "RMSE_S\u00f6dermanland": 36.029676681443355, "CV_RMSE_STHLM": 667.0629703697351, "CV_RMSE_S\u00f6dermanland": 132.353914339996, "_timestamp": 1748318834.6678936, "_runtime": 1.2883405685424805, "_step": 0, "_wandb": {"runtime": 1}}