{"CV_RMSE": 860.8478815385815, "RMSE": 57.0997916550845, "RMSE_Kalmar": 32.63360585158036, "RMSE_Blekinge": 24.466185803504143, "CV_RMSE_'Kalmar": 315.8090888862616, "CV_RMSE_Blekinge": 545.03879265232, "_timestamp": 1748575249.5988386, "_runtime": 1.3110415935516357, "_step": 0, "_wandb": {"runtime": 1}}