{"CV_RMSE": 511.2232023086978, "RMSE": 637.8519328199422, "RMSE_STHLM": 552.2254834526465, "RMSE_S\u00f6dermanland": 85.62644936729582, "CV_RMSE_STHLM": 196.67706177577435, "CV_RMSE_S\u00f6dermanland": 314.54614053292346, "_timestamp": 1748307140.1802878, "_runtime": 1.2872779369354248, "_step": 0, "_wandb": {"runtime": 1}}