{"CV_RMSE": 1077.4094333501878, "RMSE": 1330.3946538112475, "RMSE_STHLM": 1148.4449410041477, "RMSE_S\u00f6dermanland": 181.94971280709973, "CV_RMSE_STHLM": 409.02273324247443, "CV_RMSE_S\u00f6dermanland": 668.3867001077133, "_timestamp": 1748299098.2108655, "_runtime": 1.2701144218444824, "_step": 0, "_wandb": {"runtime": 1}}