{"CV_RMSE": 300.1580731982876, "RMSE": 416.3506155620301, "RMSE_STHLM": 370.56862376305736, "RMSE_S\u00f6dermanland": 45.78199179897272, "CV_RMSE_STHLM": 131.97932781430615, "CV_RMSE_S\u00f6dermanland": 168.17874538398144, "_timestamp": 1748564898.710264, "_runtime": 1.362278938293457, "_step": 0, "_wandb": {"runtime": 1}}