{"CV_RMSE": 1736.4161934926706, "RMSE": 2286.441447848262, "RMSE_STHLM": 2008.478173730202, "RMSE_S\u00f6dermanland": 277.96327411806055, "CV_RMSE_STHLM": 715.3266150997949, "CV_RMSE_S\u00f6dermanland": 1021.0895783928755, "_timestamp": 1748331005.5817995, "_runtime": 1.240781545639038, "_step": 0, "_wandb": {"runtime": 1}}