{"CV_RMSE": 317.7731740403834, "RMSE": 652.9198110979318, "RMSE_STHLM": 627.2263062294353, "RMSE_S\u00f6dermanland": 25.693504868496454, "CV_RMSE_STHLM": 223.388870441825, "CV_RMSE_S\u00f6dermanland": 94.3843035985584, "_timestamp": 1748347889.2395465, "_runtime": 1.3285624980926514, "_step": 0, "_wandb": {"runtime": 1}}