{"CV_RMSE": 2594.196765469713, "RMSE": 1550.1718001071495, "RMSE_skane": 1532.729290923211, "RMSE_kronoberg": 17.442509183938405, "CV_RMSE_'skane": 2430.331856643569, "CV_RMSE_kronoberg": 163.86490882614368, "_timestamp": 1748530478.3839915, "_runtime": 1.3111274242401123, "_step": 0, "_wandb": {"runtime": 1}}