{"CV_RMSE": 2936.7143714660206, "RMSE": 1508.869264713351, "RMSE_skane": 1439.177993467529, "RMSE_kronoberg": 69.691271245822, "CV_RMSE_'skane": 2281.994704229697, "CV_RMSE_kronoberg": 654.7196672363235, "_timestamp": 1748522318.642015, "_runtime": 1.308000087738037, "_step": 0, "_wandb": {"runtime": 1}}