{"CV_RMSE": 274.3960629424521, "RMSE": 98.18257209728728, "RMSE_skane": 82.98008303879803, "RMSE_kronoberg": 15.202489058489247, "CV_RMSE_'skane": 131.575184522407, "CV_RMSE_kronoberg": 142.82087842004512, "_timestamp": 1748503373.633411, "_runtime": 1.4834568500518799, "_step": 0, "_wandb": {"runtime": 1}}