{"CV_RMSE": 3536.8168943427004, "RMSE": 1700.0263320474996, "RMSE_skane": 1592.3018535891256, "RMSE_kronoberg": 107.72447845837407, "CV_RMSE_'skane": 2524.791522604322, "CV_RMSE_kronoberg": 1012.0253717383786, "_timestamp": 1748571409.1852415, "_runtime": 1.269669532775879, "_step": 0, "_wandb": {"runtime": 1}}