{"CV_RMSE": 274.255169013597, "RMSE": 435.00068602847466, "RMSE_STHLM": 399.0293949122148, "RMSE_S\u00f6dermanland": 35.97129111625984, "CV_RMSE_STHLM": 142.11573225998944, "CV_RMSE_S\u00f6dermanland": 132.13943675360758, "_timestamp": 1748428609.9539611, "_runtime": 1.2970571517944336, "_step": 0, "_wandb": {"runtime": 1}}