{"CV_RMSE": 270.7904389711138, "RMSE": 426.28296427641163, "RMSE_STHLM": 390.4201592317859, "RMSE_S\u00f6dermanland": 35.862805044625745, "CV_RMSE_STHLM": 139.0495224806519, "CV_RMSE_S\u00f6dermanland": 131.74091649046193, "_timestamp": 1748489941.9937603, "_runtime": 1.306659460067749, "_step": 0, "_wandb": {"runtime": 1}}