{"CV_RMSE": 579.2905088596237, "RMSE": 773.3162367849277, "RMSE_STHLM": 681.7147112315391, "RMSE_S\u00f6dermanland": 91.60152555338856, "CV_RMSE_STHLM": 242.7951088675842, "CV_RMSE_S\u00f6dermanland": 336.49539999203955, "_timestamp": 1748315034.6743104, "_runtime": 1.3476715087890625, "_step": 0, "_wandb": {"runtime": 1}}