{"CV_RMSE": 274.1534304808895, "RMSE": 435.04979853487424, "RMSE_STHLM": 399.1144491652978, "RMSE_S\u00f6dermanland": 35.93534936957645, "CV_RMSE_STHLM": 142.14602463346577, "CV_RMSE_S\u00f6dermanland": 132.0074058474237, "_timestamp": 1748359658.0216668, "_runtime": 1.2644476890563965, "_step": 0, "_wandb": {"runtime": 1}}