{"CV_RMSE": 1783.735670599791, "RMSE": 2213.1956721115407, "RMSE_STHLM": 1913.1042006913467, "RMSE_S\u00f6dermanland": 300.0914714201942, "CV_RMSE_STHLM": 681.3588368113226, "CV_RMSE_S\u00f6dermanland": 1102.3768337884685, "_timestamp": 1748319465.5075378, "_runtime": 1.290940761566162, "_step": 0, "_wandb": {"runtime": 1}}