{"CV_RMSE": 3816.0685332350267, "RMSE": 273.70575591900587, "RMSE_Kalmar": 181.06123948775135, "RMSE_Blekinge": 92.64451643125453, "CV_RMSE_'Kalmar": 1752.2055434298516, "CV_RMSE_Blekinge": 2063.862989805175, "_timestamp": 1748539106.8011017, "_runtime": 1.3590197563171387, "_step": 0, "_wandb": {"runtime": 1}}