{"CV_RMSE": 350.0341990885802, "RMSE": 464.8949580563996, "RMSE_STHLM": 409.2896971170237, "RMSE_S\u00f6dermanland": 55.60526093937589, "CV_RMSE_STHLM": 145.76997522964834, "CV_RMSE_S\u00f6dermanland": 204.2642238589318, "_timestamp": 1748504040.5101032, "_runtime": 1.310535192489624, "_step": 0, "_wandb": {"runtime": 1}}