{"CV_RMSE": 264.4677404378725, "RMSE": 407.7155949031586, "RMSE_STHLM": 371.76532883779345, "RMSE_S\u00f6dermanland": 35.95026606536518, "CV_RMSE_STHLM": 132.40553856510252, "CV_RMSE_S\u00f6dermanland": 132.06220187277003, "_timestamp": 1748518388.4665804, "_runtime": 1.3243484497070312, "_step": 0, "_wandb": {"runtime": 1}}