{"CV_RMSE": 3568.5477350233396, "RMSE": 212.88104502060054, "RMSE_Kalmar": 93.1642568270928, "RMSE_Blekinge": 119.71678819350772, "CV_RMSE_'Kalmar": 901.5895821976721, "CV_RMSE_Blekinge": 2666.958152825667, "_timestamp": 1748481587.4416924, "_runtime": 1.3515434265136719, "_step": 0, "_wandb": {"runtime": 1}}