{"CV_RMSE": 306.9665007186087, "RMSE": 22.256255989676337, "RMSE_Kalmar": 14.987623359441338, "RMSE_Blekinge": 7.2686326302349995, "CV_RMSE_'Kalmar": 145.04151638169037, "CV_RMSE_Blekinge": 161.9249843369183, "_timestamp": 1748475560.445608, "_runtime": 1.3288660049438477, "_step": 0, "_wandb": {"runtime": 1}}