{"CV_RMSE": 424.8654067229421, "RMSE": 537.4045037625522, "RMSE_STHLM": 467.02625212966115, "RMSE_S\u00f6dermanland": 70.378251632891, "CV_RMSE_STHLM": 166.33305378579146, "CV_RMSE_S\u00f6dermanland": 258.5323529371506, "_timestamp": 1748318045.934854, "_runtime": 1.275860071182251, "_step": 0, "_wandb": {"runtime": 1}}