{"CV_RMSE": 303.7032686981396, "RMSE": 21.940052920149157, "RMSE_Kalmar": 14.687547703080568, "RMSE_Blekinge": 7.252505217068586, "CV_RMSE_'Kalmar": 142.13755841690872, "CV_RMSE_Blekinge": 161.56571028123088, "_timestamp": 1748489216.5745926, "_runtime": 1.27162766456604, "_step": 0, "_wandb": {"runtime": 1}}