{"CV_RMSE": 1464.0664511306297, "RMSE": 89.0112262443439, "RMSE_Kalmar": 41.179745806159325, "RMSE_Blekinge": 47.831480438184585, "CV_RMSE_'Kalmar": 398.5136690918644, "CV_RMSE_Blekinge": 1065.5527820387654, "_timestamp": 1748574463.088179, "_runtime": 1.3060920238494873, "_step": 0, "_wandb": {"runtime": 1}}