{"CV_RMSE": 1362.4198381669808, "RMSE": 1910.183779288097, "RMSE_STHLM": 1704.5653964009002, "RMSE_S\u00f6dermanland": 205.6183828871968, "CV_RMSE_STHLM": 607.0870030711557, "CV_RMSE_S\u00f6dermanland": 755.332835095825, "_timestamp": 1748305196.5596695, "_runtime": 1.3039324283599854, "_step": 0, "_wandb": {"runtime": 1}}