{"CV_RMSE": 272.69051317790763, "RMSE": 430.92477131928496, "RMSE_STHLM": 394.9875452065973, "RMSE_S\u00f6dermanland": 35.93722611268767, "CV_RMSE_STHLM": 140.67621317211618, "CV_RMSE_S\u00f6dermanland": 132.01430000579143, "_timestamp": 1748355759.358462, "_runtime": 1.2890350818634033, "_step": 0, "_wandb": {"runtime": 1}}