{"CV_RMSE": 3239.395599018346, "RMSE": 1260.121655304868, "RMSE_skane": 1101.1608312186645, "RMSE_kronoberg": 158.96082408620356, "CV_RMSE_'skane": 1746.0266879788549, "CV_RMSE_kronoberg": 1493.3689110394907, "_timestamp": 1748527236.9757187, "_runtime": 1.3640556335449219, "_step": 0, "_wandb": {"runtime": 1}}