{"CV_RMSE": 3187.007375546513, "RMSE": 204.12223544828615, "RMSE_Kalmar": 107.95959010600325, "RMSE_Blekinge": 96.1626453422829, "CV_RMSE_'Kalmar": 1044.7702268322894, "CV_RMSE_Blekinge": 2142.237148714223, "_timestamp": 1748577471.3548148, "_runtime": 1.3085298538208008, "_step": 0, "_wandb": {"runtime": 1}}