{"CV_RMSE": 270.31471266205824, "RMSE": 434.98645321682335, "RMSE_STHLM": 400.201478830096, "RMSE_S\u00f6dermanland": 34.78497438672734, "CV_RMSE_STHLM": 142.53317409857002, "CV_RMSE_S\u00f6dermanland": 127.7815385634882, "_timestamp": 1748559126.133602, "_runtime": 1.3414897918701172, "_step": 0, "_wandb": {"runtime": 1}}