{"CV_RMSE": 4768.264027346482, "RMSE": 1736.3388271462031, "RMSE_skane": 1478.2907546682961, "RMSE_kronoberg": 258.048072477907, "CV_RMSE_'skane": 2344.0128245268966, "CV_RMSE_kronoberg": 2424.2512028195856, "_timestamp": 1748522293.098314, "_runtime": 1.261932134628296, "_step": 0, "_wandb": {"runtime": 1}}