{"CV_RMSE": 275.33230758973593, "RMSE": 436.49740865654746, "RMSE_STHLM": 400.3621067748401, "RMSE_S\u00f6dermanland": 36.135301881707385, "CV_RMSE_STHLM": 142.59038230999448, "CV_RMSE_S\u00f6dermanland": 132.74192527974142, "_timestamp": 1748344978.4655674, "_runtime": 1.3567204475402832, "_step": 0, "_wandb": {"runtime": 1}}