{"CV_RMSE": 911.6825033222099, "RMSE": 1616.057045145807, "RMSE_STHLM": 1514.73474765351, "RMSE_S\u00f6dermanland": 101.32229749229697, "CV_RMSE_STHLM": 539.4781451872415, "CV_RMSE_S\u00f6dermanland": 372.20435813496846, "_timestamp": 1748308164.7176301, "_runtime": 1.3021280765533447, "_step": 0, "_wandb": {"runtime": 1}}