{"CV_RMSE": 350.41188089533944, "RMSE": 420.87880329855756, "RMSE_STHLM": 360.4340299451706, "RMSE_S\u00f6dermanland": 60.44477335338694, "CV_RMSE_STHLM": 128.36985633187714, "CV_RMSE_S\u00f6dermanland": 222.04202456346226, "_timestamp": 1748561154.9810169, "_runtime": 1.3319199085235596, "_step": 0, "_wandb": {"runtime": 1}}