{"CV_RMSE": 4404.588792953491, "RMSE": 1750.3511123688115, "RMSE_skane": 1541.7198663975819, "RMSE_kronoberg": 208.63124597122965, "CV_RMSE_'skane": 2444.587526000394, "CV_RMSE_kronoberg": 1960.001266953097, "_timestamp": 1748515987.5160565, "_runtime": 1.3676445484161377, "_step": 0, "_wandb": {"runtime": 1}}