{"CV_RMSE": 1447.564760610033, "RMSE": 1625.1556176204328, "RMSE_STHLM": 1363.2692396480036, "RMSE_S\u00f6dermanland": 261.8863779724293, "CV_RMSE_STHLM": 485.5331680582522, "CV_RMSE_S\u00f6dermanland": 962.0315925517809, "_timestamp": 1748312214.2188032, "_runtime": 1.2605030536651611, "_step": 0, "_wandb": {"runtime": 1}}