{"CV_RMSE": 447.669016624311, "RMSE": 434.24651158905255, "RMSE_STHLM": 345.9189006133128, "RMSE_S\u00f6dermanland": 88.32761097573972, "CV_RMSE_STHLM": 123.2002416113896, "CV_RMSE_S\u00f6dermanland": 324.4687750129214, "_timestamp": 1748375282.245668, "_runtime": 1.311439037322998, "_step": 0, "_wandb": {"runtime": 1}}