{"CV_RMSE": 263.86955437052944, "RMSE": 423.67181465833653, "RMSE_STHLM": 389.61496198429467, "RMSE_S\u00f6dermanland": 34.05685267404184, "CV_RMSE_STHLM": 138.76274862915125, "CV_RMSE_S\u00f6dermanland": 125.1068057413782, "_timestamp": 1748291951.6208808, "_runtime": 1.2648377418518066, "_step": 0, "_wandb": {"runtime": 1}}