{"CV_RMSE": 3379.5119439419573, "RMSE": 939.4047511780964, "RMSE_skane": 697.3786238685775, "RMSE_kronoberg": 242.0261273095189, "CV_RMSE_'skane": 1105.7800589882308, "CV_RMSE_kronoberg": 2273.7318849537264, "_timestamp": 1748521028.6520882, "_runtime": 1.3847620487213135, "_step": 0, "_wandb": {"runtime": 1}}