{"CV_RMSE": 275.4492371009736, "RMSE": 437.1577713889602, "RMSE_STHLM": 401.0581191168288, "RMSE_S\u00f6dermanland": 36.099652272131436, "CV_RMSE_STHLM": 142.83826957069485, "CV_RMSE_S\u00f6dermanland": 132.61096753027874, "_timestamp": 1748519808.308525, "_runtime": 1.3070201873779297, "_step": 0, "_wandb": {"runtime": 1}}