{"CV_RMSE": 1436.0856743470486, "RMSE": 541.2418231343489, "RMSE_skane": 467.2395634091699, "RMSE_kronoberg": 74.002259725179, "CV_RMSE_'skane": 740.8661153422355, "CV_RMSE_kronoberg": 695.2195590048132, "_timestamp": 1748514879.803579, "_runtime": 1.340252161026001, "_step": 0, "_wandb": {"runtime": 1}}