{"CV_RMSE": 339.35811799235614, "RMSE": 664.05159149213, "RMSE_STHLM": 633.0464667006104, "RMSE_S\u00f6dermanland": 31.00512479151958, "CV_RMSE_STHLM": 225.46174120718217, "CV_RMSE_S\u00f6dermanland": 113.89637678517397, "_timestamp": 1748285293.2223449, "_runtime": 1.296271800994873, "_step": 0, "_wandb": {"runtime": 1}}