{"CV_RMSE": 1069.2613071163853, "RMSE": 878.5370882005159, "RMSE_STHLM": 650.5313007785921, "RMSE_S\u00f6dermanland": 228.0057874219238, "CV_RMSE_STHLM": 231.6890267909509, "CV_RMSE_S\u00f6dermanland": 837.5722803254345, "_timestamp": 1748392973.7516587, "_runtime": 1.2958636283874512, "_step": 0, "_wandb": {"runtime": 1}}