{"CV_RMSE": 1028.6874515742743, "RMSE": 1214.9253386690311, "RMSE_STHLM": 1035.2657835006187, "RMSE_S\u00f6dermanland": 179.65955516841242, "CV_RMSE_STHLM": 368.7135754454123, "CV_RMSE_S\u00f6dermanland": 659.9738761288619, "_timestamp": 1748304041.953537, "_runtime": 1.289762020111084, "_step": 0, "_wandb": {"runtime": 1}}