{"CV_RMSE": 1087.6368910967772, "RMSE": 435.32211328995555, "RMSE_skane": 384.43435954927054, "RMSE_kronoberg": 50.88775374068502, "CV_RMSE_'skane": 609.5682233867925, "CV_RMSE_kronoberg": 478.06866770998454, "_timestamp": 1748536263.4777792, "_runtime": 1.4462740421295166, "_step": 0, "_wandb": {"runtime": 1}}