{"CV_RMSE": 275.3866536947012, "RMSE": 436.98614538364416, "RMSE_STHLM": 400.88693268274756, "RMSE_S\u00f6dermanland": 36.09921270089658, "CV_RMSE_STHLM": 142.77730091589743, "CV_RMSE_S\u00f6dermanland": 132.60935277880375, "_timestamp": 1748333020.4333825, "_runtime": 1.2839405536651611, "_step": 0, "_wandb": {"runtime": 1}}