{"CV_RMSE": 4390.949669376332, "RMSE": 290.28050513489904, "RMSE_Kalmar": 164.74022353211438, "RMSE_Blekinge": 125.54028160278465, "CV_RMSE_'Kalmar": 1594.2602277301391, "CV_RMSE_Blekinge": 2796.689441646193, "_timestamp": 1748465419.228773, "_runtime": 1.375676155090332, "_step": 0, "_wandb": {"runtime": 1}}