{"CV_RMSE": 4824.494847842829, "RMSE": 1788.664815427678, "RMSE_skane": 1534.0408282869048, "RMSE_kronoberg": 254.6239871407731, "CV_RMSE_'skane": 2432.411461342872, "CV_RMSE_kronoberg": 2392.0833864999563, "_timestamp": 1748529804.2272744, "_runtime": 1.280381441116333, "_step": 0, "_wandb": {"runtime": 1}}