{"CV_RMSE": 275.288388985397, "RMSE": 436.3876211992853, "RMSE_STHLM": 400.25377151954456, "RMSE_S\u00f6dermanland": 36.133849679740784, "CV_RMSE_STHLM": 142.55179832512468, "CV_RMSE_S\u00f6dermanland": 132.73659066027227, "_timestamp": 1748333786.9711459, "_runtime": 1.2268009185791016, "_step": 0, "_wandb": {"runtime": 1}}