{"CV_RMSE": 2335.8944060237977, "RMSE": 477.19805545562537, "RMSE_skane": 274.96367000011577, "RMSE_kronoberg": 202.2343854555096, "CV_RMSE_'skane": 435.9889059198453, "CV_RMSE_kronoberg": 1899.9055001039524, "_timestamp": 1748523482.8426652, "_runtime": 1.3253722190856934, "_step": 0, "_wandb": {"runtime": 1}}