{"CV_RMSE": 4451.922685625008, "RMSE": 1778.0378913931743, "RMSE_skane": 1568.967011285217, "RMSE_kronoberg": 209.07088010795727, "CV_RMSE_'skane": 2487.791244109752, "CV_RMSE_kronoberg": 1964.1314415152563, "_timestamp": 1748514151.0184834, "_runtime": 1.2661314010620117, "_step": 0, "_wandb": {"runtime": 1}}