{"CV_RMSE": 306.96404790388095, "RMSE": 22.25523933600271, "RMSE_Kalmar": 14.986020524692972, "RMSE_Blekinge": 7.269218811309738, "CV_RMSE_'Kalmar": 145.02600507767391, "CV_RMSE_Blekinge": 161.93804282620704, "_timestamp": 1748477870.1954067, "_runtime": 1.2738096714019775, "_step": 0, "_wandb": {"runtime": 1}}