{"CV_RMSE": 306.6456587972596, "RMSE": 403.6036065234778, "RMSE_STHLM": 354.4973976385628, "RMSE_S\u00f6dermanland": 49.10620888491503, "CV_RMSE_STHLM": 126.25550370981661, "CV_RMSE_S\u00f6dermanland": 180.390155087443, "_timestamp": 1748502445.1588554, "_runtime": 1.2830493450164795, "_step": 0, "_wandb": {"runtime": 1}}