{"CV_RMSE": 3177.894833536896, "RMSE": 216.5926733856048, "RMSE_Kalmar": 130.73131165632228, "RMSE_Blekinge": 85.86136172928252, "CV_RMSE_'Kalmar": 1265.1417257063445, "CV_RMSE_Blekinge": 1912.7531078305512, "_timestamp": 1748473819.2706668, "_runtime": 1.5241539478302002, "_step": 0, "_wandb": {"runtime": 1}}