{"CV_RMSE": 4048.111844263294, "RMSE": 286.6875536715017, "RMSE_Kalmar": 185.59743179211324, "RMSE_Blekinge": 101.09012187938845, "CV_RMSE_'Kalmar": 1796.1041786333537, "CV_RMSE_Blekinge": 2252.0076656299407, "_timestamp": 1748558544.9052672, "_runtime": 1.2956821918487549, "_step": 0, "_wandb": {"runtime": 1}}