{"CV_RMSE": 1105.4729929572916, "RMSE": 447.6075797399002, "RMSE_skane": 396.93035686365573, "RMSE_kronoberg": 50.67722287624448, "CV_RMSE_'skane": 629.3821726167903, "CV_RMSE_kronoberg": 476.09082034050135, "_timestamp": 1748551770.2313788, "_runtime": 1.382781744003296, "_step": 0, "_wandb": {"runtime": 1}}