{"CV_RMSE": 306.86994807882115, "RMSE": 22.24901625284203, "RMSE_Kalmar": 14.982486088743789, "RMSE_Blekinge": 7.266530164098239, "CV_RMSE_'Kalmar": 144.99180085881085, "CV_RMSE_Blekinge": 161.87814722001028, "_timestamp": 1748462129.0756521, "_runtime": 1.2682931423187256, "_step": 0, "_wandb": {"runtime": 1}}