{"CV_RMSE": 262.12024075981435, "RMSE": 427.20501468995894, "RMSE_STHLM": 394.0548213318537, "RMSE_S\u00f6dermanland": 33.15019335810522, "CV_RMSE_STHLM": 140.3440202606523, "CV_RMSE_S\u00f6dermanland": 121.77622049916204, "_timestamp": 1748387102.8641682, "_runtime": 1.2879111766815186, "_step": 0, "_wandb": {"runtime": 1}}