{"CV_RMSE": 468.99941240971623, "RMSE": 453.1492184358107, "RMSE_STHLM": 360.4210226285534, "RMSE_S\u00f6dermanland": 92.72819580725736, "CV_RMSE_STHLM": 128.36522372999528, "CV_RMSE_S\u00f6dermanland": 340.6341886797209, "_timestamp": 1748489379.7351553, "_runtime": 1.2612783908843994, "_step": 0, "_wandb": {"runtime": 1}}