{"CV_RMSE": 2439.613487529592, "RMSE": 613.004590368897, "RMSE_skane": 425.06393193222, "RMSE_kronoberg": 187.940658436677, "CV_RMSE_'skane": 673.9914354104968, "CV_RMSE_kronoberg": 1765.622052119095, "_timestamp": 1748571944.4995482, "_runtime": 1.354135274887085, "_step": 0, "_wandb": {"runtime": 1}}