{"CV_RMSE": 4585.461147166448, "RMSE": 1653.9042398728209, "RMSE_skane": 1402.5270588324083, "RMSE_kronoberg": 251.37718104041252, "CV_RMSE_'skane": 2223.8801144277086, "CV_RMSE_kronoberg": 2361.58103273874, "_timestamp": 1748531860.2302365, "_runtime": 1.3286855220794678, "_step": 0, "_wandb": {"runtime": 1}}