{"CV_RMSE": 4092.285941000124, "RMSE": 238.81859662866293, "RMSE_Kalmar": 97.45626954569966, "RMSE_Blekinge": 141.36232708296328, "CV_RMSE_'Kalmar": 943.1251891519321, "CV_RMSE_Blekinge": 3149.160751848192, "_timestamp": 1748554887.2983189, "_runtime": 1.3109769821166992, "_step": 0, "_wandb": {"runtime": 1}}