{"CV_RMSE": 274.6752405069193, "RMSE": 436.6406666047423, "RMSE_STHLM": 400.718817086729, "RMSE_S\u00f6dermanland": 35.92184951801327, "CV_RMSE_STHLM": 142.71742595095216, "CV_RMSE_S\u00f6dermanland": 131.9578145559671, "_timestamp": 1748510104.9801915, "_runtime": 1.3431694507598877, "_step": 0, "_wandb": {"runtime": 1}}