{"CV_RMSE": 5144.371906700673, "RMSE": 1973.7321203899264, "RMSE_skane": 1715.7235599629828, "RMSE_kronoberg": 258.00856042694375, "CV_RMSE_'skane": 2720.491902689719, "CV_RMSE_kronoberg": 2423.8800040109536, "_timestamp": 1748510644.5605, "_runtime": 1.2956199645996094, "_step": 0, "_wandb": {"runtime": 1}}