{"CV_RMSE": 1743.3693591537335, "RMSE": 2496.611380521876, "RMSE_STHLM": 2239.1163413810687, "RMSE_S\u00f6dermanland": 257.4950391408073, "CV_RMSE_STHLM": 797.469215371176, "CV_RMSE_S\u00f6dermanland": 945.9001437825575, "_timestamp": 1748303260.7213135, "_runtime": 1.303417444229126, "_step": 0, "_wandb": {"runtime": 1}}