{"CV_RMSE": 1014.38036719605, "RMSE": 829.6945685051712, "RMSE_STHLM": 612.9887311883963, "RMSE_S\u00f6dermanland": 216.7058373167749, "CV_RMSE_STHLM": 218.31810766504023, "CV_RMSE_S\u00f6dermanland": 796.0622595310098, "_timestamp": 1748320878.645324, "_runtime": 1.3249609470367432, "_step": 0, "_wandb": {"runtime": 1}}