{"CV_RMSE": 270.8747055248547, "RMSE": 425.5102024156426, "RMSE_STHLM": 389.53903011144007, "RMSE_S\u00f6dermanland": 35.97117230420254, "CV_RMSE_STHLM": 138.73570522370244, "CV_RMSE_S\u00f6dermanland": 132.1390003011522, "_timestamp": 1748541503.5705729, "_runtime": 1.3430609703063965, "_step": 0, "_wandb": {"runtime": 1}}