{"CV_RMSE": 622.0790634975815, "RMSE": 1354.1946367154355, "RMSE_STHLM": 1312.058809467626, "RMSE_S\u00f6dermanland": 42.1358272478097, "CV_RMSE_STHLM": 467.2943919750152, "CV_RMSE_S\u00f6dermanland": 154.78467152256627, "_timestamp": 1748302477.0291002, "_runtime": 1.2931742668151855, "_step": 0, "_wandb": {"runtime": 1}}