{"CV_RMSE": 910.5492681026219, "RMSE": 910.0808335190957, "RMSE_STHLM": 733.3051560770887, "RMSE_S\u00f6dermanland": 176.77567744200707, "CV_RMSE_STHLM": 261.16922851973874, "CV_RMSE_S\u00f6dermanland": 649.3800395828831, "_timestamp": 1748300527.0402498, "_runtime": 1.2972679138183594, "_step": 0, "_wandb": {"runtime": 1}}