{"CV_RMSE": 4423.975899363143, "RMSE": 1785.3124499241085, "RMSE_skane": 1581.297500111604, "RMSE_kronoberg": 204.0149498125044, "CV_RMSE_'skane": 2507.3427591621626, "CV_RMSE_kronoberg": 1916.6331402009807, "_timestamp": 1748525569.322695, "_runtime": 1.2721800804138184, "_step": 0, "_wandb": {"runtime": 1}}