{"CV_RMSE": 306.6661898310256, "RMSE": 22.22561808077506, "RMSE_Kalmar": 14.957288232525203, "RMSE_Blekinge": 7.2683298482498575, "CV_RMSE_'Kalmar": 144.74795063734067, "CV_RMSE_Blekinge": 161.91823919368494, "_timestamp": 1748505993.1588602, "_runtime": 1.2724320888519287, "_step": 0, "_wandb": {"runtime": 1}}