{"CV_RMSE": 3211.942980948016, "RMSE": 154.59897977988464, "RMSE_Kalmar": 18.420414861817875, "RMSE_Blekinge": 136.17856491806677, "CV_RMSE_'Kalmar": 178.26207930791492, "CV_RMSE_Blekinge": 3033.680901640101, "_timestamp": 1748511295.7543075, "_runtime": 2.3461804389953613, "_step": 0, "_wandb": {"runtime": 1}}