{"CV_RMSE": 5001.12895007531, "RMSE": 1930.8822915952085, "RMSE_skane": 1682.5164192899185, "RMSE_kronoberg": 248.36587230528986, "CV_RMSE_'skane": 2667.8378741383485, "CV_RMSE_kronoberg": 2333.291075936961, "_timestamp": 1748539952.7094142, "_runtime": 1.2551522254943848, "_step": 0, "_wandb": {"runtime": 1}}