{"CV_RMSE": 306.9033600030934, "RMSE": 22.250772120991112, "RMSE_Kalmar": 14.982938790099993, "RMSE_Blekinge": 7.267833330891119, "CV_RMSE_'Kalmar": 144.99618183967735, "CV_RMSE_Blekinge": 161.90717816341603, "_timestamp": 1748491340.3549056, "_runtime": 1.3047935962677002, "_step": 0, "_wandb": {"runtime": 1}}