{"CV_RMSE": 616.3883591010854, "RMSE": 634.2906668172675, "RMSE_STHLM": 516.5799905529473, "RMSE_S\u00f6dermanland": 117.71067626432026, "CV_RMSE_STHLM": 183.98179323215376, "CV_RMSE_S\u00f6dermanland": 432.4065658689316, "_timestamp": 1748381524.9276128, "_runtime": 1.3285207748413086, "_step": 0, "_wandb": {"runtime": 1}}