{"CV_RMSE": 502.23021805817655, "RMSE": 622.3597093607559, "RMSE_STHLM": 537.7809063911185, "RMSE_S\u00f6dermanland": 84.5788029696374, "CV_RMSE_STHLM": 191.53257449624323, "CV_RMSE_S\u00f6dermanland": 310.6976435619333, "_timestamp": 1748340677.8227367, "_runtime": 1.352677822113037, "_step": 0, "_wandb": {"runtime": 1}}