{"CV_RMSE": 4027.7592887582814, "RMSE": 268.18866423935526, "RMSE_Kalmar": 154.50557661832315, "RMSE_Blekinge": 113.68308762103209, "CV_RMSE_'Kalmar": 1495.2152575966754, "CV_RMSE_Blekinge": 2532.5440311616057, "_timestamp": 1748536358.3408203, "_runtime": 1.3509373664855957, "_step": 0, "_wandb": {"runtime": 1}}