{"CV_RMSE": 1459.4127958257382, "RMSE": 494.1332595194828, "RMSE_skane": 407.57827552656164, "RMSE_kronoberg": 86.55498399292117, "CV_RMSE_'skane": 646.2657645770005, "CV_RMSE_kronoberg": 813.1470312487376, "_timestamp": 1748507152.7857041, "_runtime": 1.3534400463104248, "_step": 0, "_wandb": {"runtime": 1}}