{"CV_RMSE": 1113.3862959254461, "RMSE": 84.83913949583292, "RMSE_Kalmar": 61.635424265951194, "RMSE_Blekinge": 23.20371522988173, "CV_RMSE_'Kalmar": 596.4718477350116, "CV_RMSE_Blekinge": 516.9144481904347, "_timestamp": 1748568966.1312206, "_runtime": 1.3690626621246338, "_step": 0, "_wandb": {"runtime": 1}}