{"CV_RMSE": 2784.797757740434, "RMSE": 1500.8938391444085, "RMSE_skane": 1449.0373113132098, "RMSE_kronoberg": 51.85652783119868, "CV_RMSE_'skane": 2297.6278720611144, "CV_RMSE_kronoberg": 487.1698856793196, "_timestamp": 1748507399.1525881, "_runtime": 1.3499541282653809, "_step": 0, "_wandb": {"runtime": 1}}