{"CV_RMSE": 4748.847981601384, "RMSE": 1842.9601613192403, "RMSE_skane": 1609.0481631880866, "RMSE_kronoberg": 233.91199813115378, "CV_RMSE_'skane": 2551.3448676343864, "CV_RMSE_kronoberg": 2197.503113966998, "_timestamp": 1748579468.9645228, "_runtime": 1.2909488677978516, "_step": 0, "_wandb": {"runtime": 1}}