{"CV_RMSE": 433.28996644324695, "RMSE": 569.9864298470972, "RMSE_STHLM": 500.5666665823071, "RMSE_S\u00f6dermanland": 69.41976326479009, "CV_RMSE_STHLM": 178.27859118483434, "CV_RMSE_S\u00f6dermanland": 255.01137525841258, "_timestamp": 1748345607.8153584, "_runtime": 1.3237943649291992, "_step": 0, "_wandb": {"runtime": 1}}