{"CV_RMSE": 279.34867941422544, "RMSE": 100.63999694643687, "RMSE_skane": 85.3022700306051, "RMSE_kronoberg": 15.33772691583177, "CV_RMSE_'skane": 135.2572992028622, "CV_RMSE_kronoberg": 144.0913802113632, "_timestamp": 1748559344.5933502, "_runtime": 1.3364851474761963, "_step": 0, "_wandb": {"runtime": 1}}