{"CV_RMSE": 274.0678495518679, "RMSE": 435.6673598223735, "RMSE_STHLM": 399.82411129064144, "RMSE_S\u00f6dermanland": 35.84324853173208, "CV_RMSE_STHLM": 142.39877331285211, "CV_RMSE_S\u00f6dermanland": 131.6690762390158, "_timestamp": 1748329939.1503496, "_runtime": 1.299797534942627, "_step": 0, "_wandb": {"runtime": 1}}