{"CV_RMSE": 375.73737011297635, "RMSE": 447.1837370623559, "RMSE_STHLM": 381.9287814312108, "RMSE_S\u00f6dermanland": 65.25495563114511, "CV_RMSE_STHLM": 136.02528820264732, "CV_RMSE_S\u00f6dermanland": 239.712081910329, "_timestamp": 1748477346.9727135, "_runtime": 1.8381235599517822, "_step": 0, "_wandb": {"runtime": 1}}