{"CV_RMSE": 1138.6104830555455, "RMSE": 1895.4822886827694, "RMSE_STHLM": 1755.752526991084, "RMSE_S\u00f6dermanland": 139.72976169168535, "CV_RMSE_STHLM": 625.3174809228238, "CV_RMSE_S\u00f6dermanland": 513.2930021327218, "_timestamp": 1748356844.585612, "_runtime": 1.3062961101531982, "_step": 0, "_wandb": {"runtime": 1}}