{"CV_RMSE": 1815.6805859741307, "RMSE": 2591.4626133333086, "RMSE_STHLM": 2322.352875410736, "RMSE_S\u00f6dermanland": 269.1097379225725, "CV_RMSE_STHLM": 827.1142017687623, "CV_RMSE_S\u00f6dermanland": 988.5663842053684, "_timestamp": 1748363935.550875, "_runtime": 1.3370120525360107, "_step": 0, "_wandb": {"runtime": 1}}