{"CV_RMSE": 1365.7003868935988, "RMSE": 2327.99957705218, "RMSE_STHLM": 2166.2498018590627, "RMSE_S\u00f6dermanland": 161.74977519311747, "CV_RMSE_STHLM": 771.5175392454121, "CV_RMSE_S\u00f6dermanland": 594.1828476481867, "_timestamp": 1748373358.302944, "_runtime": 1.3195929527282715, "_step": 0, "_wandb": {"runtime": 1}}