{"CV_RMSE": 958.0713423486675, "RMSE": 1152.1141720120843, "RMSE_STHLM": 986.9982093139, "RMSE_S\u00f6dermanland": 165.1159626981842, "CV_RMSE_STHLM": 351.52290794717453, "CV_RMSE_S\u00f6dermanland": 606.548434401493, "_timestamp": 1748377514.524616, "_runtime": 1.3104159832000732, "_step": 0, "_wandb": {"runtime": 1}}