{"CV_RMSE": 1039.9503916565095, "RMSE": 731.5195906357162, "RMSE_STHLM": 496.5654485599325, "RMSE_S\u00f6dermanland": 234.9541420757837, "CV_RMSE_STHLM": 176.85354321485528, "CV_RMSE_S\u00f6dermanland": 863.0968484416543, "_timestamp": 1748333083.7047112, "_runtime": 1.289182186126709, "_step": 0, "_wandb": {"runtime": 1}}