{"CV_RMSE": 508.62252469598263, "RMSE": 651.0509199079153, "RMSE_STHLM": 567.6255101613684, "RMSE_S\u00f6dermanland": 83.42540974654686, "CV_RMSE_STHLM": 202.16183583111658, "CV_RMSE_S\u00f6dermanland": 306.46068886486603, "_timestamp": 1748382720.1237652, "_runtime": 1.3507821559906006, "_step": 0, "_wandb": {"runtime": 1}}