{"CV_RMSE": 265.01630664228526, "RMSE": 424.3855957004792, "RMSE_STHLM": 390.05968916874156, "RMSE_S\u00f6dermanland": 34.325906531737644, "CV_RMSE_STHLM": 138.92113979100412, "CV_RMSE_S\u00f6dermanland": 126.09516685128115, "_timestamp": 1748481723.0748377, "_runtime": 1.267897605895996, "_step": 0, "_wandb": {"runtime": 1}}