{"CV_RMSE": 4043.072341693362, "RMSE": 1616.8910867750017, "RMSE_skane": 1427.4556489812921, "RMSE_kronoberg": 189.43543779370953, "CV_RMSE_'skane": 2263.4074772430636, "CV_RMSE_kronoberg": 1779.6648644502984, "_timestamp": 1748508897.846459, "_runtime": 1.358245849609375, "_step": 0, "_wandb": {"runtime": 1}}