{"CV_RMSE": 2774.7904905671667, "RMSE": 167.3393519623143, "RMSE_Kalmar": 75.64133772891314, "RMSE_Blekinge": 91.69801423340115, "CV_RMSE_'Kalmar": 732.0129457636755, "CV_RMSE_Blekinge": 2042.777544803491, "_timestamp": 1748541925.230347, "_runtime": 1.3020188808441162, "_step": 0, "_wandb": {"runtime": 1}}