{"CV_RMSE": 562.1849218554993, "RMSE": 138.6967057342795, "RMSE_skane": 94.86697016553852, "RMSE_kronoberg": 43.829735568740986, "CV_RMSE_'skane": 150.42331421597015, "CV_RMSE_kronoberg": 411.76160763952913, "_timestamp": 1748531388.6392093, "_runtime": 1.4464373588562012, "_step": 0, "_wandb": {"runtime": 1}}