{"CV_RMSE": 304.74868106524787, "RMSE": 22.035902453605438, "RMSE_Kalmar": 14.774045012007305, "RMSE_Blekinge": 7.261857441598135, "CV_RMSE_'Kalmar": 142.97462914845778, "CV_RMSE_Blekinge": 161.7740519167901, "_timestamp": 1748463205.5756028, "_runtime": 1.275120735168457, "_step": 0, "_wandb": {"runtime": 1}}