{"CV_RMSE": 1047.9138252135454, "RMSE": 1192.825947302673, "RMSE_STHLM": 1004.9979959360139, "RMSE_S\u00f6dermanland": 187.82795136665916, "CV_RMSE_STHLM": 357.9335957033686, "CV_RMSE_S\u00f6dermanland": 689.9802295101766, "_timestamp": 1748333727.2683864, "_runtime": 1.2730624675750732, "_step": 0, "_wandb": {"runtime": 1}}