{"CV_RMSE": 2668.0032702683015, "RMSE": 172.03642749271413, "RMSE_Kalmar": 92.42135813451857, "RMSE_Blekinge": 79.61506935819556, "CV_RMSE_'Kalmar": 894.40024001147, "CV_RMSE_Blekinge": 1773.6030302568315, "_timestamp": 1748487910.176186, "_runtime": 1.349297046661377, "_step": 0, "_wandb": {"runtime": 1}}