{"CV_RMSE": 4158.57965870746, "RMSE": 1700.3543513321501, "RMSE_skane": 1513.0746470403326, "RMSE_kronoberg": 187.2797042918175, "CV_RMSE_'skane": 2399.166987907504, "CV_RMSE_kronoberg": 1759.4126707999558, "_timestamp": 1748532475.878044, "_runtime": 1.3639187812805176, "_step": 0, "_wandb": {"runtime": 1}}