{"CV_RMSE": 717.0006837942659, "RMSE": 951.6079352908117, "RMSE_STHLM": 837.6356261002076, "RMSE_S\u00f6dermanland": 113.97230919060421, "CV_RMSE_STHLM": 298.3268949308219, "CV_RMSE_S\u00f6dermanland": 418.67378886344403, "_timestamp": 1748305847.0866766, "_runtime": 1.2797706127166748, "_step": 0, "_wandb": {"runtime": 1}}