{"CV_RMSE": 306.15136842898994, "RMSE": 22.190410765581085, "RMSE_Kalmar": 14.935899020231005, "RMSE_Blekinge": 7.25451174535008, "CV_RMSE_'Kalmar": 144.54095826030004, "CV_RMSE_Blekinge": 161.6104101686899, "_timestamp": 1748499866.9139209, "_runtime": 1.3201239109039307, "_step": 0, "_wandb": {"runtime": 1}}