{"CV_RMSE": 272.30018785471896, "RMSE": 433.65418637534344, "RMSE_STHLM": 398.12765861805883, "RMSE_S\u00f6dermanland": 35.52652775728459, "CV_RMSE_STHLM": 141.79457568510207, "CV_RMSE_S\u00f6dermanland": 130.50561216961685, "_timestamp": 1748302175.2528977, "_runtime": 1.3299758434295654, "_step": 0, "_wandb": {"runtime": 1}}