{"CV_RMSE": 301.2197706358872, "RMSE": 21.925466375352293, "RMSE_Kalmar": 14.858863823063617, "RMSE_Blekinge": 7.0666025522886775, "CV_RMSE_'Kalmar": 143.79545635222854, "CV_RMSE_Blekinge": 157.42431428365865, "_timestamp": 1748458442.790808, "_runtime": 1.326725959777832, "_step": 0, "_wandb": {"runtime": 1}}