{"CV_RMSE": 3943.8290065381525, "RMSE": 246.79871790973604, "RMSE_Kalmar": 123.34808503759523, "RMSE_Blekinge": 123.45063287214082, "CV_RMSE_'Kalmar": 1193.691145525115, "CV_RMSE_Blekinge": 2750.1378610130378, "_timestamp": 1748519363.5273967, "_runtime": 1.3834266662597656, "_step": 0, "_wandb": {"runtime": 1}}