{"CV_RMSE": 263.4451941263602, "RMSE": 409.4438308462711, "RMSE_STHLM": 373.98735667160037, "RMSE_S\u00f6dermanland": 35.456474174670724, "CV_RMSE_STHLM": 133.19692164797797, "CV_RMSE_S\u00f6dermanland": 130.24827247838226, "_timestamp": 1748542200.8808985, "_runtime": 1.2647414207458496, "_step": 0, "_wandb": {"runtime": 1}}