{"CV_RMSE": 571.5622709506897, "RMSE": 739.6170962349117, "RMSE_STHLM": 646.7272307855796, "RMSE_S\u00f6dermanland": 92.88986544933208, "CV_RMSE_STHLM": 230.33419378987801, "CV_RMSE_S\u00f6dermanland": 341.2280771608117, "_timestamp": 1748384418.3413153, "_runtime": 1.3123092651367188, "_step": 0, "_wandb": {"runtime": 1}}