{"CV_RMSE": 4877.641466882935, "RMSE": 1923.4698211946873, "RMSE_skane": 1689.41241779603, "RMSE_kronoberg": 234.0574033986573, "CV_RMSE_'skane": 2678.772332657553, "CV_RMSE_kronoberg": 2198.869134225382, "_timestamp": 1748577991.2064948, "_runtime": 1.2402658462524414, "_step": 0, "_wandb": {"runtime": 1}}