{"CV_RMSE": 1245.4550336570649, "RMSE": 1692.3683143882465, "RMSE_STHLM": 1498.6237044749223, "RMSE_S\u00f6dermanland": 193.74460991332424, "CV_RMSE_STHLM": 533.7401400979146, "CV_RMSE_S\u00f6dermanland": 711.7148935591503, "_timestamp": 1748310909.9015784, "_runtime": 1.2802095413208008, "_step": 0, "_wandb": {"runtime": 1}}