{"CV_RMSE": 306.3809408972962, "RMSE": 22.22401716444533, "RMSE_Kalmar": 14.977096863640735, "RMSE_Blekinge": 7.246920300804591, "CV_RMSE_'Kalmar": 144.939647067491, "CV_RMSE_Blekinge": 161.44129382980526, "_timestamp": 1748477557.6734228, "_runtime": 1.2690176963806152, "_step": 0, "_wandb": {"runtime": 1}}