{"CV_RMSE": 306.86725553653304, "RMSE": 22.07801025480849, "RMSE_Kalmar": 14.68035077789625, "RMSE_Blekinge": 7.397659476912239, "CV_RMSE_'Kalmar": 142.06791075383467, "CV_RMSE_Blekinge": 164.79934478269837, "_timestamp": 1748488944.6371882, "_runtime": 1.3686633110046387, "_step": 0, "_wandb": {"runtime": 1}}