{"CV_RMSE": 306.83018464002475, "RMSE": 22.24409319755394, "RMSE_Kalmar": 14.97693770396628, "RMSE_Blekinge": 7.267155493587659, "CV_RMSE_'Kalmar": 144.9381068125769, "CV_RMSE_Blekinge": 161.89207782744788, "_timestamp": 1748541068.2577698, "_runtime": 1.3162648677825928, "_step": 0, "_wandb": {"runtime": 1}}