{"CV_RMSE": 274.00814048097675, "RMSE": 435.3019331805821, "RMSE_STHLM": 399.4374509390973, "RMSE_S\u00f6dermanland": 35.86448224148482, "CV_RMSE_STHLM": 142.26106285919573, "CV_RMSE_S\u00f6dermanland": 131.747077621781, "_timestamp": 1748483446.6946259, "_runtime": 1.2569849491119385, "_step": 0, "_wandb": {"runtime": 1}}