{"CV_RMSE": 1298.8046801692683, "RMSE": 93.24730176106715, "RMSE_Kalmar": 61.785598079200355, "RMSE_Blekinge": 31.461703681866787, "CV_RMSE_'Kalmar": 597.9251427019389, "CV_RMSE_Blekinge": 700.8795374673294, "_timestamp": 1748516134.8091984, "_runtime": 1.3967692852020264, "_step": 0, "_wandb": {"runtime": 1}}