{"CV_RMSE": 1331.604249302315, "RMSE": 1919.106541105, "RMSE_STHLM": 1723.73543754421, "RMSE_S\u00f6dermanland": 195.3711035607899, "CV_RMSE_STHLM": 613.9144811198215, "CV_RMSE_S\u00f6dermanland": 717.6897681824935, "_timestamp": 1748298514.2841582, "_runtime": 1.2473342418670654, "_step": 0, "_wandb": {"runtime": 1}}