{"CV_RMSE": 1254.0241861096774, "RMSE": 1682.2690872525993, "RMSE_STHLM": 1484.8570460391925, "RMSE_S\u00f6dermanland": 197.41204121340678, "CV_RMSE_STHLM": 528.837095937979, "CV_RMSE_S\u00f6dermanland": 725.1870901716984, "_timestamp": 1748382148.7544007, "_runtime": 1.2817838191986084, "_step": 0, "_wandb": {"runtime": 1}}