{"CV_RMSE": 314.29221590858396, "RMSE": 23.104293300279377, "RMSE_Kalmar": 15.905590106076305, "RMSE_Blekinge": 7.1987031942030715, "CV_RMSE_'Kalmar": 153.92506554267393, "CV_RMSE_Blekinge": 160.36715036591002, "_timestamp": 1748507667.2836857, "_runtime": 1.2955827713012695, "_step": 0, "_wandb": {"runtime": 1}}