{"CV_RMSE": 251.83992751222343, "RMSE": 389.4117356969763, "RMSE_STHLM": 355.30296707269594, "RMSE_S\u00f6dermanland": 34.10876862428034, "CV_RMSE_STHLM": 126.54241011690792, "CV_RMSE_S\u00f6dermanland": 125.29751739531552, "_timestamp": 1748456301.9355524, "_runtime": 1.3164334297180176, "_step": 0, "_wandb": {"runtime": 1}}