{"CV_RMSE": 2789.953890892089, "RMSE": 208.18499526113396, "RMSE_Kalmar": 146.65545721371265, "RMSE_Blekinge": 61.52953804742132, "CV_RMSE_'Kalmar": 1419.246360132703, "CV_RMSE_Blekinge": 1370.707530759386, "_timestamp": 1748563628.8358238, "_runtime": 1.307051658630371, "_step": 0, "_wandb": {"runtime": 1}}