{"CV_RMSE": 303.6687937325911, "RMSE": 21.935750202805746, "RMSE_Kalmar": 14.68267638704583, "RMSE_Blekinge": 7.253073815759916, "CV_RMSE_'Kalmar": 142.09041664883063, "CV_RMSE_Blekinge": 161.5783770837605, "_timestamp": 1748486364.195918, "_runtime": 1.4324581623077393, "_step": 0, "_wandb": {"runtime": 1}}