{"CV_RMSE": 306.89685943946984, "RMSE": 22.250037701432287, "RMSE_Kalmar": 14.98215621723503, "RMSE_Blekinge": 7.267881484197257, "CV_RMSE_'Kalmar": 144.98860855388736, "CV_RMSE_Blekinge": 161.90825088558248, "_timestamp": 1748522761.9119189, "_runtime": 1.366541862487793, "_step": 0, "_wandb": {"runtime": 1}}