{"CV_RMSE": 257.64768244188207, "RMSE": 403.41423566227996, "RMSE_STHLM": 369.0580637120058, "RMSE_S\u00f6dermanland": 34.35617195027417, "CV_RMSE_STHLM": 131.4413365020994, "CV_RMSE_S\u00f6dermanland": 126.20634593978265, "_timestamp": 1748479642.4379542, "_runtime": 1.308535099029541, "_step": 0, "_wandb": {"runtime": 1}}