{"CV_RMSE": 4178.358614802562, "RMSE": 1710.5246268031954, "RMSE_skane": 1522.777160870781, "RMSE_kronoberg": 187.7474659324144, "CV_RMSE_'skane": 2414.5515235794624, "CV_RMSE_kronoberg": 1763.8070912231, "_timestamp": 1748509495.97246, "_runtime": 1.3342559337615967, "_step": 0, "_wandb": {"runtime": 1}}