{"CV_RMSE": 4722.431177449819, "RMSE": 1891.4235532373343, "RMSE_skane": 1670.735039414663, "RMSE_kronoberg": 220.68851382267113, "CV_RMSE_'skane": 2649.157039241009, "CV_RMSE_kronoberg": 2073.27413820881, "_timestamp": 1748548184.299163, "_runtime": 1.2516260147094727, "_step": 0, "_wandb": {"runtime": 1}}