{"CV_RMSE": 1575.5346085663823, "RMSE": 2355.5490638896185, "RMSE_STHLM": 2133.5028370929904, "RMSE_S\u00f6dermanland": 222.0462267966281, "CV_RMSE_STHLM": 759.8545917624423, "CV_RMSE_S\u00f6dermanland": 815.68001680394, "_timestamp": 1748371799.7898304, "_runtime": 1.3429293632507324, "_step": 0, "_wandb": {"runtime": 1}}