{"CV_RMSE": 1162.5844195415189, "RMSE": 1429.9564257977954, "RMSE_STHLM": 1233.0199855329042, "RMSE_S\u00f6dermanland": 196.9364402648912, "CV_RMSE_STHLM": 439.1444348949798, "CV_RMSE_S\u00f6dermanland": 723.4399846465392, "_timestamp": 1748314564.1672373, "_runtime": 1.3021233081817627, "_step": 0, "_wandb": {"runtime": 1}}