{"CV_RMSE": 265.1655497747706, "RMSE": 413.98367895406415, "RMSE_STHLM": 378.49601309593, "RMSE_S\u00f6dermanland": 35.48766585813417, "CV_RMSE_STHLM": 134.80269560203283, "CV_RMSE_S\u00f6dermanland": 130.3628541727378, "_timestamp": 1748472710.2386646, "_runtime": 1.4449477195739746, "_step": 0, "_wandb": {"runtime": 1}}