{"CV_RMSE": 984.8221688959301, "RMSE": 827.9410907082298, "RMSE_STHLM": 619.9572721305499, "RMSE_S\u00f6dermanland": 207.98381857767993, "CV_RMSE_STHLM": 220.79997820241192, "CV_RMSE_S\u00f6dermanland": 764.0221906935182, "_timestamp": 1748377115.57428, "_runtime": 1.294119119644165, "_step": 0, "_wandb": {"runtime": 1}}