{"CV_RMSE": 274.5626923792681, "RMSE": 436.20227023471165, "RMSE_STHLM": 400.267281089889, "RMSE_S\u00f6dermanland": 35.9349891448226, "CV_RMSE_STHLM": 142.55660980645038, "CV_RMSE_S\u00f6dermanland": 132.00608257281772, "_timestamp": 1748439338.195484, "_runtime": 1.2569420337677002, "_step": 0, "_wandb": {"runtime": 1}}