{"CV_RMSE": 4233.473754386429, "RMSE": 307.57620051166845, "RMSE_Kalmar": 207.8183437441055, "RMSE_Blekinge": 99.75785676756294, "CV_RMSE_'Kalmar": 2011.1452620397306, "CV_RMSE_Blekinge": 2222.328492346699, "_timestamp": 1748477391.8466418, "_runtime": 1.8962128162384033, "_step": 0, "_wandb": {"runtime": 1}}