{"CV_RMSE": 238.21778551658366, "RMSE": 354.49589342622875, "RMSE_STHLM": 320.7448661696233, "RMSE_S\u00f6dermanland": 33.75102725660543, "CV_RMSE_STHLM": 114.23442008415552, "CV_RMSE_S\u00f6dermanland": 123.98336543242813, "_timestamp": 1748331572.646812, "_runtime": 1.286970853805542, "_step": 0, "_wandb": {"runtime": 1}}