{"CV_RMSE": 261.83956938886723, "RMSE": 408.312417262563, "RMSE_STHLM": 373.2184855283175, "RMSE_S\u00f6dermanland": 35.093931734245494, "CV_RMSE_STHLM": 132.9230854671491, "CV_RMSE_S\u00f6dermanland": 128.91648392171814, "_timestamp": 1748460833.689502, "_runtime": 1.3971819877624512, "_step": 0, "_wandb": {"runtime": 1}}