{"CV_RMSE": 1495.5571543438887, "RMSE": 646.394785698503, "RMSE_skane": 586.1282484504914, "RMSE_kronoberg": 60.26653724801167, "CV_RMSE_'skane": 929.3788294669524, "CV_RMSE_kronoberg": 566.1783248769364, "_timestamp": 1748557761.6462553, "_runtime": 1.4871573448181152, "_step": 0, "_wandb": {"runtime": 1}}