{"CV_RMSE": 275.36532310277016, "RMSE": 436.8597729991384, "RMSE_STHLM": 400.75342278662424, "RMSE_S\u00f6dermanland": 36.10635021251414, "CV_RMSE_STHLM": 142.72975089353454, "CV_RMSE_S\u00f6dermanland": 132.6355722092356, "_timestamp": 1748299778.1147196, "_runtime": 1.2892365455627441, "_step": 0, "_wandb": {"runtime": 1}}