{"CV_RMSE": 272.91687999024737, "RMSE": 433.8595557767809, "RMSE_STHLM": 398.16917594116796, "RMSE_S\u00f6dermanland": 35.690379835612916, "CV_RMSE_STHLM": 141.80936222677136, "CV_RMSE_S\u00f6dermanland": 131.107517763476, "_timestamp": 1748466902.0612972, "_runtime": 1.3375372886657715, "_step": 0, "_wandb": {"runtime": 1}}