{"CV_RMSE": 275.15842105462673, "RMSE": 436.9254720761816, "RMSE_STHLM": 400.8885457647408, "RMSE_S\u00f6dermanland": 36.03692631144082, "CV_RMSE_STHLM": 142.77787542076246, "CV_RMSE_S\u00f6dermanland": 132.38054563386424, "_timestamp": 1748556555.8933876, "_runtime": 1.320800542831421, "_step": 0, "_wandb": {"runtime": 1}}