{"CV_RMSE": 1738.8507540950172, "RMSE": 2501.1390660567718, "RMSE_STHLM": 2245.4922549962894, "RMSE_S\u00f6dermanland": 255.6468110604823, "CV_RMSE_STHLM": 799.7400195871232, "CV_RMSE_S\u00f6dermanland": 939.1107345078941, "_timestamp": 1748338806.671788, "_runtime": 1.2657649517059326, "_step": 0, "_wandb": {"runtime": 1}}