{"CV_RMSE": 4316.783229682431, "RMSE": 1697.4908842640532, "RMSE_skane": 1489.3704796702434, "RMSE_kronoberg": 208.12040459380984, "CV_RMSE_'skane": 2361.5810988428807, "CV_RMSE_kronoberg": 1955.2021308395497, "_timestamp": 1748537138.1311643, "_runtime": 1.2803714275360107, "_step": 0, "_wandb": {"runtime": 1}}