{"CV_RMSE": 305.8890145984816, "RMSE": 22.18742980985212, "RMSE_Kalmar": 14.951450558411647, "RMSE_Blekinge": 7.235979251440473, "CV_RMSE_'Kalmar": 144.69145701688691, "CV_RMSE_Blekinge": 161.19755758159468, "_timestamp": 1748482131.567561, "_runtime": 1.3244948387145996, "_step": 0, "_wandb": {"runtime": 1}}