{"CV_RMSE": 854.4225580694093, "RMSE": 1282.6310765746705, "RMSE_STHLM": 1162.7724390956425, "RMSE_S\u00f6dermanland": 119.85863747902792, "CV_RMSE_STHLM": 414.1255224321639, "CV_RMSE_S\u00f6dermanland": 440.2970356372454, "_timestamp": 1748319569.9063556, "_runtime": 1.2766125202178955, "_step": 0, "_wandb": {"runtime": 1}}