{"CV_RMSE": 306.90697892367683, "RMSE": 22.24989237409448, "RMSE_Kalmar": 14.981096123778393, "RMSE_Blekinge": 7.268796250316084, "CV_RMSE_'Kalmar": 144.97834958495218, "CV_RMSE_Blekinge": 161.92862933872465, "_timestamp": 1748502021.34565, "_runtime": 1.5338189601898193, "_step": 0, "_wandb": {"runtime": 1}}