{"CV_RMSE": 272.35413409283524, "RMSE": 433.80730230878163, "RMSE_STHLM": 398.2809513642888, "RMSE_S\u00f6dermanland": 35.526350944492826, "CV_RMSE_STHLM": 141.84917143959632, "CV_RMSE_S\u00f6dermanland": 130.50496265323895, "_timestamp": 1748463625.0821636, "_runtime": 1.2676336765289307, "_step": 0, "_wandb": {"runtime": 1}}