{"CV_RMSE": 306.8617727590514, "RMSE": 22.248233402404583, "RMSE_Kalmar": 14.981750806315077, "RMSE_Blekinge": 7.266482596089507, "CV_RMSE_'Kalmar": 144.98468522240395, "CV_RMSE_Blekinge": 161.87708753664745, "_timestamp": 1748534612.0340004, "_runtime": 1.3417603969573975, "_step": 0, "_wandb": {"runtime": 1}}