{"CV_RMSE": 3682.3446930839887, "RMSE": 245.20987076999575, "RMSE_Kalmar": 141.2919455554178, "RMSE_Blekinge": 103.91792521457792, "CV_RMSE_'Kalmar": 1367.3414086008174, "CV_RMSE_Blekinge": 2315.0032844831712, "_timestamp": 1748570487.4299364, "_runtime": 1.3878483772277832, "_step": 0, "_wandb": {"runtime": 1}}