{"CV_RMSE": 3122.5913522880064, "RMSE": 185.15315576459574, "RMSE_Kalmar": 79.53356376595195, "RMSE_Blekinge": 105.6195919986438, "CV_RMSE_'Kalmar": 769.679649347922, "CV_RMSE_Blekinge": 2352.9117029400845, "_timestamp": 1748534490.7496448, "_runtime": 1.3679218292236328, "_step": 0, "_wandb": {"runtime": 1}}