{"CV_RMSE": 410.1379655840148, "RMSE": 411.02654811652326, "RMSE_STHLM": 331.51967660865785, "RMSE_S\u00f6dermanland": 79.5068715078654, "CV_RMSE_STHLM": 118.07190698369294, "CV_RMSE_S\u00f6dermanland": 292.06605860032187, "_timestamp": 1748317646.0323136, "_runtime": 1.2914416790008545, "_step": 0, "_wandb": {"runtime": 1}}