{"CV_RMSE": 306.9232471319423, "RMSE": 22.253842699305903, "RMSE_Kalmar": 14.986789391799125, "RMSE_Blekinge": 7.267053307506779, "CV_RMSE_'Kalmar": 145.0334457270883, "CV_RMSE_Blekinge": 161.88980140485398, "_timestamp": 1748496413.9539258, "_runtime": 1.2682757377624512, "_step": 0, "_wandb": {"runtime": 1}}