{"CV_RMSE": 4505.112807565603, "RMSE": 1688.7954607121649, "RMSE_skane": 1454.7922818449213, "RMSE_kronoberg": 234.00317886724363, "CV_RMSE_'skane": 2306.7530896061116, "CV_RMSE_kronoberg": 2198.3597179594913, "_timestamp": 1748565017.3475523, "_runtime": 1.2858493328094482, "_step": 0, "_wandb": {"runtime": 1}}