{"CV_RMSE": 1268.047277974322, "RMSE": 1772.8246474841637, "RMSE_STHLM": 1580.9075885043146, "RMSE_S\u00f6dermanland": 191.9170589798492, "CV_RMSE_STHLM": 563.0458368238556, "CV_RMSE_S\u00f6dermanland": 705.0014411504665, "_timestamp": 1748297099.505543, "_runtime": 1.280993938446045, "_step": 0, "_wandb": {"runtime": 1}}