{"CV_RMSE": 263.9334133895219, "RMSE": 427.5223447097768, "RMSE_STHLM": 393.85964229369534, "RMSE_S\u00f6dermanland": 33.662702416081444, "CV_RMSE_STHLM": 140.274506554937, "CV_RMSE_S\u00f6dermanland": 123.6589068345849, "_timestamp": 1748428302.0500717, "_runtime": 1.246091604232788, "_step": 0, "_wandb": {"runtime": 1}}