{"CV_RMSE": 275.4819355405936, "RMSE": 437.12344996393136, "RMSE_STHLM": 401.0102559795279, "RMSE_S\u00f6dermanland": 36.11319398440342, "CV_RMSE_STHLM": 142.82122294482593, "CV_RMSE_S\u00f6dermanland": 132.66071259576768, "_timestamp": 1748478097.5617537, "_runtime": 1.2718076705932617, "_step": 0, "_wandb": {"runtime": 1}}