{"CV_RMSE": 2982.7919740717825, "RMSE": 191.34808279013384, "RMSE_Kalmar": 101.58192912023028, "RMSE_Blekinge": 89.76615366990356, "CV_RMSE_'Kalmar": 983.0509269699705, "CV_RMSE_Blekinge": 1999.741047101812, "_timestamp": 1748500709.973665, "_runtime": 1.2956349849700928, "_step": 0, "_wandb": {"runtime": 1}}