{"CV_RMSE": 2854.552068183193, "RMSE": 1126.253090471653, "RMSE_skane": 989.3923440083944, "RMSE_kronoberg": 136.86074646325852, "CV_RMSE_'skane": 1568.8039281317035, "CV_RMSE_kronoberg": 1285.7481400514894, "_timestamp": 1748510168.8400285, "_runtime": 1.3491594791412354, "_step": 0, "_wandb": {"runtime": 1}}