{"CV_RMSE": 3641.2625462364936, "RMSE": 242.05436355738146, "RMSE_Kalmar": 138.97335426770331, "RMSE_Blekinge": 103.08100928967815, "CV_RMSE_'Kalmar": 1344.9034283971287, "CV_RMSE_Blekinge": 2296.359117839365, "_timestamp": 1748507766.5519702, "_runtime": 1.3728413581848145, "_step": 0, "_wandb": {"runtime": 1}}