{"CV_RMSE": 305.3694525827737, "RMSE": 22.139947843652863, "RMSE_Kalmar": 14.908735261295883, "RMSE_Blekinge": 7.231212582356978, "CV_RMSE_'Kalmar": 144.2780831738311, "CV_RMSE_Blekinge": 161.0913694089426, "_timestamp": 1748537985.5836399, "_runtime": 1.365095853805542, "_step": 0, "_wandb": {"runtime": 1}}