{"CV_RMSE": 469.28467444971244, "RMSE": 798.7642281832685, "RMSE_STHLM": 743.0559465066092, "RMSE_S\u00f6dermanland": 55.70828167665936, "CV_RMSE_STHLM": 264.6420070660658, "CV_RMSE_S\u00f6dermanland": 204.64266738364665, "_timestamp": 1748341684.687005, "_runtime": 1.352025032043457, "_step": 0, "_wandb": {"runtime": 1}}