{"CV_RMSE": 274.0335877968798, "RMSE": 435.1054645848624, "RMSE_STHLM": 399.2122180331519, "RMSE_S\u00f6dermanland": 35.89324655171052, "CV_RMSE_STHLM": 142.1808453620248, "CV_RMSE_S\u00f6dermanland": 131.85274243485497, "_timestamp": 1748448628.5567236, "_runtime": 1.2465577125549316, "_step": 0, "_wandb": {"runtime": 1}}