{"CV_RMSE": 306.02279543026884, "RMSE": 22.195096700421924, "RMSE_Kalmar": 14.954388399550249, "RMSE_Blekinge": 7.240708300871675, "CV_RMSE_'Kalmar": 144.71988773758304, "CV_RMSE_Blekinge": 161.3029076926858, "_timestamp": 1748532352.8893797, "_runtime": 1.3798906803131104, "_step": 0, "_wandb": {"runtime": 1}}