{"CV_RMSE": 506.0246820450561, "RMSE": 546.688509421069, "RMSE_STHLM": 452.84166226118043, "RMSE_S\u00f6dermanland": 93.8468471598886, "CV_RMSE_STHLM": 161.28116186587354, "CV_RMSE_S\u00f6dermanland": 344.7435201791826, "_timestamp": 1748392116.220254, "_runtime": 1.2855758666992188, "_step": 0, "_wandb": {"runtime": 1}}