{"CV_RMSE": 1081.0985123684036, "RMSE": 1695.2643321132803, "RMSE_STHLM": 1551.3756768138423, "RMSE_S\u00f6dermanland": 143.888655299438, "CV_RMSE_STHLM": 552.5279418806721, "CV_RMSE_S\u00f6dermanland": 528.5705704877314, "_timestamp": 1748321865.337824, "_runtime": 1.3126029968261719, "_step": 0, "_wandb": {"runtime": 1}}