{"CV_RMSE": 275.2932746997106, "RMSE": 437.07996126637653, "RMSE_STHLM": 401.0189697840144, "RMSE_S\u00f6dermanland": 36.060991482362105, "CV_RMSE_STHLM": 142.82432639715591, "CV_RMSE_S\u00f6dermanland": 132.46894830255468, "_timestamp": 1748510839.4794579, "_runtime": 1.4802567958831787, "_step": 0, "_wandb": {"runtime": 1}}