{"CV_RMSE": 266.4636699303976, "RMSE": 415.26864053206344, "RMSE_STHLM": 379.52761425314725, "RMSE_S\u00f6dermanland": 35.741026278916216, "CV_RMSE_STHLM": 135.17010400784827, "CV_RMSE_S\u00f6dermanland": 131.29356592254936, "_timestamp": 1748343845.2076664, "_runtime": 1.3281974792480469, "_step": 0, "_wandb": {"runtime": 1}}