{"CV_RMSE": 272.61755165668194, "RMSE": 437.35570511025907, "RMSE_STHLM": 402.1309108181593, "RMSE_S\u00f6dermanland": 35.22479429209977, "CV_RMSE_STHLM": 143.22034813468278, "CV_RMSE_S\u00f6dermanland": 129.39720352199916, "_timestamp": 1748434485.010613, "_runtime": 1.2398080825805664, "_step": 0, "_wandb": {"runtime": 1}}