{"CV_RMSE": 3321.349631677273, "RMSE": 1645.7702879323506, "RMSE_skane": 1554.6213569952147, "RMSE_kronoberg": 91.14893093713594, "CV_RMSE_'skane": 2465.0444349818413, "CV_RMSE_kronoberg": 856.3051966954316, "_timestamp": 1748514093.2635279, "_runtime": 1.4248409271240234, "_step": 0, "_wandb": {"runtime": 1}}