{"CV_RMSE": 308.36918881115594, "RMSE": 22.637545586343826, "RMSE_Kalmar": 15.550440417737711, "RMSE_Blekinge": 7.087105168606116, "CV_RMSE_'Kalmar": 150.48813307488106, "CV_RMSE_Blekinge": 157.88105573627487, "_timestamp": 1748563879.9355223, "_runtime": 1.318650245666504, "_step": 0, "_wandb": {"runtime": 1}}