{"CV_RMSE": 4694.228607187174, "RMSE": 1891.5730581125536, "RMSE_skane": 1674.5264724306876, "RMSE_kronoberg": 217.04658568186605, "CV_RMSE_'skane": 2655.1688252072213, "CV_RMSE_kronoberg": 2039.0597819799525, "_timestamp": 1748573070.7637322, "_runtime": 1.353180170059204, "_step": 0, "_wandb": {"runtime": 1}}