{"CV_RMSE": 3900.011215325094, "RMSE": 1619.0743773762829, "RMSE_skane": 1448.4024141432005, "RMSE_kronoberg": 170.67196323308235, "CV_RMSE_'skane": 2296.621164074842, "CV_RMSE_kronoberg": 1603.3900512502519, "_timestamp": 1748573316.7180386, "_runtime": 1.287320613861084, "_step": 0, "_wandb": {"runtime": 1}}