{"CV_RMSE": 277.03362761910125, "RMSE": 99.62185379837376, "RMSE_skane": 84.37385214133765, "RMSE_kronoberg": 15.248001657036108, "CV_RMSE_'skane": 133.78517781396033, "CV_RMSE_kronoberg": 143.2484498051409, "_timestamp": 1748513475.4220057, "_runtime": 1.2760915756225586, "_step": 0, "_wandb": {"runtime": 1}}