{"CV_RMSE": 1164.9715765297497, "RMSE": 1781.059678458343, "RMSE_STHLM": 1621.0987677060052, "RMSE_S\u00f6dermanland": 159.96091075233775, "CV_RMSE_STHLM": 577.3600676436109, "CV_RMSE_S\u00f6dermanland": 587.6115088861387, "_timestamp": 1748400421.4974923, "_runtime": 1.3888213634490967, "_step": 0, "_wandb": {"runtime": 1}}