{"CV_RMSE": 342.84803663280263, "RMSE": 397.84000894909417, "RMSE_STHLM": 337.20185517236695, "RMSE_S\u00f6dermanland": 60.63815377672721, "CV_RMSE_STHLM": 120.0956350040088, "CV_RMSE_S\u00f6dermanland": 222.75240162879382, "_timestamp": 1748430205.718233, "_runtime": 1.308075189590454, "_step": 0, "_wandb": {"runtime": 1}}