{"CV_RMSE": 3780.8651838187184, "RMSE": 228.91712233816432, "RMSE_Kalmar": 104.66616964640188, "RMSE_Blekinge": 124.25095269176244, "CV_RMSE_'Kalmar": 1012.8984159329215, "CV_RMSE_Blekinge": 2767.966767885797, "_timestamp": 1748558938.0041459, "_runtime": 1.3519158363342285, "_step": 0, "_wandb": {"runtime": 1}}