{"CV_RMSE": 1279.5084528016225, "RMSE": 1986.7542412522575, "RMSE_STHLM": 1814.3501290893626, "RMSE_S\u00f6dermanland": 172.404112162895, "CV_RMSE_STHLM": 646.1872244481307, "CV_RMSE_S\u00f6dermanland": 633.3212283534918, "_timestamp": 1748356242.2984016, "_runtime": 1.3464035987854004, "_step": 0, "_wandb": {"runtime": 1}}