{"CV_RMSE": 1119.0649930465245, "RMSE": 1268.2959023336277, "RMSE_STHLM": 1067.1221382351596, "RMSE_S\u00f6dermanland": 201.17376409846824, "CV_RMSE_STHLM": 380.059329011335, "CV_RMSE_S\u00f6dermanland": 739.0056640351895, "_timestamp": 1748302278.2506256, "_runtime": 1.359041690826416, "_step": 0, "_wandb": {"runtime": 1}}