{"CV_RMSE": 2284.558189280568, "RMSE": 178.96006763123773, "RMSE_Kalmar": 135.09538724059246, "RMSE_Blekinge": 43.86468039064526, "CV_RMSE_'Kalmar": 1307.37471523154, "CV_RMSE_Blekinge": 977.1834740490281, "_timestamp": 1748519133.2760186, "_runtime": 1.3368825912475586, "_step": 0, "_wandb": {"runtime": 1}}