{"CV_RMSE": 314.47278968771104, "RMSE": 407.0973254038693, "RMSE_STHLM": 356.0067319011164, "RMSE_S\u00f6dermanland": 51.09059350275295, "CV_RMSE_STHLM": 126.79305845310833, "CV_RMSE_S\u00f6dermanland": 187.67973123460268, "_timestamp": 1748448822.6937802, "_runtime": 1.2876391410827637, "_step": 0, "_wandb": {"runtime": 1}}