{"CV_RMSE": 635.6559442136476, "RMSE": 1267.1702586145532, "RMSE_STHLM": 1211.5985924945203, "RMSE_S\u00f6dermanland": 55.57166612003283, "CV_RMSE_STHLM": 431.5151298951596, "CV_RMSE_S\u00f6dermanland": 204.14081431848797, "_timestamp": 1748329678.3018887, "_runtime": 1.2901227474212646, "_step": 0, "_wandb": {"runtime": 1}}