{"CV_RMSE": 262.0098525511693, "RMSE": 428.95852082869243, "RMSE_STHLM": 396.0298636958214, "RMSE_S\u00f6dermanland": 32.928657132871, "CV_RMSE_STHLM": 141.04743859368392, "CV_RMSE_S\u00f6dermanland": 120.96241395748532, "_timestamp": 1748460697.039158, "_runtime": 1.3322460651397705, "_step": 0, "_wandb": {"runtime": 1}}