{"CV_RMSE": 2696.5421684235316, "RMSE": 192.84841957571126, "RMSE_Kalmar": 126.95319990042543, "RMSE_Blekinge": 65.89521967528584, "CV_RMSE_'Kalmar": 1228.5793538750847, "CV_RMSE_Blekinge": 1467.9628145484469, "_timestamp": 1748520860.9624128, "_runtime": 1.3741247653961182, "_step": 0, "_wandb": {"runtime": 1}}