{"CV_RMSE": 1424.549022185592, "RMSE": 1350.33189200153, "RMSE_STHLM": 1065.8779599321485, "RMSE_S\u00f6dermanland": 284.4539320693814, "CV_RMSE_STHLM": 379.61621050215024, "CV_RMSE_S\u00f6dermanland": 1044.9328116834417, "_timestamp": 1748355796.2963402, "_runtime": 1.3130171298980713, "_step": 0, "_wandb": {"runtime": 1}}