{"CV_RMSE": 1556.2193990936626, "RMSE": 587.5460584572406, "RMSE_skane": 507.56186227598295, "RMSE_kronoberg": 79.98419618125767, "CV_RMSE_'skane": 804.8021072029327, "CV_RMSE_kronoberg": 751.4172918907298, "_timestamp": 1748508640.886156, "_runtime": 1.490631103515625, "_step": 0, "_wandb": {"runtime": 1}}