{"CV_RMSE": 1283.8992008685927, "RMSE": 1472.3175866518363, "RMSE_STHLM": 1243.3589607442364, "RMSE_S\u00f6dermanland": 228.95862590759998, "CV_RMSE_STHLM": 442.82669753455195, "CV_RMSE_S\u00f6dermanland": 841.0725033340408, "_timestamp": 1748316651.5895746, "_runtime": 1.287233591079712, "_step": 0, "_wandb": {"runtime": 1}}