{"CV_RMSE": 412.749403853967, "RMSE": 184.22618797901788, "RMSE_skane": 168.77775720240655, "RMSE_kronoberg": 15.448430776611326, "CV_RMSE_'skane": 267.61800824905896, "CV_RMSE_kronoberg": 145.13139560490808, "_timestamp": 1748502222.1369035, "_runtime": 1.377483606338501, "_step": 0, "_wandb": {"runtime": 1}}