{"CV_RMSE": 1257.9997969365018, "RMSE": 955.9859114135934, "RMSE_STHLM": 679.400240552923, "RMSE_S\u00f6dermanland": 276.5856708606704, "CV_RMSE_STHLM": 241.97080193812062, "CV_RMSE_S\u00f6dermanland": 1016.0289949983811, "_timestamp": 1748297070.2258003, "_runtime": 1.2663092613220215, "_step": 0, "_wandb": {"runtime": 1}}