{"CV_RMSE": 305.7933414930072, "RMSE": 22.179633029914967, "RMSE_Kalmar": 14.94525859624749, "RMSE_Blekinge": 7.234374433667477, "CV_RMSE_'Kalmar": 144.63153480239507, "CV_RMSE_Blekinge": 161.1618066906121, "_timestamp": 1748493552.3240018, "_runtime": 1.2800889015197754, "_step": 0, "_wandb": {"runtime": 1}}