{"CV_RMSE": 1316.0842260047339, "RMSE": 2259.880452272244, "RMSE_STHLM": 2105.7739930956486, "RMSE_S\u00f6dermanland": 154.1064591765951, "CV_RMSE_STHLM": 749.9788657641803, "CV_RMSE_S\u00f6dermanland": 566.1053602405535, "_timestamp": 1748338722.8078117, "_runtime": 1.274566650390625, "_step": 0, "_wandb": {"runtime": 1}}