{"CV_RMSE": 4645.515316400983, "RMSE": 1751.4585279975543, "RMSE_skane": 1512.1995241779132, "RMSE_kronoberg": 239.25900381964115, "CV_RMSE_'skane": 2397.7793723751265, "CV_RMSE_kronoberg": 2247.7359440258565, "_timestamp": 1748534066.1951046, "_runtime": 1.3198635578155518, "_step": 0, "_wandb": {"runtime": 1}}