{"CV_RMSE": 3185.1917879992307, "RMSE": 243.78510681292803, "RMSE_Kalmar": 178.2300560703711, "RMSE_Blekinge": 65.55505074255694, "CV_RMSE_'Kalmar": 1724.8069942293976, "CV_RMSE_Blekinge": 1460.3847937698329, "_timestamp": 1748492548.0176985, "_runtime": 1.3124234676361084, "_step": 0, "_wandb": {"runtime": 1}}