{"CV_RMSE": 275.2616087639694, "RMSE": 436.47412367439904, "RMSE_STHLM": 400.3576339287082, "RMSE_S\u00f6dermanland": 36.11648974569086, "CV_RMSE_STHLM": 142.58878929000292, "CV_RMSE_S\u00f6dermanland": 132.67281947396646, "_timestamp": 1748340216.3138041, "_runtime": 1.2417380809783936, "_step": 0, "_wandb": {"runtime": 1}}