{"CV_RMSE": 273.63751815356864, "RMSE": 435.4123302067653, "RMSE_STHLM": 399.67142396416386, "RMSE_S\u00f6dermanland": 35.740906242601476, "CV_RMSE_STHLM": 142.34439318074692, "CV_RMSE_S\u00f6dermanland": 131.29312497282174, "_timestamp": 1748551555.9291544, "_runtime": 1.3260834217071533, "_step": 0, "_wandb": {"runtime": 1}}