{"CV_RMSE": 5152.988845795039, "RMSE": 1983.1401729594097, "RMSE_skane": 1725.93846789253, "RMSE_kronoberg": 257.2017050668796, "CV_RMSE_'skane": 2736.6889025780074, "CV_RMSE_kronoberg": 2416.299943217032, "_timestamp": 1748524293.737861, "_runtime": 1.2878179550170898, "_step": 0, "_wandb": {"runtime": 1}}