{"CV_RMSE": 1132.401989156797, "RMSE": 1263.8939683694318, "RMSE_STHLM": 1058.2271860676738, "RMSE_S\u00f6dermanland": 205.66678230175808, "CV_RMSE_STHLM": 376.89136029319604, "CV_RMSE_S\u00f6dermanland": 755.510628863601, "_timestamp": 1748332474.156116, "_runtime": 1.2764549255371094, "_step": 0, "_wandb": {"runtime": 1}}