{"CV_RMSE": 2499.126883645926, "RMSE": 153.07791349659405, "RMSE_Kalmar": 72.30464369308089, "RMSE_Blekinge": 80.77326980351316, "CV_RMSE_'Kalmar": 699.7223583201376, "CV_RMSE_Blekinge": 1799.4045253257882, "_timestamp": 1748461405.078818, "_runtime": 2.1437160968780518, "_step": 0, "_wandb": {"runtime": 1}}