{"CV_RMSE": 973.7618977940888, "RMSE": 393.4643322135379, "RMSE_skane": 348.6598949944904, "RMSE_kronoberg": 44.804437219047514, "CV_RMSE_'skane": 552.8433852978177, "CV_RMSE_kronoberg": 420.91851249627103, "_timestamp": 1748534725.2048972, "_runtime": 1.3070430755615234, "_step": 0, "_wandb": {"runtime": 1}}