{"CV_RMSE": 421.96806567945066, "RMSE": 416.5092660067237, "RMSE_STHLM": 334.0248635193099, "RMSE_S\u00f6dermanland": 82.4844024874138, "CV_RMSE_STHLM": 118.9641381746652, "CV_RMSE_S\u00f6dermanland": 303.00392750478545, "_timestamp": 1748292453.7614274, "_runtime": 1.325237512588501, "_step": 0, "_wandb": {"runtime": 1}}