{"CV_RMSE": 267.0272827796757, "RMSE": 424.3457377239198, "RMSE_STHLM": 389.409346152192, "RMSE_S\u00f6dermanland": 34.936391571727825, "CV_RMSE_STHLM": 138.68951782230818, "CV_RMSE_S\u00f6dermanland": 128.33776495736754, "_timestamp": 1748518304.5669358, "_runtime": 1.2986958026885986, "_step": 0, "_wandb": {"runtime": 1}}