{"CV_RMSE": 260.5074311072949, "RMSE": 412.02077032227044, "RMSE_STHLM": 377.7265457853475, "RMSE_S\u00f6dermanland": 34.29422453692289, "CV_RMSE_STHLM": 134.52864709410875, "CV_RMSE_S\u00f6dermanland": 125.97878401318613, "_timestamp": 1748481895.6426363, "_runtime": 1.2667083740234375, "_step": 0, "_wandb": {"runtime": 1}}