{"CV_RMSE": 1726.0269408394588, "RMSE": 2167.246345462315, "RMSE_STHLM": 1879.617876135515, "RMSE_S\u00f6dermanland": 287.62846932679963, "CV_RMSE_STHLM": 669.4325637206028, "CV_RMSE_S\u00f6dermanland": 1056.5943771188558, "_timestamp": 1748288182.660081, "_runtime": 1.254122018814087, "_step": 0, "_wandb": {"runtime": 1}}