{"CV_RMSE": 243.6376705518097, "RMSE": 380.1499941429423, "RMSE_STHLM": 347.5194251025465, "RMSE_S\u00f6dermanland": 32.63056904039579, "CV_RMSE_STHLM": 123.77027407688638, "CV_RMSE_S\u00f6dermanland": 119.86739647492331, "_timestamp": 1748339128.5653486, "_runtime": 1.2729465961456299, "_step": 0, "_wandb": {"runtime": 1}}