{"CV_RMSE": 306.79053756653934, "RMSE": 22.241880864529616, "RMSE_Kalmar": 14.976172805579361, "RMSE_Blekinge": 7.265708058950254, "CV_RMSE_'Kalmar": 144.93070457012283, "CV_RMSE_Blekinge": 161.85983299641654, "_timestamp": 1748512070.7537444, "_runtime": 1.3265173435211182, "_step": 0, "_wandb": {"runtime": 1}}