{"CV_RMSE": 608.332361746073, "RMSE": 835.6951736098102, "RMSE_STHLM": 742.0361491860801, "RMSE_S\u00f6dermanland": 93.65902442373007, "CV_RMSE_STHLM": 264.2788026384931, "CV_RMSE_S\u00f6dermanland": 344.0535591075799, "_timestamp": 1748379726.0883677, "_runtime": 1.3476946353912354, "_step": 0, "_wandb": {"runtime": 1}}