{"CV_RMSE": 1066.0761228090378, "RMSE": 460.74203287574437, "RMSE_skane": 417.7768817632028, "RMSE_kronoberg": 42.96515111254152, "CV_RMSE_'skane": 662.436916115015, "CV_RMSE_kronoberg": 403.6392066940226, "_timestamp": 1748521290.3576643, "_runtime": 1.338111400604248, "_step": 0, "_wandb": {"runtime": 1}}