{"CV_RMSE": 265.8485627000784, "RMSE": 425.75001366683136, "RMSE_STHLM": 391.319711357686, "RMSE_S\u00f6dermanland": 34.43030230914534, "CV_RMSE_STHLM": 139.36990115627916, "CV_RMSE_S\u00f6dermanland": 126.47866154379922, "_timestamp": 1748564083.37195, "_runtime": 1.2692458629608154, "_step": 0, "_wandb": {"runtime": 1}}