{"CV_RMSE": 273.2829616656359, "RMSE": 431.72606275681824, "RMSE_STHLM": 395.69627213760424, "RMSE_S\u00f6dermanland": 36.02979061921402, "CV_RMSE_STHLM": 140.92862877872727, "CV_RMSE_S\u00f6dermanland": 132.35433288690865, "_timestamp": 1748284392.4249856, "_runtime": 1.418121576309204, "_step": 0, "_wandb": {"runtime": 1}}