{"CV_RMSE": 1720.520702624743, "RMSE": 96.49650189102053, "RMSE_Kalmar": 34.06034694500913, "RMSE_Blekinge": 62.43615494601139, "CV_RMSE_'Kalmar": 329.6162607581528, "CV_RMSE_Blekinge": 1390.9044418665903, "_timestamp": 1748505434.5251517, "_runtime": 1.3063087463378906, "_step": 0, "_wandb": {"runtime": 1}}