{"CV_RMSE": 4857.8459782239825, "RMSE": 1853.7925453042253, "RMSE_skane": 1608.121996852774, "RMSE_kronoberg": 245.6705484514513, "CV_RMSE_'skane": 2549.876316362749, "CV_RMSE_kronoberg": 2307.969661861234, "_timestamp": 1748534471.2151823, "_runtime": 1.2885792255401611, "_step": 0, "_wandb": {"runtime": 1}}