{"CV_RMSE": 1689.5081720004202, "RMSE": 2179.953820561763, "RMSE_STHLM": 1904.6981800543276, "RMSE_S\u00f6dermanland": 275.25564050743566, "CV_RMSE_STHLM": 678.3650027894321, "CV_RMSE_S\u00f6dermanland": 1011.1431692109882, "_timestamp": 1748332589.1708646, "_runtime": 1.3235886096954346, "_step": 0, "_wandb": {"runtime": 1}}