{"CV_RMSE": 306.8773157075562, "RMSE": 22.248997438767624, "RMSE_Kalmar": 14.981868082983095, "RMSE_Blekinge": 7.267129355784528, "CV_RMSE_'Kalmar": 144.9858201579009, "CV_RMSE_Blekinge": 161.8914955496553, "_timestamp": 1748503298.6575341, "_runtime": 1.3516931533813477, "_step": 0, "_wandb": {"runtime": 1}}