{"CV_RMSE": 587.2353670813241, "RMSE": 873.7699528181323, "RMSE_STHLM": 790.5583695606799, "RMSE_S\u00f6dermanland": 83.21158325745242, "CV_RMSE_STHLM": 281.56016327843764, "CV_RMSE_S\u00f6dermanland": 305.6752038028865, "_timestamp": 1748391188.610453, "_runtime": 1.3073549270629883, "_step": 0, "_wandb": {"runtime": 1}}