{"CV_RMSE": 305.86552491788063, "RMSE": 22.17283508976892, "RMSE_Kalmar": 14.927510494131763, "RMSE_Blekinge": 7.245324595637158, "CV_RMSE_'Kalmar": 144.45977897546868, "CV_RMSE_Blekinge": 161.40574594241195, "_timestamp": 1748459847.565352, "_runtime": 1.3233990669250488, "_step": 0, "_wandb": {"runtime": 1}}