{"CV_RMSE": 1171.1929741725162, "RMSE": 1220.1214368839064, "RMSE_STHLM": 998.0616640862067, "RMSE_S\u00f6dermanland": 222.0597727976998, "CV_RMSE_STHLM": 355.4631965483127, "CV_RMSE_S\u00f6dermanland": 815.7297776242034, "_timestamp": 1748326705.4362109, "_runtime": 1.3343307971954346, "_step": 0, "_wandb": {"runtime": 1}}