{"CV_RMSE": 961.1069023963327, "RMSE": 572.6438437855729, "RMSE_STHLM": 344.39974391100543, "RMSE_S\u00f6dermanland": 228.24409987456747, "CV_RMSE_STHLM": 122.65918857139093, "CV_RMSE_S\u00f6dermanland": 838.4477138249417, "_timestamp": 1748326389.1673632, "_runtime": 1.2838032245635986, "_step": 0, "_wandb": {"runtime": 1}}