{"CV_RMSE": 5020.555877057952, "RMSE": 1896.1765208542397, "RMSE_skane": 1638.2757898775528, "RMSE_kronoberg": 257.90073097668693, "CV_RMSE_'skane": 2597.6888845838575, "CV_RMSE_kronoberg": 2422.8669924740943, "_timestamp": 1748532521.8845398, "_runtime": 1.2759268283843994, "_step": 0, "_wandb": {"runtime": 1}}