{"CV_RMSE": 3230.287902653116, "RMSE": 190.9745121927216, "RMSE_Kalmar": 81.27860081712106, "RMSE_Blekinge": 109.69591137560055, "CV_RMSE_'Kalmar": 786.5671046818167, "CV_RMSE_Blekinge": 2443.7207979712994, "_timestamp": 1748463859.4461112, "_runtime": 1.3910362720489502, "_step": 0, "_wandb": {"runtime": 1}}