{"CV_RMSE": 894.1194103376258, "RMSE": 487.97295461067904, "RMSE_skane": 472.5575704094195, "RMSE_kronoberg": 15.415384201259538, "CV_RMSE_'skane": 749.2984731650414, "CV_RMSE_kronoberg": 144.8209371725844, "_timestamp": 1748557545.8784254, "_runtime": 1.3084542751312256, "_step": 0, "_wandb": {"runtime": 1}}