{"CV_RMSE": 940.1115387590179, "RMSE": 636.8621673332959, "RMSE_STHLM": 421.8416943457618, "RMSE_S\u00f6dermanland": 215.0204729875341, "CV_RMSE_STHLM": 150.2404134986884, "CV_RMSE_S\u00f6dermanland": 789.8711252603294, "_timestamp": 1748308504.9550192, "_runtime": 1.295100212097168, "_step": 0, "_wandb": {"runtime": 1}}