{"CV_RMSE": 2670.728561561273, "RMSE": 986.7386071474265, "RMSE_skane": 845.0892566375833, "RMSE_kronoberg": 141.64935050984317, "CV_RMSE_'skane": 1339.993535894688, "CV_RMSE_kronoberg": 1330.7350256665852, "_timestamp": 1748511283.490299, "_runtime": 1.382404088973999, "_step": 0, "_wandb": {"runtime": 1}}