{"CV_RMSE": 1441.4044836222854, "RMSE": 1586.4872659263572, "RMSE_STHLM": 1322.3063842723259, "RMSE_S\u00f6dermanland": 264.1808816540313, "CV_RMSE_STHLM": 470.94410203604804, "CV_RMSE_S\u00f6dermanland": 970.4603815862374, "_timestamp": 1748320029.1576345, "_runtime": 1.2590343952178955, "_step": 0, "_wandb": {"runtime": 1}}