{"CV_RMSE": 3048.8863690704093, "RMSE": 1464.3220893500159, "RMSE_skane": 1371.220872799397, "RMSE_kronoberg": 93.10121655061874, "CV_RMSE_'skane": 2174.24028456564, "CV_RMSE_kronoberg": 874.646084504769, "_timestamp": 1748541612.0448458, "_runtime": 1.3974297046661377, "_step": 0, "_wandb": {"runtime": 1}}