{"CV_RMSE": 4401.893075165217, "RMSE": 1681.5341159623515, "RMSE_skane": 1459.274640364509, "RMSE_kronoberg": 222.25947559784254, "CV_RMSE_'skane": 2313.860423410955, "CV_RMSE_kronoberg": 2088.032651754262, "_timestamp": 1748553140.8047926, "_runtime": 1.256462574005127, "_step": 0, "_wandb": {"runtime": 1}}