{"CV_RMSE": 305.652016847481, "RMSE": 22.165165830209716, "RMSE_Kalmar": 14.930896119332436, "RMSE_Blekinge": 7.234269710877278, "CV_RMSE_'Kalmar": 144.4925430903139, "CV_RMSE_Blekinge": 161.1594737571671, "_timestamp": 1748462102.4673438, "_runtime": 1.266610860824585, "_step": 0, "_wandb": {"runtime": 1}}