{"CV_RMSE": 550.3253637789035, "RMSE": 573.1740622447279, "RMSE_STHLM": 468.8163804495125, "RMSE_S\u00f6dermanland": 104.35768179521538, "CV_RMSE_STHLM": 166.9706143270919, "CV_RMSE_S\u00f6dermanland": 383.3547494518116, "_timestamp": 1748317419.3857117, "_runtime": 1.2981696128845215, "_step": 0, "_wandb": {"runtime": 1}}