{"CV_RMSE": 305.48531366001316, "RMSE": 22.044294287091116, "RMSE_Kalmar": 14.730418490623677, "RMSE_Blekinge": 7.313875796467438, "CV_RMSE_'Kalmar": 142.55243700603557, "CV_RMSE_Blekinge": 162.9328766539776, "_timestamp": 1748499685.4630132, "_runtime": 1.3354711532592773, "_step": 0, "_wandb": {"runtime": 1}}