{"CV_RMSE": 392.07340437217465, "RMSE": 111.20930163126138, "RMSE_skane": 83.5823673950823, "RMSE_kronoberg": 27.62693423617909, "CV_RMSE_'skane": 132.53018085900996, "CV_RMSE_kronoberg": 259.5432235131647, "_timestamp": 1748503988.974945, "_runtime": 1.3293991088867188, "_step": 0, "_wandb": {"runtime": 1}}