{"CV_RMSE": 3842.689027401145, "RMSE": 1641.8941204533728, "RMSE_skane": 1483.1963320694128, "RMSE_kronoberg": 158.69778838395993, "CV_RMSE_'skane": 2351.791224211542, "CV_RMSE_kronoberg": 1490.8978031896027, "_timestamp": 1748522796.2589526, "_runtime": 1.3219575881958008, "_step": 0, "_wandb": {"runtime": 1}}