{"CV_RMSE": 1044.8374508928136, "RMSE": 607.2245614367168, "RMSE_STHLM": 357.4526641669203, "RMSE_S\u00f6dermanland": 249.7718972697966, "CV_RMSE_STHLM": 127.30803235070371, "CV_RMSE_S\u00f6dermanland": 917.52941854211, "_timestamp": 1748324790.9795382, "_runtime": 1.3371973037719727, "_step": 0, "_wandb": {"runtime": 1}}