{"CV_RMSE": 272.04096294342247, "RMSE": 431.8735597464252, "RMSE_STHLM": 396.23400338814776, "RMSE_S\u00f6dermanland": 35.63955635827745, "CV_RMSE_STHLM": 141.12014366811752, "CV_RMSE_S\u00f6dermanland": 130.92081927530495, "_timestamp": 1748284120.5641236, "_runtime": 1.3271136283874512, "_step": 0, "_wandb": {"runtime": 1}}