{"CV_RMSE": 1446.1466147714984, "RMSE": 2231.360165303637, "RMSE_STHLM": 2034.98459564992, "RMSE_S\u00f6dermanland": 196.37556965371715, "CV_RMSE_STHLM": 724.7669711455987, "CV_RMSE_S\u00f6dermanland": 721.3796436258997, "_timestamp": 1748374211.0563817, "_runtime": 1.2974607944488525, "_step": 0, "_wandb": {"runtime": 1}}