{"CV_RMSE": 4607.689931697717, "RMSE": 1819.722558019541, "RMSE_skane": 1599.1685629445453, "RMSE_kronoberg": 220.55399507499584, "CV_RMSE_'skane": 2535.679539552662, "CV_RMSE_kronoberg": 2072.010392145055, "_timestamp": 1748539500.9705882, "_runtime": 1.2909672260284424, "_step": 0, "_wandb": {"runtime": 1}}