{"CV_RMSE": 263.18290045424317, "RMSE": 426.12282772024986, "RMSE_STHLM": 392.5361114370608, "RMSE_S\u00f6dermanland": 33.58671628318904, "CV_RMSE_STHLM": 139.8031263527324, "CV_RMSE_S\u00f6dermanland": 123.37977410151076, "_timestamp": 1748492086.1879234, "_runtime": 1.308584451675415, "_step": 0, "_wandb": {"runtime": 1}}