{"CV_RMSE": 264.27169349154127, "RMSE": 374.387158540299, "RMSE_STHLM": 334.917784181608, "RMSE_S\u00f6dermanland": 39.46937435869103, "CV_RMSE_STHLM": 119.28215503104362, "CV_RMSE_S\u00f6dermanland": 144.98953846049767, "_timestamp": 1748439700.338817, "_runtime": 1.2863068580627441, "_step": 0, "_wandb": {"runtime": 1}}