{"CV_RMSE": 610.5248331472206, "RMSE": 446.48600480211337, "RMSE_STHLM": 310.3798026329267, "RMSE_S\u00f6dermanland": 136.10620216918662, "CV_RMSE_STHLM": 110.54286599510648, "CV_RMSE_S\u00f6dermanland": 499.9819671521141, "_timestamp": 1748343120.0043483, "_runtime": 1.3570761680603027, "_step": 0, "_wandb": {"runtime": 1}}