{"CV_RMSE": 1763.0651253356257, "RMSE": 2234.543612540765, "RMSE_STHLM": 1942.9752034907472, "RMSE_S\u00f6dermanland": 291.5684090500181, "CV_RMSE_STHLM": 691.9975002539265, "CV_RMSE_S\u00f6dermanland": 1071.0676250816991, "_timestamp": 1748312392.7772253, "_runtime": 1.3042411804199219, "_step": 0, "_wandb": {"runtime": 1}}