{"CV_RMSE": 1581.812860366474, "RMSE": 1934.118261736929, "RMSE_STHLM": 1664.9338268684917, "RMSE_S\u00f6dermanland": 269.1844348684374, "CV_RMSE_STHLM": 592.9720792171122, "CV_RMSE_S\u00f6dermanland": 988.8407811493619, "_timestamp": 1748285329.9679615, "_runtime": 1.3281846046447754, "_step": 0, "_wandb": {"runtime": 1}}