{"CV_RMSE": 270.60621626379583, "RMSE": 430.71681314542445, "RMSE_STHLM": 395.38556848499314, "RMSE_S\u00f6dermanland": 35.331244660431324, "CV_RMSE_STHLM": 140.81797057241545, "CV_RMSE_S\u00f6dermanland": 129.78824569138038, "_timestamp": 1748533512.7873845, "_runtime": 1.3655805587768555, "_step": 0, "_wandb": {"runtime": 1}}