{"CV_RMSE": 5004.34811156503, "RMSE": 1938.9742819039382, "RMSE_skane": 1691.8392654738325, "RMSE_kronoberg": 247.13501643010565, "CV_RMSE_'skane": 2682.6203997999455, "CV_RMSE_kronoberg": 2321.727711765084, "_timestamp": 1748509723.6687758, "_runtime": 1.2768478393554688, "_step": 0, "_wandb": {"runtime": 1}}