{"CV_RMSE": 306.8208152395272, "RMSE": 22.24313140064038, "RMSE_Kalmar": 14.975980803034401, "RMSE_Blekinge": 7.26715059760598, "CV_RMSE_'Kalmar": 144.92884648097808, "CV_RMSE_Blekinge": 161.89196875854907, "_timestamp": 1748475646.2544515, "_runtime": 1.24936842918396, "_step": 0, "_wandb": {"runtime": 1}}