{"CV_RMSE": 4308.371872582916, "RMSE": 1631.7895204430313, "RMSE_skane": 1411.405456666666, "RMSE_kronoberg": 220.38406377636542, "CV_RMSE_'skane": 2237.957912262155, "CV_RMSE_kronoberg": 2070.413960320761, "_timestamp": 1748556567.4294302, "_runtime": 1.3280723094940186, "_step": 0, "_wandb": {"runtime": 1}}