{"CV_RMSE": 279.3147868499114, "RMSE": 100.60256061306214, "RMSE_skane": 85.26157239094468, "RMSE_kronoberg": 15.340988222117453, "CV_RMSE_'skane": 135.1927680617516, "CV_RMSE_kronoberg": 144.1220187881598, "_timestamp": 1748545897.3098922, "_runtime": 1.3185691833496094, "_step": 0, "_wandb": {"runtime": 1}}