{"CV_RMSE": 266.6051393971692, "RMSE": 421.0088136238999, "RMSE_STHLM": 385.8414178337507, "RMSE_S\u00f6dermanland": 35.16739579014921, "CV_RMSE_STHLM": 137.4187875149884, "CV_RMSE_S\u00f6dermanland": 129.18635188218076, "_timestamp": 1748470828.4071925, "_runtime": 1.2724065780639648, "_step": 0, "_wandb": {"runtime": 1}}