{"CV_RMSE": 2394.7423294422783, "RMSE": 162.90643757168448, "RMSE_Kalmar": 97.96668661954926, "RMSE_Blekinge": 64.9397509521352, "CV_RMSE_'Kalmar": 948.0647092214446, "CV_RMSE_Blekinge": 1446.6776202208337, "_timestamp": 1748500447.5161831, "_runtime": 1.3152260780334473, "_step": 0, "_wandb": {"runtime": 1}}