{"CV_RMSE": 274.9134068702626, "RMSE": 435.79165856902154, "RMSE_STHLM": 399.70686298035014, "RMSE_S\u00f6dermanland": 36.08479558867142, "CV_RMSE_STHLM": 142.35701491187777, "CV_RMSE_S\u00f6dermanland": 132.5563919583848, "_timestamp": 1748347116.5883768, "_runtime": 1.307135820388794, "_step": 0, "_wandb": {"runtime": 1}}