{"CV_RMSE": 861.7705948601791, "RMSE": 1979.1694421365373, "RMSE_STHLM": 1931.8774761000425, "RMSE_S\u00f6dermanland": 47.29196603649494, "CV_RMSE_STHLM": 688.045005338361, "CV_RMSE_S\u00f6dermanland": 173.72558952181816, "_timestamp": 1748320748.1756165, "_runtime": 1.3288075923919678, "_step": 0, "_wandb": {"runtime": 1}}