{"CV_RMSE": 272.5563358501448, "RMSE": 432.20132606840525, "RMSE_STHLM": 396.4416009385099, "RMSE_S\u00f6dermanland": 35.75972512989535, "CV_RMSE_STHLM": 141.19408027093743, "CV_RMSE_S\u00f6dermanland": 131.3622555792074, "_timestamp": 1748443630.9261668, "_runtime": 1.366114854812622, "_step": 0, "_wandb": {"runtime": 1}}