{"CV_RMSE": 3672.4030225292618, "RMSE": 248.66091238079355, "RMSE_Kalmar": 148.18263054553182, "RMSE_Blekinge": 100.47828183526171, "CV_RMSE_'Kalmar": 1434.0254568922435, "CV_RMSE_Blekinge": 2238.3775656370185, "_timestamp": 1748537356.192493, "_runtime": 1.414896011352539, "_step": 0, "_wandb": {"runtime": 1}}