{"CV_RMSE": 314.1829252135076, "RMSE": 414.8966009209825, "RMSE_STHLM": 364.7307321701382, "RMSE_S\u00f6dermanland": 50.165868750844325, "CV_RMSE_STHLM": 129.90014204714063, "CV_RMSE_S\u00f6dermanland": 184.28278316636693, "_timestamp": 1748485528.4510193, "_runtime": 1.2756474018096924, "_step": 0, "_wandb": {"runtime": 1}}