{"CV_RMSE": 1328.6042097102863, "RMSE": 1365.3658391024576, "RMSE_STHLM": 1111.448404214595, "RMSE_S\u00f6dermanland": 253.91743488786256, "CV_RMSE_STHLM": 395.84628563242404, "CV_RMSE_S\u00f6dermanland": 932.7579240778624, "_timestamp": 1748296951.2017145, "_runtime": 1.3170413970947266, "_step": 0, "_wandb": {"runtime": 1}}