{"CV_RMSE": 250.85545815966026, "RMSE": 402.6062921308499, "RMSE_STHLM": 370.2108838322494, "RMSE_S\u00f6dermanland": 32.39540829860048, "CV_RMSE_STHLM": 131.8519174709238, "CV_RMSE_S\u00f6dermanland": 119.00354068873645, "_timestamp": 1748485250.3042963, "_runtime": 1.319244146347046, "_step": 0, "_wandb": {"runtime": 1}}