{"CV_RMSE": 312.2732680442069, "RMSE": 409.56758114984115, "RMSE_STHLM": 359.4052417294257, "RMSE_S\u00f6dermanland": 50.162339420415414, "CV_RMSE_STHLM": 128.00344976512986, "CV_RMSE_S\u00f6dermanland": 184.26981827907701, "_timestamp": 1748310073.598829, "_runtime": 1.3009231090545654, "_step": 0, "_wandb": {"runtime": 1}}