{"CV_RMSE": 306.50554533540384, "RMSE": 22.13678530052472, "RMSE_Kalmar": 14.812976229821288, "RMSE_Blekinge": 7.323809070703433, "CV_RMSE_'Kalmar": 143.35138286923825, "CV_RMSE_Blekinge": 163.1541624661656, "_timestamp": 1748481944.3619308, "_runtime": 1.2984819412231445, "_step": 0, "_wandb": {"runtime": 1}}