{"CV_RMSE": 254.3230544412227, "RMSE": 395.60169910548234, "RMSE_STHLM": 361.40896213127905, "RMSE_S\u00f6dermanland": 34.19273697420329, "CV_RMSE_STHLM": 128.71708188292487, "CV_RMSE_S\u00f6dermanland": 125.60597255829782, "_timestamp": 1748458377.8531942, "_runtime": 1.2859442234039307, "_step": 0, "_wandb": {"runtime": 1}}