{"CV_RMSE": 306.9863881335298, "RMSE": 22.25737641059954, "RMSE_Kalmar": 14.988025941526898, "RMSE_Blekinge": 7.269350469072641, "CV_RMSE_'Kalmar": 145.04541233735708, "CV_RMSE_Blekinge": 161.9409757961727, "_timestamp": 1748522877.119718, "_runtime": 1.2616841793060303, "_step": 0, "_wandb": {"runtime": 1}}