{"CV_RMSE": 4529.05977651242, "RMSE": 1792.4155611488509, "RMSE_skane": 1576.3860593586205, "RMSE_kronoberg": 216.02950179023028, "CV_RMSE_'skane": 2499.5550624079606, "CV_RMSE_kronoberg": 2029.50471410446, "_timestamp": 1748506467.9033604, "_runtime": 1.240302324295044, "_step": 0, "_wandb": {"runtime": 1}}