{"CV_RMSE": 236.0181401181981, "RMSE": 383.0647581901537, "RMSE_STHLM": 353.044020222314, "RMSE_S\u00f6dermanland": 30.020737967839764, "CV_RMSE_STHLM": 125.7378781955214, "CV_RMSE_S\u00f6dermanland": 110.28026192267669, "_timestamp": 1748370106.9648774, "_runtime": 1.32035231590271, "_step": 0, "_wandb": {"runtime": 1}}