{"CV_RMSE": 307.1696385798952, "RMSE": 423.1444187517011, "RMSE_STHLM": 375.97819689239554, "RMSE_S\u00f6dermanland": 47.166221859305544, "CV_RMSE_STHLM": 133.90596644367076, "CV_RMSE_S\u00f6dermanland": 173.26367213622444, "_timestamp": 1748519440.937185, "_runtime": 1.2933440208435059, "_step": 0, "_wandb": {"runtime": 1}}