{"CV_RMSE": 272.3289771902229, "RMSE": 435.8658932069236, "RMSE_STHLM": 400.56814013408393, "RMSE_S\u00f6dermanland": 35.2977530728397, "CV_RMSE_STHLM": 142.66376182060768, "CV_RMSE_S\u00f6dermanland": 129.66521536961523, "_timestamp": 1748343351.633028, "_runtime": 1.2517211437225342, "_step": 0, "_wandb": {"runtime": 1}}