{"CV_RMSE": 4940.244771175181, "RMSE": 1921.5440159266386, "RMSE_skane": 1679.0787061348046, "RMSE_kronoberg": 242.4653097918341, "CV_RMSE_'skane": 2662.3869547592035, "CV_RMSE_kronoberg": 2277.857816415978, "_timestamp": 1748543068.6122754, "_runtime": 1.2824153900146484, "_step": 0, "_wandb": {"runtime": 1}}