{"CV_RMSE": 3290.0119952848545, "RMSE": 213.40525359944837, "RMSE_Kalmar": 116.1974367889644, "RMSE_Blekinge": 97.20781681048399, "CV_RMSE_'Kalmar": 1124.4913237641715, "CV_RMSE_Blekinge": 2165.5206715206828, "_timestamp": 1748485440.1715329, "_runtime": 1.3927159309387207, "_step": 0, "_wandb": {"runtime": 1}}