{"CV_RMSE": 822.4778857893123, "RMSE": 936.6834388687264, "RMSE_STHLM": 789.3128584860718, "RMSE_S\u00f6dermanland": 147.3705803826545, "CV_RMSE_STHLM": 281.1165700979282, "CV_RMSE_S\u00f6dermanland": 541.361315691384, "_timestamp": 1748307866.0011544, "_runtime": 1.378434419631958, "_step": 0, "_wandb": {"runtime": 1}}