{"CV_RMSE": 660.4080975628203, "RMSE": 353.4832386541218, "RMSE_skane": 340.68808367092424, "RMSE_kronoberg": 12.795154983197547, "CV_RMSE_'skane": 540.2030925014654, "CV_RMSE_kronoberg": 120.20500506135483, "_timestamp": 1748562514.948666, "_runtime": 1.3626551628112793, "_step": 0, "_wandb": {"runtime": 1}}