{"CV_RMSE": 469.8112727198581, "RMSE": 35.259619929433605, "RMSE_Kalmar": 25.05397706443899, "RMSE_Blekinge": 10.205642864994614, "CV_RMSE_'Kalmar": 242.457842559087, "CV_RMSE_Blekinge": 227.3534301607711, "_timestamp": 1748496679.6254494, "_runtime": 1.328770399093628, "_step": 0, "_wandb": {"runtime": 1}}