{"CV_RMSE": 1369.0611009571558, "RMSE": 1593.2772660255168, "RMSE_STHLM": 1351.6331787918705, "RMSE_S\u00f6dermanland": 241.64408723364642, "CV_RMSE_STHLM": 481.38894377233225, "CV_RMSE_S\u00f6dermanland": 887.6721571848236, "_timestamp": 1748375703.1046376, "_runtime": 1.3249335289001465, "_step": 0, "_wandb": {"runtime": 1}}