{"CV_RMSE": 306.94916877711813, "RMSE": 22.25482781888672, "RMSE_Kalmar": 14.986473838433255, "RMSE_Blekinge": 7.268353980453466, "CV_RMSE_'Kalmar": 145.03039198483793, "CV_RMSE_Blekinge": 161.9187767922802, "_timestamp": 1748508167.4594371, "_runtime": 1.3171710968017578, "_step": 0, "_wandb": {"runtime": 1}}