{"CV_RMSE": 4725.87137403349, "RMSE": 1947.9343516537751, "RMSE_skane": 1738.2799309845498, "RMSE_kronoberg": 209.6544206692253, "CV_RMSE_'skane": 2756.2578186858614, "CV_RMSE_kronoberg": 1969.613555347628, "_timestamp": 1748542892.4333856, "_runtime": 1.380023717880249, "_step": 0, "_wandb": {"runtime": 1}}