{"CV_RMSE": 1218.9241476908321, "RMSE": 504.66068927558086, "RMSE_skane": 451.0398698619218, "RMSE_kronoberg": 53.620819413659085, "CV_RMSE_'skane": 715.1794976668949, "CV_RMSE_kronoberg": 503.74465002393714, "_timestamp": 1748512950.078889, "_runtime": 1.3372578620910645, "_step": 0, "_wandb": {"runtime": 1}}