{"CV_RMSE": 1250.0008958898059, "RMSE": 2278.2771093805395, "RMSE_STHLM": 2146.0664744402297, "RMSE_S\u00f6dermanland": 132.21063494030975, "CV_RMSE_STHLM": 764.3291757009129, "CV_RMSE_S\u00f6dermanland": 485.67172018889295, "_timestamp": 1748315507.3279457, "_runtime": 1.3859827518463135, "_step": 0, "_wandb": {"runtime": 1}}