{"CV_RMSE": 306.9215428781906, "RMSE": 22.25415549518843, "RMSE_Kalmar": 14.987477694240255, "RMSE_Blekinge": 7.266677800948176, "CV_RMSE_'Kalmar": 145.04010671845407, "CV_RMSE_Blekinge": 161.88143615973658, "_timestamp": 1748483104.0583756, "_runtime": 1.2502286434173584, "_step": 0, "_wandb": {"runtime": 1}}