{"CV_RMSE": 961.1386639433583, "RMSE": 1672.902056987721, "RMSE_STHLM": 1562.7742644268583, "RMSE_S\u00f6dermanland": 110.12779256086269, "CV_RMSE_STHLM": 556.5875892299852, "CV_RMSE_S\u00f6dermanland": 404.55107471337317, "_timestamp": 1748394910.1101556, "_runtime": 1.2964985370635986, "_step": 0, "_wandb": {"runtime": 1}}