{"CV_RMSE": 3462.6205351755452, "RMSE": 239.3559693451785, "RMSE_Kalmar": 148.38058215948212, "RMSE_Blekinge": 90.97538718569639, "CV_RMSE_'Kalmar": 1435.9411176724075, "CV_RMSE_Blekinge": 2026.6794175031375, "_timestamp": 1748459572.8291957, "_runtime": 1.9812757968902588, "_step": 0, "_wandb": {"runtime": 1}}