{"CV_RMSE": 1543.9117715964903, "RMSE": 1642.5727568444036, "RMSE_STHLM": 1353.5126518742165, "RMSE_S\u00f6dermanland": 289.060104970187, "CV_RMSE_STHLM": 482.0583247672319, "CV_RMSE_S\u00f6dermanland": 1061.8534468292585, "_timestamp": 1748289581.2648354, "_runtime": 1.2749214172363281, "_step": 0, "_wandb": {"runtime": 1}}