{"CV_RMSE": 306.9848254068133, "RMSE": 22.25721640949273, "RMSE_Kalmar": 14.987867077652359, "RMSE_Blekinge": 7.269349331840371, "CV_RMSE_'Kalmar": 145.04387494502282, "CV_RMSE_Blekinge": 161.94095046179046, "_timestamp": 1748567102.0259094, "_runtime": 1.2432835102081299, "_step": 0, "_wandb": {"runtime": 1}}