{"CV_RMSE": 5124.486771574746, "RMSE": 1960.9184362082156, "RMSE_skane": 1702.854484721668, "RMSE_kronoberg": 258.06395148654747, "CV_RMSE_'skane": 2700.0863922648014, "CV_RMSE_kronoberg": 2424.400379309945, "_timestamp": 1748578563.4579341, "_runtime": 1.313392162322998, "_step": 0, "_wandb": {"runtime": 1}}