{"CV_RMSE": 306.6790636641181, "RMSE": 22.23997336364897, "RMSE_Kalmar": 14.981647497646692, "RMSE_Blekinge": 7.258325866002277, "CV_RMSE_'Kalmar": 144.98368546109702, "CV_RMSE_Blekinge": 161.69537820302102, "_timestamp": 1748502252.135794, "_runtime": 1.2577118873596191, "_step": 0, "_wandb": {"runtime": 1}}