{"CV_RMSE": 3653.1538482875553, "RMSE": 266.4081975649758, "RMSE_Kalmar": 181.08864591048732, "RMSE_Blekinge": 85.31955165448846, "CV_RMSE_'Kalmar": 1752.4707668756837, "CV_RMSE_Blekinge": 1900.6830814118716, "_timestamp": 1748520258.3312595, "_runtime": 1.3565855026245117, "_step": 0, "_wandb": {"runtime": 1}}