{"CV_RMSE": 1358.3128722248846, "RMSE": 2180.0435664165857, "RMSE_STHLM": 2004.6358989257628, "RMSE_S\u00f6dermanland": 175.407667490823, "CV_RMSE_STHLM": 713.9581753198205, "CV_RMSE_S\u00f6dermanland": 644.3546969050641, "_timestamp": 1748287471.5612392, "_runtime": 1.4567463397979736, "_step": 0, "_wandb": {"runtime": 1}}