{"CV_RMSE": 267.1806378158166, "RMSE": 417.64370712069564, "RMSE_STHLM": 381.94154373515374, "RMSE_S\u00f6dermanland": 35.70216338554188, "CV_RMSE_STHLM": 136.02983354239745, "CV_RMSE_S\u00f6dermanland": 131.15080427341917, "_timestamp": 1748526177.0439003, "_runtime": 1.3446221351623535, "_step": 0, "_wandb": {"runtime": 1}}