{"CV_RMSE": 3002.4894904719413, "RMSE": 196.82184559626393, "RMSE_Kalmar": 109.69655603730698, "RMSE_Blekinge": 87.12528955895695, "CV_RMSE_'Kalmar": 1061.5795745545836, "CV_RMSE_Blekinge": 1940.909915917358, "_timestamp": 1748543528.4909856, "_runtime": 1.3709666728973389, "_step": 0, "_wandb": {"runtime": 1}}