{"CV_RMSE": 274.1378247659874, "RMSE": 435.27720603424547, "RMSE_STHLM": 399.37097590013155, "RMSE_S\u00f6dermanland": 35.90623013411391, "CV_RMSE_STHLM": 142.23738753863014, "CV_RMSE_S\u00f6dermanland": 131.90043722735723, "_timestamp": 1748427867.8340335, "_runtime": 1.283430576324463, "_step": 0, "_wandb": {"runtime": 1}}