{"CV_RMSE": 2514.2461267944886, "RMSE": 166.96404513564448, "RMSE_Kalmar": 95.65621103213326, "RMSE_Blekinge": 71.30783410351121, "CV_RMSE_'Kalmar": 925.7052680529024, "CV_RMSE_Blekinge": 1588.5408587415864, "_timestamp": 1748546277.7328238, "_runtime": 1.3101649284362793, "_step": 0, "_wandb": {"runtime": 1}}