{"CV_RMSE": 726.6379961152352, "RMSE": 436.81384215751063, "RMSE_STHLM": 264.66707481446224, "RMSE_S\u00f6dermanland": 172.14676734304837, "CV_RMSE_STHLM": 94.2621160795473, "CV_RMSE_S\u00f6dermanland": 632.3758800356879, "_timestamp": 1748385994.9219198, "_runtime": 1.347172737121582, "_step": 0, "_wandb": {"runtime": 1}}