{"CV_RMSE": 655.9548538829201, "RMSE": 517.4184526825352, "RMSE_STHLM": 375.2328842020477, "RMSE_S\u00f6dermanland": 142.18556848048746, "CV_RMSE_STHLM": 133.64052068929283, "CV_RMSE_S\u00f6dermanland": 522.3143331936274, "_timestamp": 1748481113.4481485, "_runtime": 1.273848533630371, "_step": 0, "_wandb": {"runtime": 1}}