{"CV_RMSE": 258.2951327757311, "RMSE": 404.6500620157376, "RMSE_STHLM": 370.2313978546817, "RMSE_S\u00f6dermanland": 34.41866416105591, "CV_RMSE_STHLM": 131.8592236126686, "CV_RMSE_S\u00f6dermanland": 126.43590916306252, "_timestamp": 1748535656.2095819, "_runtime": 1.3473098278045654, "_step": 0, "_wandb": {"runtime": 1}}