{"CV_RMSE": 262.4795087614203, "RMSE": 419.37793825424967, "RMSE_STHLM": 385.2791137914175, "RMSE_S\u00f6dermanland": 34.098824462832155, "CV_RMSE_STHLM": 137.21852093877155, "CV_RMSE_S\u00f6dermanland": 125.26098782264873, "_timestamp": 1748492206.7615724, "_runtime": 1.2883954048156738, "_step": 0, "_wandb": {"runtime": 1}}