{"CV_RMSE": 804.3559408939366, "RMSE": 1132.9830609158178, "RMSE_STHLM": 1012.1504270592535, "RMSE_S\u00f6dermanland": 120.83263385656426, "CV_RMSE_STHLM": 360.480959380027, "CV_RMSE_S\u00f6dermanland": 443.8749815139095, "_timestamp": 1748368740.755488, "_runtime": 1.3032898902893066, "_step": 0, "_wandb": {"runtime": 1}}