{"CV_RMSE": 1508.8024351496979, "RMSE": 2165.790721410071, "RMSE_STHLM": 1943.487982308511, "RMSE_S\u00f6dermanland": 222.3027391015602, "CV_RMSE_STHLM": 692.1801282460071, "CV_RMSE_S\u00f6dermanland": 816.6223069036906, "_timestamp": 1748350747.9950182, "_runtime": 1.328050136566162, "_step": 0, "_wandb": {"runtime": 1}}