{"CV_RMSE": 928.4205979041577, "RMSE": 1394.1708494266204, "RMSE_STHLM": 1263.9807402763317, "RMSE_S\u00f6dermanland": 130.19010915028863, "CV_RMSE_STHLM": 450.171217352077, "CV_RMSE_S\u00f6dermanland": 478.2493805520807, "_timestamp": 1748314926.7500021, "_runtime": 1.3118171691894531, "_step": 0, "_wandb": {"runtime": 1}}