{"CV_RMSE": 887.4038482324713, "RMSE": 1768.159269336389, "RMSE_STHLM": 1690.4857302333737, "RMSE_S\u00f6dermanland": 77.67353910301523, "CV_RMSE_STHLM": 602.0724800989459, "CV_RMSE_S\u00f6dermanland": 285.33136813352536, "_timestamp": 1748359400.2514675, "_runtime": 1.3485393524169922, "_step": 0, "_wandb": {"runtime": 1}}