{"CV_RMSE": 274.1543179808374, "RMSE": 433.48903865446835, "RMSE_STHLM": 397.38585550450443, "RMSE_S\u00f6dermanland": 36.10318314996391, "CV_RMSE_STHLM": 141.53037987892915, "CV_RMSE_S\u00f6dermanland": 132.62393810190824, "_timestamp": 1748469412.481021, "_runtime": 1.3297629356384277, "_step": 0, "_wandb": {"runtime": 1}}