{"CV_RMSE": 4470.884970807417, "RMSE": 1574.5363349816707, "RMSE_skane": 1321.7157517747985, "RMSE_kronoberg": 252.8205832068723, "CV_RMSE_'skane": 2095.7437924547544, "CV_RMSE_kronoberg": 2375.1411783526623, "_timestamp": 1748526812.4461966, "_runtime": 1.257354497909546, "_step": 0, "_wandb": {"runtime": 1}}