{"CV_RMSE": 3593.4631009209916, "RMSE": 1558.4885445137415, "RMSE_skane": 1414.7705031008238, "RMSE_kronoberg": 143.71804141291773, "CV_RMSE_'skane": 2243.2936095679024, "CV_RMSE_kronoberg": 1350.1694913530894, "_timestamp": 1748503493.1687188, "_runtime": 1.3466176986694336, "_step": 0, "_wandb": {"runtime": 1}}