{"CV_RMSE": 275.6065452440731, "RMSE": 437.18009626735716, "RMSE_STHLM": 401.03542052880806, "RMSE_S\u00f6dermanland": 36.144675738549076, "CV_RMSE_STHLM": 142.83018538817856, "CV_RMSE_S\u00f6dermanland": 132.77635985589458, "_timestamp": 1748335291.6868498, "_runtime": 1.4665257930755615, "_step": 0, "_wandb": {"runtime": 1}}