{"CV_RMSE": 753.088187060315, "RMSE": 918.530023588636, "RMSE_STHLM": 790.1278798888831, "RMSE_S\u00f6dermanland": 128.402143699753, "CV_RMSE_STHLM": 281.40684285714076, "CV_RMSE_S\u00f6dermanland": 471.68134420317426, "_timestamp": 1748309796.0954025, "_runtime": 1.2777354717254639, "_step": 0, "_wandb": {"runtime": 1}}