{"CV_RMSE": 274.2073130225098, "RMSE": 435.17148120964396, "RMSE_STHLM": 399.23295311771454, "RMSE_S\u00f6dermanland": 35.938528091929435, "CV_RMSE_STHLM": 142.18823023583028, "CV_RMSE_S\u00f6dermanland": 132.01908278667955, "_timestamp": 1748562530.9921033, "_runtime": 1.2445464134216309, "_step": 0, "_wandb": {"runtime": 1}}