{"CV_RMSE": 2733.3939008468506, "RMSE": 181.23121331036356, "RMSE_Kalmar": 103.48848732183447, "RMSE_Blekinge": 77.74272598852909, "CV_RMSE_'Kalmar": 1001.5014902113013, "CV_RMSE_Blekinge": 1731.8924106355491, "_timestamp": 1748563744.2191408, "_runtime": 1.306405782699585, "_step": 0, "_wandb": {"runtime": 1}}