{"CV_RMSE": 3039.6596533324564, "RMSE": 204.01100207109806, "RMSE_Kalmar": 119.45736425539084, "RMSE_Blekinge": 84.55363781570723, "CV_RMSE_'Kalmar": 1156.039008923137, "CV_RMSE_Blekinge": 1883.6206444093193, "_timestamp": 1748491440.7753096, "_runtime": 1.3066585063934326, "_step": 0, "_wandb": {"runtime": 1}}