{"CV_RMSE": 306.95268956582606, "RMSE": 22.25472169761639, "RMSE_Kalmar": 14.986006777646175, "RMSE_Blekinge": 7.268714919970213, "CV_RMSE_'Kalmar": 145.0258720417372, "CV_RMSE_Blekinge": 161.9268175240889, "_timestamp": 1748534621.3710108, "_runtime": 1.3110606670379639, "_step": 0, "_wandb": {"runtime": 1}}