{"CV_RMSE": 272.9615147277459, "RMSE": 434.4674907411551, "RMSE_STHLM": 398.828924920606, "RMSE_S\u00f6dermanland": 35.638565820549076, "CV_RMSE_STHLM": 142.04433416246357, "CV_RMSE_S\u00f6dermanland": 130.9171805652823, "_timestamp": 1748340347.3778532, "_runtime": 1.295389175415039, "_step": 0, "_wandb": {"runtime": 1}}