{"CV_RMSE": 1830.1990477440754, "RMSE": 169.6257323628027, "RMSE_Kalmar": 154.6525123908438, "RMSE_Blekinge": 14.973219971958892, "CV_RMSE_'Kalmar": 1496.6372166855851, "CV_RMSE_Blekinge": 333.56183105849016, "_timestamp": 1748514008.4790218, "_runtime": 1.3320457935333252, "_step": 0, "_wandb": {"runtime": 1}}