{"CV_RMSE": 3871.6327614767133, "RMSE": 1602.6020852677643, "RMSE_skane": 1432.2194820533796, "RMSE_kronoberg": 170.38260321438477, "CV_RMSE_'skane": 2270.9611237632867, "CV_RMSE_kronoberg": 1600.671637713427, "_timestamp": 1748503018.9323635, "_runtime": 1.346923589706421, "_step": 0, "_wandb": {"runtime": 1}}