{"CV_RMSE": 4267.378558347364, "RMSE": 291.2062885161187, "RMSE_Kalmar": 176.18444506498562, "RMSE_Blekinge": 115.02184345113311, "CV_RMSE_'Kalmar": 1705.0107586934091, "CV_RMSE_Blekinge": 2562.367799653955, "_timestamp": 1748462155.3293343, "_runtime": 1.3705182075500488, "_step": 0, "_wandb": {"runtime": 1}}