{"CV_RMSE": 343.4023918381565, "RMSE": 25.75949134609151, "RMSE_Kalmar": 18.289775222930665, "RMSE_Blekinge": 7.469716123160846, "CV_RMSE_'Kalmar": 176.99782473803867, "CV_RMSE_Blekinge": 166.40456710011784, "_timestamp": 1748484706.7262275, "_runtime": 1.361459493637085, "_step": 0, "_wandb": {"runtime": 1}}