{"CV_RMSE": 306.9456796160176, "RMSE": 22.253773987794375, "RMSE_Kalmar": 14.984887522709922, "RMSE_Blekinge": 7.268886465084453, "CV_RMSE_'Kalmar": 145.01504054235406, "CV_RMSE_Blekinge": 161.93063907366354, "_timestamp": 1748505313.5684223, "_runtime": 1.3453483581542969, "_step": 0, "_wandb": {"runtime": 1}}