{"CV_RMSE": 303.4822312137097, "RMSE": 22.000736791690983, "RMSE_Kalmar": 14.812383404063903, "RMSE_Blekinge": 7.18835338762708, "CV_RMSE_'Kalmar": 143.3456458457797, "CV_RMSE_Blekinge": 160.13658536793, "_timestamp": 1748539117.0506911, "_runtime": 1.3236870765686035, "_step": 0, "_wandb": {"runtime": 1}}