{"CV_RMSE": 2974.620022713281, "RMSE": 1512.0350949326275, "RMSE_skane": 1438.1325221862471, "RMSE_kronoberg": 73.90257274638034, "CV_RMSE_'skane": 2280.3369802107513, "CV_RMSE_kronoberg": 694.2830425025294, "_timestamp": 1748539242.9633534, "_runtime": 1.342515468597412, "_step": 0, "_wandb": {"runtime": 1}}