{"CV_RMSE": 263.83181942365616, "RMSE": 422.73606822849644, "RMSE_STHLM": 388.59012712513027, "RMSE_S\u00f6dermanland": 34.145941103366155, "CV_RMSE_STHLM": 138.3977500643519, "CV_RMSE_S\u00f6dermanland": 125.43406935930425, "_timestamp": 1748492217.0507882, "_runtime": 1.267688274383545, "_step": 0, "_wandb": {"runtime": 1}}