{"CV_RMSE": 5006.7287847325915, "RMSE": 1892.4762862708728, "RMSE_skane": 1635.5948875269428, "RMSE_kronoberg": 256.88139874393, "CV_RMSE_'skane": 2593.43798233659, "CV_RMSE_kronoberg": 2413.290802396002, "_timestamp": 1748542727.6548126, "_runtime": 1.303682565689087, "_step": 0, "_wandb": {"runtime": 1}}