{"CV_RMSE": 373.9152475219288, "RMSE": 770.7653837285278, "RMSE_STHLM": 740.8000651203874, "RMSE_S\u00f6dermanland": 29.965318608140315, "CV_RMSE_STHLM": 263.83856692059703, "CV_RMSE_S\u00f6dermanland": 110.07668060133177, "_timestamp": 1748395931.0825326, "_runtime": 1.3180856704711914, "_step": 0, "_wandb": {"runtime": 1}}