{"CV_RMSE": 269.62177885992, "RMSE": 96.26458883009948, "RMSE_skane": 81.28403546921648, "RMSE_kronoberg": 14.980553360883004, "CV_RMSE_'skane": 128.88589133596693, "CV_RMSE_kronoberg": 140.73588752395307, "_timestamp": 1748525053.951492, "_runtime": 1.4133801460266113, "_step": 0, "_wandb": {"runtime": 1}}