{"CV_RMSE": 272.1740226327677, "RMSE": 431.76719929632065, "RMSE_STHLM": 396.07611322297015, "RMSE_S\u00f6dermanland": 35.691086073350505, "CV_RMSE_STHLM": 141.06391052658216, "CV_RMSE_S\u00f6dermanland": 131.11011210618554, "_timestamp": 1748429339.488798, "_runtime": 1.254755973815918, "_step": 0, "_wandb": {"runtime": 1}}