{"CV_RMSE": 4759.0684358258195, "RMSE": 1935.1259065991376, "RMSE_skane": 1718.6195472073002, "RMSE_kronoberg": 216.50635939183735, "CV_RMSE_'skane": 2725.083848637368, "CV_RMSE_kronoberg": 2033.9845871884513, "_timestamp": 1748559146.224485, "_runtime": 1.3312909603118896, "_step": 0, "_wandb": {"runtime": 1}}