{"CV_RMSE": 1744.1700097897783, "RMSE": 2522.676156236573, "RMSE_STHLM": 2267.738127625786, "RMSE_S\u00f6dermanland": 254.93802861078692, "CV_RMSE_STHLM": 807.662965913418, "CV_RMSE_S\u00f6dermanland": 936.5070438763602, "_timestamp": 1748289760.2557554, "_runtime": 1.2891905307769775, "_step": 0, "_wandb": {"runtime": 1}}