{"CV_RMSE": 4972.923800790317, "RMSE": 1904.202907448674, "RMSE_skane": 1654.0316301997136, "RMSE_kronoberg": 250.17127724896056, "CV_RMSE_'skane": 2622.671718075656, "CV_RMSE_kronoberg": 2350.252082714661, "_timestamp": 1748575264.9406335, "_runtime": 1.2678306102752686, "_step": 0, "_wandb": {"runtime": 1}}