{"CV_RMSE": 1398.2960969224932, "RMSE": 85.32964991376019, "RMSE_Kalmar": 39.89044365070841, "RMSE_Blekinge": 45.43920626305178, "CV_RMSE_'Kalmar": 386.03655145846847, "CV_RMSE_Blekinge": 1012.2595454640249, "_timestamp": 1748473461.225687, "_runtime": 1.316046953201294, "_step": 0, "_wandb": {"runtime": 1}}