{"CV_RMSE": 924.7758996870325, "RMSE": 1254.381490570723, "RMSE_STHLM": 1110.2820103565382, "RMSE_S\u00f6dermanland": 144.09948021418478, "CV_RMSE_STHLM": 395.4308703288027, "CV_RMSE_S\u00f6dermanland": 529.3450293582298, "_timestamp": 1748300926.4543161, "_runtime": 1.3013012409210205, "_step": 0, "_wandb": {"runtime": 1}}