{"CV_RMSE": 806.1095094602337, "RMSE": 1355.6405400551798, "RMSE_STHLM": 1258.1842396036727, "RMSE_S\u00f6dermanland": 97.45630045150716, "CV_RMSE_STHLM": 448.1067731077584, "CV_RMSE_S\u00f6dermanland": 358.00273635247527, "_timestamp": 1748310566.5879903, "_runtime": 1.3036901950836182, "_step": 0, "_wandb": {"runtime": 1}}