{"CV_RMSE": 550.7350865654886, "RMSE": 226.81311741126558, "RMSE_skane": 202.3418533570698, "RMSE_kronoberg": 24.471264054195785, "CV_RMSE_'skane": 320.83803386427553, "CV_RMSE_kronoberg": 229.89705270121303, "_timestamp": 1748545066.9035518, "_runtime": 1.4023077487945557, "_step": 0, "_wandb": {"runtime": 1}}