{"CV_RMSE": 947.4959916586236, "RMSE": 1435.707743851369, "RMSE_STHLM": 1304.2268677405004, "RMSE_S\u00f6dermanland": 131.48087611086856, "CV_RMSE_STHLM": 464.5050181901268, "CV_RMSE_S\u00f6dermanland": 482.99097346849675, "_timestamp": 1748299473.4147694, "_runtime": 1.3398222923278809, "_step": 0, "_wandb": {"runtime": 1}}