{"CV_RMSE": 808.2465882209426, "RMSE": 529.7815941036549, "RMSE_STHLM": 343.01523663625153, "RMSE_S\u00f6dermanland": 186.76635746740337, "CV_RMSE_STHLM": 122.16609140190991, "CV_RMSE_S\u00f6dermanland": 686.0804968190328, "_timestamp": 1748397152.3913922, "_runtime": 1.3274562358856201, "_step": 0, "_wandb": {"runtime": 1}}