{"CV_RMSE": 306.957973572554, "RMSE": 22.25461345749556, "RMSE_Kalmar": 14.98539603053608, "RMSE_Blekinge": 7.269217426959478, "CV_RMSE_'Kalmar": 145.01996158583302, "CV_RMSE_Blekinge": 161.93801198672102, "_timestamp": 1748502722.4100277, "_runtime": 1.3491368293762207, "_step": 0, "_wandb": {"runtime": 1}}