{"CV_RMSE": 3246.9178698145024, "RMSE": 208.21971803534933, "RMSE_Kalmar": 110.44931514769101, "RMSE_Blekinge": 97.77040288765832, "CV_RMSE_'Kalmar": 1068.8643401389452, "CV_RMSE_Blekinge": 2178.053529675557, "_timestamp": 1748494228.388839, "_runtime": 1.2841300964355469, "_step": 0, "_wandb": {"runtime": 1}}