{"CV_RMSE": 306.6328988906265, "RMSE": 22.233894430448206, "RMSE_Kalmar": 14.974563500563011, "RMSE_Blekinge": 7.259330929885196, "CV_RMSE_'Kalmar": 144.91513065060977, "CV_RMSE_Blekinge": 161.71776824001674, "_timestamp": 1748533157.378764, "_runtime": 1.3599848747253418, "_step": 0, "_wandb": {"runtime": 1}}