{"CV_RMSE": 263.8332074556346, "RMSE": 382.69436354251724, "RMSE_STHLM": 344.2490479943771, "RMSE_S\u00f6dermanland": 38.4453155481401, "CV_RMSE_STHLM": 122.60551768695663, "CV_RMSE_S\u00f6dermanland": 141.22768976867792, "_timestamp": 1748561239.093118, "_runtime": 1.2969698905944824, "_step": 0, "_wandb": {"runtime": 1}}