{"CV_RMSE": 2174.5818601509854, "RMSE": 368.818306376445, "RMSE_skane": 165.2345778230521, "RMSE_kronoberg": 203.5837285533929, "CV_RMSE_'skane": 261.99985912746104, "CV_RMSE_kronoberg": 1912.5820010235243, "_timestamp": 1748522114.676158, "_runtime": 1.297239065170288, "_step": 0, "_wandb": {"runtime": 1}}