{"CV_RMSE": 2907.8503012644073, "RMSE": 180.62768477677656, "RMSE_Kalmar": 88.5754555113132, "RMSE_Blekinge": 92.05222926546335, "CV_RMSE_'Kalmar": 857.1818275288373, "CV_RMSE_Blekinge": 2050.66847373557, "_timestamp": 1748531897.374649, "_runtime": 1.3671989440917969, "_step": 0, "_wandb": {"runtime": 1}}