{"CV_RMSE": 275.51428858566976, "RMSE": 436.87784277157897, "RMSE_STHLM": 400.7285271388086, "RMSE_S\u00f6dermanland": 36.14931563277037, "CV_RMSE_STHLM": 142.72088422039087, "CV_RMSE_S\u00f6dermanland": 132.79340436527892, "_timestamp": 1748540941.6584892, "_runtime": 1.3259642124176025, "_step": 0, "_wandb": {"runtime": 1}}