{"CV_RMSE": 579.2710155752789, "RMSE": 37.13038963960874, "RMSE_Kalmar": 19.674198418162508, "RMSE_Blekinge": 17.456191221446225, "CV_RMSE_'Kalmar": 190.39546856286296, "CV_RMSE_Blekinge": 388.8755470124159, "_timestamp": 1748514861.4686823, "_runtime": 1.3467164039611816, "_step": 0, "_wandb": {"runtime": 1}}