{"CV_RMSE": 1420.7093631666596, "RMSE": 2151.7419740747387, "RMSE_STHLM": 1954.4864613210887, "RMSE_S\u00f6dermanland": 197.25551275365007, "CV_RMSE_STHLM": 696.0972755001899, "CV_RMSE_S\u00f6dermanland": 724.6120876664697, "_timestamp": 1748301292.3927443, "_runtime": 1.271578311920166, "_step": 0, "_wandb": {"runtime": 1}}