{"CV_RMSE": 1378.7810464481631, "RMSE": 1704.7619595546748, "RMSE_STHLM": 1472.1570245610294, "RMSE_S\u00f6dermanland": 232.60493499364534, "CV_RMSE_STHLM": 524.3139383082416, "CV_RMSE_S\u00f6dermanland": 854.4671081399216, "_timestamp": 1748301804.0166245, "_runtime": 1.2722563743591309, "_step": 0, "_wandb": {"runtime": 1}}