{"CV_RMSE": 4828.893979227014, "RMSE": 302.93260170952635, "RMSE_Kalmar": 152.35188644561927, "RMSE_Blekinge": 150.58071526390708, "CV_RMSE_'Kalmar": 1474.3730946350252, "CV_RMSE_Blekinge": 3354.520884591989, "_timestamp": 1748576300.9550333, "_runtime": 1.356248378753662, "_step": 0, "_wandb": {"runtime": 1}}