{"CV_RMSE": 525.1789288020591, "RMSE": 1123.2361798679462, "RMSE_STHLM": 1085.5146028670677, "RMSE_S\u00f6dermanland": 37.72157700087869, "CV_RMSE_STHLM": 386.6098704314843, "CV_RMSE_S\u00f6dermanland": 138.56905837057477, "_timestamp": 1748320621.149897, "_runtime": 1.3529870510101318, "_step": 0, "_wandb": {"runtime": 1}}