{"CV_RMSE": 614.4868707734801, "RMSE": 504.62116948591415, "RMSE_STHLM": 373.5621222917964, "RMSE_S\u00f6dermanland": 131.05904719411774, "CV_RMSE_STHLM": 133.0454729175373, "CV_RMSE_S\u00f6dermanland": 481.44139785594274, "_timestamp": 1748348262.1601913, "_runtime": 1.3015131950378418, "_step": 0, "_wandb": {"runtime": 1}}