{"CV_RMSE": 405.5779266781593, "RMSE": 431.64236122658144, "RMSE_STHLM": 355.72346093206033, "RMSE_S\u00f6dermanland": 75.91890029452108, "CV_RMSE_STHLM": 126.69217049420432, "CV_RMSE_S\u00f6dermanland": 278.885756183955, "_timestamp": 1748558139.9907923, "_runtime": 1.2671802043914795, "_step": 0, "_wandb": {"runtime": 1}}