{"CV_RMSE": 263.2761952143377, "RMSE": 415.04212757066466, "RMSE_STHLM": 380.23764199719443, "RMSE_S\u00f6dermanland": 34.80448557347021, "CV_RMSE_STHLM": 135.42298290363078, "CV_RMSE_S\u00f6dermanland": 127.8532123107069, "_timestamp": 1748463960.764274, "_runtime": 1.2827668190002441, "_step": 0, "_wandb": {"runtime": 1}}