{"CV_RMSE": 3156.802718364411, "RMSE": 217.12770476685085, "RMSE_Kalmar": 133.35128254217682, "RMSE_Blekinge": 83.77642222467402, "CV_RMSE_'Kalmar": 1290.4962826662272, "CV_RMSE_Blekinge": 1866.3064356981838, "_timestamp": 1748507614.6005042, "_runtime": 1.3293371200561523, "_step": 0, "_wandb": {"runtime": 1}}