{"CV_RMSE": 5057.774088394642, "RMSE": 1947.5731506495915, "RMSE_skane": 1695.3425176048306, "RMSE_kronoberg": 252.23063304476085, "CV_RMSE_'skane": 2688.1752393311262, "CV_RMSE_kronoberg": 2369.5988490635154, "_timestamp": 1748539432.4978404, "_runtime": 1.261751413345337, "_step": 0, "_wandb": {"runtime": 1}}