{"CV_RMSE": 276.1942735946732, "RMSE": 98.42991845437692, "RMSE_skane": 83.04737795371878, "RMSE_kronoberg": 15.382540500658138, "CV_RMSE_'skane": 131.6818889329579, "CV_RMSE_kronoberg": 144.5123846617153, "_timestamp": 1748539111.5890727, "_runtime": 1.341186761856079, "_step": 0, "_wandb": {"runtime": 1}}