{"CV_RMSE": 2815.104158129114, "RMSE": 183.55803464915562, "RMSE_Kalmar": 101.11740932005955, "RMSE_Blekinge": 82.44062532909605, "CV_RMSE_'Kalmar": 978.5555740650925, "CV_RMSE_Blekinge": 1836.548584064021, "_timestamp": 1748553304.9246333, "_runtime": 1.3305823802947998, "_step": 0, "_wandb": {"runtime": 1}}