{"CV_RMSE": 278.7664459342484, "RMSE": 431.73878863340735, "RMSE_STHLM": 394.05737599297703, "RMSE_S\u00f6dermanland": 37.681412640430345, "CV_RMSE_STHLM": 140.34493011225933, "CV_RMSE_S\u00f6dermanland": 138.42151582198903, "_timestamp": 1748475245.1002522, "_runtime": 1.277320146560669, "_step": 0, "_wandb": {"runtime": 1}}