{"CV_RMSE": 200.16468544161395, "RMSE": 69.7257876172231, "RMSE_skane": 58.25102538183368, "RMSE_kronoberg": 11.474762235389429, "CV_RMSE_'skane": 92.36420515089907, "CV_RMSE_kronoberg": 107.80048029071489, "_timestamp": 1748542639.388483, "_runtime": 1.3733980655670166, "_step": 0, "_wandb": {"runtime": 1}}