{"CV_RMSE": 306.9808604299636, "RMSE": 22.256798407301616, "RMSE_Kalmar": 14.987442709837051, "RMSE_Blekinge": 7.269355697464565, "CV_RMSE_'Kalmar": 145.0397681597134, "CV_RMSE_Blekinge": 161.9410922702502, "_timestamp": 1748460325.0082204, "_runtime": 1.2593374252319336, "_step": 0, "_wandb": {"runtime": 1}}