{"CV_RMSE": 275.55379241692174, "RMSE": 437.03489986687623, "RMSE_STHLM": 400.89053782015486, "RMSE_S\u00f6dermanland": 36.14436204672135, "CV_RMSE_STHLM": 142.77858489835353, "CV_RMSE_S\u00f6dermanland": 132.77520751856824, "_timestamp": 1748511793.7298975, "_runtime": 1.2747735977172852, "_step": 0, "_wandb": {"runtime": 1}}