{"CV_RMSE": 960.3125987403589, "RMSE": 1476.3644299117097, "RMSE_STHLM": 1345.384988012009, "RMSE_S\u00f6dermanland": 130.9794418997007, "CV_RMSE_STHLM": 479.1636284965604, "CV_RMSE_S\u00f6dermanland": 481.14897024379854, "_timestamp": 1748333365.263599, "_runtime": 1.2946968078613281, "_step": 0, "_wandb": {"runtime": 1}}