{"CV_RMSE": 5145.286352827943, "RMSE": 1980.4849674205775, "RMSE_skane": 1723.730484698901, "RMSE_kronoberg": 256.7544827216765, "CV_RMSE_'skane": 2733.1878721441344, "CV_RMSE_kronoberg": 2412.0984806838082, "_timestamp": 1748557241.5099578, "_runtime": 1.3581418991088867, "_step": 0, "_wandb": {"runtime": 1}}