{"CV_RMSE": 301.9001057235339, "RMSE": 21.95594321700554, "RMSE_Kalmar": 14.858753063770639, "RMSE_Blekinge": 7.0971901532349, "CV_RMSE_'Kalmar": 143.79438448810296, "CV_RMSE_Blekinge": 158.10572123543093, "_timestamp": 1748474004.2325037, "_runtime": 1.3238575458526611, "_step": 0, "_wandb": {"runtime": 1}}