{"CV_RMSE": 264.69994216072877, "RMSE": 418.3935141528708, "RMSE_STHLM": 383.51965359189523, "RMSE_S\u00f6dermanland": 34.873860560975544, "CV_RMSE_STHLM": 136.59188295714512, "CV_RMSE_S\u00f6dermanland": 128.10805920358365, "_timestamp": 1748540196.8123963, "_runtime": 1.2623121738433838, "_step": 0, "_wandb": {"runtime": 1}}