{"CV_RMSE": 4251.0802937566405, "RMSE": 1678.1179846896698, "RMSE_skane": 1474.4776721754422, "RMSE_kronoberg": 203.64031251422753, "CV_RMSE_'skane": 2337.966710637593, "CV_RMSE_kronoberg": 1913.1135831190477, "_timestamp": 1748520750.2474246, "_runtime": 1.305450677871704, "_step": 0, "_wandb": {"runtime": 1}}