{"CV_RMSE": 269.51108810483476, "RMSE": 430.95540489217325, "RMSE_STHLM": 395.9799006885991, "RMSE_S\u00f6dermanland": 34.97550420357414, "CV_RMSE_STHLM": 141.02964409170525, "CV_RMSE_S\u00f6dermanland": 128.4814440131295, "_timestamp": 1748284747.6461492, "_runtime": 1.3369371891021729, "_step": 0, "_wandb": {"runtime": 1}}