{"CV_RMSE": 1816.3226152216102, "RMSE": 746.3504231677978, "RMSE_skane": 665.3034391689943, "RMSE_kronoberg": 81.04698399880355, "CV_RMSE_'skane": 1054.9208866315976, "CV_RMSE_kronoberg": 761.4017285900126, "_timestamp": 1748569002.7448819, "_runtime": 1.3795678615570068, "_step": 0, "_wandb": {"runtime": 1}}