{"CV_RMSE": 4103.860579150356, "RMSE": 1667.7565826284174, "RMSE_skane": 1480.8650593687878, "RMSE_kronoberg": 186.89152325962968, "CV_RMSE_'skane": 2348.0947030160482, "CV_RMSE_kronoberg": 1755.7658761343082, "_timestamp": 1748509338.5282085, "_runtime": 1.3350284099578857, "_step": 0, "_wandb": {"runtime": 1}}