{"CV_RMSE": 271.417670269896, "RMSE": 436.83457490167075, "RMSE_STHLM": 401.9155335328285, "RMSE_S\u00f6dermanland": 34.91904136884227, "CV_RMSE_STHLM": 143.1436407516999, "CV_RMSE_S\u00f6dermanland": 128.2740295181961, "_timestamp": 1748462317.4675422, "_runtime": 1.2505881786346436, "_step": 0, "_wandb": {"runtime": 1}}