{"CV_RMSE": 385.36998063491166, "RMSE": 388.3007348807247, "RMSE_STHLM": 313.8202482123132, "RMSE_S\u00f6dermanland": 74.48048666841149, "CV_RMSE_STHLM": 111.76819287340003, "CV_RMSE_S\u00f6dermanland": 273.6017877615116, "_timestamp": 1748293774.5769858, "_runtime": 1.3216578960418701, "_step": 0, "_wandb": {"runtime": 1}}