{"CV_RMSE": 1109.418680284426, "RMSE": 1495.5047763650277, "RMSE_STHLM": 1321.6324698815317, "RMSE_S\u00f6dermanland": 173.8723064834959, "CV_RMSE_STHLM": 470.704085038931, "CV_RMSE_S\u00f6dermanland": 638.7145952454952, "_timestamp": 1748403127.3526034, "_runtime": 1.2810845375061035, "_step": 0, "_wandb": {"runtime": 1}}