{"CV_RMSE": 262.4793561849466, "RMSE": 404.9460746485124, "RMSE_STHLM": 369.2978629704297, "RMSE_S\u00f6dermanland": 35.64821167808269, "CV_RMSE_STHLM": 131.5267418572959, "CV_RMSE_S\u00f6dermanland": 130.9526143276507, "_timestamp": 1748541177.9081757, "_runtime": 1.305018663406372, "_step": 0, "_wandb": {"runtime": 1}}