{"CV_RMSE": 693.189039042692, "RMSE": 52.55810710102414, "RMSE_Kalmar": 37.91009097728176, "RMSE_Blekinge": 14.648016123742382, "CV_RMSE_'Kalmar": 366.87184816724283, "CV_RMSE_Blekinge": 326.3171908754491, "_timestamp": 1748528451.3975778, "_runtime": 1.3866748809814453, "_step": 0, "_wandb": {"runtime": 1}}