{"CV_RMSE": 271.57892507092095, "RMSE": 430.6949469336097, "RMSE_STHLM": 395.06813302942123, "RMSE_S\u00f6dermanland": 35.62681390418847, "CV_RMSE_STHLM": 140.70491481063678, "CV_RMSE_S\u00f6dermanland": 130.87401026028417, "_timestamp": 1748313664.2832778, "_runtime": 1.2942838668823242, "_step": 0, "_wandb": {"runtime": 1}}