{"CV_RMSE": 267.64880314947555, "RMSE": 418.0576169706714, "RMSE_STHLM": 382.2587640055071, "RMSE_S\u00f6dermanland": 35.79885296516433, "CV_RMSE_STHLM": 136.14281266519842, "CV_RMSE_S\u00f6dermanland": 131.50599048427713, "_timestamp": 1748496301.04197, "_runtime": 1.3409199714660645, "_step": 0, "_wandb": {"runtime": 1}}