{"CV_RMSE": 304.56696219408445, "RMSE": 22.12307006843058, "RMSE_Kalmar": 14.942585009970962, "RMSE_Blekinge": 7.180485058459618, "CV_RMSE_'Kalmar": 144.60566138681577, "CV_RMSE_Blekinge": 159.9613008072687, "_timestamp": 1748559647.1196458, "_runtime": 1.3498477935791016, "_step": 0, "_wandb": {"runtime": 1}}