{"CV_RMSE": 4800.70053705744, "RMSE": 1883.0305194594544, "RMSE_skane": 1650.614747542719, "RMSE_kronoberg": 232.4157719167353, "CV_RMSE_'skane": 2617.253828027567, "CV_RMSE_kronoberg": 2183.4467090298726, "_timestamp": 1748524462.1250036, "_runtime": 1.2860736846923828, "_step": 0, "_wandb": {"runtime": 1}}