{"CV_RMSE": 267.8150554808604, "RMSE": 430.28592751406023, "RMSE_STHLM": 395.7498134536928, "RMSE_S\u00f6dermanland": 34.53611406036742, "CV_RMSE_STHLM": 140.94769770808213, "CV_RMSE_S\u00f6dermanland": 126.86735777277828, "_timestamp": 1748551210.0568097, "_runtime": 1.4808526039123535, "_step": 0, "_wandb": {"runtime": 1}}