{"CV_RMSE": 4287.749577420476, "RMSE": 1797.5509023624224, "RMSE_skane": 1613.4658963803822, "RMSE_kronoberg": 184.0850059820403, "CV_RMSE_'skane": 2558.349729990035, "CV_RMSE_kronoberg": 1729.399847430441, "_timestamp": 1748516574.164383, "_runtime": 1.3546428680419922, "_step": 0, "_wandb": {"runtime": 1}}