{"CV_RMSE": 275.3847554480349, "RMSE": 436.62560355001017, "RMSE_STHLM": 400.488254593718, "RMSE_S\u00f6dermanland": 36.137348956292186, "CV_RMSE_STHLM": 142.6353103024718, "CV_RMSE_S\u00f6dermanland": 132.74944514556313, "_timestamp": 1748534042.9952612, "_runtime": 1.2718472480773926, "_step": 0, "_wandb": {"runtime": 1}}