{"CV_RMSE": 3953.8671276600057, "RMSE": 236.8536400357539, "RMSE_Kalmar": 104.9678939363842, "RMSE_Blekinge": 131.8857460993697, "CV_RMSE_'Kalmar": 1015.8183284166213, "CV_RMSE_Blekinge": 2938.0487992433846, "_timestamp": 1748577798.263545, "_runtime": 1.3751869201660156, "_step": 0, "_wandb": {"runtime": 1}}