{"CV_RMSE": 344.01255764149914, "RMSE": 144.796372123255, "RMSE_skane": 130.14395077981445, "RMSE_kronoberg": 14.652421343440544, "CV_RMSE_'skane": 206.35932998913495, "CV_RMSE_kronoberg": 137.6532276523642, "_timestamp": 1748570848.6127095, "_runtime": 1.3104994297027588, "_step": 0, "_wandb": {"runtime": 1}}