{"CV_RMSE": 2036.5357011838348, "RMSE": 2777.7833049207093, "RMSE_STHLM": 2462.100871429905, "RMSE_S\u00f6dermanland": 315.68243349080416, "CV_RMSE_STHLM": 876.8859455033298, "CV_RMSE_S\u00f6dermanland": 1159.649755680505, "_timestamp": 1748320422.701156, "_runtime": 1.2581398487091064, "_step": 0, "_wandb": {"runtime": 1}}