{"CV_RMSE": 265.8198223365152, "RMSE": 416.9553001347686, "RMSE_STHLM": 381.5894438556007, "RMSE_S\u00f6dermanland": 35.365856279167936, "CV_RMSE_STHLM": 135.9044319232452, "CV_RMSE_S\u00f6dermanland": 129.91539041327, "_timestamp": 1748564929.5399675, "_runtime": 1.2638776302337646, "_step": 0, "_wandb": {"runtime": 1}}