{"CV_RMSE": 2957.31345758117, "RMSE": 1613.6605238047516, "RMSE_skane": 1562.609459813266, "RMSE_kronoberg": 51.05106399148562, "CV_RMSE_'skane": 2477.71055995761, "CV_RMSE_kronoberg": 479.60289762356007, "_timestamp": 1748506583.3410363, "_runtime": 1.313124418258667, "_step": 0, "_wandb": {"runtime": 1}}