{"CV_RMSE": 1773.866606541286, "RMSE": 2418.644885464555, "RMSE_STHLM": 2143.585859822392, "RMSE_S\u00f6dermanland": 275.0590256421628, "CV_RMSE_STHLM": 763.4456960190554, "CV_RMSE_S\u00f6dermanland": 1010.4209105222307, "_timestamp": 1748383824.9023445, "_runtime": 1.2890803813934326, "_step": 0, "_wandb": {"runtime": 1}}