{"CV_RMSE": 272.8795712230516, "RMSE": 432.09896521259435, "RMSE_STHLM": 396.2308115908286, "RMSE_S\u00f6dermanland": 35.868153621765764, "CV_RMSE_STHLM": 141.11900689819777, "CV_RMSE_S\u00f6dermanland": 131.76056432485382, "_timestamp": 1748475839.7519746, "_runtime": 1.239748477935791, "_step": 0, "_wandb": {"runtime": 1}}