{"CV_RMSE": 268.3441841312434, "RMSE": 429.21455872679536, "RMSE_STHLM": 394.4039153539468, "RMSE_S\u00f6dermanland": 34.81064337284857, "CV_RMSE_STHLM": 140.4683513330242, "CV_RMSE_S\u00f6dermanland": 127.87583279821924, "_timestamp": 1748341317.272757, "_runtime": 1.3020501136779785, "_step": 0, "_wandb": {"runtime": 1}}