{"CV_RMSE": 3025.3915832628536, "RMSE": 213.5683504811549, "RMSE_Kalmar": 137.48774141608519, "RMSE_Blekinge": 76.08060906506972, "CV_RMSE_'Kalmar": 1330.5265298330823, "CV_RMSE_Blekinge": 1694.865053429771, "_timestamp": 1748521062.96844, "_runtime": 1.3140809535980225, "_step": 0, "_wandb": {"runtime": 1}}