{"CV_RMSE": 1610.086135608009, "RMSE": 2153.644997502685, "RMSE_STHLM": 1899.5064465738649, "RMSE_S\u00f6dermanland": 254.13855092882, "CV_RMSE_STHLM": 676.5159485225479, "CV_RMSE_S\u00f6dermanland": 933.5701870854613, "_timestamp": 1748332919.2892108, "_runtime": 1.3105456829071045, "_step": 0, "_wandb": {"runtime": 1}}