{"CV_RMSE": 907.1297044862424, "RMSE": 1226.9859027306384, "RMSE_STHLM": 1085.2645981046307, "RMSE_S\u00f6dermanland": 141.7213046260075, "CV_RMSE_STHLM": 386.5208303498883, "CV_RMSE_S\u00f6dermanland": 520.6088741363542, "_timestamp": 1748320283.4735112, "_runtime": 1.3364861011505127, "_step": 0, "_wandb": {"runtime": 1}}