{"CV_RMSE": 3932.9774136688748, "RMSE": 1517.0120650074011, "RMSE_skane": 1321.3945381859755, "RMSE_kronoberg": 195.6175268214255, "CV_RMSE_'skane": 2095.2344685824132, "CV_RMSE_kronoberg": 1837.7429450864613, "_timestamp": 1748524690.5625165, "_runtime": 1.2792844772338867, "_step": 0, "_wandb": {"runtime": 1}}