{"CV_RMSE": 1362.2975400212247, "RMSE": 1483.6156828996757, "RMSE_STHLM": 1232.2369783467193, "RMSE_S\u00f6dermanland": 251.37870455295646, "CV_RMSE_STHLM": 438.86556411240497, "CV_RMSE_S\u00f6dermanland": 923.4319759088197, "_timestamp": 1748288214.9439685, "_runtime": 1.4013946056365967, "_step": 0, "_wandb": {"runtime": 1}}