{"CV_RMSE": 2307.5591318194083, "RMSE": 835.9332622642747, "RMSE_skane": 710.1693931951849, "RMSE_kronoberg": 125.76386906908988, "CV_RMSE_'skane": 1126.06140570061, "CV_RMSE_kronoberg": 1181.4977261187985, "_timestamp": 1748542760.6245515, "_runtime": 1.2849905490875244, "_step": 0, "_wandb": {"runtime": 1}}