{"CV_RMSE": 275.0162983446623, "RMSE": 437.111243945734, "RMSE_STHLM": 401.13710514954096, "RMSE_S\u00f6dermanland": 35.97413879619303, "CV_RMSE_STHLM": 142.866400725994, "CV_RMSE_S\u00f6dermanland": 132.1498976186683, "_timestamp": 1748516615.3851342, "_runtime": 1.308387279510498, "_step": 0, "_wandb": {"runtime": 1}}