{"CV_RMSE": 281.17702466200325, "RMSE": 448.3795228982142, "RMSE_STHLM": 411.7580267327843, "RMSE_S\u00f6dermanland": 36.621496165429896, "CV_RMSE_STHLM": 146.64907956450568, "CV_RMSE_S\u00f6dermanland": 134.52794509749756, "_timestamp": 1748555836.7320116, "_runtime": 1.2588536739349365, "_step": 0, "_wandb": {"runtime": 1}}