{"CV_RMSE": 1595.535335301147, "RMSE": 2334.104819775085, "RMSE_STHLM": 2103.7271070695815, "RMSE_S\u00f6dermanland": 230.3777127055036, "CV_RMSE_STHLM": 749.2498600564397, "CV_RMSE_S\u00f6dermanland": 846.2854752447071, "_timestamp": 1748294041.6714602, "_runtime": 1.3834030628204346, "_step": 0, "_wandb": {"runtime": 1}}