{"CV_RMSE": 312.40340236515516, "RMSE": 22.8897941356568, "RMSE_Kalmar": 15.676250650361496, "RMSE_Blekinge": 7.213543485295304, "CV_RMSE_'Kalmar": 151.70565145511125, "CV_RMSE_Blekinge": 160.6977509100439, "_timestamp": 1748522390.079115, "_runtime": 1.3300800323486328, "_step": 0, "_wandb": {"runtime": 1}}