{"CV_RMSE": 272.42192578574543, "RMSE": 436.15220369915534, "RMSE_STHLM": 400.85717026494655, "RMSE_S\u00f6dermanland": 35.295033434208804, "CV_RMSE_STHLM": 142.76670092538657, "CV_RMSE_S\u00f6dermanland": 129.65522486035889, "_timestamp": 1748463116.0556645, "_runtime": 1.3908805847167969, "_step": 0, "_wandb": {"runtime": 1}}