{"CV_RMSE": 5101.744061549525, "RMSE": 1949.0387873403301, "RMSE_skane": 1691.4750386100332, "RMSE_kronoberg": 257.5637487302969, "CV_RMSE_'skane": 2682.042873060306, "CV_RMSE_kronoberg": 2419.701188489219, "_timestamp": 1748564609.846575, "_runtime": 1.326033115386963, "_step": 0, "_wandb": {"runtime": 1}}