{"CV_RMSE": 949.0808609611142, "RMSE": 1258.2412911310093, "RMSE_STHLM": 1107.2295117271956, "RMSE_S\u00f6dermanland": 151.01177940381373, "CV_RMSE_STHLM": 394.34371213077804, "CV_RMSE_S\u00f6dermanland": 554.7371488303362, "_timestamp": 1748330446.9851215, "_runtime": 1.275228500366211, "_step": 0, "_wandb": {"runtime": 1}}