{"CV_RMSE": 4442.1379753415895, "RMSE": 1745.9339499906152, "RMSE_skane": 1531.597308405147, "RMSE_kronoberg": 214.33664158546816, "CV_RMSE_'skane": 2428.5369583591123, "CV_RMSE_kronoberg": 2013.6010169824776, "_timestamp": 1748555907.9766767, "_runtime": 1.3218495845794678, "_step": 0, "_wandb": {"runtime": 1}}