{"CV_RMSE": 258.6616190661195, "RMSE": 19.434331913254212, "RMSE_Kalmar": 13.832068989948318, "RMSE_Blekinge": 5.6022629233058945, "CV_RMSE_'Kalmar": 133.85873216079017, "CV_RMSE_Blekinge": 124.80288690532933, "_timestamp": 1748554524.6235492, "_runtime": 1.301889181137085, "_step": 0, "_wandb": {"runtime": 1}}