{"CV_RMSE": 2679.1414796432296, "RMSE": 177.68569730446342, "RMSE_Kalmar": 101.5256125278421, "RMSE_Blekinge": 76.16008477662132, "CV_RMSE_'Kalmar": 982.5059276887944, "CV_RMSE_Blekinge": 1696.6355519544352, "_timestamp": 1748461877.8785944, "_runtime": 1.5091814994812012, "_step": 0, "_wandb": {"runtime": 1}}