{"CV_RMSE": 272.33726602076194, "RMSE": 434.24338932106025, "RMSE_STHLM": 398.7689423899325, "RMSE_S\u00f6dermanland": 35.47444693112779, "CV_RMSE_STHLM": 142.0229711717211, "CV_RMSE_S\u00f6dermanland": 130.31429484904086, "_timestamp": 1748449012.092476, "_runtime": 1.2955598831176758, "_step": 0, "_wandb": {"runtime": 1}}