{"CV_RMSE": 305.448354621635, "RMSE": 22.102007927515288, "RMSE_Kalmar": 14.835393019616026, "RMSE_Blekinge": 7.266614907899263, "CV_RMSE_'Kalmar": 143.56831954467123, "CV_RMSE_Blekinge": 161.8800350769638, "_timestamp": 1748510817.1153564, "_runtime": 1.3833074569702148, "_step": 0, "_wandb": {"runtime": 1}}