{"CV_RMSE": 4559.044700157438, "RMSE": 326.09353582797144, "RMSE_Kalmar": 214.71876217510945, "RMSE_Blekinge": 111.37477365286198, "CV_RMSE_'Kalmar": 2077.923504920414, "CV_RMSE_Blekinge": 2481.121195237024, "_timestamp": 1748518262.4266841, "_runtime": 1.326219081878662, "_step": 0, "_wandb": {"runtime": 1}}