{"CV_RMSE": 4337.898989943921, "RMSE": 1681.2644060704652, "RMSE_skane": 1467.1451337382284, "RMSE_kronoberg": 214.11927233223673, "CV_RMSE_'skane": 2326.3400640669583, "CV_RMSE_kronoberg": 2011.558925876963, "_timestamp": 1748522245.8124254, "_runtime": 1.289736270904541, "_step": 0, "_wandb": {"runtime": 1}}