{"CV_RMSE": 1517.3095742169144, "RMSE": 539.5543320251152, "RMSE_skane": 454.8080358422235, "RMSE_kronoberg": 84.74629618289164, "CV_RMSE_'skane": 721.1543908703331, "CV_RMSE_kronoberg": 796.1551833465812, "_timestamp": 1748550912.2511666, "_runtime": 1.3651716709136963, "_step": 0, "_wandb": {"runtime": 1}}