{"CV_RMSE": 1093.9547581306367, "RMSE": 2205.715918954003, "RMSE_STHLM": 2112.7548516881097, "RMSE_S\u00f6dermanland": 92.96106726589325, "CV_RMSE_STHLM": 752.465123276335, "CV_RMSE_S\u00f6dermanland": 341.48963485430176, "_timestamp": 1748316618.219739, "_runtime": 1.3172500133514404, "_step": 0, "_wandb": {"runtime": 1}}