{"CV_RMSE": 5104.350828803883, "RMSE": 1944.8673805616525, "RMSE_skane": 1686.1228007889601, "RMSE_kronoberg": 258.7445797726923, "CV_RMSE_'skane": 2673.5562380374627, "CV_RMSE_kronoberg": 2430.7945907664207, "_timestamp": 1748526759.2291653, "_runtime": 1.3037443161010742, "_step": 0, "_wandb": {"runtime": 1}}