{"CV_RMSE": 261.0913965006959, "RMSE": 409.6441006524784, "RMSE_STHLM": 374.91867668195704, "RMSE_S\u00f6dermanland": 34.725423970521405, "CV_RMSE_STHLM": 133.5286145681683, "CV_RMSE_S\u00f6dermanland": 127.56278193252761, "_timestamp": 1748543853.112349, "_runtime": 1.3308191299438477, "_step": 0, "_wandb": {"runtime": 1}}