{"CV_RMSE": 1230.873962725478, "RMSE": 1564.408142415805, "RMSE_STHLM": 1361.3209196920252, "RMSE_S\u00f6dermanland": 203.08722272377992, "CV_RMSE_STHLM": 484.83926700546994, "CV_RMSE_S\u00f6dermanland": 746.0346957200079, "_timestamp": 1748379663.1777673, "_runtime": 1.3183093070983887, "_step": 0, "_wandb": {"runtime": 1}}