{"CV_RMSE": 4021.008187228258, "RMSE": 1636.0583122441608, "RMSE_skane": 1453.34031688905, "RMSE_kronoberg": 182.71799535511087, "CV_RMSE_'skane": 2304.450819591517, "CV_RMSE_kronoberg": 1716.557367636741, "_timestamp": 1748546888.6492288, "_runtime": 1.3007738590240479, "_step": 0, "_wandb": {"runtime": 1}}