{"CV_RMSE": 866.9517787754262, "RMSE": 541.4517182064274, "RMSE_STHLM": 338.2416945176404, "RMSE_S\u00f6dermanland": 203.210023688787, "CV_RMSE_STHLM": 120.46597746967801, "CV_RMSE_S\u00f6dermanland": 746.4858013057482, "_timestamp": 1748357263.9973214, "_runtime": 1.3022434711456299, "_step": 0, "_wandb": {"runtime": 1}}