{"CV_RMSE": 278.38350640331504, "RMSE": 100.57133824258199, "RMSE_skane": 85.34326836459284, "RMSE_kronoberg": 15.22806987798915, "CV_RMSE_'skane": 135.32230713201824, "CV_RMSE_kronoberg": 143.0611992712968, "_timestamp": 1748538512.8936443, "_runtime": 1.350534439086914, "_step": 0, "_wandb": {"runtime": 1}}