{"CV_RMSE": 306.9573335805871, "RMSE": 22.255307656508087, "RMSE_Kalmar": 14.98667421040864, "RMSE_Blekinge": 7.268633446099447, "CV_RMSE_'Kalmar": 145.0323310684707, "CV_RMSE_Blekinge": 161.92500251211638, "_timestamp": 1748560427.2845592, "_runtime": 1.2635762691497803, "_step": 0, "_wandb": {"runtime": 1}}