{"CV_RMSE": 263.6694484802145, "RMSE": 415.9409745373112, "RMSE_STHLM": 381.1144453181317, "RMSE_S\u00f6dermanland": 34.82652921917951, "CV_RMSE_STHLM": 135.73525951179997, "CV_RMSE_S\u00f6dermanland": 127.93418896841453, "_timestamp": 1748561222.733361, "_runtime": 1.340151071548462, "_step": 0, "_wandb": {"runtime": 1}}