{"CV_RMSE": 3672.7618547134507, "RMSE": 199.84084319287876, "RMSE_Kalmar": 61.83729900115284, "RMSE_Blekinge": 138.00354419172592, "CV_RMSE_'Kalmar": 598.4254742047049, "CV_RMSE_Blekinge": 3074.3363805087456, "_timestamp": 1748505858.074993, "_runtime": 1.320816993713379, "_step": 0, "_wandb": {"runtime": 1}}