{"CV_RMSE": 303.7737125620029, "RMSE": 21.942835103387925, "RMSE_Kalmar": 14.686875904427799, "RMSE_Blekinge": 7.255959198960126, "CV_RMSE_'Kalmar": 142.13105713962386, "CV_RMSE_Blekinge": 161.64265542237905, "_timestamp": 1748515802.1139586, "_runtime": 1.2974166870117188, "_step": 0, "_wandb": {"runtime": 1}}