{"CV_RMSE": 2196.8280333513435, "RMSE": 578.6947311974427, "RMSE_skane": 414.8780547245686, "RMSE_kronoberg": 163.81667647287412, "CV_RMSE_'skane": 657.8404673222545, "CV_RMSE_kronoberg": 1538.9875660290888, "_timestamp": 1748504726.9911523, "_runtime": 1.580585241317749, "_step": 0, "_wandb": {"runtime": 1}}