{"CV_RMSE": 4784.3897119241155, "RMSE": 1910.1965064606627, "RMSE_skane": 1685.385581540206, "RMSE_kronoberg": 224.8109249204567, "CV_RMSE_'skane": 2672.3872857402844, "CV_RMSE_kronoberg": 2112.002426183831, "_timestamp": 1748531678.166757, "_runtime": 1.2839829921722412, "_step": 0, "_wandb": {"runtime": 1}}