{"CV_RMSE": 306.9836860604079, "RMSE": 22.257019818485645, "RMSE_Kalmar": 14.987609918485083, "RMSE_Blekinge": 7.2694099000005625, "CV_RMSE_'Kalmar": 145.04138630792013, "CV_RMSE_Blekinge": 161.94229975248777, "_timestamp": 1748505126.1788595, "_runtime": 1.3977015018463135, "_step": 0, "_wandb": {"runtime": 1}}