{"CV_RMSE": 4219.129262638804, "RMSE": 1587.344252417066, "RMSE_skane": 1369.3637313106904, "RMSE_kronoberg": 217.98052110637556, "CV_RMSE_'skane": 2171.295557046549, "CV_RMSE_kronoberg": 2047.8337055922548, "_timestamp": 1748530517.5170152, "_runtime": 1.3929343223571777, "_step": 0, "_wandb": {"runtime": 1}}