{"CV_RMSE": 1389.2564447412005, "RMSE": 1996.7467540945509, "RMSE_STHLM": 1792.3320864014454, "RMSE_S\u00f6dermanland": 204.41466769310546, "CV_RMSE_STHLM": 638.345420562446, "CV_RMSE_S\u00f6dermanland": 750.9110241787547, "_timestamp": 1748388407.3179286, "_runtime": 1.2985866069793701, "_step": 0, "_wandb": {"runtime": 1}}