{"CV_RMSE": 306.9468452726911, "RMSE": 22.2538120218556, "RMSE_Kalmar": 14.984862255402597, "RMSE_Blekinge": 7.268949766453006, "CV_RMSE_'Kalmar": 145.01479602002513, "CV_RMSE_Blekinge": 161.932049252666, "_timestamp": 1748504937.419544, "_runtime": 1.2840828895568848, "_step": 0, "_wandb": {"runtime": 1}}