{"CV_RMSE": 4097.250388759919, "RMSE": 1698.5162577766928, "RMSE_skane": 1518.7170415981473, "RMSE_kronoberg": 179.79921617854555, "CV_RMSE_'skane": 2408.1137023226433, "CV_RMSE_kronoberg": 1689.1366864372756, "_timestamp": 1748523817.923361, "_runtime": 1.3010170459747314, "_step": 0, "_wandb": {"runtime": 1}}