{"CV_RMSE": 304.8840076616606, "RMSE": 22.069552693337, "RMSE_Kalmar": 14.822800313601935, "RMSE_Blekinge": 7.246752379735065, "CV_RMSE_'Kalmar": 143.44645464776065, "CV_RMSE_Blekinge": 161.43755301389996, "_timestamp": 1748467141.5147798, "_runtime": 1.559093713760376, "_step": 0, "_wandb": {"runtime": 1}}