{"CV_RMSE": 4760.184818502001, "RMSE": 1822.0233477077493, "RMSE_skane": 1582.408309635383, "RMSE_kronoberg": 239.61503807236627, "CV_RMSE_'skane": 2509.104085045533, "CV_RMSE_kronoberg": 2251.080733456468, "_timestamp": 1748524267.0296128, "_runtime": 1.2803757190704346, "_step": 0, "_wandb": {"runtime": 1}}