{"CV_RMSE": 2390.464903994655, "RMSE": 1244.8265887359562, "RMSE_skane": 1191.4726195965102, "RMSE_kronoberg": 53.353969139445915, "CV_RMSE_'skane": 1889.227198091718, "CV_RMSE_kronoberg": 501.2377059029366, "_timestamp": 1748511278.9623766, "_runtime": 1.382814645767212, "_step": 0, "_wandb": {"runtime": 1}}