{"CV_RMSE": 1065.8932578497515, "RMSE": 1058.2645521543652, "RMSE_STHLM": 850.5699516170143, "RMSE_S\u00f6dermanland": 207.69460053735096, "CV_RMSE_STHLM": 302.93350077376846, "CV_RMSE_S\u00f6dermanland": 762.9597570759831, "_timestamp": 1748284779.5016332, "_runtime": 1.2882342338562012, "_step": 0, "_wandb": {"runtime": 1}}