{"CV_RMSE": 748.2940342792681, "RMSE": 965.0389431406114, "RMSE_STHLM": 843.0752786794642, "RMSE_S\u00f6dermanland": 121.96366446114723, "CV_RMSE_STHLM": 300.2642464628088, "CV_RMSE_S\u00f6dermanland": 448.02978781645925, "_timestamp": 1748313007.983969, "_runtime": 1.3378679752349854, "_step": 0, "_wandb": {"runtime": 1}}