{"CV_RMSE": 1158.140379503741, "RMSE": 87.22901856202691, "RMSE_Kalmar": 62.30891043029565, "RMSE_Blekinge": 24.920108131731265, "CV_RMSE_'Kalmar": 602.9894557770546, "CV_RMSE_Blekinge": 555.1509237266865, "_timestamp": 1748523411.9895277, "_runtime": 1.3611485958099365, "_step": 0, "_wandb": {"runtime": 1}}