{"CV_RMSE": 303.93207155534606, "RMSE": 22.07995022054845, "RMSE_Kalmar": 14.916735407945902, "RMSE_Blekinge": 7.163214812602548, "CV_RMSE_'Kalmar": 144.35550394786355, "CV_RMSE_Blekinge": 159.5765676074825, "_timestamp": 1748512765.1576176, "_runtime": 1.3832964897155762, "_step": 0, "_wandb": {"runtime": 1}}