{"CV_RMSE": 266.15087095922013, "RMSE": 425.1334343734232, "RMSE_STHLM": 390.5458045192126, "RMSE_S\u00f6dermanland": 34.58762985421061, "CV_RMSE_STHLM": 139.09427149477298, "CV_RMSE_S\u00f6dermanland": 127.05659946444716, "_timestamp": 1748534226.91368, "_runtime": 1.3979711532592773, "_step": 0, "_wandb": {"runtime": 1}}