{"CV_RMSE": 3675.3624226259217, "RMSE": 230.82175983055654, "RMSE_Kalmar": 116.40704696931702, "RMSE_Blekinge": 114.41471286123952, "CV_RMSE_'Kalmar": 1126.5198093804872, "CV_RMSE_Blekinge": 2548.8426132454347, "_timestamp": 1748518519.8790436, "_runtime": 1.2828395366668701, "_step": 0, "_wandb": {"runtime": 1}}