{"CV_RMSE": 2626.2282176466542, "RMSE": 1020.7604613645373, "RMSE_skane": 891.7179558721876, "RMSE_kronoberg": 129.0425054923496, "CV_RMSE_'skane": 1413.9291055055828, "CV_RMSE_kronoberg": 1212.2991121410714, "_timestamp": 1748508965.7577333, "_runtime": 1.3821372985839844, "_step": 0, "_wandb": {"runtime": 1}}