{"CV_RMSE": 275.6166953647888, "RMSE": 437.25081633671317, "RMSE_STHLM": 401.11067350463316, "RMSE_S\u00f6dermanland": 36.140142832080016, "CV_RMSE_STHLM": 142.85698700204586, "CV_RMSE_S\u00f6dermanland": 132.75970836274294, "_timestamp": 1748513123.240071, "_runtime": 1.4179019927978516, "_step": 0, "_wandb": {"runtime": 1}}