{"CV_RMSE": 2427.632653983509, "RMSE": 374.43019851773346, "RMSE_skane": 139.58074326969847, "RMSE_kronoberg": 234.84945524803499, "CV_RMSE_'skane": 221.3225316115726, "CV_RMSE_kronoberg": 2206.3101223719364, "_timestamp": 1748521847.4376009, "_runtime": 1.2706787586212158, "_step": 0, "_wandb": {"runtime": 1}}