{"CV_RMSE": 4925.869673986705, "RMSE": 1895.9119420915627, "RMSE_skane": 1650.0828341476588, "RMSE_kronoberg": 245.82910794390392, "CV_RMSE_'skane": 2616.41041355337, "CV_RMSE_kronoberg": 2309.459260433335, "_timestamp": 1748520263.2469084, "_runtime": 1.2417185306549072, "_step": 0, "_wandb": {"runtime": 1}}