{"CV_RMSE": 4291.251395349023, "RMSE": 1801.8088675585889, "RMSE_skane": 1618.1400139654736, "RMSE_kronoberg": 183.66885359311527, "CV_RMSE_'skane": 2565.761121509736, "CV_RMSE_kronoberg": 1725.4902738392875, "_timestamp": 1748557238.2106042, "_runtime": 1.4431703090667725, "_step": 0, "_wandb": {"runtime": 1}}