{"CV_RMSE": 297.6165966948209, "RMSE": 106.57300744909124, "RMSE_skane": 90.10063410599702, "RMSE_kronoberg": 16.472373343094223, "CV_RMSE_'skane": 142.86569889957244, "CV_RMSE_kronoberg": 154.75089779524845, "_timestamp": 1748524361.7278867, "_runtime": 1.364919662475586, "_step": 0, "_wandb": {"runtime": 1}}