{"CV_RMSE": 306.4822200015523, "RMSE": 22.21430599439752, "RMSE_Kalmar": 14.951888777803969, "RMSE_Blekinge": 7.26241721659355, "CV_RMSE_'Kalmar": 144.69569784971583, "CV_RMSE_Blekinge": 161.7865221518365, "_timestamp": 1748488550.2218685, "_runtime": 1.3207364082336426, "_step": 0, "_wandb": {"runtime": 1}}