{"CV_RMSE": 716.0278131686996, "RMSE": 951.8637501502693, "RMSE_STHLM": 838.2121761694508, "RMSE_S\u00f6dermanland": 113.65157398081851, "CV_RMSE_STHLM": 298.5322352799785, "CV_RMSE_S\u00f6dermanland": 417.495577888721, "_timestamp": 1748397892.9333532, "_runtime": 1.301760196685791, "_step": 0, "_wandb": {"runtime": 1}}