{"CV_RMSE": 916.4576179451453, "RMSE": 1217.9012194893903, "RMSE_STHLM": 1072.3926795942214, "RMSE_S\u00f6dermanland": 145.508539895169, "CV_RMSE_STHLM": 381.93645098330006, "CV_RMSE_S\u00f6dermanland": 534.5211669618453, "_timestamp": 1748298561.1961632, "_runtime": 1.296938180923462, "_step": 0, "_wandb": {"runtime": 1}}