{"CV_RMSE": 2553.1934814808224, "RMSE": 171.402466100399, "RMSE_Kalmar": 100.41250240776617, "RMSE_Blekinge": 70.98996369263283, "CV_RMSE_'Kalmar": 971.7338942687048, "CV_RMSE_Blekinge": 1581.4595872121174, "_timestamp": 1748525413.5637896, "_runtime": 1.3207015991210938, "_step": 0, "_wandb": {"runtime": 1}}