{"CV_RMSE": 1283.3756722787443, "RMSE": 1825.3852368130547, "RMSE_STHLM": 1634.4904638918472, "RMSE_S\u00f6dermanland": 190.89477292120762, "CV_RMSE_STHLM": 582.1295676702266, "CV_RMSE_S\u00f6dermanland": 701.2461046085178, "_timestamp": 1748289818.4452806, "_runtime": 1.2591426372528076, "_step": 0, "_wandb": {"runtime": 1}}