{"CV_RMSE": 1053.3045257280166, "RMSE": 1447.1300641314965, "RMSE_STHLM": 1284.9796832253196, "RMSE_S\u00f6dermanland": 162.15038090617688, "CV_RMSE_STHLM": 457.6500652563465, "CV_RMSE_S\u00f6dermanland": 595.6544604716702, "_timestamp": 1748326019.3274515, "_runtime": 1.2967584133148193, "_step": 0, "_wandb": {"runtime": 1}}