{"CV_RMSE": 1345.3677436798744, "RMSE": 2006.2901011458252, "RMSE_STHLM": 1816.1302105402597, "RMSE_S\u00f6dermanland": 190.1598906055657, "CV_RMSE_STHLM": 646.8212067614696, "CV_RMSE_S\u00f6dermanland": 698.5465369184046, "_timestamp": 1748312841.4745302, "_runtime": 1.3490571975708008, "_step": 0, "_wandb": {"runtime": 1}}