{"CV_RMSE": 4978.90174680348, "RMSE": 1921.3721967991464, "RMSE_skane": 1673.9216554014183, "RMSE_kronoberg": 247.45054139772813, "CV_RMSE_'skane": 2654.2098130043632, "CV_RMSE_kronoberg": 2324.691933799116, "_timestamp": 1748511715.6199765, "_runtime": 1.2586514949798584, "_step": 0, "_wandb": {"runtime": 1}}