{"CV_RMSE": 674.136042764112, "RMSE": 950.8410205368879, "RMSE_STHLM": 849.7078570898534, "RMSE_S\u00f6dermanland": 101.13316344703446, "CV_RMSE_STHLM": 302.6264627545976, "CV_RMSE_S\u00f6dermanland": 371.50958000951437, "_timestamp": 1748389429.063228, "_runtime": 1.2963759899139404, "_step": 0, "_wandb": {"runtime": 1}}