{"CV_RMSE": 361.8646356349374, "RMSE": 438.0926955772943, "RMSE_STHLM": 376.0436233617276, "RMSE_S\u00f6dermanland": 62.049072215566696, "CV_RMSE_STHLM": 133.9292683124475, "CV_RMSE_S\u00f6dermanland": 227.9353673224899, "_timestamp": 1748383311.8517952, "_runtime": 1.3121612071990967, "_step": 0, "_wandb": {"runtime": 1}}