{"CV_RMSE": 2917.7528452935185, "RMSE": 211.32032115181624, "RMSE_Kalmar": 142.05597570912994, "RMSE_Blekinge": 69.26434544268632, "CV_RMSE_'Kalmar": 1374.7352487980315, "CV_RMSE_Blekinge": 1543.0175964954872, "_timestamp": 1748545565.4044342, "_runtime": 1.2985012531280518, "_step": 0, "_wandb": {"runtime": 1}}