{"CV_RMSE": 4455.665639213014, "RMSE": 1761.2013503609685, "RMSE_skane": 1548.2324585919155, "RMSE_kronoberg": 212.96889176905302, "CV_RMSE_'skane": 2454.9140463931008, "CV_RMSE_kronoberg": 2000.7515928199134, "_timestamp": 1748520399.1851783, "_runtime": 1.3194642066955566, "_step": 0, "_wandb": {"runtime": 1}}