{"CV_RMSE": 559.1737559289982, "RMSE": 1234.4449819643914, "RMSE_STHLM": 1198.4153094652029, "RMSE_S\u00f6dermanland": 36.0296724991885, "CV_RMSE_STHLM": 426.8198569523873, "CV_RMSE_S\u00f6dermanland": 132.35389897661082, "_timestamp": 1748289979.8917236, "_runtime": 1.2748477458953857, "_step": 0, "_wandb": {"runtime": 1}}