{"CV_RMSE": 315.6653919455358, "RMSE": 436.4873844712915, "RMSE_STHLM": 388.1926572055204, "RMSE_S\u00f6dermanland": 48.29472726577107, "CV_RMSE_STHLM": 138.2561897447441, "CV_RMSE_S\u00f6dermanland": 177.4092022007917, "_timestamp": 1748565203.0434632, "_runtime": 1.3108911514282227, "_step": 0, "_wandb": {"runtime": 1}}