{"CV_RMSE": 275.5722632073276, "RMSE": 437.07893263031156, "RMSE_STHLM": 400.9337300348198, "RMSE_S\u00f6dermanland": 36.14520259549173, "CV_RMSE_STHLM": 142.79396795858244, "CV_RMSE_S\u00f6dermanland": 132.77829524874514, "_timestamp": 1748339627.718841, "_runtime": 1.2937910556793213, "_step": 0, "_wandb": {"runtime": 1}}