{"CV_RMSE": 306.0665165286267, "RMSE": 22.182128978982547, "RMSE_Kalmar": 14.92799069791895, "RMSE_Blekinge": 7.2541382810635975, "CV_RMSE_'Kalmar": 144.46442610889306, "CV_RMSE_Blekinge": 161.60209041973363, "_timestamp": 1748497297.812395, "_runtime": 1.3222579956054688, "_step": 0, "_wandb": {"runtime": 1}}