{"CV_RMSE": 251.26613895433002, "RMSE": 387.47443675695934, "RMSE_STHLM": 353.33064363503877, "RMSE_S\u00f6dermanland": 34.14379312192058, "CV_RMSE_STHLM": 125.83996013911157, "CV_RMSE_S\u00f6dermanland": 125.42617881521846, "_timestamp": 1748556482.0559404, "_runtime": 1.333418369293213, "_step": 0, "_wandb": {"runtime": 1}}