{"CV_RMSE": 4776.947476056422, "RMSE": 1780.9620075518517, "RMSE_skane": 1530.862780424723, "RMSE_kronoberg": 250.09922712712873, "CV_RMSE_'skane": 2427.3722734007238, "CV_RMSE_kronoberg": 2349.575202655698, "_timestamp": 1748502133.370259, "_runtime": 1.3163940906524658, "_step": 0, "_wandb": {"runtime": 1}}