{"CV_RMSE": 1720.2984431500877, "RMSE": 2228.3456181256474, "RMSE_STHLM": 1949.0037338943876, "RMSE_S\u00f6dermanland": 279.34188423125977, "CV_RMSE_STHLM": 694.1445827087254, "CV_RMSE_S\u00f6dermanland": 1026.1538604413624, "_timestamp": 1748378433.2184896, "_runtime": 1.2888996601104736, "_step": 0, "_wandb": {"runtime": 1}}