{"CV_RMSE": 486.59283126949936, "RMSE": 581.717725177775, "RMSE_STHLM": 497.48938632797626, "RMSE_S\u00f6dermanland": 84.22833884979876, "CV_RMSE_STHLM": 177.1826069232998, "CV_RMSE_S\u00f6dermanland": 309.4102243461995, "_timestamp": 1748340231.6944897, "_runtime": 1.3116786479949951, "_step": 0, "_wandb": {"runtime": 1}}