{"CV_RMSE": 1534.7622493823624, "RMSE": 2372.1174456858707, "RMSE_STHLM": 2164.1408008068042, "RMSE_S\u00f6dermanland": 207.97664487906644, "CV_RMSE_STHLM": 770.7664110510977, "CV_RMSE_S\u00f6dermanland": 763.9958383312645, "_timestamp": 1748308678.9200404, "_runtime": 1.2747492790222168, "_step": 0, "_wandb": {"runtime": 1}}