{"CV_RMSE": 2738.15706706355, "RMSE": 202.4549122549053, "RMSE_Kalmar": 140.63524341707654, "RMSE_Blekinge": 61.81966883782877, "CV_RMSE_'Kalmar": 1360.9862266168698, "CV_RMSE_Blekinge": 1377.1708404466806, "_timestamp": 1748575140.3934748, "_runtime": 1.5611968040466309, "_step": 0, "_wandb": {"runtime": 1}}