{"CV_RMSE": 5006.1814685579, "RMSE": 1895.108514344087, "RMSE_skane": 1638.831683478667, "RMSE_kronoberg": 256.2768308654201, "CV_RMSE_'skane": 2598.570322640592, "CV_RMSE_kronoberg": 2407.611145917308, "_timestamp": 1748573112.081603, "_runtime": 1.330009937286377, "_step": 0, "_wandb": {"runtime": 1}}