{"CV_RMSE": 306.07996630661546, "RMSE": 22.16976960456947, "RMSE_Kalmar": 14.90507111312313, "RMSE_Blekinge": 7.26469849144634, "CV_RMSE_'Kalmar": 144.24262367538512, "CV_RMSE_Blekinge": 161.83734263123034, "_timestamp": 1748479049.2202203, "_runtime": 1.2592852115631104, "_step": 0, "_wandb": {"runtime": 1}}