{"CV_RMSE": 3922.745113720145, "RMSE": 237.52946993763163, "RMSE_Kalmar": 108.63284099092603, "RMSE_Blekinge": 128.8966289467056, "CV_RMSE_'Kalmar": 1051.2855579767036, "CV_RMSE_Blekinge": 2871.4595557434413, "_timestamp": 1748506220.5764763, "_runtime": 1.3726792335510254, "_step": 0, "_wandb": {"runtime": 1}}