{"CV_RMSE": 3113.4914577418895, "RMSE": 1118.0813047951603, "RMSE_skane": 946.4019432812165, "RMSE_kronoberg": 171.67936151394392, "CV_RMSE_'skane": 1500.6373307841698, "CV_RMSE_kronoberg": 1612.8541269577195, "_timestamp": 1748545679.4207535, "_runtime": 1.324211597442627, "_step": 0, "_wandb": {"runtime": 1}}