{"CV_RMSE": 304.6155997924155, "RMSE": 406.03685658606196, "RMSE_STHLM": 357.8038445166031, "RMSE_S\u00f6dermanland": 48.23301206945888, "CV_RMSE_STHLM": 127.43310647603592, "CV_RMSE_S\u00f6dermanland": 177.18249331637958, "_timestamp": 1748456223.3278756, "_runtime": 1.289686679840088, "_step": 0, "_wandb": {"runtime": 1}}