{"CV_RMSE": 274.0465341200187, "RMSE": 99.80281465347883, "RMSE_skane": 84.97407935224498, "RMSE_kronoberg": 14.828735301233856, "CV_RMSE_'skane": 134.73691229214322, "CV_RMSE_kronoberg": 139.30962182787547, "_timestamp": 1748509932.2986934, "_runtime": 1.3556303977966309, "_step": 0, "_wandb": {"runtime": 1}}