{"CV_RMSE": 306.959040411891, "RMSE": 22.255993543371034, "RMSE_Kalmar": 14.987751435247118, "RMSE_Blekinge": 7.268242108123916, "CV_RMSE_'Kalmar": 145.0427558249721, "CV_RMSE_Blekinge": 161.91628458691892, "_timestamp": 1748466839.3958657, "_runtime": 1.239628791809082, "_step": 0, "_wandb": {"runtime": 1}}