{"CV_RMSE": 306.92250469096894, "RMSE": 22.250767032351433, "RMSE_Kalmar": 14.981410350293757, "RMSE_Blekinge": 7.269356682057675, "CV_RMSE_'Kalmar": 144.98139048671376, "CV_RMSE_Blekinge": 161.94111420425514, "_timestamp": 1748464352.691579, "_runtime": 1.300011157989502, "_step": 0, "_wandb": {"runtime": 1}}