{"CV_RMSE": 4251.965894856537, "RMSE": 268.6559185165207, "RMSE_Kalmar": 137.53726488546278, "RMSE_Blekinge": 131.11865363105798, "CV_RMSE_'Kalmar": 1331.0057892141558, "CV_RMSE_Blekinge": 2920.9601056423808, "_timestamp": 1748465419.1066153, "_runtime": 1.3768723011016846, "_step": 0, "_wandb": {"runtime": 1}}