{"CV_RMSE": 4612.302253601886, "RMSE": 1826.1876868668362, "RMSE_skane": 1606.3558043262638, "RMSE_kronoberg": 219.83188254057242, "CV_RMSE_'skane": 2547.075799671665, "CV_RMSE_kronoberg": 2065.226453930221, "_timestamp": 1748578489.690826, "_runtime": 1.3573570251464844, "_step": 0, "_wandb": {"runtime": 1}}