{"CV_RMSE": 306.0890253126305, "RMSE": 22.18250690791283, "RMSE_Kalmar": 14.926872460660933, "RMSE_Blekinge": 7.255634447251898, "CV_RMSE_'Kalmar": 144.45360445800904, "CV_RMSE_Blekinge": 161.6354208546215, "_timestamp": 1748503464.636467, "_runtime": 1.2600069046020508, "_step": 0, "_wandb": {"runtime": 1}}