{"CV_RMSE": 1574.136411072664, "RMSE": 2546.885420119256, "RMSE_STHLM": 2345.802924742415, "RMSE_S\u00f6dermanland": 201.08249537684114, "CV_RMSE_STHLM": 835.4660198924312, "CV_RMSE_S\u00f6dermanland": 738.6703911802327, "_timestamp": 1748388627.3191803, "_runtime": 1.2562003135681152, "_step": 0, "_wandb": {"runtime": 1}}