{"CV_RMSE": 274.7154798797025, "RMSE": 435.22219960410763, "RMSE_STHLM": 399.1359305842341, "RMSE_S\u00f6dermanland": 36.08626901987354, "CV_RMSE_STHLM": 142.15367531690174, "CV_RMSE_S\u00f6dermanland": 132.56180456280077, "_timestamp": 1748479632.1557062, "_runtime": 1.2497951984405518, "_step": 0, "_wandb": {"runtime": 1}}