{"CV_RMSE": 797.0172822814678, "RMSE": 50.782909238214984, "RMSE_Kalmar": 26.530971065708982, "RMSE_Blekinge": 24.251938172506, "CV_RMSE_'Kalmar": 256.75133289395785, "CV_RMSE_Blekinge": 540.26594938751, "_timestamp": 1748471741.2090294, "_runtime": 1.3807153701782227, "_step": 0, "_wandb": {"runtime": 1}}