{"CV_RMSE": 3197.952166447527, "RMSE": 218.134063614593, "RMSE_Kalmar": 131.86470732498492, "RMSE_Blekinge": 86.26935628960807, "CV_RMSE_'Kalmar": 1276.1100708869508, "CV_RMSE_Blekinge": 1921.842095560576, "_timestamp": 1748493797.8064969, "_runtime": 1.2745709419250488, "_step": 0, "_wandb": {"runtime": 1}}