{"CV_RMSE": 1554.5075677876612, "RMSE": 1903.303038485299, "RMSE_STHLM": 1639.0413611823244, "RMSE_S\u00f6dermanland": 264.26167730297465, "CV_RMSE_STHLM": 583.7503858583665, "CV_RMSE_S\u00f6dermanland": 970.7571819292946, "_timestamp": 1748331805.4542801, "_runtime": 1.2957561016082764, "_step": 0, "_wandb": {"runtime": 1}}