{"CV_RMSE": 264.6711974692082, "RMSE": 425.50153262660734, "RMSE_STHLM": 391.3994679284956, "RMSE_S\u00f6dermanland": 34.10206469811176, "CV_RMSE_STHLM": 139.39830674145074, "CV_RMSE_S\u00f6dermanland": 125.2728907277575, "_timestamp": 1748441871.4400103, "_runtime": 1.424682378768921, "_step": 0, "_wandb": {"runtime": 1}}