{"CV_RMSE": 590.1777166387096, "RMSE": 672.3302224950293, "RMSE_STHLM": 566.6047073637503, "RMSE_S\u00f6dermanland": 105.72551513127897, "CV_RMSE_STHLM": 201.79827329931751, "CV_RMSE_S\u00f6dermanland": 388.37944333939214, "_timestamp": 1748362554.5787115, "_runtime": 1.380192518234253, "_step": 0, "_wandb": {"runtime": 1}}