{"CV_RMSE": 3002.8507758483693, "RMSE": 1080.0218782351426, "RMSE_skane": 914.7829171071716, "RMSE_kronoberg": 165.23896112797092, "CV_RMSE_'skane": 1450.501454186847, "CV_RMSE_kronoberg": 1552.3493216615223, "_timestamp": 1748550467.853546, "_runtime": 1.3909788131713867, "_step": 0, "_wandb": {"runtime": 1}}