{"CV_RMSE": 275.57652544598506, "RMSE": 437.1500173618691, "RMSE_STHLM": 401.01116171711357, "RMSE_S\u00f6dermanland": 36.13885564475553, "CV_RMSE_STHLM": 142.82154552647495, "CV_RMSE_S\u00f6dermanland": 132.7549799195101, "_timestamp": 1748552708.7545652, "_runtime": 1.2498762607574463, "_step": 0, "_wandb": {"runtime": 1}}