{"CV_RMSE": 3539.7586085299217, "RMSE": 256.8228765447815, "RMSE_Kalmar": 173.14097428875343, "RMSE_Blekinge": 83.68190225602805, "CV_RMSE_'Kalmar": 1675.5578156976137, "CV_RMSE_Blekinge": 1864.2007928323083, "_timestamp": 1748519059.4738946, "_runtime": 1.2810494899749756, "_step": 0, "_wandb": {"runtime": 1}}