{"CV_RMSE": 1713.464393593369, "RMSE": 627.7241291494319, "RMSE_skane": 535.7616626430956, "RMSE_kronoberg": 91.96246650633626, "CV_RMSE_'skane": 849.5163783981432, "CV_RMSE_kronoberg": 863.9480151952258, "_timestamp": 1748535050.3671527, "_runtime": 1.379246711730957, "_step": 0, "_wandb": {"runtime": 1}}