{"CV_RMSE": 544.9508267816936, "RMSE": 868.6105519773132, "RMSE_STHLM": 797.5916580188212, "RMSE_S\u00f6dermanland": 71.01889395849192, "CV_RMSE_STHLM": 284.0650938729478, "CV_RMSE_S\u00f6dermanland": 260.8857329087458, "_timestamp": 1748342131.808488, "_runtime": 1.3033030033111572, "_step": 0, "_wandb": {"runtime": 1}}