{"CV_RMSE": 265.05214277733285, "RMSE": 427.2052038502954, "RMSE_STHLM": 393.17121323455956, "RMSE_S\u00f6dermanland": 34.033990615735846, "CV_RMSE_STHLM": 140.02932010728279, "CV_RMSE_S\u00f6dermanland": 125.02282267005006, "_timestamp": 1748441310.303664, "_runtime": 1.2794139385223389, "_step": 0, "_wandb": {"runtime": 1}}