{"CV_RMSE": 4123.486641469669, "RMSE": 1478.4331251182477, "RMSE_skane": 1250.5857899767313, "RMSE_kronoberg": 227.84733514151642, "CV_RMSE_'skane": 1982.9584407664872, "CV_RMSE_kronoberg": 2140.5282007031815, "_timestamp": 1748576418.7705948, "_runtime": 1.360196828842163, "_step": 0, "_wandb": {"runtime": 1}}