{"CV_RMSE": 1256.2552748601556, "RMSE": 1455.8966422955427, "RMSE_STHLM": 1233.508252545383, "RMSE_S\u00f6dermanland": 222.38838975015975, "CV_RMSE_STHLM": 439.3183329207933, "CV_RMSE_S\u00f6dermanland": 816.9369419393623, "_timestamp": 1748330086.7679088, "_runtime": 1.3095006942749023, "_step": 0, "_wandb": {"runtime": 1}}