{"CV_RMSE": 3141.841880297261, "RMSE": 212.80934758081725, "RMSE_Kalmar": 126.90355048292213, "RMSE_Blekinge": 85.90579709789512, "CV_RMSE_'Kalmar": 1228.0988756411818, "CV_RMSE_Blekinge": 1913.7430046560794, "_timestamp": 1748525376.349274, "_runtime": 1.2804129123687744, "_step": 0, "_wandb": {"runtime": 1}}