{"CV_RMSE": 4541.565361334619, "RMSE": 1646.1949536521925, "RMSE_skane": 1398.87360159796, "RMSE_kronoberg": 247.3213520542324, "CV_RMSE_'skane": 2218.0871061278435, "CV_RMSE_kronoberg": 2323.478255206776, "_timestamp": 1748564463.2279031, "_runtime": 1.2876901626586914, "_step": 0, "_wandb": {"runtime": 1}}