{"CV_RMSE": 306.23498477399323, "RMSE": 22.20539595106649, "RMSE_Kalmar": 14.955757421026993, "RMSE_Blekinge": 7.249638530039497, "CV_RMSE_'Kalmar": 144.73313633251928, "CV_RMSE_Blekinge": 161.50184844147392, "_timestamp": 1748468598.634081, "_runtime": 1.3036317825317383, "_step": 0, "_wandb": {"runtime": 1}}