{"CV_RMSE": 686.8882150777827, "RMSE": 816.1654274075289, "RMSE_STHLM": 696.7291042336458, "RMSE_S\u00f6dermanland": 119.43632317388317, "CV_RMSE_STHLM": 248.1425381124975, "CV_RMSE_S\u00f6dermanland": 438.74567696528516, "_timestamp": 1748327733.323272, "_runtime": 1.276144027709961, "_step": 0, "_wandb": {"runtime": 1}}