{"CV_RMSE": 5226.546134645716, "RMSE": 2021.8668389299046, "RMSE_skane": 1763.1090510521556, "RMSE_kronoberg": 258.75778787774914, "CV_RMSE_'skane": 2795.6274593850244, "CV_RMSE_kronoberg": 2430.9186752606915, "_timestamp": 1748553366.1245627, "_runtime": 1.3033137321472168, "_step": 0, "_wandb": {"runtime": 1}}