{"CV_RMSE": 2339.211049461407, "RMSE": 1392.1954765937826, "RMSE_skane": 1375.3285528255158, "RMSE_kronoberg": 16.86692376826692, "CV_RMSE_'skane": 2180.753519279359, "CV_RMSE_kronoberg": 158.4575301820483, "_timestamp": 1748555409.8679376, "_runtime": 1.3751494884490967, "_step": 0, "_wandb": {"runtime": 1}}