{"CV_RMSE": 272.9921444731417, "RMSE": 430.0227438672276, "RMSE_STHLM": 393.89774800455086, "RMSE_S\u00f6dermanland": 36.12499586267671, "CV_RMSE_STHLM": 140.28807803881907, "CV_RMSE_S\u00f6dermanland": 132.70406643432264, "_timestamp": 1748541864.9880373, "_runtime": 1.3338713645935059, "_step": 0, "_wandb": {"runtime": 1}}