{"CV_RMSE": 1761.7034114985372, "RMSE": 122.54355767946683, "RMSE_Kalmar": 76.8446075219491, "RMSE_Blekinge": 45.698950157517736, "CV_RMSE_'Kalmar": 743.6574921478945, "CV_RMSE_Blekinge": 1018.0459193506426, "_timestamp": 1748510682.334344, "_runtime": 1.3262548446655273, "_step": 0, "_wandb": {"runtime": 1}}