{"CV_RMSE": 3132.475177572648, "RMSE": 194.66939510838753, "RMSE_Kalmar": 95.57441135183954, "RMSE_Blekinge": 99.09498375654799, "CV_RMSE_'Kalmar": 924.9136582436083, "CV_RMSE_Blekinge": 2207.5615193290396, "_timestamp": 1748459843.979202, "_runtime": 1.2708079814910889, "_step": 0, "_wandb": {"runtime": 1}}