{"CV_RMSE": 5019.889014007389, "RMSE": 1925.537252650474, "RMSE_skane": 1673.6836784117122, "RMSE_kronoberg": 251.85357423876187, "CV_RMSE_'skane": 2653.8324710545116, "CV_RMSE_kronoberg": 2366.056542952878, "_timestamp": 1748556623.5500257, "_runtime": 1.3488996028900146, "_step": 0, "_wandb": {"runtime": 1}}