{"CV_RMSE": 305.4399044716196, "RMSE": 22.10849796437736, "RMSE_Kalmar": 14.847538456645879, "RMSE_Blekinge": 7.260959507731482, "CV_RMSE_'Kalmar": 143.6858560320569, "CV_RMSE_Blekinge": 161.75404843956272, "_timestamp": 1748479588.2761292, "_runtime": 1.2445602416992188, "_step": 0, "_wandb": {"runtime": 1}}