{"CV_RMSE": 301.8035135733726, "RMSE": 21.899304358488493, "RMSE_Kalmar": 14.766278276459893, "RMSE_Blekinge": 7.133026082028599, "CV_RMSE_'Kalmar": 142.89946719154736, "CV_RMSE_Blekinge": 158.90404638182522, "_timestamp": 1748488781.740854, "_runtime": 1.3154420852661133, "_step": 0, "_wandb": {"runtime": 1}}