{"CV_RMSE": 4926.069422664934, "RMSE": 1923.7881761592876, "RMSE_skane": 1683.5938177590037, "RMSE_kronoberg": 240.19435840028382, "CV_RMSE_'skane": 2669.546222662268, "CV_RMSE_kronoberg": 2256.5232000026663, "_timestamp": 1748550836.7480948, "_runtime": 1.3342418670654297, "_step": 0, "_wandb": {"runtime": 1}}