{"CV_RMSE": 269.19786416596514, "RMSE": 428.56680520927273, "RMSE_STHLM": 393.4292771517857, "RMSE_S\u00f6dermanland": 35.137528057487025, "CV_RMSE_STHLM": 140.12123048540053, "CV_RMSE_S\u00f6dermanland": 129.07663368056458, "_timestamp": 1748397634.6407683, "_runtime": 1.2579383850097656, "_step": 0, "_wandb": {"runtime": 1}}