{"CV_RMSE": 2928.596692602104, "RMSE": 189.3627210093673, "RMSE_Kalmar": 102.37296694210852, "RMSE_Blekinge": 86.98975406725879, "CV_RMSE_'Kalmar": 990.7061316978244, "CV_RMSE_Blekinge": 1937.8905609042797, "_timestamp": 1748535364.2182543, "_runtime": 1.3037033081054688, "_step": 0, "_wandb": {"runtime": 1}}