{"CV_RMSE": 993.2861001783365, "RMSE": 417.2932272989257, "RMSE_skane": 374.82706369741874, "RMSE_kronoberg": 42.466163601506935, "CV_RMSE_'skane": 594.3346675963298, "CV_RMSE_kronoberg": 398.9514325820067, "_timestamp": 1748557337.0160263, "_runtime": 1.324364185333252, "_step": 0, "_wandb": {"runtime": 1}}