{"CV_RMSE": 3584.1559550786774, "RMSE": 246.32207644984382, "RMSE_Kalmar": 151.05126836565952, "RMSE_Blekinge": 95.2708080841843, "CV_RMSE_'Kalmar": 1461.7864680547696, "CV_RMSE_Blekinge": 2122.369487023908, "_timestamp": 1748517703.462834, "_runtime": 1.3517329692840576, "_step": 0, "_wandb": {"runtime": 1}}