{"CV_RMSE": 275.33198582642933, "RMSE": 436.9009555887645, "RMSE_STHLM": 400.80907629301646, "RMSE_S\u00f6dermanland": 36.091879295747994, "CV_RMSE_STHLM": 142.7495720869469, "CV_RMSE_S\u00f6dermanland": 132.58241373948243, "_timestamp": 1748346437.4332936, "_runtime": 1.3031575679779053, "_step": 0, "_wandb": {"runtime": 1}}