{"CV_RMSE": 278.87516125764085, "RMSE": 100.42482913726407, "RMSE_skane": 85.10404982789693, "RMSE_kronoberg": 15.320779309367135, "CV_RMSE_'skane": 134.94299655586192, "CV_RMSE_kronoberg": 143.93216470177893, "_timestamp": 1748506122.833642, "_runtime": 1.573317050933838, "_step": 0, "_wandb": {"runtime": 1}}