{"CV_RMSE": 262.1172886452345, "RMSE": 429.3402167863354, "RMSE_STHLM": 396.42015282771854, "RMSE_S\u00f6dermanland": 32.92006395861691, "CV_RMSE_STHLM": 141.18644145031527, "CV_RMSE_S\u00f6dermanland": 120.93084719491925, "_timestamp": 1748464832.0955215, "_runtime": 1.4035725593566895, "_step": 0, "_wandb": {"runtime": 1}}