{"CV_RMSE": 4340.984219268541, "RMSE": 1717.0264971040451, "RMSE_skane": 1509.7737049478278, "RMSE_kronoberg": 207.25279215621725, "CV_RMSE_'skane": 2393.932935963786, "CV_RMSE_kronoberg": 1947.051283304755, "_timestamp": 1748520587.7791033, "_runtime": 1.283069372177124, "_step": 0, "_wandb": {"runtime": 1}}