{"CV_RMSE": 909.6348305999659, "RMSE": 1239.5589776292338, "RMSE_STHLM": 1098.4323764121475, "RMSE_S\u00f6dermanland": 141.1266012170863, "CV_RMSE_STHLM": 391.21058123107747, "CV_RMSE_S\u00f6dermanland": 518.4242493688884, "_timestamp": 1748312794.4669278, "_runtime": 1.2768607139587402, "_step": 0, "_wandb": {"runtime": 1}}