{"CV_RMSE": 438.42890775865425, "RMSE": 321.74568624040313, "RMSE_STHLM": 224.1251830701868, "RMSE_S\u00f6dermanland": 97.62050317021634, "CV_RMSE_STHLM": 79.82297774561461, "CV_RMSE_S\u00f6dermanland": 358.60593001303965, "_timestamp": 1748382352.5103815, "_runtime": 1.2945375442504883, "_step": 0, "_wandb": {"runtime": 1}}