{"CV_RMSE": 267.5258267151871, "RMSE": 422.70221838816695, "RMSE_STHLM": 387.4390900153058, "RMSE_S\u00f6dermanland": 35.263128372861175, "CV_RMSE_STHLM": 137.98780412100325, "CV_RMSE_S\u00f6dermanland": 129.5380225941839, "_timestamp": 1748558234.4133751, "_runtime": 1.2559452056884766, "_step": 0, "_wandb": {"runtime": 1}}