{"CV_RMSE": 5100.943731225807, "RMSE": 1979.112373173891, "RMSE_skane": 1727.7576193008279, "RMSE_kronoberg": 251.35475387306317, "CV_RMSE_'skane": 2739.573392126048, "CV_RMSE_kronoberg": 2361.3703390997584, "_timestamp": 1748578719.0231307, "_runtime": 1.2815816402435303, "_step": 0, "_wandb": {"runtime": 1}}