{"CV_RMSE": 1061.6887246637752, "RMSE": 2108.502670088487, "RMSE_STHLM": 2014.831146076557, "RMSE_S\u00f6dermanland": 93.67152401193002, "CV_RMSE_STHLM": 717.5892487015834, "CV_RMSE_S\u00f6dermanland": 344.0994759621919, "_timestamp": 1748403247.928988, "_runtime": 1.3463749885559082, "_step": 0, "_wandb": {"runtime": 1}}