{"CV_RMSE": 1457.3821963318246, "RMSE": 2177.4602518837073, "RMSE_STHLM": 1971.910932114684, "RMSE_S\u00f6dermanland": 205.54931976902333, "CV_RMSE_STHLM": 702.3030624864327, "CV_RMSE_S\u00f6dermanland": 755.0791338453918, "_timestamp": 1748384428.6382499, "_runtime": 1.283970832824707, "_step": 0, "_wandb": {"runtime": 1}}