{"CV_RMSE": 258.40410644749556, "RMSE": 404.550490521808, "RMSE_STHLM": 370.08828621604187, "RMSE_S\u00f6dermanland": 34.46220430576615, "CV_RMSE_STHLM": 131.8082538957015, "CV_RMSE_S\u00f6dermanland": 126.59585255179402, "_timestamp": 1748432106.962138, "_runtime": 1.339073896408081, "_step": 0, "_wandb": {"runtime": 1}}