{"CV_RMSE": 1170.6472705422568, "RMSE": 1949.3925272531994, "RMSE_STHLM": 1805.7932319749646, "RMSE_S\u00f6dermanland": 143.59929527823493, "CV_RMSE_STHLM": 643.1396552344551, "CV_RMSE_S\u00f6dermanland": 527.5076153078018, "_timestamp": 1748309904.435907, "_runtime": 1.3037848472595215, "_step": 0, "_wandb": {"runtime": 1}}