{"CV_RMSE": 565.736661262408, "RMSE": 975.427800461437, "RMSE_STHLM": 909.6111566617832, "RMSE_S\u00f6dermanland": 65.81664379965378, "CV_RMSE_STHLM": 323.96123505959827, "CV_RMSE_S\u00f6dermanland": 241.7754262028098, "_timestamp": 1748346634.8702836, "_runtime": 1.3221535682678223, "_step": 0, "_wandb": {"runtime": 1}}