{"CV_RMSE": 5040.894804624837, "RMSE": 1939.6871995022773, "RMSE_skane": 1688.0168381750243, "RMSE_kronoberg": 251.670361327253, "CV_RMSE_'skane": 2676.559468565049, "CV_RMSE_kronoberg": 2364.3353360597885, "_timestamp": 1748573658.3875325, "_runtime": 1.3002955913543701, "_step": 0, "_wandb": {"runtime": 1}}