{"CV_RMSE": 313.72263559052044, "RMSE": 407.47774155923753, "RMSE_STHLM": 356.6541231349444, "RMSE_S\u00f6dermanland": 50.82361842429311, "CV_RMSE_STHLM": 127.02362913393353, "CV_RMSE_S\u00f6dermanland": 186.69900645658694, "_timestamp": 1748489033.776331, "_runtime": 1.362407922744751, "_step": 0, "_wandb": {"runtime": 1}}