{"CV_RMSE": 1041.5902473530355, "RMSE": 1245.8809381362357, "RMSE_STHLM": 1065.6553080208719, "RMSE_S\u00f6dermanland": 180.22563011536397, "CV_RMSE_STHLM": 379.53691223537186, "CV_RMSE_S\u00f6dermanland": 662.0533351176636, "_timestamp": 1748390492.7998183, "_runtime": 1.3126473426818848, "_step": 0, "_wandb": {"runtime": 1}}