{"CV_RMSE": 306.9482172880914, "RMSE": 22.2539557658803, "RMSE_Kalmar": 14.985007511815883, "RMSE_Blekinge": 7.268948254064415, "CV_RMSE_'Kalmar": 145.0162017272505, "CV_RMSE_Blekinge": 161.9320155608409, "_timestamp": 1748472982.2350683, "_runtime": 1.5260472297668457, "_step": 0, "_wandb": {"runtime": 1}}