{"CV_RMSE": 536.6489071868149, "RMSE": 586.802177003947, "RMSE_STHLM": 488.03038415966097, "RMSE_S\u00f6dermanland": 98.77179284428598, "CV_RMSE_STHLM": 173.8137497996418, "CV_RMSE_S\u00f6dermanland": 362.83515738717307, "_timestamp": 1748315139.9259896, "_runtime": 1.3309135437011719, "_step": 0, "_wandb": {"runtime": 1}}