{"CV_RMSE": 1485.7904213976935, "RMSE": 2321.9628245184285, "RMSE_STHLM": 2123.363966821808, "RMSE_S\u00f6dermanland": 198.59885769662063, "CV_RMSE_STHLM": 756.2435972060258, "CV_RMSE_S\u00f6dermanland": 729.5468241916676, "_timestamp": 1748370385.3577535, "_runtime": 1.3250765800476074, "_step": 0, "_wandb": {"runtime": 1}}