{"CV_RMSE": 322.00175092895756, "RMSE": 24.29989122181386, "RMSE_Kalmar": 17.407602802609645, "RMSE_Blekinge": 6.892288419204214, "CV_RMSE_'Kalmar": 168.46067228331913, "CV_RMSE_Blekinge": 153.54107864563844, "_timestamp": 1748505618.0530808, "_runtime": 1.2997016906738281, "_step": 0, "_wandb": {"runtime": 1}}