{"CV_RMSE": 1313.0242415768907, "RMSE": 2117.302827278997, "RMSE_STHLM": 1948.8113821972665, "RMSE_S\u00f6dermanland": 168.49144508173038, "CV_RMSE_STHLM": 694.0760759705341, "CV_RMSE_S\u00f6dermanland": 618.9481656063565, "_timestamp": 1748290880.5775418, "_runtime": 1.431081771850586, "_step": 0, "_wandb": {"runtime": 1}}