{"CV_RMSE": 263.10835781242014, "RMSE": 425.94247961296844, "RMSE_STHLM": 392.3588715730537, "RMSE_S\u00f6dermanland": 33.583608039914765, "CV_RMSE_STHLM": 139.74000174742713, "CV_RMSE_S\u00f6dermanland": 123.36835606499302, "_timestamp": 1748452647.1597512, "_runtime": 1.2800891399383545, "_step": 0, "_wandb": {"runtime": 1}}