{"CV_RMSE": 2968.804507721972, "RMSE": 184.19383721269526, "RMSE_Kalmar": 90.04292096091253, "RMSE_Blekinge": 94.15091625178273, "CV_RMSE_'Kalmar": 871.383106073347, "CV_RMSE_Blekinge": 2097.4214016486253, "_timestamp": 1748535089.463793, "_runtime": 1.2914209365844727, "_step": 0, "_wandb": {"runtime": 1}}