{"CV_RMSE": 457.1386357225862, "RMSE": 403.896086721905, "RMSE_STHLM": 309.45539175004365, "RMSE_S\u00f6dermanland": 94.44069497186136, "CV_RMSE_STHLM": 110.21363378513624, "CV_RMSE_S\u00f6dermanland": 346.9250019374499, "_timestamp": 1748316334.9733348, "_runtime": 1.2929158210754395, "_step": 0, "_wandb": {"runtime": 1}}