{"CV_RMSE": 4650.434619591443, "RMSE": 1882.8966605816997, "RMSE_skane": 1669.696493763557, "RMSE_kronoberg": 213.20016681814263, "CV_RMSE_'skane": 2647.51029666526, "CV_RMSE_kronoberg": 2002.9243229261835, "_timestamp": 1748526311.119236, "_runtime": 1.4304280281066895, "_step": 0, "_wandb": {"runtime": 1}}