{"CV_RMSE": 305.4481969471175, "RMSE": 507.50929526408214, "RMSE_STHLM": 469.9195782287406, "RMSE_S\u00f6dermanland": 37.589717035341565, "CV_RMSE_STHLM": 167.36352212341373, "CV_RMSE_S\u00f6dermanland": 138.08467482370372, "_timestamp": 1748448291.827998, "_runtime": 1.3057079315185547, "_step": 0, "_wandb": {"runtime": 1}}