{"CV_RMSE": 4495.065151495795, "RMSE": 1799.7220571117557, "RMSE_skane": 1589.5294460270873, "RMSE_kronoberg": 210.19261108466844, "CV_RMSE_'skane": 2520.395527527094, "CV_RMSE_kronoberg": 1974.6696239687017, "_timestamp": 1748536802.4892697, "_runtime": 1.4381077289581299, "_step": 0, "_wandb": {"runtime": 1}}