{"CV_RMSE": 1985.053017303681, "RMSE": 788.7330168996023, "RMSE_skane": 694.6845948844766, "RMSE_kronoberg": 94.04842201512561, "CV_RMSE_'skane": 1101.5083428400792, "CV_RMSE_kronoberg": 883.5446744636018, "_timestamp": 1748545114.0908117, "_runtime": 1.3164286613464355, "_step": 0, "_wandb": {"runtime": 1}}