{"CV_RMSE": 4260.074786306345, "RMSE": 1534.6939949997648, "RMSE_skane": 1300.7793156693117, "RMSE_kronoberg": 233.9146793304531, "CV_RMSE_'skane": 2062.546483619416, "CV_RMSE_kronoberg": 2197.5283026869292, "_timestamp": 1748527217.2531302, "_runtime": 1.3484621047973633, "_step": 0, "_wandb": {"runtime": 1}}