{"CV_RMSE": 306.5252825537759, "RMSE": 22.233119490219423, "RMSE_Kalmar": 14.98173446810982, "RMSE_Blekinge": 7.251385022109604, "CV_RMSE_'Kalmar": 144.9845271107402, "CV_RMSE_Blekinge": 161.54075544303572, "_timestamp": 1748485683.2782362, "_runtime": 1.2798652648925781, "_step": 0, "_wandb": {"runtime": 1}}