{"CV_RMSE": 272.55027740918183, "RMSE": 431.42524547462574, "RMSE_STHLM": 395.5840251167376, "RMSE_S\u00f6dermanland": 35.84122035788813, "CV_RMSE_STHLM": 140.88865160469484, "CV_RMSE_S\u00f6dermanland": 131.66162580448702, "_timestamp": 1748540883.982465, "_runtime": 1.3095729351043701, "_step": 0, "_wandb": {"runtime": 1}}