{"CV_RMSE": 272.18613026569744, "RMSE": 440.18017949461654, "RMSE_STHLM": 405.3886776634332, "RMSE_S\u00f6dermanland": 34.79150183118334, "CV_RMSE_STHLM": 144.38061333481988, "CV_RMSE_S\u00f6dermanland": 127.80551693087759, "_timestamp": 1748530642.2542949, "_runtime": 1.3287229537963867, "_step": 0, "_wandb": {"runtime": 1}}