{"CV_RMSE": 655.4107281426227, "RMSE": 1182.4562425870633, "RMSE_STHLM": 1111.8344627333422, "RMSE_S\u00f6dermanland": 70.62177985372112, "CV_RMSE_STHLM": 395.98378174119824, "CV_RMSE_S\u00f6dermanland": 259.4269464014245, "_timestamp": 1748332831.3912363, "_runtime": 1.4713852405548096, "_step": 0, "_wandb": {"runtime": 1}}