{"CV_RMSE": 3765.506260514436, "RMSE": 1745.837213775679, "RMSE_skane": 1618.1291804977016, "RMSE_kronoberg": 127.70803327797745, "CV_RMSE_'skane": 2565.7439437067146, "CV_RMSE_kronoberg": 1199.7623168077214, "_timestamp": 1748502327.1999514, "_runtime": 1.302485466003418, "_step": 0, "_wandb": {"runtime": 1}}