{"CV_RMSE": 3329.079253347375, "RMSE": 1516.6224307634195, "RMSE_skane": 1398.259909389167, "RMSE_kronoberg": 118.36252137425254, "CV_RMSE_'skane": 2217.11402123018, "CV_RMSE_kronoberg": 1111.965232117195, "_timestamp": 1748529956.802351, "_runtime": 1.2953519821166992, "_step": 0, "_wandb": {"runtime": 1}}