{"CV_RMSE": 266.04154043366754, "RMSE": 430.3814835269094, "RMSE_STHLM": 396.3902520594313, "RMSE_S\u00f6dermanland": 33.99123146747811, "CV_RMSE_STHLM": 141.17579218578877, "CV_RMSE_S\u00f6dermanland": 124.86574824787877, "_timestamp": 1748475280.1460238, "_runtime": 1.3327436447143555, "_step": 0, "_wandb": {"runtime": 1}}