{"CV_RMSE": 4125.136694843771, "RMSE": 270.14161149153074, "RMSE_Kalmar": 150.2300230666267, "RMSE_Blekinge": 119.91158842490404, "CV_RMSE_'Kalmar": 1453.8389329028391, "CV_RMSE_Blekinge": 2671.2977619409317, "_timestamp": 1748510583.409938, "_runtime": 1.3801519870758057, "_step": 0, "_wandb": {"runtime": 1}}