{"CV_RMSE": 273.61526808966255, "RMSE": 431.5178010199474, "RMSE_STHLM": 395.365477727303, "RMSE_S\u00f6dermanland": 36.15232329264439, "CV_RMSE_STHLM": 140.81081517790767, "CV_RMSE_S\u00f6dermanland": 132.8044529117549, "_timestamp": 1748450363.2439692, "_runtime": 1.2622101306915283, "_step": 0, "_wandb": {"runtime": 1}}