{"CV_RMSE": 246.28440299470148, "RMSE": 397.3825665184107, "RMSE_STHLM": 365.80426666313997, "RMSE_S\u00f6dermanland": 31.57829985527073, "CV_RMSE_STHLM": 130.28248515901308, "CV_RMSE_S\u00f6dermanland": 116.0019178356884, "_timestamp": 1748343734.4955926, "_runtime": 1.2985196113586426, "_step": 0, "_wandb": {"runtime": 1}}