{"CV_RMSE": 1720.1925392987648, "RMSE": 2436.8142382996725, "RMSE_STHLM": 2179.885878954616, "RMSE_S\u00f6dermanland": 256.92835934505644, "CV_RMSE_STHLM": 776.3740763985575, "CV_RMSE_S\u00f6dermanland": 943.8184629002074, "_timestamp": 1748339034.092345, "_runtime": 1.2674689292907715, "_step": 0, "_wandb": {"runtime": 1}}