{"CV_RMSE": 988.9196819316688, "RMSE": 1641.7390355481862, "RMSE_STHLM": 1519.8909726692543, "RMSE_S\u00f6dermanland": 121.84806287893177, "CV_RMSE_STHLM": 541.3145529886541, "CV_RMSE_S\u00f6dermanland": 447.60512894301473, "_timestamp": 1748301538.7965205, "_runtime": 1.2798633575439453, "_step": 0, "_wandb": {"runtime": 1}}