{"CV_RMSE": 275.4136050742683, "RMSE": 437.4008230177133, "RMSE_STHLM": 401.33800646783027, "RMSE_S\u00f6dermanland": 36.06281654988305, "CV_RMSE_STHLM": 142.9379524420448, "CV_RMSE_S\u00f6dermanland": 132.47565263222347, "_timestamp": 1748344558.6952627, "_runtime": 1.3534057140350342, "_step": 0, "_wandb": {"runtime": 1}}