{"CV_RMSE": 2507.893617416288, "RMSE": 1109.9459628657469, "RMSE_skane": 1014.1664822623065, "RMSE_kronoberg": 95.77948060344026, "CV_RMSE_'skane": 1608.0863883651793, "CV_RMSE_kronoberg": 899.807229051109, "_timestamp": 1748507325.6428664, "_runtime": 1.522249460220337, "_step": 0, "_wandb": {"runtime": 1}}