{"CV_RMSE": 3179.7458584021997, "RMSE": 208.12950153763774, "RMSE_Kalmar": 115.6209999896817, "RMSE_Blekinge": 92.50850154795602, "CV_RMSE_'Kalmar": 1118.912903125952, "CV_RMSE_Blekinge": 2060.832955276248, "_timestamp": 1748524260.9617217, "_runtime": 1.3992726802825928, "_step": 0, "_wandb": {"runtime": 1}}