{"CV_RMSE": 3346.1762098701756, "RMSE": 1375.754785928285, "RMSE_skane": 1226.5993819452865, "RMSE_kronoberg": 149.15540398299837, "CV_RMSE_'skane": 1944.9250242261412, "CV_RMSE_kronoberg": 1401.2511856440346, "_timestamp": 1748578222.1157033, "_runtime": 1.3296942710876465, "_step": 0, "_wandb": {"runtime": 1}}