{"CV_RMSE": 5000.256040375438, "RMSE": 1898.5207084106303, "RMSE_skane": 1643.6955306216107, "RMSE_kronoberg": 254.82517778901962, "CV_RMSE_'skane": 2606.2825538397633, "CV_RMSE_kronoberg": 2393.973486535675, "_timestamp": 1748507328.0665298, "_runtime": 1.2602686882019043, "_step": 0, "_wandb": {"runtime": 1}}