{"CV_RMSE": 6513.107529995224, "RMSE": 438.14148652501524, "RMSE_Kalmar": 257.73964534105875, "RMSE_Blekinge": 180.4018411839565, "CV_RMSE_'Kalmar": 2494.2546323328265, "CV_RMSE_Blekinge": 4018.852897662397, "_timestamp": 1748457569.864498, "_runtime": 1.8036677837371826, "_step": 0, "_wandb": {"runtime": 1}}