{"CV_RMSE": 4836.014435472381, "RMSE": 1942.1567701436638, "RMSE_skane": 1717.2244751443368, "RMSE_kronoberg": 224.93229499932715, "CV_RMSE_'skane": 2722.8717893409143, "CV_RMSE_kronoberg": 2113.1426461314663, "_timestamp": 1748556111.197007, "_runtime": 1.2928829193115234, "_step": 0, "_wandb": {"runtime": 1}}