{"CV_RMSE": 837.7455040251641, "RMSE": 1400.9339266977931, "RMSE_STHLM": 1298.8037889591253, "RMSE_S\u00f6dermanland": 102.13013773866787, "CV_RMSE_STHLM": 462.5735694749556, "CV_RMSE_S\u00f6dermanland": 375.1719345502085, "_timestamp": 1748363468.3452933, "_runtime": 1.2928173542022705, "_step": 0, "_wandb": {"runtime": 1}}