{"CV_RMSE": 292.89472549942644, "RMSE": 464.3007979837875, "RMSE_STHLM": 425.8563574237757, "RMSE_S\u00f6dermanland": 38.44444056001181, "CV_RMSE_STHLM": 151.67024997285245, "CV_RMSE_S\u00f6dermanland": 141.224475526574, "_timestamp": 1748429119.6427228, "_runtime": 1.2948598861694336, "_step": 0, "_wandb": {"runtime": 1}}