{"CV_RMSE": 1494.0066844131895, "RMSE": 2255.894891714185, "RMSE_STHLM": 2047.7260706033207, "RMSE_S\u00f6dermanland": 208.16882111086466, "CV_RMSE_STHLM": 729.3048925773601, "CV_RMSE_S\u00f6dermanland": 764.7017918358295, "_timestamp": 1748403237.5259957, "_runtime": 1.2886066436767578, "_step": 0, "_wandb": {"runtime": 1}}