{"CV_RMSE": 264.7115693929246, "RMSE": 418.8097949430178, "RMSE_STHLM": 383.9771220928059, "RMSE_S\u00f6dermanland": 34.83267285021184, "CV_RMSE_STHLM": 136.75481198398313, "CV_RMSE_S\u00f6dermanland": 127.95675740894147, "_timestamp": 1748529540.92669, "_runtime": 1.3741099834442139, "_step": 0, "_wandb": {"runtime": 1}}