{"CV_RMSE": 258.80300706888204, "RMSE": 397.7549814180094, "RMSE_STHLM": 362.4429499062848, "RMSE_S\u00f6dermanland": 35.31203151172454, "CV_RMSE_STHLM": 129.08534029111846, "CV_RMSE_S\u00f6dermanland": 129.7176667777636, "_timestamp": 1748541015.4379795, "_runtime": 1.267141342163086, "_step": 0, "_wandb": {"runtime": 1}}