{"CV_RMSE": 275.5519353591133, "RMSE": 437.014138481096, "RMSE_STHLM": 400.8681072585934, "RMSE_S\u00f6dermanland": 36.14603122250257, "CV_RMSE_STHLM": 142.77059617441, "CV_RMSE_S\u00f6dermanland": 132.7813391847033, "_timestamp": 1748338879.5167463, "_runtime": 1.2408082485198975, "_step": 0, "_wandb": {"runtime": 1}}