{"CV_RMSE": 306.9115586220719, "RMSE": 22.2513142400548, "RMSE_Kalmar": 14.98324659564297, "RMSE_Blekinge": 7.26806764441183, "CV_RMSE_'Kalmar": 144.99916060299648, "CV_RMSE_Blekinge": 161.91239801907543, "_timestamp": 1748504151.0041618, "_runtime": 1.288834810256958, "_step": 0, "_wandb": {"runtime": 1}}