{"CV_RMSE": 3456.6843167574166, "RMSE": 245.79165688042897, "RMSE_Kalmar": 160.23040485785677, "RMSE_Blekinge": 85.5612520225722, "CV_RMSE_'Kalmar": 1550.6168212050654, "CV_RMSE_Blekinge": 1906.0674955523511, "_timestamp": 1748473891.7899694, "_runtime": 1.2915053367614746, "_step": 0, "_wandb": {"runtime": 1}}