{"CV_RMSE": 2696.437452353888, "RMSE": 178.13046034376202, "RMSE_Kalmar": 100.9392635147624, "RMSE_Blekinge": 77.19119682899962, "CV_RMSE_'Kalmar": 976.8315824009264, "CV_RMSE_Blekinge": 1719.6058699529617, "_timestamp": 1748536568.178795, "_runtime": 1.2964591979980469, "_step": 0, "_wandb": {"runtime": 1}}