{"CV_RMSE": 3465.0402056709845, "RMSE": 237.3362639919947, "RMSE_Kalmar": 144.61757996161666, "RMSE_Blekinge": 92.71868403037804, "CV_RMSE_'Kalmar": 1399.5249673704836, "CV_RMSE_Blekinge": 2065.515238300501, "_timestamp": 1748493149.3369875, "_runtime": 1.2712044715881348, "_step": 0, "_wandb": {"runtime": 1}}