{"CV_RMSE": 897.3509513772208, "RMSE": 1098.6508256126456, "RMSE_STHLM": 946.0990059542953, "RMSE_S\u00f6dermanland": 152.55181965835024, "CV_RMSE_STHLM": 336.9565118159342, "CV_RMSE_S\u00f6dermanland": 560.3944395612866, "_timestamp": 1748363457.2221692, "_runtime": 1.3320732116699219, "_step": 0, "_wandb": {"runtime": 1}}