{"CV_RMSE": 1257.367107642293, "RMSE": 1867.397944726497, "RMSE_STHLM": 1688.8539822979421, "RMSE_S\u00f6dermanland": 178.54396242855466, "CV_RMSE_STHLM": 601.4913272925003, "CV_RMSE_S\u00f6dermanland": 655.8757803497926, "_timestamp": 1748337847.2745705, "_runtime": 1.2579665184020996, "_step": 0, "_wandb": {"runtime": 1}}