{"CV_RMSE": 274.78230885586515, "RMSE": 436.26255876587646, "RMSE_STHLM": 400.26783925111204, "RMSE_S\u00f6dermanland": 35.99471951476443, "CV_RMSE_STHLM": 142.55680859754682, "CV_RMSE_S\u00f6dermanland": 132.2255002583183, "_timestamp": 1748566023.8016446, "_runtime": 1.312497615814209, "_step": 0, "_wandb": {"runtime": 1}}