{"CV_RMSE": 306.9818427477791, "RMSE": 22.257005550985255, "RMSE_Kalmar": 14.987730989554505, "RMSE_Blekinge": 7.269274561430752, "CV_RMSE_'Kalmar": 145.04255796343068, "CV_RMSE_Blekinge": 161.93928478434844, "_timestamp": 1748544945.5319684, "_runtime": 1.2121074199676514, "_step": 0, "_wandb": {"runtime": 1}}