{"CV_RMSE": 2346.831980556297, "RMSE": 1362.9522556568995, "RMSE_skane": 1339.1715104292848, "RMSE_kronoberg": 23.78074522761474, "CV_RMSE_'skane": 2123.4220567060543, "CV_RMSE_kronoberg": 223.40992385024285, "_timestamp": 1748520576.5257075, "_runtime": 1.3196923732757568, "_step": 0, "_wandb": {"runtime": 1}}