{"CV_RMSE": 2985.6041995652113, "RMSE": 232.35627031974042, "RMSE_Kalmar": 173.86370357321212, "RMSE_Blekinge": 58.49256674652831, "CV_RMSE_'Kalmar": 1682.5519700633429, "CV_RMSE_Blekinge": 1303.0522295018682, "_timestamp": 1748533640.5631607, "_runtime": 1.393251657485962, "_step": 0, "_wandb": {"runtime": 1}}