{"CV_RMSE": 267.76158696004103, "RMSE": 428.918663798458, "RMSE_STHLM": 394.2518756286236, "RMSE_S\u00f6dermanland": 34.66678816983436, "CV_RMSE_STHLM": 140.41420184636377, "CV_RMSE_S\u00f6dermanland": 127.34738511367725, "_timestamp": 1748345434.7749975, "_runtime": 1.2589895725250244, "_step": 0, "_wandb": {"runtime": 1}}