{"CV_RMSE": 4533.718126986653, "RMSE": 1883.2837046650789, "RMSE_skane": 1685.1086338859038, "RMSE_kronoberg": 198.17507077917512, "CV_RMSE_'skane": 2671.9481509818766, "CV_RMSE_kronoberg": 1861.7699760047767, "_timestamp": 1748505378.229717, "_runtime": 1.3293800354003906, "_step": 0, "_wandb": {"runtime": 1}}