{"CV_RMSE": 352.8812334171955, "RMSE": 24.450237228095126, "RMSE_Kalmar": 15.222633836004967, "RMSE_Blekinge": 9.227603392090161, "CV_RMSE_'Kalmar": 147.31581131617708, "CV_RMSE_Blekinge": 205.56542210101844, "_timestamp": 1748498038.3418114, "_runtime": 1.3424904346466064, "_step": 0, "_wandb": {"runtime": 1}}