{"CV_RMSE": 306.98655138202986, "RMSE": 22.257348376141564, "RMSE_Kalmar": 14.987963418472464, "RMSE_Blekinge": 7.269384957669101, "CV_RMSE_'Kalmar": 145.04480727553997, "CV_RMSE_Blekinge": 161.9417441064899, "_timestamp": 1748497329.3391502, "_runtime": 1.26096510887146, "_step": 0, "_wandb": {"runtime": 1}}