{"CV_RMSE": 831.2398176713813, "RMSE": 1556.5286890979294, "RMSE_STHLM": 1473.0646401294205, "RMSE_S\u00f6dermanland": 83.46404896850899, "CV_RMSE_STHLM": 524.6371888074707, "CV_RMSE_S\u00f6dermanland": 306.6026288639106, "_timestamp": 1748377744.665576, "_runtime": 1.3280699253082275, "_step": 0, "_wandb": {"runtime": 1}}