{"CV_RMSE": 1125.0233435532577, "RMSE": 491.9565183072009, "RMSE_skane": 447.780859312164, "RMSE_kronoberg": 44.175658995036905, "CV_RMSE_'skane": 710.0119333702389, "CV_RMSE_kronoberg": 415.01141018301894, "_timestamp": 1748545501.9525237, "_runtime": 1.410693645477295, "_step": 0, "_wandb": {"runtime": 1}}