{"CV_RMSE": 4399.054426024, "RMSE": 1719.8739708534156, "RMSE_skane": 1505.7629972138, "RMSE_kronoberg": 214.11097363961568, "CV_RMSE_'skane": 2387.5734628125792, "CV_RMSE_kronoberg": 2011.480963211421, "_timestamp": 1748577907.1040256, "_runtime": 1.334857702255249, "_step": 0, "_wandb": {"runtime": 1}}