{"CV_RMSE": 2974.7650888797957, "RMSE": 197.09055934822265, "RMSE_Kalmar": 112.37204109647375, "RMSE_Blekinge": 84.7185182517489, "CV_RMSE_'Kalmar": 1087.471365449746, "CV_RMSE_Blekinge": 1887.2937234300498, "_timestamp": 1748492747.2326875, "_runtime": 1.329275369644165, "_step": 0, "_wandb": {"runtime": 1}}