{"CV_RMSE": 705.2215940733018, "RMSE": 981.1533156185242, "RMSE_STHLM": 873.9038457963371, "RMSE_S\u00f6dermanland": 107.249469822187, "CV_RMSE_STHLM": 311.24394982853323, "CV_RMSE_S\u00f6dermanland": 393.9776442447686, "_timestamp": 1748311444.7837355, "_runtime": 1.7062604427337646, "_step": 0, "_wandb": {"runtime": 1}}