{"CV_RMSE": 273.8051019676453, "RMSE": 405.89569704914754, "RMSE_STHLM": 366.93530922883315, "RMSE_S\u00f6dermanland": 38.9603878203144, "CV_RMSE_STHLM": 130.68530997465368, "CV_RMSE_S\u00f6dermanland": 143.11979199299168, "_timestamp": 1748520054.9597843, "_runtime": 1.2778382301330566, "_step": 0, "_wandb": {"runtime": 1}}