{"CV_RMSE": 274.7337983651965, "RMSE": 435.30627201941184, "RMSE_STHLM": 399.2235070984905, "RMSE_S\u00f6dermanland": 36.08276492092137, "CV_RMSE_STHLM": 142.18486600262818, "CV_RMSE_S\u00f6dermanland": 132.5489323625683, "_timestamp": 1748460676.4619837, "_runtime": 1.307013750076294, "_step": 0, "_wandb": {"runtime": 1}}