{"CV_RMSE": 3901.9874698302087, "RMSE": 1840.3425988344625, "RMSE_skane": 1714.346546017879, "RMSE_kronoberg": 125.99605281658343, "CV_RMSE_'skane": 2718.3084767725354, "CV_RMSE_kronoberg": 1183.6789930576733, "_timestamp": 1748558426.4977505, "_runtime": 1.3179066181182861, "_step": 0, "_wandb": {"runtime": 1}}