{"CV_RMSE": 269.2223585025446, "RMSE": 427.08650155959293, "RMSE_STHLM": 391.78266141429515, "RMSE_S\u00f6dermanland": 35.303840145297805, "CV_RMSE_STHLM": 139.53478245859344, "CV_RMSE_S\u00f6dermanland": 129.6875760439511, "_timestamp": 1748438880.773998, "_runtime": 1.3204591274261475, "_step": 0, "_wandb": {"runtime": 1}}