{"CV_RMSE": 267.6168278723506, "RMSE": 430.70456941797033, "RMSE_STHLM": 396.273156996348, "RMSE_S\u00f6dermanland": 34.431412421622305, "CV_RMSE_STHLM": 141.13408836435028, "CV_RMSE_S\u00f6dermanland": 126.48273950800031, "_timestamp": 1748467399.0826921, "_runtime": 1.3204081058502197, "_step": 0, "_wandb": {"runtime": 1}}