{"CV_RMSE": 1384.7673203980944, "RMSE": 1969.2555767276563, "RMSE_STHLM": 1763.242642216108, "RMSE_S\u00f6dermanland": 206.0129345115483, "CV_RMSE_STHLM": 627.985111988325, "CV_RMSE_S\u00f6dermanland": 756.7822084097693, "_timestamp": 1748357571.3749876, "_runtime": 1.3387415409088135, "_step": 0, "_wandb": {"runtime": 1}}