{"CV_RMSE": 5040.271527858375, "RMSE": 1955.011847544874, "RMSE_skane": 1706.5330045199808, "RMSE_kronoberg": 248.47884302489325, "CV_RMSE_'skane": 2705.9191403593773, "CV_RMSE_kronoberg": 2334.3523874989974, "_timestamp": 1748552587.9486241, "_runtime": 1.332151174545288, "_step": 0, "_wandb": {"runtime": 1}}