{"CV_RMSE": 279.51636254141874, "RMSE": 100.7246484943099, "RMSE_skane": 85.38263705424163, "RMSE_kronoberg": 15.342011440068275, "CV_RMSE_'skane": 135.38473105852265, "CV_RMSE_kronoberg": 144.13163148289613, "_timestamp": 1748536284.2270305, "_runtime": 1.5334584712982178, "_step": 0, "_wandb": {"runtime": 1}}