{"CV_RMSE": 5103.078876862876, "RMSE": 1947.0885151203083, "RMSE_skane": 1688.957825371985, "RMSE_kronoberg": 258.1306897483231, "CV_RMSE_'skane": 2678.0515201458534, "CV_RMSE_kronoberg": 2425.027356717023, "_timestamp": 1748511289.2242877, "_runtime": 1.2642626762390137, "_step": 0, "_wandb": {"runtime": 1}}