{"CV_RMSE": 3715.532937651992, "RMSE": 1288.1274035430858, "RMSE_skane": 1073.8799080720414, "RMSE_kronoberg": 214.24749547104443, "CV_RMSE_'skane": 1702.769410262222, "CV_RMSE_kronoberg": 2012.7635273897702, "_timestamp": 1748519791.620129, "_runtime": 1.3103680610656738, "_step": 0, "_wandb": {"runtime": 1}}