{"CV_RMSE": 5116.9317509007415, "RMSE": 1977.0352097228058, "RMSE_skane": 1723.2112860752657, "RMSE_kronoberg": 253.82392364754014, "CV_RMSE_'skane": 2732.3646185125776, "CV_RMSE_kronoberg": 2384.5671323881643, "_timestamp": 1748540782.0087483, "_runtime": 1.3103082180023193, "_step": 0, "_wandb": {"runtime": 1}}