{"CV_RMSE": 277.7686479484994, "RMSE": 99.82895171224447, "RMSE_skane": 84.52887633729812, "RMSE_kronoberg": 15.300075374946358, "CV_RMSE_'skane": 134.03098784983845, "CV_RMSE_kronoberg": 143.73766009866097, "_timestamp": 1748567619.8862486, "_runtime": 1.3308796882629395, "_step": 0, "_wandb": {"runtime": 1}}