{"CV_RMSE": 2180.0853594395217, "RMSE": 153.94907579385222, "RMSE_Kalmar": 99.1660526290507, "RMSE_Blekinge": 54.78302316480153, "CV_RMSE_'Kalmar": 959.6714770553293, "CV_RMSE_Blekinge": 1220.4138823841924, "_timestamp": 1748531507.5731468, "_runtime": 1.3471088409423828, "_step": 0, "_wandb": {"runtime": 1}}