{"CV_RMSE": 1023.4640819362843, "RMSE": 407.99178371584185, "RMSE_skane": 359.772403553546, "RMSE_kronoberg": 48.21938016229586, "CV_RMSE_'skane": 570.4636419982229, "CV_RMSE_kronoberg": 453.0004399380614, "_timestamp": 1748533002.8513138, "_runtime": 1.356381893157959, "_step": 0, "_wandb": {"runtime": 1}}