{"CV_RMSE": 2801.6574847427614, "RMSE": 1204.5052032245972, "RMSE_skane": 1090.30730180463, "RMSE_kronoberg": 114.1979014199671, "CV_RMSE_'skane": 1728.8170747430706, "CV_RMSE_kronoberg": 1072.8404099996908, "_timestamp": 1748527940.5988681, "_runtime": 1.3178791999816895, "_step": 0, "_wandb": {"runtime": 1}}