{"CV_RMSE": 708.1325429951033, "RMSE": 853.3025034029228, "RMSE_STHLM": 731.4492180995491, "RMSE_S\u00f6dermanland": 121.8532853033737, "CV_RMSE_STHLM": 260.50822963577133, "CV_RMSE_S\u00f6dermanland": 447.624313359332, "_timestamp": 1748346492.774745, "_runtime": 1.3083219528198242, "_step": 0, "_wandb": {"runtime": 1}}