{"CV_RMSE": 272.34203375735444, "RMSE": 431.9667778286806, "RMSE_STHLM": 396.2464721911013, "RMSE_S\u00f6dermanland": 35.72030563757933, "CV_RMSE_STHLM": 141.1245844764508, "CV_RMSE_S\u00f6dermanland": 131.21744928090368, "_timestamp": 1748428165.1473877, "_runtime": 1.2871897220611572, "_step": 0, "_wandb": {"runtime": 1}}