{"CV_RMSE": 4734.771854421284, "RMSE": 1856.4241055451873, "RMSE_skane": 1627.0485538574335, "RMSE_kronoberg": 229.37555168775378, "CV_RMSE_'skane": 2579.8867133045983, "CV_RMSE_kronoberg": 2154.885141116685, "_timestamp": 1748536971.312402, "_runtime": 1.2939209938049316, "_step": 0, "_wandb": {"runtime": 1}}