{"CV_RMSE": 1920.6640460849928, "RMSE": 614.9406787738824, "RMSE_skane": 493.8488872917169, "RMSE_kronoberg": 121.09179148216549, "CV_RMSE_'skane": 783.0584893631874, "CV_RMSE_kronoberg": 1137.6055567218054, "_timestamp": 1748541870.3098722, "_runtime": 1.3710322380065918, "_step": 0, "_wandb": {"runtime": 1}}