{"CV_RMSE": 306.74624196977413, "RMSE": 22.237370614753683, "RMSE_Kalmar": 14.971713986608533, "RMSE_Blekinge": 7.26565662814515, "CV_RMSE_'Kalmar": 144.88755470911482, "CV_RMSE_Blekinge": 161.85868726065928, "_timestamp": 1748482289.072465, "_runtime": 1.2330338954925537, "_step": 0, "_wandb": {"runtime": 1}}