{"CV_RMSE": 3810.498994962969, "RMSE": 1771.7444810087777, "RMSE_skane": 1643.5352844625736, "RMSE_kronoberg": 128.20919654620408, "CV_RMSE_'skane": 2606.0284637355817, "CV_RMSE_kronoberg": 1204.470531227387, "_timestamp": 1748545887.075382, "_runtime": 1.388474941253662, "_step": 0, "_wandb": {"runtime": 1}}