{"CV_RMSE": 306.64610470122443, "RMSE": 22.230736933989633, "RMSE_Kalmar": 14.967932758586645, "RMSE_Blekinge": 7.262804175402986, "CV_RMSE_'Kalmar": 144.85096217987075, "CV_RMSE_Blekinge": 161.79514252135365, "_timestamp": 1748495486.8096745, "_runtime": 1.2581665515899658, "_step": 0, "_wandb": {"runtime": 1}}