{"CV_RMSE": 829.2844559524892, "RMSE": 1121.3949477512156, "RMSE_STHLM": 991.8035269858625, "RMSE_S\u00f6dermanland": 129.59142076535315, "CV_RMSE_STHLM": 353.23433885527356, "CV_RMSE_S\u00f6dermanland": 476.05011709721566, "_timestamp": 1748308667.4225643, "_runtime": 1.3024952411651611, "_step": 0, "_wandb": {"runtime": 1}}