{"CV_RMSE": 3305.0266874271956, "RMSE": 1671.8507463656078, "RMSE_skane": 1588.0877954776763, "RMSE_kronoberg": 83.76295088793155, "CV_RMSE_'skane": 2518.1096122796134, "CV_RMSE_kronoberg": 786.9170751475824, "_timestamp": 1748577860.307498, "_runtime": 1.2869560718536377, "_step": 0, "_wandb": {"runtime": 1}}