{"CV_RMSE": 1114.6660685779345, "RMSE": 792.7781695156891, "RMSE_STHLM": 541.8779374242399, "RMSE_S\u00f6dermanland": 250.90023209144925, "CV_RMSE_STHLM": 192.99174660934545, "CV_RMSE_S\u00f6dermanland": 921.6743219685891, "_timestamp": 1748284968.4171462, "_runtime": 1.2732722759246826, "_step": 0, "_wandb": {"runtime": 1}}