{"CV_RMSE": 770.8162893748278, "RMSE": 183.006405420659, "RMSE_skane": 121.4568883442623, "RMSE_kronoberg": 61.549517076396704, "CV_RMSE_'skane": 192.58491809343914, "CV_RMSE_kronoberg": 578.2313712813886, "_timestamp": 1748550184.882185, "_runtime": 1.388606071472168, "_step": 0, "_wandb": {"runtime": 1}}