{"CV_RMSE": 274.755424302855, "RMSE": 435.6142968755413, "RMSE_STHLM": 399.55808300067264, "RMSE_S\u00f6dermanland": 36.05621387486865, "CV_RMSE_STHLM": 142.30402639517428, "CV_RMSE_S\u00f6dermanland": 132.45139790768073, "_timestamp": 1748512273.9251325, "_runtime": 1.3101766109466553, "_step": 0, "_wandb": {"runtime": 1}}