{"CV_RMSE": 1472.8925557105636, "RMSE": 1654.928093103098, "RMSE_STHLM": 1388.6031198342732, "RMSE_S\u00f6dermanland": 266.3249732688248, "CV_RMSE_STHLM": 494.5559192128397, "CV_RMSE_S\u00f6dermanland": 978.3366364977238, "_timestamp": 1748285098.9885237, "_runtime": 1.283214807510376, "_step": 0, "_wandb": {"runtime": 1}}