{"CV_RMSE": 275.5146408524988, "RMSE": 437.1352158275701, "RMSE_STHLM": 401.01342608104386, "RMSE_S\u00f6dermanland": 36.12178974652623, "CV_RMSE_STHLM": 142.82235198770854, "CV_RMSE_S\u00f6dermanland": 132.69228886479024, "_timestamp": 1748459321.7063792, "_runtime": 1.2393090724945068, "_step": 0, "_wandb": {"runtime": 1}}