{"CV_RMSE": 2112.611288066113, "RMSE": 167.85531233104152, "RMSE_Kalmar": 129.10829130938265, "RMSE_Blekinge": 38.74702102165886, "CV_RMSE_'Kalmar": 1249.435077187574, "CV_RMSE_Blekinge": 863.176210878539, "_timestamp": 1748493808.1365547, "_runtime": 1.357297658920288, "_step": 0, "_wandb": {"runtime": 1}}