{"CV_RMSE": 275.45464664459394, "RMSE": 437.17865693399494, "RMSE_STHLM": 401.0796162759845, "RMSE_S\u00f6dermanland": 36.09904065801046, "CV_RMSE_STHLM": 142.84592586006573, "CV_RMSE_S\u00f6dermanland": 132.60872078452823, "_timestamp": 1748342974.9462357, "_runtime": 1.2821457386016846, "_step": 0, "_wandb": {"runtime": 1}}