{"CV_RMSE": 275.44608534001077, "RMSE": 436.7975799863492, "RMSE_STHLM": 400.6602069518323, "RMSE_S\u00f6dermanland": 36.13737303451688, "CV_RMSE_STHLM": 142.69655174382632, "CV_RMSE_S\u00f6dermanland": 132.74953359618445, "_timestamp": 1748286694.3225453, "_runtime": 1.2786853313446045, "_step": 0, "_wandb": {"runtime": 1}}