{"CV_RMSE": 306.71109539132226, "RMSE": 22.229248557697375, "RMSE_Kalmar": 14.96014314902818, "RMSE_Blekinge": 7.269105408669192, "CV_RMSE_'Kalmar": 144.77557886156305, "CV_RMSE_Blekinge": 161.93551652975924, "_timestamp": 1748507336.715322, "_runtime": 1.3926079273223877, "_step": 0, "_wandb": {"runtime": 1}}