{"CV_RMSE": 267.60348383417517, "RMSE": 419.55141875481763, "RMSE_STHLM": 383.9266047229946, "RMSE_S\u00f6dermanland": 35.624814031823, "CV_RMSE_STHLM": 136.73682004380495, "CV_RMSE_S\u00f6dermanland": 130.8666637903702, "_timestamp": 1748425119.0049932, "_runtime": 1.2789831161499023, "_step": 0, "_wandb": {"runtime": 1}}