{"CV_RMSE": 270.5677013244525, "RMSE": 430.7249552347675, "RMSE_STHLM": 395.406194997051, "RMSE_S\u00f6dermanland": 35.318760237716525, "CV_RMSE_STHLM": 140.82531677773878, "CV_RMSE_S\u00f6dermanland": 129.74238454671377, "_timestamp": 1748461805.8796132, "_runtime": 1.341447114944458, "_step": 0, "_wandb": {"runtime": 1}}