{"CV_RMSE": 1655.0746763005084, "RMSE": 1902.9309331886957, "RMSE_STHLM": 1608.3134984581077, "RMSE_S\u00f6dermanland": 294.6174347305881, "CV_RMSE_STHLM": 572.8065487187562, "CV_RMSE_S\u00f6dermanland": 1082.2681275817522, "_timestamp": 1748343387.3557868, "_runtime": 1.3625438213348389, "_step": 0, "_wandb": {"runtime": 1}}