{"CV_RMSE": 1433.289338834855, "RMSE": 2208.990716298826, "RMSE_STHLM": 2014.0893256722557, "RMSE_S\u00f6dermanland": 194.90139062657033, "CV_RMSE_STHLM": 717.3250467372497, "CV_RMSE_S\u00f6dermanland": 715.9642920976053, "_timestamp": 1748299400.0459735, "_runtime": 1.2972054481506348, "_step": 0, "_wandb": {"runtime": 1}}