{"CV_RMSE": 3864.4808662106157, "RMSE": 1522.4931602558997, "RMSE_skane": 1336.7601272798881, "RMSE_kronoberg": 185.7330329760116, "CV_RMSE_'skane": 2119.5985104860806, "CV_RMSE_kronoberg": 1744.882355724535, "_timestamp": 1748527685.1894603, "_runtime": 1.3510322570800781, "_step": 0, "_wandb": {"runtime": 1}}