{"CV_RMSE": 275.5031298254733, "RMSE": 437.1828923513315, "RMSE_STHLM": 401.0696912322209, "RMSE_S\u00f6dermanland": 36.11320111911058, "CV_RMSE_STHLM": 142.8423910205773, "CV_RMSE_S\u00f6dermanland": 132.660738804896, "_timestamp": 1748461337.1553528, "_runtime": 1.3028297424316406, "_step": 0, "_wandb": {"runtime": 1}}