{"CV_RMSE": 1643.0097665639214, "RMSE": 2479.8394551373717, "RMSE_STHLM": 2250.7970012623928, "RMSE_S\u00f6dermanland": 229.04245387497895, "CV_RMSE_STHLM": 801.6293237578764, "CV_RMSE_S\u00f6dermanland": 841.3804428060452, "_timestamp": 1748309937.654645, "_runtime": 1.2374699115753174, "_step": 0, "_wandb": {"runtime": 1}}