{"CV_RMSE": 1512.4377540140763, "RMSE": 2105.997728971283, "RMSE_STHLM": 1876.1796352726478, "RMSE_S\u00f6dermanland": 229.81809369863515, "CV_RMSE_STHLM": 668.2080220599062, "CV_RMSE_S\u00f6dermanland": 844.22973195417, "_timestamp": 1748358854.5133035, "_runtime": 1.3028934001922607, "_step": 0, "_wandb": {"runtime": 1}}