{"CV_RMSE": 275.5882782352687, "RMSE": 437.1582595000663, "RMSE_STHLM": 401.0167458863436, "RMSE_S\u00f6dermanland": 36.14151361372274, "CV_RMSE_STHLM": 142.82353434812396, "CV_RMSE_S\u00f6dermanland": 132.7647438871448, "_timestamp": 1748524552.9607975, "_runtime": 1.3270494937896729, "_step": 0, "_wandb": {"runtime": 1}}