{"CV_RMSE": 3803.8111468706393, "RMSE": 278.5425241236379, "RMSE_Kalmar": 190.5857631627825, "RMSE_Blekinge": 87.95676096085538, "CV_RMSE_'Kalmar": 1844.3783531882175, "CV_RMSE_Blekinge": 1959.4327936824216, "_timestamp": 1748560234.0180752, "_runtime": 1.3071622848510742, "_step": 0, "_wandb": {"runtime": 1}}