{"CV_RMSE": 794.6624220570669, "RMSE": 746.0639986434155, "RMSE_STHLM": 586.6130717123667, "RMSE_S\u00f6dermanland": 159.45092693104874, "CV_RMSE_STHLM": 208.92432312668384, "CV_RMSE_S\u00f6dermanland": 585.7380989303831, "_timestamp": 1748343167.2062945, "_runtime": 1.3082334995269775, "_step": 0, "_wandb": {"runtime": 1}}