{"CV_RMSE": 1685.4791243096997, "RMSE": 131.28424591290224, "RMSE_Kalmar": 98.34831468216125, "RMSE_Blekinge": 32.93593123074099, "CV_RMSE_'Kalmar": 951.7578840209153, "CV_RMSE_Blekinge": 733.7212402887844, "_timestamp": 1748458867.882964, "_runtime": 1.2954189777374268, "_step": 0, "_wandb": {"runtime": 1}}