{"CV_RMSE": 3184.851200818287, "RMSE": 175.78083530540675, "RMSE_Kalmar": 58.021398042840666, "RMSE_Blekinge": 117.7594372625661, "CV_RMSE_'Kalmar": 561.497400414587, "CV_RMSE_Blekinge": 2623.3538004037, "_timestamp": 1748477364.2346032, "_runtime": 1.8989040851593018, "_step": 0, "_wandb": {"runtime": 1}}