{"CV_RMSE": 994.8506140058239, "RMSE": 1231.7676021953885, "RMSE_STHLM": 1064.1163305982843, "RMSE_S\u00f6dermanland": 167.65127159710414, "CV_RMSE_STHLM": 378.98879997564535, "CV_RMSE_S\u00f6dermanland": 615.8618140301785, "_timestamp": 1748297156.6443274, "_runtime": 1.2926833629608154, "_step": 0, "_wandb": {"runtime": 1}}