{"CV_RMSE": 391.849945240009, "RMSE": 643.0871670755461, "RMSE_STHLM": 594.0076761284673, "RMSE_S\u00f6dermanland": 49.0794909470787, "CV_RMSE_STHLM": 211.5579376793117, "CV_RMSE_S\u00f6dermanland": 180.29200756069727, "_timestamp": 1748544115.8449633, "_runtime": 1.2854423522949219, "_step": 0, "_wandb": {"runtime": 1}}