{"CV_RMSE": 272.9134813232509, "RMSE": 434.39741790038914, "RMSE_STHLM": 398.76580852147754, "RMSE_S\u00f6dermanland": 35.63160937891161, "CV_RMSE_STHLM": 142.0218550333715, "CV_RMSE_S\u00f6dermanland": 130.89162628987938, "_timestamp": 1748473278.113254, "_runtime": 1.312394142150879, "_step": 0, "_wandb": {"runtime": 1}}