{"CV_RMSE": 306.82974556185366, "RMSE": 22.244942433676474, "RMSE_Kalmar": 14.978474053099367, "RMSE_Blekinge": 7.266468380577106, "CV_RMSE_'Kalmar": 144.9529747074132, "CV_RMSE_Blekinge": 161.87677085444048, "_timestamp": 1748563639.19957, "_runtime": 1.3164899349212646, "_step": 0, "_wandb": {"runtime": 1}}