{"CV_RMSE": 3202.3855856593027, "RMSE": 240.7337026277204, "RMSE_Kalmar": 171.47037996411206, "RMSE_Blekinge": 69.26332266360834, "CV_RMSE_'Kalmar": 1659.3907738462458, "CV_RMSE_Blekinge": 1542.994811813057, "_timestamp": 1748487688.8686008, "_runtime": 1.3225579261779785, "_step": 0, "_wandb": {"runtime": 1}}