{"CV_RMSE": 3031.600274041555, "RMSE": 202.94629273301464, "RMSE_Kalmar": 118.21453637778613, "RMSE_Blekinge": 84.73175635522851, "CV_RMSE_'Kalmar": 1144.0116423656723, "CV_RMSE_Blekinge": 1887.5886316758829, "_timestamp": 1748511352.3783665, "_runtime": 1.373037576675415, "_step": 0, "_wandb": {"runtime": 1}}