{"CV_RMSE": 3690.6779861728655, "RMSE": 224.45976567361936, "RMSE_Kalmar": 103.94311485494826, "RMSE_Blekinge": 120.5166508186711, "CV_RMSE_'Kalmar": 1005.9011114994994, "CV_RMSE_Blekinge": 2684.776874673366, "_timestamp": 1748493562.703295, "_runtime": 1.3780090808868408, "_step": 0, "_wandb": {"runtime": 1}}