{"CV_RMSE": 269.06918623142303, "RMSE": 426.7810733676836, "RMSE_STHLM": 391.49061540873276, "RMSE_S\u00f6dermanland": 35.290457958950824, "CV_RMSE_STHLM": 139.43076923935874, "CV_RMSE_S\u00f6dermanland": 129.63841699206426, "_timestamp": 1748556959.2661996, "_runtime": 1.3228745460510254, "_step": 0, "_wandb": {"runtime": 1}}