{"CV_RMSE": 406.58850453794713, "RMSE": 639.4617424462551, "RMSE_STHLM": 585.5501016936931, "RMSE_S\u00f6dermanland": 53.911640752562015, "CV_RMSE_STHLM": 208.54574258976012, "CV_RMSE_S\u00f6dermanland": 198.042761948187, "_timestamp": 1748288349.9600205, "_runtime": 1.3431086540222168, "_step": 0, "_wandb": {"runtime": 1}}