{"CV_RMSE": 4832.091362725604, "RMSE": 1956.5721840961778, "RMSE_skane": 1735.0693514596933, "RMSE_kronoberg": 221.50283263648447, "CV_RMSE_'skane": 2751.1670477690695, "CV_RMSE_kronoberg": 2080.9243149565345, "_timestamp": 1748533060.7970707, "_runtime": 1.4750416278839111, "_step": 0, "_wandb": {"runtime": 1}}