{"CV_RMSE": 792.5624706881538, "RMSE": 1876.9874509195147, "RMSE_STHLM": 1839.5877133051688, "RMSE_S\u00f6dermanland": 37.39973761434578, "CV_RMSE_STHLM": 655.1756794517815, "CV_RMSE_S\u00f6dermanland": 137.38679123637226, "_timestamp": 1748390224.7308664, "_runtime": 1.2718884944915771, "_step": 0, "_wandb": {"runtime": 1}}