{"CV_RMSE": 306.49320420423487, "RMSE": 22.219384335286485, "RMSE_Kalmar": 14.959995818067753, "RMSE_Blekinge": 7.259388517218732, "CV_RMSE_'Kalmar": 144.77415307807502, "CV_RMSE_Blekinge": 161.71905112615988, "_timestamp": 1748551384.8635144, "_runtime": 1.3428473472595215, "_step": 0, "_wandb": {"runtime": 1}}