{"CV_RMSE": 4314.966812364748, "RMSE": 259.76538051938223, "RMSE_Kalmar": 116.81810397244317, "RMSE_Blekinge": 142.94727654693907, "CV_RMSE_'Kalmar": 1130.4977803784823, "CV_RMSE_Blekinge": 3184.469031986266, "_timestamp": 1748486915.3322814, "_runtime": 1.3205132484436035, "_step": 0, "_wandb": {"runtime": 1}}