{"CV_RMSE": 273.1548919316765, "RMSE": 431.6223443918841, "RMSE_STHLM": 395.62002479899803, "RMSE_S\u00f6dermanland": 36.00231959288609, "CV_RMSE_STHLM": 140.90147301903374, "CV_RMSE_S\u00f6dermanland": 132.2534189126428, "_timestamp": 1748490610.613566, "_runtime": 1.2987658977508545, "_step": 0, "_wandb": {"runtime": 1}}