{"CV_RMSE": 269.1349268607442, "RMSE": 424.7039558722511, "RMSE_STHLM": 389.17067708485297, "RMSE_S\u00f6dermanland": 35.53327878739813, "CV_RMSE_STHLM": 138.60451498866942, "CV_RMSE_S\u00f6dermanland": 130.53041187207478, "_timestamp": 1748489159.2863193, "_runtime": 1.2820422649383545, "_step": 0, "_wandb": {"runtime": 1}}