{"CV_RMSE": 1645.135917272857, "RMSE": 2258.9822667797607, "RMSE_STHLM": 2005.5872265628714, "RMSE_S\u00f6dermanland": 253.3950402168894, "CV_RMSE_STHLM": 714.2969940271406, "CV_RMSE_S\u00f6dermanland": 930.8389232457163, "_timestamp": 1748325902.027874, "_runtime": 1.3170030117034912, "_step": 0, "_wandb": {"runtime": 1}}