{"CV_RMSE": 275.4570279242256, "RMSE": 437.11897530479985, "RMSE_STHLM": 401.0128092766576, "RMSE_S\u00f6dermanland": 36.10616602814226, "CV_RMSE_STHLM": 142.8221323106418, "CV_RMSE_S\u00f6dermanland": 132.6348956135838, "_timestamp": 1748503637.3420455, "_runtime": 1.2896935939788818, "_step": 0, "_wandb": {"runtime": 1}}