{"CV_RMSE": 306.88449915725016, "RMSE": 22.248637245687526, "RMSE_Kalmar": 14.980661115978572, "RMSE_Blekinge": 7.267976129708956, "CV_RMSE_'Kalmar": 144.97413983205067, "CV_RMSE_Blekinge": 161.9103593251995, "_timestamp": 1748490412.0878935, "_runtime": 1.3649845123291016, "_step": 0, "_wandb": {"runtime": 1}}