{"CV_RMSE": 1332.2531150465056, "RMSE": 1706.8859661143301, "RMSE_STHLM": 1488.5348453655681, "RMSE_S\u00f6dermanland": 218.35112074876207, "CV_RMSE_STHLM": 530.1469571939103, "CV_RMSE_S\u00f6dermanland": 802.1061578525954, "_timestamp": 1748314149.780491, "_runtime": 1.2910752296447754, "_step": 0, "_wandb": {"runtime": 1}}