{"CV_RMSE": 409.34383604372863, "RMSE": 438.0744546629003, "RMSE_STHLM": 361.7108886881006, "RMSE_S\u00f6dermanland": 76.36356597479967, "CV_RMSE_STHLM": 128.82461409548497, "CV_RMSE_S\u00f6dermanland": 280.5192219482437, "_timestamp": 1748373730.052519, "_runtime": 1.3033370971679688, "_step": 0, "_wandb": {"runtime": 1}}