{"CV_RMSE": 639.314524942771, "RMSE": 653.2215819934629, "RMSE_STHLM": 530.6323068545082, "RMSE_S\u00f6dermanland": 122.58927513895465, "CV_RMSE_STHLM": 188.98657545273343, "CV_RMSE_S\u00f6dermanland": 450.3279494900375, "_timestamp": 1748395593.2964334, "_runtime": 1.3714065551757812, "_step": 0, "_wandb": {"runtime": 1}}