{"CV_RMSE": 3384.245900146798, "RMSE": 1273.1900392037294, "RMSE_skane": 1098.333507184727, "RMSE_kronoberg": 174.8565320190023, "CV_RMSE_'skane": 1741.543616043436, "CV_RMSE_kronoberg": 1642.702284103362, "_timestamp": 1748571282.072359, "_runtime": 1.3531420230865479, "_step": 0, "_wandb": {"runtime": 1}}