{"CV_RMSE": 1085.9017613946257, "RMSE": 2048.7501457801377, "RMSE_STHLM": 1941.364489016425, "RMSE_S\u00f6dermanland": 107.3856567637128, "CV_RMSE_STHLM": 691.4238385891503, "CV_RMSE_S\u00f6dermanland": 394.4779228054756, "_timestamp": 1748296260.196683, "_runtime": 1.4094669818878174, "_step": 0, "_wandb": {"runtime": 1}}