{"CV_RMSE": 711.6573026082076, "RMSE": 1048.9826290375538, "RMSE_STHLM": 947.0754125600487, "RMSE_S\u00f6dermanland": 101.90721647750505, "CV_RMSE_STHLM": 337.30426248676054, "CV_RMSE_S\u00f6dermanland": 374.3530401214471, "_timestamp": 1748308410.904386, "_runtime": 1.2680470943450928, "_step": 0, "_wandb": {"runtime": 1}}