{"CV_RMSE": 517.6213719255961, "RMSE": 485.8034323160783, "RMSE_STHLM": 381.9240385805538, "RMSE_S\u00f6dermanland": 103.87939373552446, "CV_RMSE_STHLM": 136.02359901958783, "CV_RMSE_S\u00f6dermanland": 381.59777290600823, "_timestamp": 1748564104.0563438, "_runtime": 1.362560749053955, "_step": 0, "_wandb": {"runtime": 1}}