{"CV_RMSE": 4370.678257766016, "RMSE": 1586.2483834261097, "RMSE_skane": 1348.6382497076172, "RMSE_kronoberg": 237.61013371849256, "CV_RMSE_'skane": 2138.432742665355, "CV_RMSE_kronoberg": 2232.245515100661, "_timestamp": 1748506611.3454823, "_runtime": 1.3404743671417236, "_step": 0, "_wandb": {"runtime": 1}}