{"CV_RMSE": 306.94827523228633, "RMSE": 22.255312643900087, "RMSE_Kalmar": 14.987401955887009, "RMSE_Blekinge": 7.267910688013078, "CV_RMSE_'Kalmar": 145.03937376664845, "CV_RMSE_Blekinge": 161.90890146563788, "_timestamp": 1748462113.9947603, "_runtime": 1.2685632705688477, "_step": 0, "_wandb": {"runtime": 1}}