{"CV_RMSE": 1055.8932094153215, "RMSE": 1638.9189962719063, "RMSE_STHLM": 1496.5790967348473, "RMSE_S\u00f6dermanland": 142.33989953705887, "CV_RMSE_STHLM": 533.0119458097993, "CV_RMSE_S\u00f6dermanland": 522.8812636055223, "_timestamp": 1748302054.408554, "_runtime": 1.2976360321044922, "_step": 0, "_wandb": {"runtime": 1}}