{"CV_RMSE": 906.432827323095, "RMSE": 720.2225142609522, "RMSE_STHLM": 524.3041699754336, "RMSE_S\u00f6dermanland": 195.91834428551854, "CV_RMSE_STHLM": 186.73278709057786, "CV_RMSE_S\u00f6dermanland": 719.7000402325172, "_timestamp": 1748294680.292387, "_runtime": 1.2934000492095947, "_step": 0, "_wandb": {"runtime": 1}}