{"CV_RMSE": 3085.076966436737, "RMSE": 200.2348759621932, "RMSE_Kalmar": 109.1763400874411, "RMSE_Blekinge": 91.05853587475211, "CV_RMSE_'Kalmar": 1056.5452266526559, "CV_RMSE_Blekinge": 2028.5317397840815, "_timestamp": 1748579481.358368, "_runtime": 1.3647630214691162, "_step": 0, "_wandb": {"runtime": 1}}