{"CV_RMSE": 272.65841517982847, "RMSE": 431.44836185864244, "RMSE_STHLM": 395.5770253486469, "RMSE_S\u00f6dermanland": 35.87133650999555, "CV_RMSE_STHLM": 140.8861586124979, "CV_RMSE_S\u00f6dermanland": 131.7722565673306, "_timestamp": 1748552645.296663, "_runtime": 1.340749979019165, "_step": 0, "_wandb": {"runtime": 1}}