{"CV_RMSE": 306.210885524177, "RMSE": 22.194958703506963, "RMSE_Kalmar": 14.93921640033998, "RMSE_Blekinge": 7.255742303166981, "CV_RMSE_'Kalmar": 144.573061938774, "CV_RMSE_Blekinge": 161.63782358540303, "_timestamp": 1748499701.8035917, "_runtime": 1.3255088329315186, "_step": 0, "_wandb": {"runtime": 1}}