{"CV_RMSE": 274.3289696618233, "RMSE": 434.72926111220943, "RMSE_STHLM": 398.70658218683326, "RMSE_S\u00f6dermanland": 36.022678925376155, "CV_RMSE_STHLM": 142.00076136452313, "CV_RMSE_S\u00f6dermanland": 132.32820829730016, "_timestamp": 1748439846.939055, "_runtime": 1.3132009506225586, "_step": 0, "_wandb": {"runtime": 1}}