{"CV_RMSE": 1587.7371624533203, "RMSE": 1989.3745653218014, "RMSE_STHLM": 1724.336683503304, "RMSE_S\u00f6dermanland": 265.0378818184975, "CV_RMSE_STHLM": 614.1286169976152, "CV_RMSE_S\u00f6dermanland": 973.6085454557052, "_timestamp": 1748298934.8842876, "_runtime": 1.2843174934387207, "_step": 0, "_wandb": {"runtime": 1}}