{"CV_RMSE": 271.4604482348496, "RMSE": 432.02232030685144, "RMSE_STHLM": 396.57373048249747, "RMSE_S\u00f6dermanland": 35.44858982435396, "CV_RMSE_STHLM": 141.24113867599831, "CV_RMSE_S\u00f6dermanland": 130.21930955885128, "_timestamp": 1748475829.430409, "_runtime": 1.328171968460083, "_step": 0, "_wandb": {"runtime": 1}}