{"CV_RMSE": 4742.924367435955, "RMSE": 332.79212545072085, "RMSE_Kalmar": 211.9684298034425, "RMSE_Blekinge": 120.82369564727838, "CV_RMSE_'Kalmar": 2051.3073851946046, "CV_RMSE_Blekinge": 2691.61698224135, "_timestamp": 1748521749.7203028, "_runtime": 1.3088207244873047, "_step": 0, "_wandb": {"runtime": 1}}