{"CV_RMSE": 306.9512548996175, "RMSE": 22.254948912484885, "RMSE_Kalmar": 14.98652237148589, "RMSE_Blekinge": 7.268426540998996, "CV_RMSE_'Kalmar": 145.03086165954085, "CV_RMSE_Blekinge": 161.92039324007663, "_timestamp": 1748503964.8701973, "_runtime": 1.2514533996582031, "_step": 0, "_wandb": {"runtime": 1}}