{"CV_RMSE": 3185.8717937038846, "RMSE": 1557.4529217596976, "RMSE_skane": 1465.7200108980687, "RMSE_kronoberg": 91.73291086162878, "CV_RMSE_'skane": 2324.0803555466205, "CV_RMSE_kronoberg": 861.7914381572642, "_timestamp": 1748536410.2505786, "_runtime": 1.3376367092132568, "_step": 0, "_wandb": {"runtime": 1}}