{"CV_RMSE": 3832.1303104953067, "RMSE": 246.01398075279235, "RMSE_Kalmar": 130.825732708402, "RMSE_Blekinge": 115.18824804439033, "CV_RMSE_'Kalmar": 1266.055477823245, "CV_RMSE_Blekinge": 2566.074832672062, "_timestamp": 1748558575.845191, "_runtime": 1.3463959693908691, "_step": 0, "_wandb": {"runtime": 1}}