{"CV_RMSE": 4106.573013716472, "RMSE": 259.1207831721881, "RMSE_Kalmar": 132.21785856308864, "RMSE_Blekinge": 126.90292460909944, "CV_RMSE_'Kalmar": 1279.5276635137611, "CV_RMSE_Blekinge": 2827.0453502027103, "_timestamp": 1748545711.8088043, "_runtime": 1.3692803382873535, "_step": 0, "_wandb": {"runtime": 1}}