{"CV_RMSE": 591.9769382581519, "RMSE": 40.49145897154608, "RMSE_Kalmar": 24.608351573613827, "RMSE_Blekinge": 15.883107397932255, "CV_RMSE_'Kalmar": 238.14533780916605, "CV_RMSE_Blekinge": 353.8316004489859, "_timestamp": 1748480459.4932084, "_runtime": 1.3167715072631836, "_step": 0, "_wandb": {"runtime": 1}}