{"CV_RMSE": 4243.284862022278, "RMSE": 266.59743738169544, "RMSE_Kalmar": 134.58672634680627, "RMSE_Blekinge": 132.01071103488917, "CV_RMSE_'Kalmar": 1302.452190452964, "CV_RMSE_Blekinge": 2940.8326715693133, "_timestamp": 1748498473.4497564, "_runtime": 1.3521113395690918, "_step": 0, "_wandb": {"runtime": 1}}