{"CV_RMSE": 3406.9933168692096, "RMSE": 237.54727505345647, "RMSE_Kalmar": 149.59762635896303, "RMSE_Blekinge": 87.94964869449343, "CV_RMSE_'Kalmar": 1447.7189647641583, "CV_RMSE_Blekinge": 1959.2743521050515, "_timestamp": 1748457207.3544195, "_runtime": 1.3654274940490723, "_step": 0, "_wandb": {"runtime": 1}}