{"CV_RMSE": 4283.954983417351, "RMSE": 1629.714570671309, "RMSE_skane": 1412.035967187205, "RMSE_kronoberg": 217.67860348410412, "CV_RMSE_'skane": 2238.957664673158, "CV_RMSE_kronoberg": 2044.9973187441933, "_timestamp": 1748551864.751567, "_runtime": 1.3257288932800293, "_step": 0, "_wandb": {"runtime": 1}}