{"CV_RMSE": 243.5106124029952, "RMSE": 292.8170867592145, "RMSE_STHLM": 250.84858682374193, "RMSE_S\u00f6dermanland": 41.96849993547257, "CV_RMSE_STHLM": 89.34061264003472, "CV_RMSE_S\u00f6dermanland": 154.1699997629605, "_timestamp": 1748361773.3293602, "_runtime": 1.3552732467651367, "_step": 0, "_wandb": {"runtime": 1}}