{"CV_RMSE": 669.9692839263953, "RMSE": 1355.220349801498, "RMSE_STHLM": 1298.75820836277, "RMSE_S\u00f6dermanland": 56.46214143872816, "CV_RMSE_STHLM": 462.5573357841286, "CV_RMSE_S\u00f6dermanland": 207.4119481422667, "_timestamp": 1748368867.7891276, "_runtime": 1.3072445392608643, "_step": 0, "_wandb": {"runtime": 1}}