{"CV_RMSE": 1154.5780266286908, "RMSE": 1101.0627117199815, "RMSE_STHLM": 871.2291120403797, "RMSE_S\u00f6dermanland": 229.83359967960172, "CV_RMSE_STHLM": 310.2913339281131, "CV_RMSE_S\u00f6dermanland": 844.2866927005778, "_timestamp": 1748313249.3422678, "_runtime": 1.328406810760498, "_step": 0, "_wandb": {"runtime": 1}}