{"CV_RMSE": 5181.253629266235, "RMSE": 1993.0074659995569, "RMSE_skane": 1734.1897981393774, "RMSE_kronoberg": 258.8176678601794, "CV_RMSE_'skane": 2749.772407197744, "CV_RMSE_kronoberg": 2431.4812220684917, "_timestamp": 1748548399.8105273, "_runtime": 1.2765092849731445, "_step": 0, "_wandb": {"runtime": 1}}