{"CV_RMSE": 1137.7572270182886, "RMSE": 415.79896031002414, "RMSE_skane": 354.5286677213699, "RMSE_kronoberg": 61.27029258865421, "CV_RMSE_'skane": 562.1490502981552, "CV_RMSE_kronoberg": 575.6081767201335, "_timestamp": 1748555823.8474176, "_runtime": 1.3559684753417969, "_step": 0, "_wandb": {"runtime": 1}}