{"CV_RMSE": 275.5105661583566, "RMSE": 436.88459950502335, "RMSE_STHLM": 400.7371314086784, "RMSE_S\u00f6dermanland": 36.14746809634496, "CV_RMSE_STHLM": 142.72394866157916, "CV_RMSE_S\u00f6dermanland": 132.7866174967774, "_timestamp": 1748561943.8907545, "_runtime": 1.396916389465332, "_step": 0, "_wandb": {"runtime": 1}}