{"CV_RMSE": 655.5509097792389, "RMSE": 644.6177765866902, "RMSE_STHLM": 516.2103455950609, "RMSE_S\u00f6dermanland": 128.4074309916293, "CV_RMSE_STHLM": 183.85014287121282, "CV_RMSE_S\u00f6dermanland": 471.700766908026, "_timestamp": 1748398112.9840705, "_runtime": 1.2871296405792236, "_step": 0, "_wandb": {"runtime": 1}}