{"CV_RMSE": 360.2017583565337, "RMSE": 124.12058053140734, "RMSE_skane": 103.19673526948468, "RMSE_kronoberg": 20.923845261922672, "CV_RMSE_'skane": 163.63118700235412, "CV_RMSE_kronoberg": 196.57057135417958, "_timestamp": 1748554021.7933865, "_runtime": 1.261974573135376, "_step": 0, "_wandb": {"runtime": 1}}