{"CV_RMSE": 2532.9515584569417, "RMSE": 155.69793409739788, "RMSE_Kalmar": 74.25246067844911, "RMSE_Blekinge": 81.44547341894877, "CV_RMSE_'Kalmar": 718.5722001140236, "CV_RMSE_Blekinge": 1814.379358342918, "_timestamp": 1748495158.9227555, "_runtime": 1.2913105487823486, "_step": 0, "_wandb": {"runtime": 1}}