{"CV_RMSE": 3213.6146043450335, "RMSE": 227.58282731449128, "RMSE_Kalmar": 147.32762684363666, "RMSE_Blekinge": 80.25520047085463, "CV_RMSE_'Kalmar": 1425.7512275190643, "CV_RMSE_Blekinge": 1787.8633768259695, "_timestamp": 1748489075.0474133, "_runtime": 1.3096554279327393, "_step": 0, "_wandb": {"runtime": 1}}