{"CV_RMSE": 260.3938562333637, "RMSE": 418.0150966191226, "RMSE_STHLM": 384.3986717007262, "RMSE_S\u00f6dermanland": 33.61642491839636, "CV_RMSE_STHLM": 136.90494836986687, "CV_RMSE_S\u00f6dermanland": 123.48890786349683, "_timestamp": 1748342015.4774559, "_runtime": 1.264145851135254, "_step": 0, "_wandb": {"runtime": 1}}