{"CV_RMSE": 306.47121596578256, "RMSE": 22.20850096207902, "RMSE_Kalmar": 14.942498476961887, "RMSE_Blekinge": 7.2660024851171325, "CV_RMSE_'Kalmar": 144.6048239705989, "CV_RMSE_Blekinge": 161.86639199518365, "_timestamp": 1748476457.4779222, "_runtime": 1.2390100955963135, "_step": 0, "_wandb": {"runtime": 1}}