{"CV_RMSE": 4427.260598624623, "RMSE": 1710.9756462365249, "RMSE_skane": 1491.4458165696528, "RMSE_kronoberg": 219.52982966687202, "CV_RMSE_'skane": 2364.8718021717536, "CV_RMSE_kronoberg": 2062.388796452869, "_timestamp": 1748563689.923189, "_runtime": 1.3190560340881348, "_step": 0, "_wandb": {"runtime": 1}}