{"CV_RMSE": 549.2335893604104, "RMSE": 766.1711440630438, "RMSE_STHLM": 682.8631216601958, "RMSE_S\u00f6dermanland": 83.30802240284805, "CV_RMSE_STHLM": 243.20411930913184, "CV_RMSE_S\u00f6dermanland": 306.02947005127857, "_timestamp": 1748314024.5158296, "_runtime": 1.286522626876831, "_step": 0, "_wandb": {"runtime": 1}}