{"CV_RMSE": 272.9376977231254, "RMSE": 433.0427620577305, "RMSE_STHLM": 397.2584141698528, "RMSE_S\u00f6dermanland": 35.784347887877686, "CV_RMSE_STHLM": 141.48499119622775, "CV_RMSE_S\u00f6dermanland": 131.45270652689763, "_timestamp": 1748448591.4519324, "_runtime": 1.3436143398284912, "_step": 0, "_wandb": {"runtime": 1}}