{"CV_RMSE": 3258.6546227329545, "RMSE": 225.8254280463334, "RMSE_Kalmar": 140.6457790229372, "RMSE_Blekinge": 85.17964902339618, "CV_RMSE_'Kalmar": 1361.0881840929405, "CV_RMSE_Blekinge": 1897.5664386400138, "_timestamp": 1748568299.8380032, "_runtime": 1.3595731258392334, "_step": 0, "_wandb": {"runtime": 1}}