{"CV_RMSE": 3393.1484448452993, "RMSE": 225.88030639311097, "RMSE_Kalmar": 130.0685320686656, "RMSE_Blekinge": 95.81177432444538, "CV_RMSE_'Kalmar": 1258.7277296967638, "CV_RMSE_Blekinge": 2134.4207151485357, "_timestamp": 1748473871.2203813, "_runtime": 1.3585913181304932, "_step": 0, "_wandb": {"runtime": 1}}