{"CV_RMSE": 774.4545953831714, "RMSE": 1033.980647286225, "RMSE_STHLM": 911.5326367233466, "RMSE_S\u00f6dermanland": 122.44801056287834, "CV_RMSE_STHLM": 324.6455769889244, "CV_RMSE_S\u00f6dermanland": 449.80901839424695, "_timestamp": 1748322633.280563, "_runtime": 1.3083522319793701, "_step": 0, "_wandb": {"runtime": 1}}