{"CV_RMSE": 274.55454704425796, "RMSE": 435.12904261218335, "RMSE_STHLM": 399.0812850421574, "RMSE_S\u00f6dermanland": 36.047757570025965, "CV_RMSE_STHLM": 142.13421311355032, "CV_RMSE_S\u00f6dermanland": 132.42033393070764, "_timestamp": 1748488545.5866745, "_runtime": 1.2608754634857178, "_step": 0, "_wandb": {"runtime": 1}}