{"CV_RMSE": 272.7763822365388, "RMSE": 434.05886650237875, "RMSE_STHLM": 398.4322378994962, "RMSE_S\u00f6dermanland": 35.626628602882555, "CV_RMSE_STHLM": 141.90305267492943, "CV_RMSE_S\u00f6dermanland": 130.87332956160938, "_timestamp": 1748477226.9574695, "_runtime": 1.877089500427246, "_step": 0, "_wandb": {"runtime": 1}}