{"CV_RMSE": 1229.2561448374056, "RMSE": 1871.808896737429, "RMSE_STHLM": 1702.2125113150864, "RMSE_S\u00f6dermanland": 169.5963854223426, "CV_RMSE_STHLM": 606.2490147145144, "CV_RMSE_S\u00f6dermanland": 623.0071301228912, "_timestamp": 1748348582.6301374, "_runtime": 1.2793693542480469, "_step": 0, "_wandb": {"runtime": 1}}