{"CV_RMSE": 714.2004477140547, "RMSE": 1210.134465814066, "RMSE_STHLM": 1124.7621995396064, "RMSE_S\u00f6dermanland": 85.3722662744597, "CV_RMSE_STHLM": 400.5880409915496, "CV_RMSE_S\u00f6dermanland": 313.61240672250506, "_timestamp": 1748302400.0256414, "_runtime": 1.3100523948669434, "_step": 0, "_wandb": {"runtime": 1}}