{"CV_RMSE": 306.97724906492283, "RMSE": 22.25649056347341, "RMSE_Kalmar": 14.9871850438529, "RMSE_Blekinge": 7.269305519620509, "CV_RMSE_'Kalmar": 145.0372746179313, "CV_RMSE_Blekinge": 161.93997444699153, "_timestamp": 1748487644.8518484, "_runtime": 1.2366244792938232, "_step": 0, "_wandb": {"runtime": 1}}