{"CV_RMSE": 274.98010098859487, "RMSE": 435.9205599597305, "RMSE_STHLM": 399.82949863319755, "RMSE_S\u00f6dermanland": 36.09106132653293, "CV_RMSE_STHLM": 142.4006920339841, "CV_RMSE_S\u00f6dermanland": 132.57940895461078, "_timestamp": 1748529945.645758, "_runtime": 1.3344860076904297, "_step": 0, "_wandb": {"runtime": 1}}