{"CV_RMSE": 274.0532799506693, "RMSE": 436.57712077203894, "RMSE_STHLM": 400.8359379468252, "RMSE_S\u00f6dermanland": 35.74118282521376, "CV_RMSE_STHLM": 142.75913896008814, "CV_RMSE_S\u00f6dermanland": 131.29414099058118, "_timestamp": 1748507137.4356246, "_runtime": 1.3438525199890137, "_step": 0, "_wandb": {"runtime": 1}}