{"CV_RMSE": 305.4405114113405, "RMSE": 22.103014693496494, "RMSE_Kalmar": 14.837795529593752, "RMSE_Blekinge": 7.265219163902742, "CV_RMSE_'Kalmar": 143.59156964122985, "CV_RMSE_Blekinge": 161.8489417701106, "_timestamp": 1748480845.4772274, "_runtime": 1.2529494762420654, "_step": 0, "_wandb": {"runtime": 1}}