{"CV_RMSE": 331.12196072806654, "RMSE": 410.52898449345383, "RMSE_STHLM": 354.78795243806854, "RMSE_S\u00f6dermanland": 55.741032055385304, "CV_RMSE_STHLM": 126.35898583073276, "CV_RMSE_S\u00f6dermanland": 204.76297489733378, "_timestamp": 1748428546.2526448, "_runtime": 1.2789478302001953, "_step": 0, "_wandb": {"runtime": 1}}