{"CV_RMSE": 275.2907639709667, "RMSE": 436.5962330195316, "RMSE_STHLM": 400.4840643784379, "RMSE_S\u00f6dermanland": 36.11216864109373, "CV_RMSE_STHLM": 142.6338179424591, "CV_RMSE_S\u00f6dermanland": 132.65694602850758, "_timestamp": 1748472668.132415, "_runtime": 1.2832081317901611, "_step": 0, "_wandb": {"runtime": 1}}