{"CV_RMSE": 305.7650485069768, "RMSE": 435.9100519732142, "RMSE_STHLM": 390.53778517688386, "RMSE_S\u00f6dermanland": 45.37226679633033, "CV_RMSE_STHLM": 139.0914153776001, "CV_RMSE_S\u00f6dermanland": 166.67363312937673, "_timestamp": 1748566417.4596243, "_runtime": 1.2944903373718262, "_step": 0, "_wandb": {"runtime": 1}}