{"CV_RMSE": 987.6895536969957, "RMSE": 1219.8159937867536, "RMSE_STHLM": 1053.0402651826362, "RMSE_S\u00f6dermanland": 166.77572860411743, "CV_RMSE_STHLM": 375.0440200492175, "CV_RMSE_S\u00f6dermanland": 612.6455336477783, "_timestamp": 1748355606.736837, "_runtime": 1.3267998695373535, "_step": 0, "_wandb": {"runtime": 1}}