{"CV_RMSE": 257.15298056506083, "RMSE": 403.5667927936554, "RMSE_STHLM": 369.37612683224893, "RMSE_S\u00f6dermanland": 34.19066596140647, "CV_RMSE_STHLM": 131.5546158088738, "CV_RMSE_S\u00f6dermanland": 125.59836475618702, "_timestamp": 1748526036.2736208, "_runtime": 1.6418159008026123, "_step": 0, "_wandb": {"runtime": 1}}