{"CV_RMSE": 557.559775511663, "RMSE": 1248.1945515037767, "RMSE_STHLM": 1214.1275918147512, "RMSE_S\u00f6dermanland": 34.066959689025445, "CV_RMSE_STHLM": 432.41584196014094, "CV_RMSE_S\u00f6dermanland": 125.14393355152204, "_timestamp": 1748364961.544427, "_runtime": 1.6270170211791992, "_step": 0, "_wandb": {"runtime": 1}}