{"CV_RMSE": 275.1882496602593, "RMSE": 436.76709935458587, "RMSE_STHLM": 400.7041780473869, "RMSE_S\u00f6dermanland": 36.06292130719899, "CV_RMSE_STHLM": 142.71221220524265, "CV_RMSE_S\u00f6dermanland": 132.4760374550167, "_timestamp": 1748452589.2035775, "_runtime": 1.230454444885254, "_step": 0, "_wandb": {"runtime": 1}}