{"CV_RMSE": 910.9747726179311, "RMSE": 1247.4580263279472, "RMSE_STHLM": 1106.775558928961, "RMSE_S\u00f6dermanland": 140.6824673989863, "CV_RMSE_STHLM": 394.1820352338998, "CV_RMSE_S\u00f6dermanland": 516.7927373840313, "_timestamp": 1748330123.5910754, "_runtime": 1.2857015132904053, "_step": 0, "_wandb": {"runtime": 1}}