{"CV_RMSE": 1748.7258613183426, "RMSE": 2357.0077665597073, "RMSE_STHLM": 2082.9098996283165, "RMSE_S\u00f6dermanland": 274.09786693139074, "CV_RMSE_STHLM": 741.8357378969073, "CV_RMSE_S\u00f6dermanland": 1006.8901234214354, "_timestamp": 1748388417.5938783, "_runtime": 1.2666223049163818, "_step": 0, "_wandb": {"runtime": 1}}