{"CV_RMSE": 4940.754476384729, "RMSE": 1887.0356796294616, "RMSE_skane": 1637.4981063389855, "RMSE_kronoberg": 249.53757329047616, "CV_RMSE_'skane": 2596.455771150611, "CV_RMSE_kronoberg": 2344.2987052341186, "_timestamp": 1748506852.907859, "_runtime": 1.2901830673217773, "_step": 0, "_wandb": {"runtime": 1}}