{"CV_RMSE": 4553.54255999171, "RMSE": 289.0190555594355, "RMSE_Kalmar": 149.6055100110668, "RMSE_Blekinge": 139.41354554836875, "CV_RMSE_'Kalmar": 1447.795258171614, "CV_RMSE_Blekinge": 3105.747301820096, "_timestamp": 1748489441.908645, "_runtime": 1.3033218383789062, "_step": 0, "_wandb": {"runtime": 1}}