{"CV_RMSE": 3086.475692813483, "RMSE": 200.68454715130318, "RMSE_Kalmar": 109.86037438794374, "RMSE_Blekinge": 90.82417276335944, "CV_RMSE_'Kalmar": 1063.1649134317136, "CV_RMSE_Blekinge": 2023.3107793817696, "_timestamp": 1748524292.1265974, "_runtime": 1.3895704746246338, "_step": 0, "_wandb": {"runtime": 1}}