{"CV_RMSE": 266.10645646609703, "RMSE": 427.6263140471832, "RMSE_STHLM": 393.3197133326035, "RMSE_S\u00f6dermanland": 34.30660071457969, "CV_RMSE_STHLM": 140.08220894315122, "CV_RMSE_S\u00f6dermanland": 126.02424752294579, "_timestamp": 1748448433.9819944, "_runtime": 1.2725803852081299, "_step": 0, "_wandb": {"runtime": 1}}