{"CV_RMSE": 4328.773014134132, "RMSE": 1733.8116052978176, "RMSE_skane": 1531.530810446843, "RMSE_kronoberg": 202.28079485097464, "CV_RMSE_'skane": 2428.431517621844, "CV_RMSE_kronoberg": 1900.341496512288, "_timestamp": 1748541397.3323817, "_runtime": 1.3672077655792236, "_step": 0, "_wandb": {"runtime": 1}}