{"CV_RMSE": 306.79125559917, "RMSE": 22.241544776162893, "RMSE_Kalmar": 14.975521593317122, "RMSE_Blekinge": 7.26602318284577, "CV_RMSE_'Kalmar": 144.92440251597213, "CV_RMSE_Blekinge": 161.86685308319784, "_timestamp": 1748461788.8964665, "_runtime": 1.2225334644317627, "_step": 0, "_wandb": {"runtime": 1}}