{"CV_RMSE": 1182.4672316784827, "RMSE": 1887.4433530766364, "RMSE_STHLM": 1733.6299628793313, "RMSE_S\u00f6dermanland": 153.81339019730515, "CV_RMSE_STHLM": 617.4384513618513, "CV_RMSE_S\u00f6dermanland": 565.0287803166312, "_timestamp": 1748356381.9880981, "_runtime": 1.5762951374053955, "_step": 0, "_wandb": {"runtime": 1}}