{"CV_RMSE": 306.308194484545, "RMSE": 22.20910065320298, "RMSE_Kalmar": 14.956497176927687, "RMSE_Blekinge": 7.252603476275292, "CV_RMSE_'Kalmar": 144.7402952605905, "CV_RMSE_Blekinge": 161.56789922395453, "_timestamp": 1748489206.559294, "_runtime": 1.3138399124145508, "_step": 0, "_wandb": {"runtime": 1}}