{"CV_RMSE": 3283.744874339319, "RMSE": 227.23365888431186, "RMSE_Kalmar": 141.14429672051574, "RMSE_Blekinge": 86.08936216379614, "CV_RMSE_'Kalmar": 1365.9125489082166, "CV_RMSE_Blekinge": 1917.8323254311022, "_timestamp": 1748474952.159463, "_runtime": 1.613623857498169, "_step": 0, "_wandb": {"runtime": 1}}