{"CV_RMSE": 270.8009759710962, "RMSE": 425.1986812764569, "RMSE_STHLM": 389.21628911710036, "RMSE_S\u00f6dermanland": 35.98239215935654, "CV_RMSE_STHLM": 138.62075987550074, "CV_RMSE_S\u00f6dermanland": 132.18021609559545, "_timestamp": 1748526213.6945956, "_runtime": 1.3604366779327393, "_step": 0, "_wandb": {"runtime": 1}}