{"CV_RMSE": 306.7350614824384, "RMSE": 22.238709261853504, "RMSE_Kalmar": 14.97496814988003, "RMSE_Blekinge": 7.263741111973474, "CV_RMSE_'Kalmar": 144.91904661174223, "CV_RMSE_Blekinge": 161.8160148706962, "_timestamp": 1748549431.53261, "_runtime": 1.3422038555145264, "_step": 0, "_wandb": {"runtime": 1}}