{"CV_RMSE": 260.9941627159303, "RMSE": 400.1981969039497, "RMSE_STHLM": 364.4879531447948, "RMSE_S\u00f6dermanland": 35.71024375915487, "CV_RMSE_STHLM": 129.8136754374022, "CV_RMSE_S\u00f6dermanland": 131.1804872785281, "_timestamp": 1748560415.929738, "_runtime": 1.2948579788208008, "_step": 0, "_wandb": {"runtime": 1}}