{"CV_RMSE": 498.630058989727, "RMSE": 522.487748289351, "RMSE_STHLM": 428.2717581863113, "RMSE_S\u00f6dermanland": 94.2159901030397, "CV_RMSE_STHLM": 152.530503509173, "CV_RMSE_S\u00f6dermanland": 346.099555480554, "_timestamp": 1748325115.2320464, "_runtime": 1.2512364387512207, "_step": 0, "_wandb": {"runtime": 1}}