{"CV_RMSE": 4563.407387930149, "RMSE": 1913.8390221695568, "RMSE_skane": 1718.0663202072808, "RMSE_kronoberg": 195.77270196227593, "CV_RMSE_'skane": 2724.2066388064704, "CV_RMSE_kronoberg": 1839.200749123678, "_timestamp": 1748510936.5097854, "_runtime": 1.3444294929504395, "_step": 0, "_wandb": {"runtime": 1}}