{"CV_RMSE": 306.65279897910585, "RMSE": 22.229599179311634, "RMSE_Kalmar": 14.965389839123095, "RMSE_Blekinge": 7.264209340188541, "CV_RMSE_'Kalmar": 144.8263532818364, "CV_RMSE_Blekinge": 161.82644569726946, "_timestamp": 1748516988.9281812, "_runtime": 1.2994892597198486, "_step": 0, "_wandb": {"runtime": 1}}