{"CV_RMSE": 708.7882743237063, "RMSE": 1270.526828905099, "RMSE_STHLM": 1193.2698970303559, "RMSE_S\u00f6dermanland": 77.25693187474299, "CV_RMSE_STHLM": 424.9873000899566, "CV_RMSE_S\u00f6dermanland": 283.80097423374974, "_timestamp": 1748307083.4837286, "_runtime": 1.2701096534729004, "_step": 0, "_wandb": {"runtime": 1}}