{"CV_RMSE": 4549.1855888901555, "RMSE": 1873.1236926532981, "RMSE_skane": 1670.9048740960686, "RMSE_kronoberg": 202.21881855722958, "CV_RMSE_'skane": 2649.4263331333013, "CV_RMSE_kronoberg": 1899.7592557568541, "_timestamp": 1748562410.279153, "_runtime": 1.3080241680145264, "_step": 0, "_wandb": {"runtime": 1}}