{"CV_RMSE": 270.8437999734416, "RMSE": 431.47089462662643, "RMSE_STHLM": 396.1489903733466, "RMSE_S\u00f6dermanland": 35.32190425327985, "CV_RMSE_STHLM": 141.08986598180132, "CV_RMSE_S\u00f6dermanland": 129.75393399164025, "_timestamp": 1748501116.5005014, "_runtime": 1.2873084545135498, "_step": 0, "_wandb": {"runtime": 1}}