{"CV_RMSE": 4398.865681391062, "RMSE": 1694.0585029541028, "RMSE_skane": 1474.7298135945055, "RMSE_kronoberg": 219.32868935959723, "CV_RMSE_'skane": 2338.366512042028, "CV_RMSE_kronoberg": 2060.4991693490347, "_timestamp": 1748531157.6440744, "_runtime": 1.3093955516815186, "_step": 0, "_wandb": {"runtime": 1}}