{"CV_RMSE": 1256.112638636049, "RMSE": 1799.5523619726468, "RMSE_STHLM": 1614.1025224292694, "RMSE_S\u00f6dermanland": 185.44983954337755, "CV_RMSE_STHLM": 574.868330109356, "CV_RMSE_S\u00f6dermanland": 681.2443085266931, "_timestamp": 1748315476.3464034, "_runtime": 1.3297843933105469, "_step": 0, "_wandb": {"runtime": 1}}