{"CV_RMSE": 272.5117323718863, "RMSE": 432.4727128484687, "RMSE_STHLM": 396.75556998921604, "RMSE_S\u00f6dermanland": 35.717142859252625, "CV_RMSE_STHLM": 141.30590146034604, "CV_RMSE_S\u00f6dermanland": 131.20583091154026, "_timestamp": 1748451560.3126462, "_runtime": 1.414074182510376, "_step": 0, "_wandb": {"runtime": 1}}