{"CV_RMSE": 253.9168277467204, "RMSE": 397.462891012307, "RMSE_STHLM": 363.5924316967957, "RMSE_S\u00f6dermanland": 33.8704593155113, "CV_RMSE_STHLM": 129.494732301985, "CV_RMSE_S\u00f6dermanland": 124.42209544473539, "_timestamp": 1748462869.7700915, "_runtime": 1.662968635559082, "_step": 0, "_wandb": {"runtime": 1}}