{"CV_RMSE": 268.5128402941847, "RMSE": 437.83868715520293, "RMSE_STHLM": 403.90310598809225, "RMSE_S\u00f6dermanland": 33.93558116711067, "CV_RMSE_STHLM": 143.85152172112507, "CV_RMSE_S\u00f6dermanland": 124.6613185730596, "_timestamp": 1748540747.7529845, "_runtime": 1.2754886150360107, "_step": 0, "_wandb": {"runtime": 1}}