{"CV_RMSE": 1452.1720139167849, "RMSE": 1714.2723985276775, "RMSE_STHLM": 1460.5649233495992, "RMSE_S\u00f6dermanland": 253.70747517807837, "CV_RMSE_STHLM": 520.1853704054765, "CV_RMSE_S\u00f6dermanland": 931.9866435113083, "_timestamp": 1748287481.975038, "_runtime": 1.4818670749664307, "_step": 0, "_wandb": {"runtime": 1}}