{"CV_RMSE": 3564.357829528377, "RMSE": 245.96827021317262, "RMSE_Kalmar": 151.99702111826215, "RMSE_Blekinge": 93.97124909491045, "CV_RMSE_'Kalmar": 1470.938914047698, "CV_RMSE_Blekinge": 2093.4189154806786, "_timestamp": 1748514834.884555, "_runtime": 1.3315000534057617, "_step": 0, "_wandb": {"runtime": 1}}