{"CV_RMSE": 494.3213572125924, "RMSE": 453.4603302762466, "RMSE_STHLM": 353.1322728973579, "RMSE_S\u00f6dermanland": 100.32805737888874, "CV_RMSE_STHLM": 125.76930969830713, "CV_RMSE_S\u00f6dermanland": 368.5520475142852, "_timestamp": 1748309356.3963122, "_runtime": 1.3162431716918945, "_step": 0, "_wandb": {"runtime": 1}}