{"CV_RMSE": 4909.81733877312, "RMSE": 1850.9058228777872, "RMSE_skane": 1597.9937595034962, "RMSE_kronoberg": 252.91206337429102, "CV_RMSE_'skane": 2533.8167433987783, "CV_RMSE_kronoberg": 2376.0005953743416, "_timestamp": 1748508873.1561196, "_runtime": 1.3448586463928223, "_step": 0, "_wandb": {"runtime": 1}}