{"CV_RMSE": 269.68560481842377, "RMSE": 424.02186532395984, "RMSE_STHLM": 388.2493548929416, "RMSE_S\u00f6dermanland": 35.77251043101825, "CV_RMSE_STHLM": 138.27638282692817, "CV_RMSE_S\u00f6dermanland": 131.4092219914956, "_timestamp": 1748343169.255694, "_runtime": 1.3169209957122803, "_step": 0, "_wandb": {"runtime": 1}}