{"CV_RMSE": 980.9607879404921, "RMSE": 1395.8629652128425, "RMSE_STHLM": 1250.0163616504967, "RMSE_S\u00f6dermanland": 145.84660356234588, "CV_RMSE_STHLM": 445.1977544461603, "CV_RMSE_S\u00f6dermanland": 535.7630334943318, "_timestamp": 1748301255.876285, "_runtime": 1.3293609619140625, "_step": 0, "_wandb": {"runtime": 1}}