{"CV_RMSE": 4724.995738163794, "RMSE": 326.7719000689223, "RMSE_Kalmar": 202.74723380523426, "RMSE_Blekinge": 124.02466626368806, "CV_RMSE_'Kalmar": 1962.070004566783, "CV_RMSE_Blekinge": 2762.9257335970115, "_timestamp": 1748521572.1340058, "_runtime": 1.400080680847168, "_step": 0, "_wandb": {"runtime": 1}}