{"CV_RMSE": 1245.0048191597361, "RMSE": 334.3604694352964, "RMSE_skane": 242.8199815348111, "RMSE_kronoberg": 91.54048790048533, "CV_RMSE_'skane": 385.02111237020785, "CV_RMSE_kronoberg": 859.9837067895282, "_timestamp": 1748553308.7230985, "_runtime": 1.405684471130371, "_step": 0, "_wandb": {"runtime": 1}}