{"CV_RMSE": 4644.421303471416, "RMSE": 1910.1270913155422, "RMSE_skane": 1703.2261762902492, "RMSE_kronoberg": 206.90091502529302, "CV_RMSE_'skane": 2700.675755217097, "CV_RMSE_kronoberg": 1943.7455482543187, "_timestamp": 1748520687.5206547, "_runtime": 1.3193187713623047, "_step": 0, "_wandb": {"runtime": 1}}