{"CV_RMSE": 3453.8435966787893, "RMSE": 1063.5477730803966, "RMSE_skane": 837.2103732275827, "RMSE_kronoberg": 226.3373998528138, "CV_RMSE_'skane": 1327.5005917984927, "CV_RMSE_kronoberg": 2126.3430048802966, "_timestamp": 1748521350.1420903, "_runtime": 1.3069443702697754, "_step": 0, "_wandb": {"runtime": 1}}