{"CV_RMSE": 263.94467990627976, "RMSE": 420.1971617152866, "RMSE_STHLM": 385.7446169972246, "RMSE_S\u00f6dermanland": 34.45254471806198, "CV_RMSE_STHLM": 137.38431155421534, "CV_RMSE_S\u00f6dermanland": 126.56036835206443, "_timestamp": 1748385629.6214921, "_runtime": 1.3575360774993896, "_step": 0, "_wandb": {"runtime": 1}}