{"CV_RMSE": 273.82360869696686, "RMSE": 436.466046631138, "RMSE_STHLM": 400.78217273092537, "RMSE_S\u00f6dermanland": 35.68387390021263, "CV_RMSE_STHLM": 142.73999028802248, "CV_RMSE_S\u00f6dermanland": 131.08361840894435, "_timestamp": 1748458703.574813, "_runtime": 1.303790807723999, "_step": 0, "_wandb": {"runtime": 1}}