{"CV_RMSE": 882.7992124701952, "RMSE": 1725.1251113183278, "RMSE_STHLM": 1644.2194012283512, "RMSE_S\u00f6dermanland": 80.90571008997644, "CV_RMSE_STHLM": 585.5945631600777, "CV_RMSE_S\u00f6dermanland": 297.20464931011753, "_timestamp": 1748370801.3298032, "_runtime": 1.281177282333374, "_step": 0, "_wandb": {"runtime": 1}}