{"CV_RMSE": 263.97246394021374, "RMSE": 421.96996654952557, "RMSE_STHLM": 387.69937818251077, "RMSE_S\u00f6dermanland": 34.270588367014824, "CV_RMSE_STHLM": 138.0805066736287, "CV_RMSE_S\u00f6dermanland": 125.89195726658508, "_timestamp": 1748490429.6154864, "_runtime": 1.2648344039916992, "_step": 0, "_wandb": {"runtime": 1}}