{"CV_RMSE": 269.05867067232896, "RMSE": 423.9871090908248, "RMSE_STHLM": 388.3998555419047, "RMSE_S\u00f6dermanland": 35.587253548920096, "CV_RMSE_STHLM": 138.3299841660919, "CV_RMSE_S\u00f6dermanland": 130.7286865062371, "_timestamp": 1748465036.4989889, "_runtime": 1.283240795135498, "_step": 0, "_wandb": {"runtime": 1}}