{"CV_RMSE": 2115.393834148508, "RMSE": 173.50523214281867, "RMSE_Kalmar": 138.87685290855822, "RMSE_Blekinge": 34.628379234260436, "CV_RMSE_'Kalmar": 1343.9695442763698, "CV_RMSE_Blekinge": 771.4242898721385, "_timestamp": 1748477860.0224361, "_runtime": 1.3293812274932861, "_step": 0, "_wandb": {"runtime": 1}}