{"CV_RMSE": 1213.7249764992603, "RMSE": 1857.4986755794243, "RMSE_STHLM": 1691.0477646532988, "RMSE_S\u00f6dermanland": 166.4509109261254, "CV_RMSE_STHLM": 602.2726506481872, "CV_RMSE_S\u00f6dermanland": 611.4523258510729, "_timestamp": 1748381120.9863095, "_runtime": 1.3033435344696045, "_step": 0, "_wandb": {"runtime": 1}}