{"CV_RMSE": 266.9775801479724, "RMSE": 420.58439107974124, "RMSE_STHLM": 385.25915673353956, "RMSE_S\u00f6dermanland": 35.325234346201675, "CV_RMSE_STHLM": 137.21141316192546, "CV_RMSE_S\u00f6dermanland": 129.76616698604695, "_timestamp": 1748490308.5264478, "_runtime": 1.2951598167419434, "_step": 0, "_wandb": {"runtime": 1}}