{"CV_RMSE": 274.69275424362684, "RMSE": 435.71627940815335, "RMSE_STHLM": 399.68990637570363, "RMSE_S\u00f6dermanland": 36.0263730324497, "CV_RMSE_STHLM": 142.3509757570769, "CV_RMSE_S\u00f6dermanland": 132.3417784865499, "_timestamp": 1748463520.4107707, "_runtime": 1.291266679763794, "_step": 0, "_wandb": {"runtime": 1}}