{"CV_RMSE": 264.27606456739227, "RMSE": 416.53638450699884, "RMSE_STHLM": 381.59091614063027, "RMSE_S\u00f6dermanland": 34.9454683663686, "CV_RMSE_STHLM": 135.90495628277296, "CV_RMSE_S\u00f6dermanland": 128.37110828461934, "_timestamp": 1748560903.241548, "_runtime": 1.2941491603851318, "_step": 0, "_wandb": {"runtime": 1}}