{"CV_RMSE": 1189.4309408621662, "RMSE": 1511.03294759285, "RMSE_STHLM": 1314.708197370016, "RMSE_S\u00f6dermanland": 196.324750222834, "CV_RMSE_STHLM": 468.2379808599187, "CV_RMSE_S\u00f6dermanland": 721.1929600022474, "_timestamp": 1748311291.9554486, "_runtime": 1.2589125633239746, "_step": 0, "_wandb": {"runtime": 1}}