{"CV_RMSE": 305.4026675222209, "RMSE": 22.12240859684038, "RMSE_Kalmar": 14.875088659506783, "RMSE_Blekinge": 7.247319937333595, "CV_RMSE_'Kalmar": 143.95247089845273, "CV_RMSE_Blekinge": 161.4501966237682, "_timestamp": 1748480559.2648053, "_runtime": 1.279259204864502, "_step": 0, "_wandb": {"runtime": 1}}