{"CV_RMSE": 1285.7890085038034, "RMSE": 1906.8120678927187, "RMSE_STHLM": 1723.931942744463, "RMSE_S\u00f6dermanland": 182.88012514825576, "CV_RMSE_STHLM": 613.9844671428638, "CV_RMSE_S\u00f6dermanland": 671.8045413609395, "_timestamp": 1748300116.280356, "_runtime": 1.2779998779296875, "_step": 0, "_wandb": {"runtime": 1}}