{"CV_RMSE": 3298.5963803214104, "RMSE": 219.806917772195, "RMSE_Kalmar": 126.83465773952511, "RMSE_Blekinge": 92.9722600326699, "CV_RMSE_'Kalmar": 1227.4321716728236, "CV_RMSE_Blekinge": 2071.1642086485867, "_timestamp": 1748475420.3077655, "_runtime": 1.316577434539795, "_step": 0, "_wandb": {"runtime": 1}}