{"CV_RMSE": 3281.814653530073, "RMSE": 209.39950243354392, "RMSE_Kalmar": 109.7656176055014, "RMSE_Blekinge": 99.63388482804251, "CV_RMSE_'Kalmar": 1062.247912311304, "CV_RMSE_Blekinge": 2219.566741218769, "_timestamp": 1748578471.858801, "_runtime": 1.3192799091339111, "_step": 0, "_wandb": {"runtime": 1}}