{"CV_RMSE": 317.11218842722826, "RMSE": 454.08598499445407, "RMSE_STHLM": 407.2445433512336, "RMSE_S\u00f6dermanland": 46.84144164322051, "CV_RMSE_STHLM": 145.04158647254064, "CV_RMSE_S\u00f6dermanland": 172.07060195468762, "_timestamp": 1748492186.0630834, "_runtime": 1.3134493827819824, "_step": 0, "_wandb": {"runtime": 1}}