{"CV_RMSE": 4184.547289814175, "RMSE": 1428.7781660154083, "RMSE_skane": 1183.0289673887062, "RMSE_kronoberg": 245.74919862670217, "CV_RMSE_'skane": 1875.8387432167644, "CV_RMSE_kronoberg": 2308.708546597411, "_timestamp": 1748510754.2478733, "_runtime": 1.2745962142944336, "_step": 0, "_wandb": {"runtime": 1}}