{"CV_RMSE": 1647.8336817283412, "RMSE": 1916.9715832132717, "RMSE_STHLM": 1626.0443674353403, "RMSE_S\u00f6dermanland": 290.9272157779314, "CV_RMSE_STHLM": 579.121460503287, "CV_RMSE_S\u00f6dermanland": 1068.712221225054, "_timestamp": 1748290844.655283, "_runtime": 1.2625339031219482, "_step": 0, "_wandb": {"runtime": 1}}