{"CV_RMSE": 1551.5827502693378, "RMSE": 2200.6392814316255, "RMSE_STHLM": 1969.181888853318, "RMSE_S\u00f6dermanland": 231.4573925783074, "CV_RMSE_STHLM": 701.3311040633107, "CV_RMSE_S\u00f6dermanland": 850.2516462060272, "_timestamp": 1748294562.2548828, "_runtime": 1.2847707271575928, "_step": 0, "_wandb": {"runtime": 1}}