{"CV_RMSE": 4224.06071726565, "RMSE": 1601.3225615608899, "RMSE_skane": 1385.5488527645205, "RMSE_kronoberg": 215.7737087963695, "CV_RMSE_'skane": 2196.959068865519, "CV_RMSE_kronoberg": 2027.1016484001311, "_timestamp": 1748533639.4868333, "_runtime": 1.3350553512573242, "_step": 0, "_wandb": {"runtime": 1}}