{"CV_RMSE": 268.1153322797243, "RMSE": 430.0839526953953, "RMSE_STHLM": 395.43563622104193, "RMSE_S\u00f6dermanland": 34.64831647435333, "CV_RMSE_STHLM": 140.8358023739366, "CV_RMSE_S\u00f6dermanland": 127.27952990578774, "_timestamp": 1748380638.9950767, "_runtime": 1.297635555267334, "_step": 0, "_wandb": {"runtime": 1}}