{"CV_RMSE": 273.8813623935969, "RMSE": 433.29098672527556, "RMSE_STHLM": 397.2488223931164, "RMSE_S\u00f6dermanland": 36.04216433215915, "CV_RMSE_STHLM": 141.48157505097143, "CV_RMSE_S\u00f6dermanland": 132.39978734262547, "_timestamp": 1748444935.8777618, "_runtime": 1.286045789718628, "_step": 0, "_wandb": {"runtime": 1}}