{"CV_RMSE": 1361.3406743120736, "RMSE": 1479.8195073975253, "RMSE_STHLM": 1228.3216837557077, "RMSE_S\u00f6dermanland": 251.49782364181766, "CV_RMSE_STHLM": 437.47111807682506, "CV_RMSE_S\u00f6dermanland": 923.8695562352486, "_timestamp": 1748338297.3425457, "_runtime": 1.2851777076721191, "_step": 0, "_wandb": {"runtime": 1}}