{"CV_RMSE": 275.2405493167902, "RMSE": 436.7586514532559, "RMSE_STHLM": 400.67905750797314, "RMSE_S\u00f6dermanland": 36.07959394528271, "CV_RMSE_STHLM": 142.7032654361598, "CV_RMSE_S\u00f6dermanland": 132.53728388063035, "_timestamp": 1748312877.7182775, "_runtime": 1.2874023914337158, "_step": 0, "_wandb": {"runtime": 1}}