{"CV_RMSE": 3232.6116460916437, "RMSE": 212.61422480253708, "RMSE_Kalmar": 119.35450230834032, "RMSE_Blekinge": 93.25972249419678, "CV_RMSE_'Kalmar": 1155.043570725874, "CV_RMSE_Blekinge": 2077.56807536577, "_timestamp": 1748545643.8116386, "_runtime": 1.3392975330352783, "_step": 0, "_wandb": {"runtime": 1}}