{"CV_RMSE": 3256.596963934343, "RMSE": 226.81779561973707, "RMSE_Kalmar": 142.56365400249004, "RMSE_Blekinge": 84.25414161724703, "CV_RMSE_'Kalmar": 1379.6482645402261, "CV_RMSE_Blekinge": 1876.9486993941168, "_timestamp": 1748548572.9006424, "_runtime": 1.327714443206787, "_step": 0, "_wandb": {"runtime": 1}}