{"CV_RMSE": 3106.736471655193, "RMSE": 1548.9079847179582, "RMSE_skane": 1465.5739343217024, "RMSE_kronoberg": 83.33405039625582, "CV_RMSE_'skane": 2323.8487330682383, "CV_RMSE_kronoberg": 782.8877385869546, "_timestamp": 1748521767.874132, "_runtime": 1.3868780136108398, "_step": 0, "_wandb": {"runtime": 1}}