{"CV_RMSE": 2213.073897558918, "RMSE": 114.64244533067586, "RMSE_Kalmar": 27.051360926683607, "RMSE_Blekinge": 87.59108440399224, "CV_RMSE_'Kalmar": 261.78736380661553, "CV_RMSE_Blekinge": 1951.2865337523024, "_timestamp": 1748527522.331601, "_runtime": 1.311053991317749, "_step": 0, "_wandb": {"runtime": 1}}