{"CV_RMSE": 929.2892153887439, "RMSE": 1057.2060389407366, "RMSE_STHLM": 890.5768827429715, "RMSE_S\u00f6dermanland": 166.629156197765, "CV_RMSE_STHLM": 317.1821109887908, "CV_RMSE_S\u00f6dermanland": 612.1071043999531, "_timestamp": 1748349953.14614, "_runtime": 1.3196890354156494, "_step": 0, "_wandb": {"runtime": 1}}