{"CV_RMSE": 1134.988409756485, "RMSE": 1561.4979575723403, "RMSE_STHLM": 1387.002851105457, "RMSE_S\u00f6dermanland": 174.49510646688336, "CV_RMSE_STHLM": 493.98597783732146, "CV_RMSE_S\u00f6dermanland": 641.0024319191634, "_timestamp": 1748315999.9995306, "_runtime": 1.281456470489502, "_step": 0, "_wandb": {"runtime": 1}}