{"CV_RMSE": 1231.537128982725, "RMSE": 1548.820945847, "RMSE_STHLM": 1343.8603406026352, "RMSE_S\u00f6dermanland": 204.96060524436479, "CV_RMSE_STHLM": 478.62061992179326, "CV_RMSE_S\u00f6dermanland": 752.9165090609318, "_timestamp": 1748292213.1904955, "_runtime": 1.2553374767303467, "_step": 0, "_wandb": {"runtime": 1}}