{"CV_RMSE": 4059.873234343464, "RMSE": 1602.7563460136084, "RMSE_skane": 1408.2993264968036, "RMSE_kronoberg": 194.45701951680476, "CV_RMSE_'skane": 2233.0327587158617, "CV_RMSE_kronoberg": 1826.8404756276022, "_timestamp": 1748573221.5912585, "_runtime": 1.4282324314117432, "_step": 0, "_wandb": {"runtime": 1}}