{"CV_RMSE": 305.9232741686568, "RMSE": 22.17278899973919, "RMSE_Kalmar": 14.922845660576531, "RMSE_Blekinge": 7.249943339162661, "CV_RMSE_'Kalmar": 144.41463542493418, "CV_RMSE_Blekinge": 161.50863874372266, "_timestamp": 1748513014.021612, "_runtime": 1.2626168727874756, "_step": 0, "_wandb": {"runtime": 1}}