{"CV_RMSE": 285.0507103064241, "RMSE": 388.81274301108715, "RMSE_STHLM": 344.62832355572783, "RMSE_S\u00f6dermanland": 44.18441945535935, "CV_RMSE_STHLM": 122.74059802143057, "CV_RMSE_S\u00f6dermanland": 162.31011228499352, "_timestamp": 1748453204.3879008, "_runtime": 1.3264029026031494, "_step": 0, "_wandb": {"runtime": 1}}