{"CV_RMSE": 265.2274676966694, "RMSE": 421.64269557590603, "RMSE_STHLM": 386.9586517115881, "RMSE_S\u00f6dermanland": 34.68404386431794, "CV_RMSE_STHLM": 137.81669431754227, "CV_RMSE_S\u00f6dermanland": 127.41077337912714, "_timestamp": 1748534352.8625565, "_runtime": 1.2775804996490479, "_step": 0, "_wandb": {"runtime": 1}}