{"CV_RMSE": 2428.073532980119, "RMSE": 163.7216456415925, "RMSE_Kalmar": 96.76265023422873, "RMSE_Blekinge": 66.95899540736376, "CV_RMSE_'Kalmar": 936.4127442022135, "CV_RMSE_Blekinge": 1491.6607887779055, "_timestamp": 1748519269.0506754, "_runtime": 1.3112103939056396, "_step": 0, "_wandb": {"runtime": 1}}