{"CV_RMSE": 5012.09465000845, "RMSE": 333.28192689777086, "RMSE_Kalmar": 191.47138281224485, "RMSE_Blekinge": 141.81054408552603, "CV_RMSE_'Kalmar": 1852.94886592495, "CV_RMSE_Blekinge": 3159.1457840835005, "_timestamp": 1748579318.8787792, "_runtime": 1.3180272579193115, "_step": 0, "_wandb": {"runtime": 1}}