{"CV_RMSE": 499.3490550843147, "RMSE": 509.91103077931683, "RMSE_STHLM": 414.12803927494144, "RMSE_S\u00f6dermanland": 95.78299150437537, "CV_RMSE_STHLM": 147.49316792538477, "CV_RMSE_S\u00f6dermanland": 351.85588715892993, "_timestamp": 1748376706.8559816, "_runtime": 1.3480994701385498, "_step": 0, "_wandb": {"runtime": 1}}