{"CV_RMSE": 1500.2503733538854, "RMSE": 2066.420260974709, "RMSE_STHLM": 1836.0269206523467, "RMSE_S\u00f6dermanland": 230.39334032236215, "CV_RMSE_STHLM": 653.9074905370447, "CV_RMSE_S\u00f6dermanland": 846.3428828168406, "_timestamp": 1748325949.5410266, "_runtime": 1.2840356826782227, "_step": 0, "_wandb": {"runtime": 1}}