{"CV_RMSE": 3331.150347099632, "RMSE": 257.40653927845125, "RMSE_Kalmar": 190.72938854000066, "RMSE_Blekinge": 66.6771507384506, "CV_RMSE_'Kalmar": 1845.7682761935546, "CV_RMSE_Blekinge": 1485.3820709060778, "_timestamp": 1748559058.8153098, "_runtime": 1.5140986442565918, "_step": 0, "_wandb": {"runtime": 1}}