{"CV_RMSE": 1811.9411829180592, "RMSE": 2604.3873715987015, "RMSE_STHLM": 2337.7924986681337, "RMSE_S\u00f6dermanland": 266.594872930568, "CV_RMSE_STHLM": 832.6130782751565, "CV_RMSE_S\u00f6dermanland": 979.3281046429028, "_timestamp": 1748293267.0238907, "_runtime": 1.2660348415374756, "_step": 0, "_wandb": {"runtime": 1}}