{"CV_RMSE": 255.7058524456554, "RMSE": 402.72127114952923, "RMSE_STHLM": 368.8760629752081, "RMSE_S\u00f6dermanland": 33.84520817432114, "CV_RMSE_STHLM": 131.37651629508795, "CV_RMSE_S\u00f6dermanland": 124.32933615056744, "_timestamp": 1748558632.5324109, "_runtime": 1.3287029266357422, "_step": 0, "_wandb": {"runtime": 1}}