{"CV_RMSE": 1426.1648462620747, "RMSE": 2185.175278880395, "RMSE_STHLM": 1989.8646839829285, "RMSE_S\u00f6dermanland": 195.3105948974668, "CV_RMSE_STHLM": 708.6973548019927, "CV_RMSE_S\u00f6dermanland": 717.4674914600821, "_timestamp": 1748314112.8636725, "_runtime": 1.2647054195404053, "_step": 0, "_wandb": {"runtime": 1}}