{"CV_RMSE": 3933.5512017814676, "RMSE": 1511.7348827469045, "RMSE_skane": 1314.9723344879267, "RMSE_kronoberg": 196.76254825897777, "CV_RMSE_'skane": 2085.051270329693, "CV_RMSE_kronoberg": 1848.4999314517745, "_timestamp": 1748506452.9400475, "_runtime": 1.2853314876556396, "_step": 0, "_wandb": {"runtime": 1}}