{"CV_RMSE": 3241.77754934139, "RMSE": 1003.5440354711095, "RMSE_skane": 792.1795481015265, "RMSE_kronoberg": 211.36448736958295, "CV_RMSE_'skane": 1256.0986492096085, "CV_RMSE_kronoberg": 1985.6789001317813, "_timestamp": 1748519124.543481, "_runtime": 1.3186371326446533, "_step": 0, "_wandb": {"runtime": 1}}