{"CV_RMSE": 3105.2068826993, "RMSE": 206.18005108414383, "RMSE_Kalmar": 118.09013468662923, "RMSE_Blekinge": 88.08991639751459, "CV_RMSE_'Kalmar": 1142.8077550318956, "CV_RMSE_Blekinge": 1962.3991276674042, "_timestamp": 1748576919.3138583, "_runtime": 1.3435742855072021, "_step": 0, "_wandb": {"runtime": 1}}