{"CV_RMSE": 3050.1738591726653, "RMSE": 148.339824171083, "RMSE_Kalmar": 20.192861416056356, "RMSE_Blekinge": 128.14696275502664, "CV_RMSE_'Kalmar": 195.41478789731954, "CV_RMSE_Blekinge": 2854.759071275346, "_timestamp": 1748564555.6399949, "_runtime": 1.3484818935394287, "_step": 0, "_wandb": {"runtime": 1}}