{"CV_RMSE": 5137.839474927695, "RMSE": 1969.061390542305, "RMSE_skane": 1710.940959984939, "RMSE_kronoberg": 258.1204305573661, "CV_RMSE_'skane": 2712.9084989190364, "CV_RMSE_kronoberg": 2424.9309760086585, "_timestamp": 1748512804.7723913, "_runtime": 1.3183813095092773, "_step": 0, "_wandb": {"runtime": 1}}