{"CV_RMSE": 4682.428476479413, "RMSE": 313.75749502263216, "RMSE_Kalmar": 183.11537941626239, "RMSE_Blekinge": 130.64211560636977, "CV_RMSE_'Kalmar": 1772.0843169315713, "CV_RMSE_Blekinge": 2910.3441595478416, "_timestamp": 1748486669.2062218, "_runtime": 1.2895808219909668, "_step": 0, "_wandb": {"runtime": 1}}