{"CV_RMSE": 274.0084284483793, "RMSE": 435.6428611022644, "RMSE_STHLM": 399.8148947444063, "RMSE_S\u00f6dermanland": 35.827966357858124, "CV_RMSE_STHLM": 142.39549080726778, "CV_RMSE_S\u00f6dermanland": 131.61293764111147, "_timestamp": 1748500514.2907739, "_runtime": 1.3434958457946777, "_step": 0, "_wandb": {"runtime": 1}}