{"CV_RMSE": 274.2608132584093, "RMSE": 435.4062339101999, "RMSE_STHLM": 399.4767817613631, "RMSE_S\u00f6dermanland": 35.92945214883679, "CV_RMSE_STHLM": 142.2750706708456, "CV_RMSE_S\u00f6dermanland": 131.98574258756372, "_timestamp": 1748487590.3344486, "_runtime": 1.307478666305542, "_step": 0, "_wandb": {"runtime": 1}}