{"CV_RMSE": 304.5487379266499, "RMSE": 22.051411982257836, "RMSE_Kalmar": 14.817335546619601, "RMSE_Blekinge": 7.234076435638235, "CV_RMSE_'Kalmar": 143.39356980599615, "CV_RMSE_Blekinge": 161.15516812065374, "_timestamp": 1748468154.2998016, "_runtime": 1.2859995365142822, "_step": 0, "_wandb": {"runtime": 1}}