{"CV_RMSE": 3685.3414837881483, "RMSE": 236.47475164416693, "RMSE_Kalmar": 125.60987937743857, "RMSE_Blekinge": 110.86487226672836, "CV_RMSE_'Kalmar": 1215.5794778461798, "CV_RMSE_Blekinge": 2469.7620059419683, "_timestamp": 1748476127.709783, "_runtime": 1.3141050338745117, "_step": 0, "_wandb": {"runtime": 1}}