{"CV_RMSE": 266.8395387305901, "RMSE": 420.92386178624264, "RMSE_STHLM": 385.6766860644962, "RMSE_S\u00f6dermanland": 35.24717572174642, "CV_RMSE_STHLM": 137.3601177119298, "CV_RMSE_S\u00f6dermanland": 129.47942101866033, "_timestamp": 1748567455.9493542, "_runtime": 1.312042236328125, "_step": 0, "_wandb": {"runtime": 1}}