{"CV_RMSE": 890.4247555486592, "RMSE": 656.8037588279961, "RMSE_STHLM": 458.90226223147505, "RMSE_S\u00f6dermanland": 197.90149659652107, "CV_RMSE_STHLM": 163.4396660104185, "CV_RMSE_S\u00f6dermanland": 726.9850895382407, "_timestamp": 1748295803.6483424, "_runtime": 1.2738983631134033, "_step": 0, "_wandb": {"runtime": 1}}