{"CV_RMSE": 2440.351481312968, "RMSE": 353.6925218020268, "RMSE_skane": 113.00348655587334, "RMSE_kronoberg": 240.68903524615348, "CV_RMSE_'skane": 179.18100405265326, "CV_RMSE_kronoberg": 2261.170477260315, "_timestamp": 1748557712.8889406, "_runtime": 1.3768346309661865, "_step": 0, "_wandb": {"runtime": 1}}