{"CV_RMSE": 1456.5282903084844, "RMSE": 2207.6814533776296, "RMSE_STHLM": 2005.6341498502318, "RMSE_S\u00f6dermanland": 202.04730352739796, "CV_RMSE_STHLM": 714.3137059221245, "CV_RMSE_S\u00f6dermanland": 742.2145843863599, "_timestamp": 1748364282.4472768, "_runtime": 1.2591028213500977, "_step": 0, "_wandb": {"runtime": 1}}