{"CV_RMSE": 274.93419814208187, "RMSE": 436.42517461908943, "RMSE_STHLM": 400.40212705884704, "RMSE_S\u00f6dermanland": 36.023047560242375, "CV_RMSE_STHLM": 142.60463567588536, "CV_RMSE_S\u00f6dermanland": 132.32956246619648, "_timestamp": 1748476004.5828831, "_runtime": 1.264843225479126, "_step": 0, "_wandb": {"runtime": 1}}