{"CV_RMSE": 2891.622826457597, "RMSE": 205.7506241838123, "RMSE_Kalmar": 134.2822551883947, "RMSE_Blekinge": 71.46836899541758, "CV_RMSE_'Kalmar": 1299.5056953715618, "CV_RMSE_Blekinge": 1592.1171310860352, "_timestamp": 1748540468.9887762, "_runtime": 1.3838982582092285, "_step": 0, "_wandb": {"runtime": 1}}