{"CV_RMSE": 305.078367359552, "RMSE": 22.0911240073618, "RMSE_Kalmar": 14.845514101666115, "RMSE_Blekinge": 7.245609905695684, "CV_RMSE_'Kalmar": 143.66626549999467, "CV_RMSE_Blekinge": 161.4121018595573, "_timestamp": 1748501148.1413033, "_runtime": 1.3404383659362793, "_step": 0, "_wandb": {"runtime": 1}}