{"CV_RMSE": 275.6254455119673, "RMSE": 437.20478128977584, "RMSE_STHLM": 401.05705832563814, "RMSE_S\u00f6dermanland": 36.14772296413772, "CV_RMSE_STHLM": 142.83789176615525, "CV_RMSE_S\u00f6dermanland": 132.78755374581203, "_timestamp": 1748502580.8274817, "_runtime": 1.2892217636108398, "_step": 0, "_wandb": {"runtime": 1}}