{"CV_RMSE": 262.4016968483653, "RMSE": 409.94454195092413, "RMSE_STHLM": 374.8563858285671, "RMSE_S\u00f6dermanland": 35.08815612235704, "CV_RMSE_STHLM": 133.50642946011493, "CV_RMSE_S\u00f6dermanland": 128.89526738825035, "_timestamp": 1748478270.1971152, "_runtime": 1.310854196548462, "_step": 0, "_wandb": {"runtime": 1}}