{"CV_RMSE": 5188.878357283257, "RMSE": 351.5080537607562, "RMSE_Kalmar": 209.66561757056684, "RMSE_Blekinge": 141.84243619018932, "CV_RMSE_'Kalmar": 2029.0221055216143, "CV_RMSE_Blekinge": 3159.856251761643, "_timestamp": 1748483567.653569, "_runtime": 1.3252079486846924, "_step": 0, "_wandb": {"runtime": 1}}