{"CV_RMSE": 4298.571826136466, "RMSE": 297.9060419775715, "RMSE_Kalmar": 185.55432294809466, "RMSE_Blekinge": 112.35171902947683, "CV_RMSE_'Kalmar": 1795.6869962718838, "CV_RMSE_Blekinge": 2502.8848298645826, "_timestamp": 1748547631.3260336, "_runtime": 1.3310465812683105, "_step": 0, "_wandb": {"runtime": 1}}