{"CV_RMSE": 849.1336545371498, "RMSE": 1287.6711665151317, "RMSE_STHLM": 1169.9479752052764, "RMSE_S\u00f6dermanland": 117.72319130985535, "CV_RMSE_STHLM": 416.6811150315587, "CV_RMSE_S\u00f6dermanland": 432.4525395055911, "_timestamp": 1748376784.9502656, "_runtime": 1.3237135410308838, "_step": 0, "_wandb": {"runtime": 1}}