{"CV_RMSE": 306.4220906035325, "RMSE": 22.209453820198497, "RMSE_Kalmar": 14.948082085657411, "RMSE_Blekinge": 7.261371734541085, "CV_RMSE_'Kalmar": 144.6588588934588, "CV_RMSE_Blekinge": 161.76323171007368, "_timestamp": 1748475800.5102372, "_runtime": 1.2751471996307373, "_step": 0, "_wandb": {"runtime": 1}}