{"CV_RMSE": 4785.557728951941, "RMSE": 1831.1830511068895, "RMSE_skane": 1590.1787007520475, "RMSE_kronoberg": 241.0043503548421, "CV_RMSE_'skane": 2521.425001192464, "CV_RMSE_kronoberg": 2264.132727759477, "_timestamp": 1748502898.8176765, "_runtime": 1.2564384937286377, "_step": 0, "_wandb": {"runtime": 1}}