{"CV_RMSE": 3970.379973977655, "RMSE": 253.63119037014917, "RMSE_Kalmar": 133.32106032430588, "RMSE_Blekinge": 120.31013004584328, "CV_RMSE_'Kalmar": 1290.2038095900568, "CV_RMSE_Blekinge": 2680.176164387598, "_timestamp": 1748490951.3702278, "_runtime": 1.3285877704620361, "_step": 0, "_wandb": {"runtime": 1}}