{"CV_RMSE": 4177.283126422139, "RMSE": 281.1504300243109, "RMSE_Kalmar": 165.55561534519566, "RMSE_Blekinge": 115.59481467911523, "CV_RMSE_'Kalmar": 1602.151116243829, "CV_RMSE_Blekinge": 2575.1320101783094, "_timestamp": 1748569428.286057, "_runtime": 1.3755040168762207, "_step": 0, "_wandb": {"runtime": 1}}