{"CV_RMSE": 3569.899812173454, "RMSE": 245.70006222193993, "RMSE_Kalmar": 151.0829664908802, "RMSE_Blekinge": 94.61709573105972, "CV_RMSE_'Kalmar": 1462.0932241052922, "CV_RMSE_Blekinge": 2107.806588068162, "_timestamp": 1748461835.3415287, "_runtime": 1.372297763824463, "_step": 0, "_wandb": {"runtime": 1}}