{"CV_RMSE": 3187.012473312748, "RMSE": 193.5831153574429, "RMSE_Kalmar": 89.32538003141765, "RMSE_Blekinge": 104.25773532602524, "CV_RMSE_'Kalmar": 864.4391615943642, "CV_RMSE_Blekinge": 2322.573311718384, "_timestamp": 1748505847.8182209, "_runtime": 1.3199267387390137, "_step": 0, "_wandb": {"runtime": 1}}