{"CV_RMSE": 178.90997470463452, "RMSE": 63.470890640124, "RMSE_skane": 53.44789853813706, "RMSE_kronoberg": 10.022992101986935, "CV_RMSE_'skane": 84.74825349598899, "CV_RMSE_kronoberg": 94.16172120864553, "_timestamp": 1748530783.1063964, "_runtime": 1.3809623718261719, "_step": 0, "_wandb": {"runtime": 1}}