{"CV_RMSE": 621.2485979759342, "RMSE": 1304.445694693911, "RMSE_STHLM": 1257.219065978426, "RMSE_S\u00f6dermanland": 47.22662871548503, "CV_RMSE_STHLM": 447.76302310272393, "CV_RMSE_S\u00f6dermanland": 173.4855748732103, "_timestamp": 1748312248.859339, "_runtime": 1.2996699810028076, "_step": 0, "_wandb": {"runtime": 1}}