{"CV_RMSE": 268.20467895804455, "RMSE": 422.57643286495033, "RMSE_STHLM": 387.0951608976759, "RMSE_S\u00f6dermanland": 35.48127196727442, "CV_RMSE_STHLM": 137.86531254764873, "CV_RMSE_S\u00f6dermanland": 130.33936641039583, "_timestamp": 1748449441.562654, "_runtime": 1.2702491283416748, "_step": 0, "_wandb": {"runtime": 1}}