{"CV_RMSE": 4106.848779457758, "RMSE": 1764.3294478441708, "RMSE_skane": 1596.6645880010803, "RMSE_kronoberg": 167.66485984309034, "CV_RMSE_'skane": 2531.7091775915646, "CV_RMSE_kronoberg": 1575.1396018661933, "_timestamp": 1748547145.4767034, "_runtime": 1.331756353378296, "_step": 0, "_wandb": {"runtime": 1}}