{"CV_RMSE": 305.6485795807532, "RMSE": 22.171804884339984, "RMSE_Kalmar": 14.942907174027262, "RMSE_Blekinge": 7.228897710312721, "CV_RMSE_'Kalmar": 144.6087791034896, "CV_RMSE_Blekinge": 161.0398004772636, "_timestamp": 1748492057.2271159, "_runtime": 1.2957899570465088, "_step": 0, "_wandb": {"runtime": 1}}