{"CV_RMSE": 4241.104387568729, "RMSE": 271.4892138040002, "RMSE_Kalmar": 143.40874082005894, "RMSE_Blekinge": 128.0804729839413, "CV_RMSE_'Kalmar": 1387.8265240650865, "CV_RMSE_Blekinge": 2853.2778635036425, "_timestamp": 1748571000.9489126, "_runtime": 1.3134446144104004, "_step": 0, "_wandb": {"runtime": 1}}