{"CV_RMSE": 306.9389548627591, "RMSE": 22.25256363499921, "RMSE_Kalmar": 14.983281264027786, "RMSE_Blekinge": 7.269282370971424, "CV_RMSE_'Kalmar": 144.9994961034947, "CV_RMSE_Blekinge": 161.9394587592644, "_timestamp": 1748497921.9391265, "_runtime": 1.297332525253296, "_step": 0, "_wandb": {"runtime": 1}}