{"CV_RMSE": 274.9917075655367, "RMSE": 436.33368931647294, "RMSE_STHLM": 400.2834835831226, "RMSE_S\u00f6dermanland": 36.05020573335036, "CV_RMSE_STHLM": 142.5623803818007, "CV_RMSE_S\u00f6dermanland": 132.429327183736, "_timestamp": 1748304031.6843276, "_runtime": 1.279982566833496, "_step": 0, "_wandb": {"runtime": 1}}