{"CV_RMSE": 2882.9592469405907, "RMSE": 1228.591279381572, "RMSE_skane": 1108.8727486008686, "RMSE_kronoberg": 119.71853078070322, "CV_RMSE_'skane": 1758.2548867878465, "CV_RMSE_kronoberg": 1124.7043601527444, "_timestamp": 1748508772.4122992, "_runtime": 1.296396255493164, "_step": 0, "_wandb": {"runtime": 1}}