{"CV_RMSE": 612.1797751921139, "RMSE": 324.2102393863985, "RMSE_skane": 311.64717219612686, "RMSE_kronoberg": 12.563067190271601, "CV_RMSE_'skane": 494.15513561753727, "CV_RMSE_kronoberg": 118.02463957457664, "_timestamp": 1748514245.764877, "_runtime": 1.377230167388916, "_step": 0, "_wandb": {"runtime": 1}}