{"CV_RMSE": 292.31574256597196, "RMSE": 111.37673000337313, "RMSE_skane": 96.55858073547273, "RMSE_kronoberg": 14.818149267900397, "CV_RMSE_'skane": 153.1055719907073, "CV_RMSE_kronoberg": 139.2101705752647, "_timestamp": 1748510321.2627165, "_runtime": 1.3347234725952148, "_step": 0, "_wandb": {"runtime": 1}}