{"CV_RMSE": 647.6882618484706, "RMSE": 1042.1217998725308, "RMSE_STHLM": 958.7613648922879, "RMSE_S\u00f6dermanland": 83.36043498024289, "CV_RMSE_STHLM": 341.4662557985988, "CV_RMSE_S\u00f6dermanland": 306.2220060498718, "_timestamp": 1748388597.1367455, "_runtime": 2.2208964824676514, "_step": 0, "_wandb": {"runtime": 1}}