{"CV_RMSE": 275.1118062731696, "RMSE": 437.07346103739854, "RMSE_STHLM": 401.0664750689172, "RMSE_S\u00f6dermanland": 36.00698596848134, "CV_RMSE_STHLM": 142.84124557262584, "CV_RMSE_S\u00f6dermanland": 132.2705607005437, "_timestamp": 1748313437.8410263, "_runtime": 1.2857742309570312, "_step": 0, "_wandb": {"runtime": 1}}