{"CV_RMSE": 275.3782358214858, "RMSE": 436.42837597751685, "RMSE_STHLM": 400.27181761371475, "RMSE_S\u00f6dermanland": 36.15655836380209, "CV_RMSE_STHLM": 142.55822550547813, "CV_RMSE_S\u00f6dermanland": 132.82001031600768, "_timestamp": 1748503471.5416436, "_runtime": 1.3154685497283936, "_step": 0, "_wandb": {"runtime": 1}}