{"CV_RMSE": 4776.136783888552, "RMSE": 1834.463760023689, "RMSE_skane": 1595.3319940625377, "RMSE_kronoberg": 239.13176596115144, "CV_RMSE_'skane": 2529.59618508859, "CV_RMSE_kronoberg": 2246.5405987999616, "_timestamp": 1748523930.8735695, "_runtime": 1.3343605995178223, "_step": 0, "_wandb": {"runtime": 1}}