{"CV_RMSE": 3027.328419324852, "RMSE": 210.7791953404058, "RMSE_Kalmar": 132.40262595911776, "RMSE_Blekinge": 78.37656938128806, "CV_RMSE_'Kalmar": 1281.3157350882364, "CV_RMSE_Blekinge": 1746.0126842366153, "_timestamp": 1748545403.0907183, "_runtime": 1.2974953651428223, "_step": 0, "_wandb": {"runtime": 1}}