{"CV_RMSE": 3081.220705991521, "RMSE": 195.62038375415239, "RMSE_Kalmar": 101.32369420513758, "RMSE_Blekinge": 94.29668954901481, "CV_RMSE_'Kalmar": 980.5518794045572, "CV_RMSE_Blekinge": 2100.6688265869634, "_timestamp": 1748488335.756512, "_runtime": 1.287104845046997, "_step": 0, "_wandb": {"runtime": 1}}