{"CV_RMSE": 708.4250226741367, "RMSE": 916.1090800583138, "RMSE_STHLM": 800.9106645553243, "RMSE_S\u00f6dermanland": 115.19841550298953, "CV_RMSE_STHLM": 285.2471698060118, "CV_RMSE_S\u00f6dermanland": 423.17785286812483, "_timestamp": 1748314139.4105513, "_runtime": 1.295729398727417, "_step": 0, "_wandb": {"runtime": 1}}