{"CV_RMSE": 304.8273790242035, "RMSE": 22.042576129017426, "RMSE_Kalmar": 14.779598511386169, "RMSE_Blekinge": 7.262977617631257, "CV_RMSE_'Kalmar": 143.0283726908339, "CV_RMSE_Blekinge": 161.7990063333696, "_timestamp": 1748477213.1808386, "_runtime": 1.9066646099090576, "_step": 0, "_wandb": {"runtime": 1}}