{"CV_RMSE": 697.1423398249013, "RMSE": 1111.437450029093, "RMSE_STHLM": 1020.6110200021776, "RMSE_S\u00f6dermanland": 90.82643002691536, "CV_RMSE_STHLM": 363.4942295219469, "CV_RMSE_S\u00f6dermanland": 333.6481103029544, "_timestamp": 1748287641.8451807, "_runtime": 1.2691028118133545, "_step": 0, "_wandb": {"runtime": 1}}