{"CV_RMSE": 275.62313975970164, "RMSE": 437.27440423473934, "RMSE_STHLM": 401.1348511922972, "RMSE_S\u00f6dermanland": 36.13955304244213, "CV_RMSE_STHLM": 142.8655979711387, "CV_RMSE_S\u00f6dermanland": 132.75754178856292, "_timestamp": 1748561713.720581, "_runtime": 1.292449951171875, "_step": 0, "_wandb": {"runtime": 1}}