{"CV_RMSE": 4814.763990783191, "RMSE": 1782.4838259537619, "RMSE_skane": 1527.850891871023, "RMSE_kronoberg": 254.63293408273907, "CV_RMSE_'skane": 2422.596551592531, "CV_RMSE_kronoberg": 2392.1674391906595, "_timestamp": 1748532353.0116308, "_runtime": 1.343139886856079, "_step": 0, "_wandb": {"runtime": 1}}