{"CV_RMSE": 1132.114473893403, "RMSE": 1846.8208482762197, "RMSE_STHLM": 1703.8249112523577, "RMSE_S\u00f6dermanland": 142.99593702386198, "CV_RMSE_STHLM": 606.8232766628896, "CV_RMSE_S\u00f6dermanland": 525.2911972305135, "_timestamp": 1748324863.6818764, "_runtime": 1.2714333534240723, "_step": 0, "_wandb": {"runtime": 1}}