{"CV_RMSE": 5035.134143781632, "RMSE": 1914.6593471323015, "RMSE_skane": 1658.6447267581916, "RMSE_kronoberg": 256.0146203741098, "CV_RMSE_'skane": 2629.986353210663, "CV_RMSE_kronoberg": 2405.1477905709694, "_timestamp": 1748551172.5840876, "_runtime": 1.2424776554107666, "_step": 0, "_wandb": {"runtime": 1}}