{"CV_RMSE": 306.979100221648, "RMSE": 22.256841304680997, "RMSE_Kalmar": 14.987658256210892, "RMSE_Blekinge": 7.269183048470106, "CV_RMSE_'Kalmar": 145.04185409236348, "CV_RMSE_Blekinge": 161.93724612928455, "_timestamp": 1748512824.746919, "_runtime": 1.3221158981323242, "_step": 0, "_wandb": {"runtime": 1}}