{"CV_RMSE": 2654.302208713807, "RMSE": 755.6374638907158, "RMSE_skane": 569.1660609691833, "RMSE_kronoberg": 186.47140292153253, "CV_RMSE_'skane": 902.4831833549416, "CV_RMSE_kronoberg": 1751.8190253588652, "_timestamp": 1748514974.5906138, "_runtime": 1.343855857849121, "_step": 0, "_wandb": {"runtime": 1}}