{"CV_RMSE": 275.4527634366974, "RMSE": 437.0974012167056, "RMSE_STHLM": 400.9902044756269, "RMSE_S\u00f6dermanland": 36.107196741078646, "CV_RMSE_STHLM": 142.81408153069418, "CV_RMSE_S\u00f6dermanland": 132.6386819060032, "_timestamp": 1748472956.4547534, "_runtime": 1.2335433959960938, "_step": 0, "_wandb": {"runtime": 1}}