{"CV_RMSE": 384.88589751233854, "RMSE": 408.1093418726339, "RMSE_STHLM": 335.90147228677563, "RMSE_S\u00f6dermanland": 72.20786958585826, "CV_RMSE_STHLM": 119.63249903367553, "CV_RMSE_S\u00f6dermanland": 265.25339847866303, "_timestamp": 1748334451.7217505, "_runtime": 1.3312625885009766, "_step": 0, "_wandb": {"runtime": 1}}