{"CV_RMSE": 1502.6060108106763, "RMSE": 1710.4027602718465, "RMSE_STHLM": 1441.0765786849784, "RMSE_S\u00f6dermanland": 269.32618158686813, "CV_RMSE_STHLM": 513.2445274303445, "CV_RMSE_S\u00f6dermanland": 989.3614833803318, "_timestamp": 1748348707.8368952, "_runtime": 1.3024711608886719, "_step": 0, "_wandb": {"runtime": 1}}