{"CV_RMSE": 1096.2405813615146, "RMSE": 1017.4664427558947, "RMSE_STHLM": 796.2435209027642, "RMSE_S\u00f6dermanland": 221.2229218531305, "CV_RMSE_STHLM": 283.58495006430064, "CV_RMSE_S\u00f6dermanland": 812.6556312972141, "_timestamp": 1748330939.1527328, "_runtime": 1.3194499015808105, "_step": 0, "_wandb": {"runtime": 1}}