{"CV_RMSE": 4550.479638415968, "RMSE": 1867.0892885744763, "RMSE_skane": 1663.4794576762934, "RMSE_kronoberg": 203.60983089818288, "CV_RMSE_'skane": 2637.652417034292, "CV_RMSE_kronoberg": 1912.8272213816765, "_timestamp": 1748505104.3512404, "_runtime": 1.3187224864959717, "_step": 0, "_wandb": {"runtime": 1}}