{"CV_RMSE": 4857.79902239701, "RMSE": 1847.874016663274, "RMSE_skane": 1601.0077113807295, "RMSE_kronoberg": 246.86630528254463, "CV_RMSE_'skane": 2538.595736861622, "CV_RMSE_kronoberg": 2319.203285535388, "_timestamp": 1748522009.80791, "_runtime": 1.307893991470337, "_step": 0, "_wandb": {"runtime": 1}}