{"CV_RMSE": 1217.0860198467299, "RMSE": 1947.580448628649, "RMSE_STHLM": 1789.7877121135107, "RMSE_S\u00f6dermanland": 157.79273651513833, "CV_RMSE_STHLM": 637.4392326482626, "CV_RMSE_S\u00f6dermanland": 579.6467871984673, "_timestamp": 1748284616.975616, "_runtime": 1.2800350189208984, "_step": 0, "_wandb": {"runtime": 1}}