{"CV_RMSE": 4404.668103830203, "RMSE": 1779.9490271885704, "RMSE_skane": 1577.3175447734207, "RMSE_kronoberg": 202.63148241514975, "CV_RMSE_'skane": 2501.032047737982, "CV_RMSE_kronoberg": 1903.636056092221, "_timestamp": 1748557217.479796, "_runtime": 1.3936529159545898, "_step": 0, "_wandb": {"runtime": 1}}