{"CV_RMSE": 623.4546244945411, "RMSE": 535.2934698172943, "RMSE_STHLM": 404.8241447860232, "RMSE_S\u00f6dermanland": 130.46932503127104, "CV_RMSE_STHLM": 144.17955295109653, "CV_RMSE_S\u00f6dermanland": 479.27507154344465, "_timestamp": 1748331158.1662607, "_runtime": 1.3069736957550049, "_step": 0, "_wandb": {"runtime": 1}}