{"CV_RMSE": 272.2842948025606, "RMSE": 429.31253502832465, "RMSE_STHLM": 393.3246699962175, "RMSE_S\u00f6dermanland": 35.98786503210718, "CV_RMSE_STHLM": 140.0839742764526, "CV_RMSE_S\u00f6dermanland": 132.20032052610802, "_timestamp": 1748543805.730766, "_runtime": 1.3566169738769531, "_step": 0, "_wandb": {"runtime": 1}}