{"CV_RMSE": 306.9404004472573, "RMSE": 22.25389647078986, "RMSE_Kalmar": 14.985523068117367, "RMSE_Blekinge": 7.268373402672494, "CV_RMSE_'Kalmar": 145.02119098178096, "CV_RMSE_Blekinge": 161.91920946547634, "_timestamp": 1748500824.8173108, "_runtime": 1.3020038604736328, "_step": 0, "_wandb": {"runtime": 1}}