{"CV_RMSE": 263.51058622891054, "RMSE": 421.30900503792753, "RMSE_STHLM": 387.1066869045898, "RMSE_S\u00f6dermanland": 34.20231813333769, "CV_RMSE_STHLM": 137.86941757583332, "CV_RMSE_S\u00f6dermanland": 125.64116865307723, "_timestamp": 1748454695.5980241, "_runtime": 1.2546870708465576, "_step": 0, "_wandb": {"runtime": 1}}