{"CV_RMSE": 2768.8282104824507, "RMSE": 515.3635369658829, "RMSE_skane": 265.4380032598583, "RMSE_kronoberg": 249.9255337060246, "CV_RMSE_'skane": 420.8847831815935, "CV_RMSE_kronoberg": 2347.9434273008574, "_timestamp": 1748518285.8105936, "_runtime": 1.3372666835784912, "_step": 0, "_wandb": {"runtime": 1}}