{"CV_RMSE": 496.9711664775366, "RMSE": 30.70484223811558, "RMSE_Kalmar": 14.845273101835101, "RMSE_Blekinge": 15.85956913628048, "CV_RMSE_'Kalmar": 143.66393324356548, "CV_RMSE_Blekinge": 353.3072332339711, "_timestamp": 1748461457.3437226, "_runtime": 1.9723045825958252, "_step": 0, "_wandb": {"runtime": 1}}