{"CV_RMSE": 1336.0051283892606, "RMSE": 1713.01398829317, "RMSE_STHLM": 1494.1897451126886, "RMSE_S\u00f6dermanland": 218.82424318048155, "CV_RMSE_STHLM": 532.1609697670834, "CV_RMSE_S\u00f6dermanland": 803.8441586221771, "_timestamp": 1748392625.572371, "_runtime": 1.2998199462890625, "_step": 0, "_wandb": {"runtime": 1}}