{"CV_RMSE": 4666.505841290105, "RMSE": 315.9990638645637, "RMSE_Kalmar": 188.34232992329535, "RMSE_Blekinge": 127.65673394126839, "CV_RMSE_'Kalmar": 1822.6677089351163, "CV_RMSE_Blekinge": 2843.838132354989, "_timestamp": 1748508396.1295996, "_runtime": 1.3572516441345215, "_step": 0, "_wandb": {"runtime": 1}}