{"CV_RMSE": 1220.76858298999, "RMSE": 1302.7239880765624, "RMSE_STHLM": 1074.5880927182188, "RMSE_S\u00f6dermanland": 228.13589535834342, "CV_RMSE_STHLM": 382.7183551430142, "CV_RMSE_S\u00f6dermanland": 838.0502278469758, "_timestamp": 1748284805.7780316, "_runtime": 1.2630655765533447, "_step": 0, "_wandb": {"runtime": 1}}