{"CV_RMSE": 5204.56094337013, "RMSE": 2007.426358282385, "RMSE_skane": 1748.5517842857237, "RMSE_kronoberg": 258.8745739966615, "CV_RMSE_'skane": 2772.5451125037903, "CV_RMSE_kronoberg": 2432.0158308663404, "_timestamp": 1748533006.4338799, "_runtime": 1.265213966369629, "_step": 0, "_wandb": {"runtime": 1}}