{"CV_RMSE": 952.6125435467472, "RMSE": 520.174377799889, "RMSE_STHLM": 288.85766507563704, "RMSE_S\u00f6dermanland": 231.31671272425206, "CV_RMSE_STHLM": 102.87768047806622, "CV_RMSE_S\u00f6dermanland": 849.7348630686811, "_timestamp": 1748329518.898706, "_runtime": 1.3054440021514893, "_step": 0, "_wandb": {"runtime": 1}}