{"CV_RMSE": 1869.388592351309, "RMSE": 2449.3078289654077, "RMSE_STHLM": 2148.745874506985, "RMSE_S\u00f6dermanland": 300.56195445842263, "CV_RMSE_STHLM": 765.2834535244505, "CV_RMSE_S\u00f6dermanland": 1104.1051388268586, "_timestamp": 1748373148.0227664, "_runtime": 1.2939743995666504, "_step": 0, "_wandb": {"runtime": 1}}