{"CV_RMSE": 303.60594302210586, "RMSE": 21.963776137671754, "RMSE_Kalmar": 14.737216172380014, "RMSE_Blekinge": 7.226559965291741, "CV_RMSE_'Kalmar": 142.6182210230324, "CV_RMSE_Blekinge": 160.98772199907344, "_timestamp": 1748497115.9104848, "_runtime": 1.3597168922424316, "_step": 0, "_wandb": {"runtime": 1}}