{"CV_RMSE": 2888.4934160649227, "RMSE": 1242.6488114856018, "RMSE_skane": 1125.0759968628074, "RMSE_kronoberg": 117.57281462279435, "CV_RMSE_'skane": 1783.9471409029713, "CV_RMSE_kronoberg": 1104.5462751619511, "_timestamp": 1748552567.4384718, "_runtime": 1.5757997035980225, "_step": 0, "_wandb": {"runtime": 1}}