{"CV_RMSE": 273.73477138921066, "RMSE": 433.3723440845527, "RMSE_STHLM": 397.3831040816375, "RMSE_S\u00f6dermanland": 35.98924000291521, "CV_RMSE_STHLM": 141.52939994993025, "CV_RMSE_S\u00f6dermanland": 132.20537143928038, "_timestamp": 1748310822.8843257, "_runtime": 1.299137830734253, "_step": 0, "_wandb": {"runtime": 1}}