{"CV_RMSE": 306.7050319820776, "RMSE": 22.234553829305526, "RMSE_Kalmar": 14.97000442226046, "RMSE_Blekinge": 7.264549407045063, "CV_RMSE_'Kalmar": 144.87101053800444, "CV_RMSE_Blekinge": 161.8340214440732, "_timestamp": 1748491656.1388326, "_runtime": 1.2722346782684326, "_step": 0, "_wandb": {"runtime": 1}}