{"CV_RMSE": 3159.5260408700583, "RMSE": 150.3353231413665, "RMSE_Kalmar": 15.042148419421068, "RMSE_Blekinge": 135.29317472194543, "CV_RMSE_'Kalmar": 145.56917825246194, "CV_RMSE_Blekinge": 3013.9568626175965, "_timestamp": 1748575239.3886402, "_runtime": 1.3716371059417725, "_step": 0, "_wandb": {"runtime": 1}}