{"CV_RMSE": 275.48377203630974, "RMSE": 436.97105062385697, "RMSE_STHLM": 400.8409411381722, "RMSE_S\u00f6dermanland": 36.13010948568479, "CV_RMSE_STHLM": 142.76092086440642, "CV_RMSE_S\u00f6dermanland": 132.72285117190333, "_timestamp": 1748354744.5507553, "_runtime": 1.2861943244934082, "_step": 0, "_wandb": {"runtime": 1}}