{"CV_RMSE": 5219.4221737340695, "RMSE": 2015.6517867249895, "RMSE_skane": 1756.544300922839, "RMSE_kronoberg": 259.10748580215034, "CV_RMSE_'skane": 2785.21823613558, "CV_RMSE_kronoberg": 2434.2039375984896, "_timestamp": 1748521810.6367416, "_runtime": 1.2683145999908447, "_step": 0, "_wandb": {"runtime": 1}}