{"CV_RMSE": 566.8046877765725, "RMSE": 1327.8886097966429, "RMSE_STHLM": 1299.590895407397, "RMSE_S\u00f6dermanland": 28.297714389245748, "CV_RMSE_STHLM": 462.85390022424116, "CV_RMSE_S\u00f6dermanland": 103.95078755233132, "_timestamp": 1748297829.8950229, "_runtime": 1.2812249660491943, "_step": 0, "_wandb": {"runtime": 1}}