{"CV_RMSE": 275.05199268661374, "RMSE": 436.4444564223935, "RMSE_STHLM": 400.3879700015954, "RMSE_S\u00f6dermanland": 36.05648642079809, "CV_RMSE_STHLM": 142.59959358980444, "CV_RMSE_S\u00f6dermanland": 132.4523990968093, "_timestamp": 1748432437.784957, "_runtime": 1.238569974899292, "_step": 0, "_wandb": {"runtime": 1}}