{"CV_RMSE": 257.6694346001304, "RMSE": 403.6975269145658, "RMSE_STHLM": 369.36521251306715, "RMSE_S\u00f6dermanland": 34.332314401498664, "CV_RMSE_STHLM": 131.5507286354414, "CV_RMSE_S\u00f6dermanland": 126.11870596468898, "_timestamp": 1748487653.3541927, "_runtime": 1.283862829208374, "_step": 0, "_wandb": {"runtime": 1}}