{"CV_RMSE": 279.52899894527513, "RMSE": 100.7382234982267, "RMSE_skane": 85.39735029642017, "RMSE_kronoberg": 15.340873201806527, "CV_RMSE_'skane": 135.40806072371063, "CV_RMSE_kronoberg": 144.12093822156447, "_timestamp": 1748511515.2717416, "_runtime": 1.287975549697876, "_step": 0, "_wandb": {"runtime": 1}}