{"CV_RMSE": 5139.733748321539, "RMSE": 1983.1508970670081, "RMSE_skane": 1727.6487936985507, "RMSE_kronoberg": 255.50210336845748, "CV_RMSE_'skane": 2739.4008356742347, "CV_RMSE_kronoberg": 2400.332912647304, "_timestamp": 1748525007.5519936, "_runtime": 1.262108564376831, "_step": 0, "_wandb": {"runtime": 1}}