{"CV_RMSE": 4849.038043472105, "RMSE": 1837.8989798490736, "RMSE_skane": 1590.1291373256515, "RMSE_kronoberg": 247.76984252342214, "CV_RMSE_'skane": 2521.346412249976, "CV_RMSE_kronoberg": 2327.6916312221288, "_timestamp": 1748552183.7550783, "_runtime": 1.298957347869873, "_step": 0, "_wandb": {"runtime": 1}}