{"CV_RMSE": 516.2420303636585, "RMSE": 119.00824075297798, "RMSE_skane": 77.06408497912145, "RMSE_kronoberg": 41.94415577385654, "CV_RMSE_'skane": 122.1946379161545, "CV_RMSE_kronoberg": 394.047392447504, "_timestamp": 1748550823.3809602, "_runtime": 1.3283002376556396, "_step": 0, "_wandb": {"runtime": 1}}