{"CV_RMSE": 1011.8518463031719, "RMSE": 1343.4428049358776, "RMSE_STHLM": 1182.6562057852168, "RMSE_S\u00f6dermanland": 160.78659915066086, "CV_RMSE_STHLM": 421.2071963619688, "CV_RMSE_S\u00f6dermanland": 590.6446499412032, "_timestamp": 1748307740.9252486, "_runtime": 1.291914701461792, "_step": 0, "_wandb": {"runtime": 1}}