{"CV_RMSE": 2571.784150757788, "RMSE": 710.1929851160914, "RMSE_skane": 525.0610988468904, "RMSE_kronoberg": 185.13188626920106, "CV_RMSE_'skane": 832.549311068008, "CV_RMSE_kronoberg": 1739.2348396897803, "_timestamp": 1748548352.4535527, "_runtime": 1.360074758529663, "_step": 0, "_wandb": {"runtime": 1}}