{"CV_RMSE": 1874.696024244081, "RMSE": 888.5857808193512, "RMSE_skane": 828.9447960147409, "RMSE_kronoberg": 59.640984804610305, "CV_RMSE_'skane": 1314.394496852126, "CV_RMSE_kronoberg": 560.3015273919549, "_timestamp": 1748532536.9677892, "_runtime": 1.3199491500854492, "_step": 0, "_wandb": {"runtime": 1}}