{"CV_RMSE": 301.8824046797762, "RMSE": 21.774054003060165, "RMSE_Kalmar": 14.53856673412084, "RMSE_Blekinge": 7.235487268939326, "CV_RMSE_'Kalmar": 140.69580710439521, "CV_RMSE_Blekinge": 161.186597575381, "_timestamp": 1748471204.8569381, "_runtime": 1.4440991878509521, "_step": 0, "_wandb": {"runtime": 1}}