{"CV_RMSE": 988.0313430597843, "RMSE": 848.2781310692233, "RMSE_STHLM": 641.5103362217724, "RMSE_S\u00f6dermanland": 206.76779484745086, "CV_RMSE_STHLM": 228.47617831404636, "CV_RMSE_S\u00f6dermanland": 759.5551647457379, "_timestamp": 1748311774.191356, "_runtime": 1.4210929870605469, "_step": 0, "_wandb": {"runtime": 1}}