{"CV_RMSE": 3475.4323907287803, "RMSE": 1386.7859132901174, "RMSE_skane": 1223.3180873069196, "RMSE_kronoberg": 163.46782598319788, "CV_RMSE_'skane": 1939.7221257509295, "CV_RMSE_kronoberg": 1535.7102649778508, "_timestamp": 1748504474.2657423, "_runtime": 1.2759053707122803, "_step": 0, "_wandb": {"runtime": 1}}