{"CV_RMSE": 2673.197290486245, "RMSE": 161.5965936669282, "RMSE_Kalmar": 73.5508667111738, "RMSE_Blekinge": 88.04572695575438, "CV_RMSE_'Kalmar": 711.7825810758754, "CV_RMSE_Blekinge": 1961.4147094103698, "_timestamp": 1748517083.8417904, "_runtime": 1.475867509841919, "_step": 0, "_wandb": {"runtime": 1}}