{"CV_RMSE": 267.06679602345855, "RMSE": 418.199007025391, "RMSE_STHLM": 382.59077916923906, "RMSE_S\u00f6dermanland": 35.60822785615192, "CV_RMSE_STHLM": 136.26106104167596, "CV_RMSE_S\u00f6dermanland": 130.80573498178256, "_timestamp": 1748347721.5099678, "_runtime": 1.2710158824920654, "_step": 0, "_wandb": {"runtime": 1}}