{"CV_RMSE": 259.0415687044119, "RMSE": 410.7734073793977, "RMSE_STHLM": 376.78714558113364, "RMSE_S\u00f6dermanland": 33.986261798264074, "CV_RMSE_STHLM": 134.19407638425812, "CV_RMSE_S\u00f6dermanland": 124.84749232015373, "_timestamp": 1748543522.094398, "_runtime": 1.3140099048614502, "_step": 0, "_wandb": {"runtime": 1}}