{"CV_RMSE": 306.5997337168237, "RMSE": 22.22649668694092, "RMSE_Kalmar": 14.96411603667311, "RMSE_Blekinge": 7.26238065026781, "CV_RMSE_'Kalmar": 144.81402616135267, "CV_RMSE_Blekinge": 161.78570755547102, "_timestamp": 1748560333.0051467, "_runtime": 1.2703478336334229, "_step": 0, "_wandb": {"runtime": 1}}