{"CV_RMSE": 306.80432477553666, "RMSE": 22.241736107841206, "RMSE_Kalmar": 14.974822627369297, "RMSE_Blekinge": 7.26691348047191, "CV_RMSE_'Kalmar": 144.91763832938028, "CV_RMSE_Blekinge": 161.8866864461564, "_timestamp": 1748459933.6046646, "_runtime": 1.3153395652770996, "_step": 0, "_wandb": {"runtime": 1}}