{"CV_RMSE": 278.24643467697194, "RMSE": 100.14291879228139, "RMSE_skane": 84.84541058861859, "RMSE_kronoberg": 15.2975082036628, "CV_RMSE_'skane": 134.53289205383498, "CV_RMSE_kronoberg": 143.71354262313696, "_timestamp": 1748522947.6036723, "_runtime": 1.3250792026519775, "_step": 0, "_wandb": {"runtime": 1}}