{"CV_RMSE": 271.41992612493135, "RMSE": 430.90219297980815, "RMSE_STHLM": 395.3455594172465, "RMSE_S\u00f6dermanland": 35.55663356256167, "CV_RMSE_STHLM": 140.8037212012354, "CV_RMSE_S\u00f6dermanland": 130.61620492369596, "_timestamp": 1748532888.9431372, "_runtime": 1.309028148651123, "_step": 0, "_wandb": {"runtime": 1}}