{"CV_RMSE": 4851.257288999528, "RMSE": 1931.2650221711096, "RMSE_skane": 1702.169161788583, "RMSE_kronoberg": 229.0958603825265, "CV_RMSE_'skane": 2698.999727994582, "CV_RMSE_kronoberg": 2152.257561004946, "_timestamp": 1748536137.0526876, "_runtime": 1.3452816009521484, "_step": 0, "_wandb": {"runtime": 1}}