{"CV_RMSE": 1665.3536785457609, "RMSE": 902.9922929418005, "RMSE_skane": 873.0845887463869, "RMSE_kronoberg": 29.90770419541365, "CV_RMSE_'skane": 1384.3835973779917, "CV_RMSE_kronoberg": 280.97008116776914, "_timestamp": 1748567574.1154313, "_runtime": 1.304875373840332, "_step": 0, "_wandb": {"runtime": 1}}