{"CV_RMSE": 4538.601878112953, "RMSE": 1658.3291946643428, "RMSE_skane": 1413.851224600614, "RMSE_kronoberg": 244.47797006372886, "CV_RMSE_'skane": 2241.8359798106985, "CV_RMSE_kronoberg": 2296.7658983022548, "_timestamp": 1748576685.9961054, "_runtime": 1.3934805393218994, "_step": 0, "_wandb": {"runtime": 1}}