{"CV_RMSE": 4546.502270595442, "RMSE": 1904.9818967540966, "RMSE_skane": 1709.575575695406, "RMSE_kronoberg": 195.40632105869054, "CV_RMSE_'skane": 2710.7435132591004, "CV_RMSE_kronoberg": 1835.758757336341, "_timestamp": 1748552666.832781, "_runtime": 1.310439109802246, "_step": 0, "_wandb": {"runtime": 1}}