{"CV_RMSE": 296.6892805986265, "RMSE": 21.698529657219307, "RMSE_Kalmar": 14.817194069372551, "RMSE_Blekinge": 6.881335587846757, "CV_RMSE_'Kalmar": 143.39220067134727, "CV_RMSE_Blekinge": 153.29707992727924, "_timestamp": 1748498100.868599, "_runtime": 1.3426179885864258, "_step": 0, "_wandb": {"runtime": 1}}