{"CV_RMSE": 306.95782381798097, "RMSE": 22.255357599783178, "RMSE_Kalmar": 14.986723604835948, "RMSE_Blekinge": 7.26863399494723, "CV_RMSE_'Kalmar": 145.03280907905756, "CV_RMSE_Blekinge": 161.92501473892344, "_timestamp": 1748574809.399812, "_runtime": 1.2568020820617676, "_step": 0, "_wandb": {"runtime": 1}}