{"CV_RMSE": 3211.93490607501, "RMSE": 1564.074854233576, "RMSE_skane": 1470.348945243165, "RMSE_kronoberg": 93.72590899041099, "CV_RMSE_'skane": 2331.4201034511075, "CV_RMSE_kronoberg": 880.5148026239028, "_timestamp": 1748538041.765312, "_runtime": 1.3403949737548828, "_step": 0, "_wandb": {"runtime": 1}}