{"CV_RMSE": 218.32176536183437, "RMSE": 79.28285480612847, "RMSE_skane": 67.42351224649413, "RMSE_kronoberg": 11.859342559634346, "CV_RMSE_'skane": 106.90831751558265, "CV_RMSE_kronoberg": 111.4134478462517, "_timestamp": 1748573636.5239654, "_runtime": 1.4053032398223877, "_step": 0, "_wandb": {"runtime": 1}}