{"CV_RMSE": 252.26626574304748, "RMSE": 398.6585725886554, "RMSE_STHLM": 365.4140434915143, "RMSE_S\u00f6dermanland": 33.24452909714106, "CV_RMSE_STHLM": 130.143505794366, "CV_RMSE_S\u00f6dermanland": 122.12275994868146, "_timestamp": 1748444557.3029208, "_runtime": 1.2633357048034668, "_step": 0, "_wandb": {"runtime": 1}}