{"CV_RMSE": 4623.257606846928, "RMSE": 1912.6846418912983, "RMSE_skane": 1709.0132282352074, "RMSE_kronoberg": 203.67141365609095, "CV_RMSE_'skane": 2709.8518418105828, "CV_RMSE_kronoberg": 1913.4057650363452, "_timestamp": 1748533498.187868, "_runtime": 1.3382070064544678, "_step": 0, "_wandb": {"runtime": 1}}