{"CV_RMSE": 2381.58316201406, "RMSE": 138.53074932351896, "RMSE_Kalmar": 55.913381116588745, "RMSE_Blekinge": 82.61736820693021, "CV_RMSE_'Kalmar": 541.0972366121491, "CV_RMSE_Blekinge": 1840.4859254019104, "_timestamp": 1748463869.8748958, "_runtime": 1.3435637950897217, "_step": 0, "_wandb": {"runtime": 1}}