{"CV_RMSE": 306.9472252706229, "RMSE": 22.254050494740152, "RMSE_Kalmar": 14.985253730945638, "RMSE_Blekinge": 7.268796763794514, "CV_RMSE_'Kalmar": 145.0185844930223, "CV_RMSE_Blekinge": 161.92864077760058, "_timestamp": 1748524165.2224443, "_runtime": 1.2963902950286865, "_step": 0, "_wandb": {"runtime": 1}}