{"CV_RMSE": 440.36567063069344, "RMSE": 664.2079212192392, "RMSE_STHLM": 602.7710015855458, "RMSE_S\u00f6dermanland": 61.43691963369339, "CV_RMSE_STHLM": 214.67902707835032, "CV_RMSE_S\u00f6dermanland": 225.6866435523431, "_timestamp": 1748374260.057014, "_runtime": 1.3314108848571777, "_step": 0, "_wandb": {"runtime": 1}}