{"CV_RMSE": 4039.8138507503118, "RMSE": 1615.8495152988905, "RMSE_skane": 1426.6198607267163, "RMSE_kronoberg": 189.2296545721743, "CV_RMSE_'skane": 2262.0822315962732, "CV_RMSE_kronoberg": 1777.7316191540383, "_timestamp": 1748508116.2757583, "_runtime": 1.2344932556152344, "_step": 0, "_wandb": {"runtime": 1}}