{"CV_RMSE": 306.98417056568235, "RMSE": 22.25715852493328, "RMSE_Kalmar": 14.987816706538528, "RMSE_Blekinge": 7.2693418183947545, "CV_RMSE_'Kalmar": 145.04338748263092, "CV_RMSE_Blekinge": 161.94078308305146, "_timestamp": 1748540759.261064, "_runtime": 1.291072130203247, "_step": 0, "_wandb": {"runtime": 1}}