{"CV_RMSE": 4199.410576329116, "RMSE": 1728.4369205592768, "RMSE_skane": 1541.6307075671962, "RMSE_kronoberg": 186.8062129920807, "CV_RMSE_'skane": 2444.446153647774, "CV_RMSE_kronoberg": 1754.9644226813427, "_timestamp": 1748570838.2498665, "_runtime": 1.2650055885314941, "_step": 0, "_wandb": {"runtime": 1}}