{"CV_RMSE": 265.94353528017444, "RMSE": 418.9283764874961, "RMSE_STHLM": 383.7370604735258, "RMSE_S\u00f6dermanland": 35.191316013970344, "CV_RMSE_STHLM": 136.66931318803847, "CV_RMSE_S\u00f6dermanland": 129.27422209213597, "_timestamp": 1748425219.8026204, "_runtime": 1.3335373401641846, "_step": 0, "_wandb": {"runtime": 1}}