{"CV_RMSE": 274.3289487913131, "RMSE": 435.1466123368816, "RMSE_STHLM": 399.16874734971077, "RMSE_S\u00f6dermanland": 35.97786498717082, "CV_RMSE_STHLM": 142.165363124155, "CV_RMSE_S\u00f6dermanland": 132.16358566715812, "_timestamp": 1748556576.4748442, "_runtime": 1.3316283226013184, "_step": 0, "_wandb": {"runtime": 1}}