{"CV_RMSE": 275.2352321699948, "RMSE": 437.30383563177014, "RMSE_STHLM": 401.2843765763017, "RMSE_S\u00f6dermanland": 36.019459055468396, "CV_RMSE_STHLM": 142.91885196623332, "CV_RMSE_S\u00f6dermanland": 132.31638020376147, "_timestamp": 1748456910.0564818, "_runtime": 1.2323689460754395, "_step": 0, "_wandb": {"runtime": 1}}