{"CV_RMSE": 1755.6599426556788, "RMSE": 2351.397951517264, "RMSE_STHLM": 2074.607535173066, "RMSE_S\u00f6dermanland": 276.790416344198, "CV_RMSE_STHLM": 738.878821391278, "CV_RMSE_S\u00f6dermanland": 1016.7811212644008, "_timestamp": 1748323098.8239822, "_runtime": 1.3603062629699707, "_step": 0, "_wandb": {"runtime": 1}}