{"CV_RMSE": 3095.280949699471, "RMSE": 195.73667437624275, "RMSE_Kalmar": 100.41339377018726, "RMSE_Blekinge": 95.32328060605549, "CV_RMSE_'Kalmar": 971.7425203566507, "CV_RMSE_Blekinge": 2123.53842934282, "_timestamp": 1748510148.534988, "_runtime": 1.2940139770507812, "_step": 0, "_wandb": {"runtime": 1}}