{"CV_RMSE": 273.30880106320865, "RMSE": 438.56295159037415, "RMSE_STHLM": 403.2593935299151, "RMSE_S\u00f6dermanland": 35.303558060459096, "CV_RMSE_STHLM": 143.62226124927724, "CV_RMSE_S\u00f6dermanland": 129.68653981393138, "_timestamp": 1748443708.458839, "_runtime": 1.2887978553771973, "_step": 0, "_wandb": {"runtime": 1}}