{"CV_RMSE": 4560.930618581009, "RMSE": 1728.951921957619, "RMSE_skane": 1495.9546691687149, "RMSE_kronoberg": 232.99725278890426, "CV_RMSE_'skane": 2372.0211456163556, "CV_RMSE_kronoberg": 2188.909472964654, "_timestamp": 1748536224.0752563, "_runtime": 1.336449384689331, "_step": 0, "_wandb": {"runtime": 1}}