{"CV_RMSE": 3749.2514143964218, "RMSE": 1211.9666838043238, "RMSE_skane": 977.9366631465023, "RMSE_kronoberg": 234.03002065782152, "CV_RMSE_'skane": 1550.6395293020648, "CV_RMSE_kronoberg": 2198.6118850943567, "_timestamp": 1748523525.8025055, "_runtime": 1.3413445949554443, "_step": 0, "_wandb": {"runtime": 1}}