{"CV_RMSE": 262.7797289312275, "RMSE": 423.8281601832009, "RMSE_STHLM": 390.1166193531, "RMSE_S\u00f6dermanland": 33.71154083010086, "CV_RMSE_STHLM": 138.94141567779582, "CV_RMSE_S\u00f6dermanland": 123.83831325343172, "_timestamp": 1748443542.361232, "_runtime": 1.2977240085601807, "_step": 0, "_wandb": {"runtime": 1}}