{"CV_RMSE": 304.30831539119515, "RMSE": 22.023339486394047, "RMSE_Kalmar": 14.786783109915154, "RMSE_Blekinge": 7.236556376478892, "CV_RMSE_'Kalmar": 143.09790106369505, "CV_RMSE_Blekinge": 161.21041432750008, "_timestamp": 1748489326.475453, "_runtime": 1.2912368774414062, "_step": 0, "_wandb": {"runtime": 1}}