{"CV_RMSE": 1485.7810117473723, "RMSE": 1863.998496000169, "RMSE_STHLM": 1616.2345254480524, "RMSE_S\u00f6dermanland": 247.76397055211666, "CV_RMSE_STHLM": 575.6276505355153, "CV_RMSE_S\u00f6dermanland": 910.1533612118571, "_timestamp": 1748311987.4237978, "_runtime": 1.2680768966674805, "_step": 0, "_wandb": {"runtime": 1}}