{"CV_RMSE": 5158.600788366559, "RMSE": 1978.2141715974572, "RMSE_skane": 1719.2935760504968, "RMSE_kronoberg": 258.92059554696044, "CV_RMSE_'skane": 2726.1526047312313, "CV_RMSE_kronoberg": 2432.448183635328, "_timestamp": 1748532190.6993632, "_runtime": 1.8093211650848389, "_step": 0, "_wandb": {"runtime": 1}}