{"CV_RMSE": 4248.97156584952, "RMSE": 1872.7434530473354, "RMSE_skane": 1708.892298460605, "RMSE_kronoberg": 163.85115458673047, "CV_RMSE_'skane": 2709.6600926965193, "CV_RMSE_kronoberg": 1539.3114731530004, "_timestamp": 1748515698.3135266, "_runtime": 1.3572885990142822, "_step": 0, "_wandb": {"runtime": 1}}