{"CV_RMSE": 257.1543422971574, "RMSE": 403.7071530145839, "RMSE_STHLM": 369.5311459099054, "RMSE_S\u00f6dermanland": 34.17600710467857, "CV_RMSE_STHLM": 131.6098264024198, "CV_RMSE_S\u00f6dermanland": 125.5445158947376, "_timestamp": 1748503519.436102, "_runtime": 1.4122488498687744, "_step": 0, "_wandb": {"runtime": 1}}