{"CV_RMSE": 250.6569248265699, "RMSE": 390.4654228719322, "RMSE_STHLM": 356.82639459715335, "RMSE_S\u00f6dermanland": 33.63902827477884, "CV_RMSE_STHLM": 127.08498422534151, "CV_RMSE_S\u00f6dermanland": 123.57194060122839, "_timestamp": 1748479411.9571772, "_runtime": 1.2788162231445312, "_step": 0, "_wandb": {"runtime": 1}}