{"CV_RMSE": 386.64971294748574, "RMSE": 577.836115832328, "RMSE_STHLM": 523.3187463267996, "RMSE_S\u00f6dermanland": 54.51736950552843, "CV_RMSE_STHLM": 186.38182496799354, "CV_RMSE_S\u00f6dermanland": 200.2678879794922, "_timestamp": 1748300973.374943, "_runtime": 1.2946279048919678, "_step": 0, "_wandb": {"runtime": 1}}