{"CV_RMSE": 4172.987018591941, "RMSE": 1542.5062720954393, "RMSE_skane": 1321.3301965882843, "RMSE_kronoberg": 221.17607550715493, "CV_RMSE_'skane": 2095.1324470215923, "CV_RMSE_kronoberg": 2077.854571570349, "_timestamp": 1748521800.2440279, "_runtime": 1.2757349014282227, "_step": 0, "_wandb": {"runtime": 1}}