{"CV_RMSE": 1085.8685655388565, "RMSE": 2076.5172274681368, "RMSE_STHLM": 1972.1227059485802, "RMSE_S\u00f6dermanland": 104.39452151955646, "CV_RMSE_STHLM": 702.3784864874247, "CV_RMSE_S\u00f6dermanland": 383.4900790514319, "_timestamp": 1748331972.0191047, "_runtime": 1.2928276062011719, "_step": 0, "_wandb": {"runtime": 1}}