{"CV_RMSE": 1229.563001381141, "RMSE": 1522.1327704068283, "RMSE_STHLM": 1314.901968125506, "RMSE_S\u00f6dermanland": 207.23080228132218, "CV_RMSE_STHLM": 468.3069930007738, "CV_RMSE_S\u00f6dermanland": 761.2560083803672, "_timestamp": 1748359478.8407338, "_runtime": 1.2865848541259766, "_step": 0, "_wandb": {"runtime": 1}}