{"CV_RMSE": 387.8214715996827, "RMSE": 24.856191025940852, "RMSE_Kalmar": 13.167307895583471, "RMSE_Blekinge": 11.68888313035738, "CV_RMSE_'Kalmar": 127.42556027984004, "CV_RMSE_Blekinge": 260.39591131984264, "_timestamp": 1748555254.137812, "_runtime": 1.336756944656372, "_step": 0, "_wandb": {"runtime": 1}}