{"CV_RMSE": 258.1226840681476, "RMSE": 408.2494511635186, "RMSE_STHLM": 374.26920889781826, "RMSE_S\u00f6dermanland": 33.98024226570034, "CV_RMSE_STHLM": 133.29730431659533, "CV_RMSE_S\u00f6dermanland": 124.82537975155228, "_timestamp": 1748565260.6491592, "_runtime": 1.2641162872314453, "_step": 0, "_wandb": {"runtime": 1}}