{"CV_RMSE": 294.6152792404498, "RMSE": 20.942354719228632, "RMSE_Kalmar": 13.644836561833936, "RMSE_Blekinge": 7.2975181573946974, "CV_RMSE_'Kalmar": 132.0468054371026, "CV_RMSE_Blekinge": 162.56847380334722, "_timestamp": 1748486747.70183, "_runtime": 1.3449888229370117, "_step": 0, "_wandb": {"runtime": 1}}