{"CV_RMSE": 4973.028505205719, "RMSE": 1921.0184583074831, "RMSE_skane": 1674.2482063973625, "RMSE_kronoberg": 246.77025191012055, "CV_RMSE_'skane": 2654.727599995818, "CV_RMSE_kronoberg": 2318.3009052099005, "_timestamp": 1748535297.1799755, "_runtime": 1.3777594566345215, "_step": 0, "_wandb": {"runtime": 1}}