{"CV_RMSE": 1938.8337744843334, "RMSE": 704.6877749179592, "RMSE_skane": 599.4925404150257, "RMSE_kronoberg": 105.19523450293353, "CV_RMSE_'skane": 950.569567254269, "CV_RMSE_kronoberg": 988.2642072300645, "_timestamp": 1748507037.2376192, "_runtime": 1.3027381896972656, "_step": 0, "_wandb": {"runtime": 1}}