{"CV_RMSE": 1284.5858516193575, "RMSE": 1315.984045310638, "RMSE_STHLM": 1070.0341536296942, "RMSE_S\u00f6dermanland": 245.94989168094398, "CV_RMSE_STHLM": 381.09645360772646, "CV_RMSE_S\u00f6dermanland": 903.489398011631, "_timestamp": 1748326246.58999, "_runtime": 1.3154559135437012, "_step": 0, "_wandb": {"runtime": 1}}