{"CV_RMSE": 4538.462434152266, "RMSE": 1899.5070460192348, "RMSE_skane": 1704.018611916555, "RMSE_kronoberg": 195.48843410267983, "CV_RMSE_'skane": 2701.932259909971, "CV_RMSE_kronoberg": 1836.5301742422948, "_timestamp": 1748521631.8706381, "_runtime": 1.3445532321929932, "_step": 0, "_wandb": {"runtime": 1}}