{"CV_RMSE": 298.99228966108365, "RMSE": 21.57605945758123, "RMSE_Kalmar": 14.417878028832392, "RMSE_Blekinge": 7.158181428748839, "CV_RMSE_'Kalmar": 139.52785189192636, "CV_RMSE_Blekinge": 159.46443776915729, "_timestamp": 1748487830.259977, "_runtime": 1.325273036956787, "_step": 0, "_wandb": {"runtime": 1}}