{"CV_RMSE": 3751.525498096512, "RMSE": 1701.1882653104242, "RMSE_skane": 1566.2045189690577, "RMSE_kronoberg": 134.9837463413664, "CV_RMSE_'skane": 2483.4109708811698, "CV_RMSE_kronoberg": 1268.1145272153422, "_timestamp": 1748569800.4905195, "_runtime": 1.2777235507965088, "_step": 0, "_wandb": {"runtime": 1}}