{"CV_RMSE": 275.6059770996221, "RMSE": 437.1805086492911, "RMSE_STHLM": 401.0360484511881, "RMSE_S\u00f6dermanland": 36.14446019810297, "CV_RMSE_STHLM": 142.8304090249582, "CV_RMSE_S\u00f6dermanland": 132.77556807466397, "_timestamp": 1748495543.4981985, "_runtime": 1.3003735542297363, "_step": 0, "_wandb": {"runtime": 1}}