{"CV_RMSE": 299.2390305071082, "RMSE": 21.78231992907076, "RMSE_Kalmar": 14.762976185929775, "RMSE_Blekinge": 7.019343743140986, "CV_RMSE_'Kalmar": 142.86751147673974, "CV_RMSE_Blekinge": 156.3715190303685, "_timestamp": 1748541525.9273777, "_runtime": 1.2850487232208252, "_step": 0, "_wandb": {"runtime": 1}}