{"CV_RMSE": 271.45323527138555, "RMSE": 433.08656081665856, "RMSE_STHLM": 397.7544042800091, "RMSE_S\u00f6dermanland": 35.332156536649464, "CV_RMSE_STHLM": 141.66163983063245, "CV_RMSE_S\u00f6dermanland": 129.79159544075313, "_timestamp": 1748429849.6149457, "_runtime": 1.4856107234954834, "_step": 0, "_wandb": {"runtime": 1}}