{"CV_RMSE": 313.45035107708054, "RMSE": 22.515805159490117, "RMSE_Kalmar": 14.931922956960618, "RMSE_Blekinge": 7.583882202529499, "CV_RMSE_'Kalmar": 144.50248022865114, "CV_RMSE_Blekinge": 168.94787084842943, "_timestamp": 1748504083.6274548, "_runtime": 1.3082587718963623, "_step": 0, "_wandb": {"runtime": 1}}