{"CV_RMSE": 273.3433666572795, "RMSE": 433.4963932691768, "RMSE_STHLM": 397.6384598130622, "RMSE_S\u00f6dermanland": 35.85793345611458, "CV_RMSE_STHLM": 141.6203457980831, "CV_RMSE_S\u00f6dermanland": 131.72302085919642, "_timestamp": 1748531181.5215774, "_runtime": 1.2620713710784912, "_step": 0, "_wandb": {"runtime": 1}}