{"CV_RMSE": 4465.12944260278, "RMSE": 311.34225668906, "RMSE_Kalmar": 196.0913084733239, "RMSE_Blekinge": 115.25094821573609, "CV_RMSE_'Kalmar": 1897.6578239353923, "CV_RMSE_Blekinge": 2567.4716186673877, "_timestamp": 1748523333.8935473, "_runtime": 1.3369781970977783, "_step": 0, "_wandb": {"runtime": 1}}