{"CV_RMSE": 270.6124677490696, "RMSE": 439.7903902529688, "RMSE_STHLM": 405.4314181428872, "RMSE_S\u00f6dermanland": 34.3589721100816, "CV_RMSE_STHLM": 144.3958355079535, "CV_RMSE_S\u00f6dermanland": 126.2166322411161, "_timestamp": 1748527258.0368972, "_runtime": 1.3887302875518799, "_step": 0, "_wandb": {"runtime": 1}}