{"CV_RMSE": 968.7793646344609, "RMSE": 1436.8239161494214, "RMSE_STHLM": 1299.0470328965648, "RMSE_S\u00f6dermanland": 137.77688325285658, "CV_RMSE_STHLM": 462.66020166478364, "CV_RMSE_S\u00f6dermanland": 506.11916296967723, "_timestamp": 1748333215.153493, "_runtime": 1.288179874420166, "_step": 0, "_wandb": {"runtime": 1}}