{"CV_RMSE": 273.85054123493467, "RMSE": 432.2108034643795, "RMSE_STHLM": 396.06195952983336, "RMSE_S\u00f6dermanland": 36.148843934546164, "CV_RMSE_STHLM": 141.05886963864265, "CV_RMSE_S\u00f6dermanland": 132.79167159629205, "_timestamp": 1748518855.324664, "_runtime": 1.3455960750579834, "_step": 0, "_wandb": {"runtime": 1}}