{"CV_RMSE": 2795.622964262654, "RMSE": 141.64039512692497, "RMSE_Kalmar": 28.55062253476931, "RMSE_Blekinge": 113.08977259215567, "CV_RMSE_'Kalmar": 276.2963471106707, "CV_RMSE_Blekinge": 2519.326617151983, "_timestamp": 1748460132.173386, "_runtime": 1.3669281005859375, "_step": 0, "_wandb": {"runtime": 1}}