{"CV_RMSE": 275.02684780034997, "RMSE": 437.2802338238396, "RMSE_STHLM": 401.3210579947632, "RMSE_S\u00f6dermanland": 35.95917582907638, "CV_RMSE_STHLM": 142.93191618333472, "CV_RMSE_S\u00f6dermanland": 132.09493161701528, "_timestamp": 1748525140.9572268, "_runtime": 1.3007497787475586, "_step": 0, "_wandb": {"runtime": 1}}