{"CV_RMSE": 1527.393444661503, "RMSE": 1948.3578079719039, "RMSE_STHLM": 1697.1068118506644, "RMSE_S\u00f6dermanland": 251.25099612123947, "CV_RMSE_STHLM": 604.4306017671539, "CV_RMSE_S\u00f6dermanland": 922.9628428943491, "_timestamp": 1748290948.2928488, "_runtime": 1.2631597518920898, "_step": 0, "_wandb": {"runtime": 1}}