{"CV_RMSE": 984.0098719246824, "RMSE": 1277.779593369793, "RMSE_STHLM": 1118.3361852878909, "RMSE_S\u00f6dermanland": 159.44340808190205, "CV_RMSE_STHLM": 398.2993932564708, "CV_RMSE_S\u00f6dermanland": 585.7104786682116, "_timestamp": 1748300694.8263412, "_runtime": 1.2773451805114746, "_step": 0, "_wandb": {"runtime": 1}}