{"CV_RMSE": 279.632009663639, "RMSE": 100.80426191816585, "RMSE_skane": 85.4636065899982, "RMSE_kronoberg": 15.340655328167651, "CV_RMSE_'skane": 135.51311827166734, "CV_RMSE_kronoberg": 144.1188913919717, "_timestamp": 1748509186.9542253, "_runtime": 1.3263623714447021, "_step": 0, "_wandb": {"runtime": 1}}