{"CV_RMSE": 672.6849355021589, "RMSE": 1331.361051341916, "RMSE_STHLM": 1271.5186995927065, "RMSE_S\u00f6dermanland": 59.84235174920956, "CV_RMSE_STHLM": 452.8558882601646, "CV_RMSE_S\u00f6dermanland": 219.82904724199432, "_timestamp": 1748340027.4056761, "_runtime": 1.4456582069396973, "_step": 0, "_wandb": {"runtime": 1}}