{"CV_RMSE": 306.25679269233825, "RMSE": 22.197298156752186, "RMSE_Kalmar": 14.939709214543822, "RMSE_Blekinge": 7.257588942208364, "CV_RMSE_'Kalmar": 144.57783110848857, "CV_RMSE_Blekinge": 161.67896158384968, "_timestamp": 1748505691.6369445, "_runtime": 1.286306619644165, "_step": 0, "_wandb": {"runtime": 1}}