{"CV_RMSE": 4557.600113032115, "RMSE": 1900.721416327702, "RMSE_skane": 1703.028825685554, "RMSE_kronoberg": 197.69259064214788, "CV_RMSE_'skane": 2700.362831425297, "CV_RMSE_kronoberg": 1857.2372816068173, "_timestamp": 1748543168.6274545, "_runtime": 1.336693525314331, "_step": 0, "_wandb": {"runtime": 1}}