{"CV_RMSE": 865.2504238000708, "RMSE": 577.1795009921368, "RMSE_STHLM": 378.31815316751187, "RMSE_S\u00f6dermanland": 198.86134782462494, "CV_RMSE_STHLM": 134.7393501585915, "CV_RMSE_S\u00f6dermanland": 730.5110736414794, "_timestamp": 1748347375.3887677, "_runtime": 1.3811237812042236, "_step": 0, "_wandb": {"runtime": 1}}