{"CV_RMSE": 264.17525221140227, "RMSE": 410.9948965235036, "RMSE_STHLM": 375.48487286519713, "RMSE_S\u00f6dermanland": 35.51002365830644, "CV_RMSE_STHLM": 133.7302673441541, "CV_RMSE_S\u00f6dermanland": 130.44498486724814, "_timestamp": 1748441260.895779, "_runtime": 1.2506499290466309, "_step": 0, "_wandb": {"runtime": 1}}