{"CV_RMSE": 4659.059200948752, "RMSE": 1831.7651946628337, "RMSE_skane": 1607.078225721908, "RMSE_kronoberg": 224.68696894092577, "CV_RMSE_'skane": 2548.2212881425603, "CV_RMSE_kronoberg": 2110.837912806192, "_timestamp": 1748542643.5845628, "_runtime": 1.275972843170166, "_step": 0, "_wandb": {"runtime": 1}}