{"CV_RMSE": 274.9107611429955, "RMSE": 436.2814001433551, "RMSE_STHLM": 400.2499817221671, "RMSE_S\u00f6dermanland": 36.03141842118798, "CV_RMSE_STHLM": 142.5504485753662, "CV_RMSE_S\u00f6dermanland": 132.3603125676293, "_timestamp": 1748512111.537361, "_runtime": 1.3244879245758057, "_step": 0, "_wandb": {"runtime": 1}}