{"CV_RMSE": 3200.446910092747, "RMSE": 169.15666066756205, "RMSE_Kalmar": 45.07168076202947, "RMSE_Blekinge": 124.08497990553259, "CV_RMSE_'Kalmar": 436.17755576157555, "CV_RMSE_Blekinge": 2764.2693543311716, "_timestamp": 1748505831.5741622, "_runtime": 1.3793611526489258, "_step": 0, "_wandb": {"runtime": 1}}