{"CV_RMSE": 1897.3268698304287, "RMSE": 2556.4603579942404, "RMSE_STHLM": 2258.980556612735, "RMSE_S\u00f6dermanland": 297.4798013815054, "CV_RMSE_STHLM": 804.5439259800006, "CV_RMSE_S\u00f6dermanland": 1092.7829438504282, "_timestamp": 1748341413.209309, "_runtime": 1.297497034072876, "_step": 0, "_wandb": {"runtime": 1}}