{"CV_RMSE": 324.6124845749372, "RMSE": 409.40469854079004, "RMSE_STHLM": 355.5052329845684, "RMSE_S\u00f6dermanland": 53.89946555622164, "CV_RMSE_STHLM": 126.61444783779643, "CV_RMSE_S\u00f6dermanland": 197.99803673714072, "_timestamp": 1748439269.7583227, "_runtime": 1.266312599182129, "_step": 0, "_wandb": {"runtime": 1}}