{"CV_RMSE": 3483.88663325289, "RMSE": 1436.8784604952507, "RMSE_skane": 1282.4993982353728, "RMSE_kronoberg": 154.3790622598778, "CV_RMSE_'skane": 2033.5614136924514, "CV_RMSE_kronoberg": 1450.3252195604387, "_timestamp": 1748556808.7530732, "_runtime": 1.306366205215454, "_step": 0, "_wandb": {"runtime": 1}}