{"CV_RMSE": 5109.933407990008, "RMSE": 1955.3794271618162, "RMSE_skane": 1698.0544458193324, "RMSE_kronoberg": 257.32498134248397, "CV_RMSE_'skane": 2692.475336922831, "CV_RMSE_kronoberg": 2417.458071067177, "_timestamp": 1748576523.5787652, "_runtime": 1.2846102714538574, "_step": 0, "_wandb": {"runtime": 1}}