{"CV_RMSE": 5151.254954392878, "RMSE": 1991.8348590518842, "RMSE_skane": 1736.6206676501367, "RMSE_kronoberg": 255.2141914017475, "CV_RMSE_'skane": 2753.626851453705, "CV_RMSE_kronoberg": 2397.628102939173, "_timestamp": 1748542596.2603688, "_runtime": 1.273101806640625, "_step": 0, "_wandb": {"runtime": 1}}