{"CV_RMSE": 249.14139014282978, "RMSE": 389.59332868967795, "RMSE_STHLM": 356.31752638068775, "RMSE_S\u00f6dermanland": 33.2758023089902, "CV_RMSE_STHLM": 126.90374900776375, "CV_RMSE_S\u00f6dermanland": 122.23764113506604, "_timestamp": 1748510019.661214, "_runtime": 1.3809161186218262, "_step": 0, "_wandb": {"runtime": 1}}