{"CV_RMSE": 275.52580214558077, "RMSE": 437.0823929545881, "RMSE_STHLM": 400.95156748527535, "RMSE_S\u00f6dermanland": 36.130825469312754, "CV_RMSE_STHLM": 142.80032082973796, "CV_RMSE_S\u00f6dermanland": 132.72548131584279, "_timestamp": 1748309454.5831065, "_runtime": 1.2800915241241455, "_step": 0, "_wandb": {"runtime": 1}}