{"CV_RMSE": 3034.261461414547, "RMSE": 1319.0891788909344, "RMSE_skane": 1198.3709485607146, "RMSE_kronoberg": 120.71823033021984, "CV_RMSE_'skane": 1900.1653518404564, "CV_RMSE_kronoberg": 1134.0961095740904, "_timestamp": 1748529977.485358, "_runtime": 1.2757179737091064, "_step": 0, "_wandb": {"runtime": 1}}