{"CV_RMSE": 1491.0684153874427, "RMSE": 2042.1050493906084, "RMSE_STHLM": 1811.8690679893195, "RMSE_S\u00f6dermanland": 230.23598140128897, "CV_RMSE_STHLM": 645.3035857500545, "CV_RMSE_S\u00f6dermanland": 845.7648296373881, "_timestamp": 1748301444.861664, "_runtime": 1.3401610851287842, "_step": 0, "_wandb": {"runtime": 1}}