{"CV_RMSE": 272.7245931927505, "RMSE": 428.4356809336967, "RMSE_STHLM": 392.2209478201269, "RMSE_S\u00f6dermanland": 36.21473311356978, "CV_RMSE_STHLM": 139.69087971433092, "CV_RMSE_S\u00f6dermanland": 133.0337134784196, "_timestamp": 1748372173.5861259, "_runtime": 1.3416049480438232, "_step": 0, "_wandb": {"runtime": 1}}