{"CV_RMSE": 303.39347564577804, "RMSE": 21.92405426672726, "RMSE_Kalmar": 14.683848234658948, "RMSE_Blekinge": 7.240206032068315, "CV_RMSE_'Kalmar": 142.10175710960272, "CV_RMSE_Blekinge": 161.29171853617535, "_timestamp": 1748485457.840942, "_runtime": 1.3316888809204102, "_step": 0, "_wandb": {"runtime": 1}}