{"CV_RMSE": 3822.0763427733377, "RMSE": 252.2973041821212, "RMSE_Kalmar": 142.73297686893878, "RMSE_Blekinge": 109.56432731318243, "CV_RMSE_'Kalmar": 1381.286872925214, "CV_RMSE_Blekinge": 2440.7894698481236, "_timestamp": 1748506786.4387593, "_runtime": 1.3521103858947754, "_step": 0, "_wandb": {"runtime": 1}}