{"CV_RMSE": 4214.234077972506, "RMSE": 1516.1355218089716, "RMSE_skane": 1284.3227841324851, "RMSE_kronoberg": 231.81273767648653, "CV_RMSE_'skane": 2036.4526175462236, "CV_RMSE_kronoberg": 2177.781460426283, "_timestamp": 1748535317.8157525, "_runtime": 1.386805534362793, "_step": 0, "_wandb": {"runtime": 1}}