{"CV_RMSE": 306.51163366412266, "RMSE": 22.20938963199763, "RMSE_Kalmar": 14.940861896817918, "RMSE_Blekinge": 7.268527735179715, "CV_RMSE_'Kalmar": 144.58898609823788, "CV_RMSE_Blekinge": 161.92264756588474, "_timestamp": 1748476625.861863, "_runtime": 1.390861988067627, "_step": 0, "_wandb": {"runtime": 1}}