{"CV_RMSE": 1526.0215552357377, "RMSE": 1938.6337517820264, "RMSE_STHLM": 1686.7523159548587, "RMSE_S\u00f6dermanland": 251.88143582716762, "CV_RMSE_STHLM": 600.7428113808362, "CV_RMSE_S\u00f6dermanland": 925.2787438549014, "_timestamp": 1748390828.2054534, "_runtime": 1.2842683792114258, "_step": 0, "_wandb": {"runtime": 1}}