{"CV_RMSE": 2641.15948407101, "RMSE": 168.1700730751237, "RMSE_Kalmar": 87.71589993316974, "RMSE_Blekinge": 80.45417314195397, "CV_RMSE_'Kalmar": 848.8635477403521, "CV_RMSE_Blekinge": 1792.2959363306577, "_timestamp": 1748560160.036953, "_runtime": 1.3558480739593506, "_step": 0, "_wandb": {"runtime": 1}}