{"CV_RMSE": 269.2806144109168, "RMSE": 427.0904830113644, "RMSE_STHLM": 391.7695091643448, "RMSE_S\u00f6dermanland": 35.32097384701963, "CV_RMSE_STHLM": 139.53009823819164, "CV_RMSE_S\u00f6dermanland": 129.75051617272518, "_timestamp": 1748434944.0913136, "_runtime": 1.269136667251587, "_step": 0, "_wandb": {"runtime": 1}}