{"CV_RMSE": 261.80003404659624, "RMSE": 412.5470539258965, "RMSE_STHLM": 377.91967896820915, "RMSE_S\u00f6dermanland": 34.627374957687344, "CV_RMSE_STHLM": 134.5974321612142, "CV_RMSE_S\u00f6dermanland": 127.20260188538208, "_timestamp": 1748532185.5829904, "_runtime": 1.3552303314208984, "_step": 0, "_wandb": {"runtime": 1}}