{"CV_RMSE": 691.8879168670132, "RMSE": 872.0055604922325, "RMSE_STHLM": 757.0571908542037, "RMSE_S\u00f6dermanland": 114.94836963802885, "CV_RMSE_STHLM": 269.6285998293563, "CV_RMSE_S\u00f6dermanland": 422.259317037657, "_timestamp": 1748396392.782902, "_runtime": 1.3126521110534668, "_step": 0, "_wandb": {"runtime": 1}}