{"CV_RMSE": 5215.030195342568, "RMSE": 2018.6045673430215, "RMSE_skane": 1760.6590788873486, "RMSE_kronoberg": 257.9454884556728, "CV_RMSE_'skane": 2791.742725508481, "CV_RMSE_kronoberg": 2423.287469834087, "_timestamp": 1748517367.3459928, "_runtime": 1.304856777191162, "_step": 0, "_wandb": {"runtime": 1}}