{"CV_RMSE": 305.35481286598724, "RMSE": 22.1233513972531, "RMSE_Kalmar": 14.880553634347214, "RMSE_Blekinge": 7.242797762905885, "CV_RMSE_'Kalmar": 144.00535775174723, "CV_RMSE_Blekinge": 161.34945511424, "_timestamp": 1748467178.265821, "_runtime": 1.2766458988189697, "_step": 0, "_wandb": {"runtime": 1}}