{"CV_RMSE": 1631.6125368969647, "RMSE": 614.0321565756767, "RMSE_skane": 529.7713085342339, "RMSE_kronoberg": 84.26084804144286, "CV_RMSE_'skane": 840.0179310796519, "CV_RMSE_kronoberg": 791.5946058173129, "_timestamp": 1748570157.0604131, "_runtime": 1.3227112293243408, "_step": 0, "_wandb": {"runtime": 1}}