{"CV_RMSE": 2366.525242372082, "RMSE": 897.0426377781101, "RMSE_skane": 776.1360632596817, "RMSE_kronoberg": 120.90657451842841, "CV_RMSE_'skane": 1230.6597197563663, "CV_RMSE_kronoberg": 1135.8655226157157, "_timestamp": 1748523588.7933948, "_runtime": 1.2889487743377686, "_step": 0, "_wandb": {"runtime": 1}}