{"CV_RMSE": 272.4470902857147, "RMSE": 435.36474714775335, "RMSE_STHLM": 399.9775850306238, "RMSE_S\u00f6dermanland": 35.387162117129535, "CV_RMSE_STHLM": 142.4534335289123, "CV_RMSE_S\u00f6dermanland": 129.99365675680238, "_timestamp": 1748373746.3372707, "_runtime": 1.2871208190917969, "_step": 0, "_wandb": {"runtime": 1}}