{"CV_RMSE": 1646.9718888253547, "RMSE": 2462.7504215430613, "RMSE_STHLM": 2230.6788795234565, "RMSE_S\u00f6dermanland": 232.0715420196048, "CV_RMSE_STHLM": 794.4641834472145, "CV_RMSE_S\u00f6dermanland": 852.5077053781401, "_timestamp": 1748336302.347831, "_runtime": 1.2876150608062744, "_step": 0, "_wandb": {"runtime": 1}}