{"CV_RMSE": 5222.194390959559, "RMSE": 2017.988454945379, "RMSE_skane": 1759.000429433209, "RMSE_kronoberg": 258.98802551217005, "CV_RMSE_'skane": 2789.1127316594225, "CV_RMSE_kronoberg": 2433.0816593001364, "_timestamp": 1748528902.137368, "_runtime": 1.272840976715088, "_step": 0, "_wandb": {"runtime": 1}}