{"CV_RMSE": 909.4897747975361, "RMSE": 1003.2175647865868, "RMSE_STHLM": 836.7606123626242, "RMSE_S\u00f6dermanland": 166.4569524239625, "CV_RMSE_STHLM": 298.01525568910245, "CV_RMSE_S\u00f6dermanland": 611.4745191084337, "_timestamp": 1748290964.5403192, "_runtime": 1.3056631088256836, "_step": 0, "_wandb": {"runtime": 1}}