{"CV_RMSE": 306.4750554548791, "RMSE": 22.20722507835567, "RMSE_Kalmar": 14.939937910927286, "RMSE_Blekinge": 7.2672871674283845, "CV_RMSE_'Kalmar": 144.5800442992963, "CV_RMSE_Blekinge": 161.8950111555828, "_timestamp": 1748504730.2974966, "_runtime": 1.2998344898223877, "_step": 0, "_wandb": {"runtime": 1}}