{"CV_RMSE": 689.2670711148188, "RMSE": 1261.4159871323275, "RMSE_STHLM": 1189.0655354960568, "RMSE_S\u00f6dermanland": 72.3504516362707, "CV_RMSE_STHLM": 423.4899018387223, "CV_RMSE_S\u00f6dermanland": 265.7771692760965, "_timestamp": 1748329888.1236444, "_runtime": 1.2704954147338867, "_step": 0, "_wandb": {"runtime": 1}}