{"CV_RMSE": 2855.2896871463277, "RMSE": 203.56995959923762, "RMSE_Kalmar": 133.31033388065072, "RMSE_Blekinge": 70.25962571858689, "CV_RMSE_'Kalmar": 1290.1000052966199, "CV_RMSE_Blekinge": 1565.1896818497078, "_timestamp": 1748490459.526857, "_runtime": 1.3026258945465088, "_step": 0, "_wandb": {"runtime": 1}}