{"CV_RMSE": 3320.604710410287, "RMSE": 232.23319421857678, "RMSE_Kalmar": 147.05835103805126, "RMSE_Blekinge": 85.17484318052554, "CV_RMSE_'Kalmar": 1423.1453326263024, "CV_RMSE_Blekinge": 1897.459377783985, "_timestamp": 1748567227.8131423, "_runtime": 1.2897262573242188, "_step": 0, "_wandb": {"runtime": 1}}