{"CV_RMSE": 269.88057396576494, "RMSE": 431.3471903857192, "RMSE_STHLM": 396.30236807061385, "RMSE_S\u00f6dermanland": 35.044822315105385, "CV_RMSE_STHLM": 141.14449199190838, "CV_RMSE_S\u00f6dermanland": 128.73608197385653, "_timestamp": 1748285176.9512465, "_runtime": 1.2977445125579834, "_step": 0, "_wandb": {"runtime": 1}}