{"CV_RMSE": 3771.926162519295, "RMSE": 1461.4572413686897, "RMSE_skane": 1275.1831247080665, "RMSE_kronoberg": 186.27411666062306, "CV_RMSE_'skane": 2021.960557148097, "CV_RMSE_kronoberg": 1749.965605371198, "_timestamp": 1748567899.6258023, "_runtime": 1.3292362689971924, "_step": 0, "_wandb": {"runtime": 1}}