{"CV_RMSE": 1448.5278223161492, "RMSE": 565.8516799141477, "RMSE_skane": 495.253185009784, "RMSE_kronoberg": 70.59849490436369, "CV_RMSE_'skane": 785.2851770768244, "CV_RMSE_kronoberg": 663.2426452393248, "_timestamp": 1748568657.2260263, "_runtime": 1.319648265838623, "_step": 0, "_wandb": {"runtime": 1}}