{"CV_RMSE": 3912.719509714054, "RMSE": 272.23813358899025, "RMSE_Kalmar": 170.79556483947698, "RMSE_Blekinge": 101.44256874951328, "CV_RMSE_'Kalmar": 1652.8603048981643, "CV_RMSE_Blekinge": 2259.85920481589, "_timestamp": 1748512660.3166032, "_runtime": 1.352020263671875, "_step": 0, "_wandb": {"runtime": 1}}