{"CV_RMSE": 466.57071696648626, "RMSE": 806.4225691318347, "RMSE_STHLM": 752.3546204800008, "RMSE_S\u00f6dermanland": 54.06794865183395, "CV_RMSE_STHLM": 267.9537627352595, "CV_RMSE_S\u00f6dermanland": 198.61695423122677, "_timestamp": 1748312851.2854536, "_runtime": 1.3399875164031982, "_step": 0, "_wandb": {"runtime": 1}}