{"CV_RMSE": 571.5851324163925, "RMSE": 567.8438144869465, "RMSE_STHLM": 456.5051407302013, "RMSE_S\u00f6dermanland": 111.33867375674515, "CV_RMSE_STHLM": 162.58592269773692, "CV_RMSE_S\u00f6dermanland": 408.99920971865566, "_timestamp": 1748383982.8217728, "_runtime": 1.3064148426055908, "_step": 0, "_wandb": {"runtime": 1}}