{"CV_RMSE": 274.4847685062238, "RMSE": 434.7959608797714, "RMSE_STHLM": 398.7334776390756, "RMSE_S\u00f6dermanland": 36.062483240695855, "CV_RMSE_STHLM": 142.01034027509618, "CV_RMSE_S\u00f6dermanland": 132.47442823112763, "_timestamp": 1748479747.2510366, "_runtime": 1.2739086151123047, "_step": 0, "_wandb": {"runtime": 1}}