{"CV_RMSE": 2905.693947545512, "RMSE": 178.05945241754455, "RMSE_Kalmar": 84.20580624483483, "RMSE_Blekinge": 93.85364617270972, "CV_RMSE_'Kalmar": 814.894899143563, "CV_RMSE_Blekinge": 2090.799048401949, "_timestamp": 1748555175.9417067, "_runtime": 1.36065673828125, "_step": 0, "_wandb": {"runtime": 1}}