{"CV_RMSE": 304.40912591915185, "RMSE": 22.030469189853495, "RMSE_Kalmar": 14.79138790213984, "RMSE_Blekinge": 7.239081287713654, "CV_RMSE_'Kalmar": 143.1424635690952, "CV_RMSE_Blekinge": 161.26666235005666, "_timestamp": 1748471178.815433, "_runtime": 1.32197904586792, "_step": 0, "_wandb": {"runtime": 1}}