{"CV_RMSE": 273.1997050623745, "RMSE": 388.58701540192254, "RMSE_STHLM": 347.9508295495669, "RMSE_S\u00f6dermanland": 40.636185852355666, "CV_RMSE_STHLM": 123.92392029861901, "CV_RMSE_S\u00f6dermanland": 149.27578476375552, "_timestamp": 1748555978.4693797, "_runtime": 1.3414785861968994, "_step": 0, "_wandb": {"runtime": 1}}