{"CV_RMSE": 799.9021537761084, "RMSE": 446.4062505089586, "RMSE_STHLM": 253.20397000556488, "RMSE_S\u00f6dermanland": 193.2022805033937, "CV_RMSE_STHLM": 90.17949070241725, "CV_RMSE_S\u00f6dermanland": 709.7226630736911, "_timestamp": 1748312804.332754, "_runtime": 1.352895975112915, "_step": 0, "_wandb": {"runtime": 1}}