{"CV_RMSE": 272.70487236926624, "RMSE": 434.25996255996364, "RMSE_STHLM": 398.6764805692994, "RMSE_S\u00f6dermanland": 35.58348199066427, "CV_RMSE_STHLM": 141.99004056682605, "CV_RMSE_S\u00f6dermanland": 130.71483180244016, "_timestamp": 1748510870.565825, "_runtime": 1.285964012145996, "_step": 0, "_wandb": {"runtime": 1}}