{"CV_RMSE": 984.3511006418022, "RMSE": 764.9644627225609, "RMSE_STHLM": 550.3613525640623, "RMSE_S\u00f6dermanland": 214.6031101584987, "CV_RMSE_STHLM": 196.01314495752118, "CV_RMSE_S\u00f6dermanland": 788.337955684281, "_timestamp": 1748355958.903191, "_runtime": 1.3108961582183838, "_step": 0, "_wandb": {"runtime": 1}}