{"CV_RMSE": 318.4240852099951, "RMSE": 430.7716993963314, "RMSE_STHLM": 381.03172091843925, "RMSE_S\u00f6dermanland": 49.73997847789221, "CV_RMSE_STHLM": 135.70579692386045, "CV_RMSE_S\u00f6dermanland": 182.71828828613465, "_timestamp": 1748446948.4942648, "_runtime": 1.3015217781066895, "_step": 0, "_wandb": {"runtime": 1}}