{"CV_RMSE": 259.41885542204915, "RMSE": 417.00246285524724, "RMSE_STHLM": 383.57123215360156, "RMSE_S\u00f6dermanland": 33.431230701645696, "CV_RMSE_STHLM": 136.61025284457514, "CV_RMSE_S\u00f6dermanland": 122.80860257747399, "_timestamp": 1748441581.927464, "_runtime": 1.267167091369629, "_step": 0, "_wandb": {"runtime": 1}}