{"CV_RMSE": 274.49513934495974, "RMSE": 435.57491738853713, "RMSE_STHLM": 399.59293817372446, "RMSE_S\u00f6dermanland": 35.98197921481269, "CV_RMSE_STHLM": 142.31644018850497, "CV_RMSE_S\u00f6dermanland": 132.1786991564548, "_timestamp": 1748401357.9170809, "_runtime": 1.2413229942321777, "_step": 0, "_wandb": {"runtime": 1}}