{"CV_RMSE": 1623.7035620519132, "RMSE": 278.8265779396293, "RMSE_skane": 127.51432878399619, "RMSE_kronoberg": 151.31224915563314, "CV_RMSE_'skane": 202.1897390866747, "CV_RMSE_kronoberg": 1421.5138229652384, "_timestamp": 1748518587.3875625, "_runtime": 1.3512084484100342, "_step": 0, "_wandb": {"runtime": 1}}