{"CV_RMSE": 305.8439184034843, "RMSE": 22.188654875754583, "RMSE_Kalmar": 14.957195666985367, "RMSE_Blekinge": 7.231459208769215, "CV_RMSE_'Kalmar": 144.74705484179387, "CV_RMSE_Blekinge": 161.09686356169044, "_timestamp": 1748486010.4435492, "_runtime": 1.313136100769043, "_step": 0, "_wandb": {"runtime": 1}}