{"CV_RMSE": 3011.8555909620964, "RMSE": 248.59903632751167, "RMSE_Kalmar": 200.49842657900163, "RMSE_Blekinge": 48.10060974851003, "CV_RMSE_'Kalmar": 1940.3073539903385, "CV_RMSE_Blekinge": 1071.5482369717581, "_timestamp": 1748462733.271765, "_runtime": 1.940777063369751, "_step": 0, "_wandb": {"runtime": 1}}