{"CV_RMSE": 3926.1516202351804, "RMSE": 1790.3347951190663, "RMSE_skane": 1651.0901326941407, "RMSE_kronoberg": 139.2446624249256, "CV_RMSE_'skane": 2618.0076099801386, "CV_RMSE_kronoberg": 1308.144010255042, "_timestamp": 1748538324.625679, "_runtime": 1.50496506690979, "_step": 0, "_wandb": {"runtime": 1}}