{"CV_RMSE": 304.24971217395336, "RMSE": 22.053399406340503, "RMSE_Kalmar": 14.844581996846696, "RMSE_Blekinge": 7.208817409493808, "CV_RMSE_'Kalmar": 143.65724513077447, "CV_RMSE_Blekinge": 160.59246704317889, "_timestamp": 1748502906.0312269, "_runtime": 1.3340089321136475, "_step": 0, "_wandb": {"runtime": 1}}