{"CV_RMSE": 274.04037727449804, "RMSE": 436.2754764843561, "RMSE_STHLM": 400.5057980290536, "RMSE_S\u00f6dermanland": 35.76967845530251, "CV_RMSE_STHLM": 142.64155845910102, "CV_RMSE_S\u00f6dermanland": 131.398818815397, "_timestamp": 1748474076.4307106, "_runtime": 1.3143956661224365, "_step": 0, "_wandb": {"runtime": 1}}