{"CV_RMSE": 273.5263145909804, "RMSE": 435.24348138332044, "RMSE_STHLM": 399.5179693505165, "RMSE_S\u00f6dermanland": 35.72551203280392, "CV_RMSE_STHLM": 142.28973977659868, "CV_RMSE_S\u00f6dermanland": 131.23657481438175, "_timestamp": 1748445277.2555308, "_runtime": 1.2878139019012451, "_step": 0, "_wandb": {"runtime": 1}}