{"CV_RMSE": 306.06418342645924, "RMSE": 22.190284189870216, "RMSE_Kalmar": 14.94259477655776, "RMSE_Blekinge": 7.247689413312456, "CV_RMSE_'Kalmar": 144.60575590217186, "CV_RMSE_Blekinge": 161.45842752428737, "_timestamp": 1748547773.3740103, "_runtime": 1.2795183658599854, "_step": 0, "_wandb": {"runtime": 1}}