{"CV_RMSE": 4233.307419571635, "RMSE": 1814.7722321940228, "RMSE_skane": 1641.1558197512452, "RMSE_kronoberg": 173.61641244277752, "CV_RMSE_'skane": 2602.2555281467944, "CV_RMSE_kronoberg": 1631.051891424841, "_timestamp": 1748550126.0520587, "_runtime": 1.4220926761627197, "_step": 0, "_wandb": {"runtime": 1}}