{"CV_RMSE": 5116.914152142247, "RMSE": 344.6799040942109, "RMSE_Kalmar": 203.30456527791725, "RMSE_Blekinge": 141.37533881629366, "CV_RMSE_'Kalmar": 1967.4635349475861, "CV_RMSE_Blekinge": 3149.450617194661, "_timestamp": 1748542088.7567003, "_runtime": 1.3383781909942627, "_step": 0, "_wandb": {"runtime": 1}}