{"CV_RMSE": 805.1404398645019, "RMSE": 46.81777990867155, "RMSE_Kalmar": 18.875676334957795, "RMSE_Blekinge": 27.94210357371375, "CV_RMSE_'Kalmar": 182.66783549959155, "CV_RMSE_Blekinge": 622.4726043649104, "_timestamp": 1748469230.9498615, "_runtime": 1.3944644927978516, "_step": 0, "_wandb": {"runtime": 1}}