{"CV_RMSE": 2261.924111305052, "RMSE": 181.5182435268367, "RMSE_Kalmar": 141.41478057036102, "RMSE_Blekinge": 40.10346295647569, "CV_RMSE_'Kalmar": 1368.5301345518808, "CV_RMSE_Blekinge": 893.3939767531713, "_timestamp": 1748503062.2401488, "_runtime": 1.392974853515625, "_step": 0, "_wandb": {"runtime": 1}}