{"CV_RMSE": 374.7274265210863, "RMSE": 107.12979325076623, "RMSE_skane": 80.89580109631368, "RMSE_kronoberg": 26.233992154452558, "CV_RMSE_'skane": 128.2702977214276, "CV_RMSE_kronoberg": 246.4571287996587, "_timestamp": 1748554929.1108532, "_runtime": 1.3493483066558838, "_step": 0, "_wandb": {"runtime": 1}}