{"CV_RMSE": 1265.7326449865277, "RMSE": 1661.5030635008923, "RMSE_STHLM": 1458.332043441058, "RMSE_S\u00f6dermanland": 203.1710200598342, "CV_RMSE_STHLM": 519.3901223177492, "CV_RMSE_S\u00f6dermanland": 746.3425226687787, "_timestamp": 1748325539.5322475, "_runtime": 1.2897634506225586, "_step": 0, "_wandb": {"runtime": 1}}