{"CV_RMSE": 872.7217992759984, "RMSE": 1232.3249392266466, "RMSE_STHLM": 1101.5490566386225, "RMSE_S\u00f6dermanland": 130.7758825880242, "CV_RMSE_STHLM": 392.32059793223596, "CV_RMSE_S\u00f6dermanland": 480.40120134376235, "_timestamp": 1748361288.5558205, "_runtime": 2.2070865631103516, "_step": 0, "_wandb": {"runtime": 1}}