{"CV_RMSE": 1289.6938199694805, "RMSE": 1710.2163773831771, "RMSE_STHLM": 1505.0522532535567, "RMSE_S\u00f6dermanland": 205.1641241296204, "CV_RMSE_STHLM": 536.0296905137321, "CV_RMSE_S\u00f6dermanland": 753.6641294557484, "_timestamp": 1748316565.2293212, "_runtime": 1.2749593257904053, "_step": 0, "_wandb": {"runtime": 1}}