{"CV_RMSE": 278.37792297890064, "RMSE": 100.03785388298375, "RMSE_skane": 84.70217386710206, "RMSE_kronoberg": 15.335680015881687, "CV_RMSE_'skane": 134.3057725165466, "CV_RMSE_kronoberg": 144.07215046235407, "_timestamp": 1748516458.7413437, "_runtime": 1.3335647583007812, "_step": 0, "_wandb": {"runtime": 1}}