{"CV_RMSE": 948.0949092784365, "RMSE": 1523.7038783520352, "RMSE_STHLM": 1401.4898971555724, "RMSE_S\u00f6dermanland": 122.21398119646287, "CV_RMSE_STHLM": 499.14559059755254, "CV_RMSE_S\u00f6dermanland": 448.949318680884, "_timestamp": 1748319371.0693564, "_runtime": 1.2883753776550293, "_step": 0, "_wandb": {"runtime": 1}}