{"CV_RMSE": 267.4053261786476, "RMSE": 427.7612322069693, "RMSE_STHLM": 393.07757419963815, "RMSE_S\u00f6dermanland": 34.68365800733113, "CV_RMSE_STHLM": 139.99597023334957, "CV_RMSE_S\u00f6dermanland": 127.40935594529805, "_timestamp": 1748460083.7734928, "_runtime": 1.3493397235870361, "_step": 0, "_wandb": {"runtime": 1}}