{"CV_RMSE": 303.7793214487957, "RMSE": 21.9631625966626, "RMSE_Kalmar": 14.722370992675206, "RMSE_Blekinge": 7.240791603987393, "CV_RMSE_'Kalmar": 142.474557993631, "CV_RMSE_Blekinge": 161.3047634551647, "_timestamp": 1748496208.4001555, "_runtime": 1.2936146259307861, "_step": 0, "_wandb": {"runtime": 1}}