{"CV_RMSE": 851.0751759675206, "RMSE": 1461.5391186490024, "RMSE_STHLM": 1361.8974632263582, "RMSE_S\u00f6dermanland": 99.64165542264412, "CV_RMSE_STHLM": 485.04460502719525, "CV_RMSE_S\u00f6dermanland": 366.0305709403254, "_timestamp": 1748298423.5498533, "_runtime": 1.2799832820892334, "_step": 0, "_wandb": {"runtime": 1}}