{"CV_RMSE": 261.21243768021304, "RMSE": 409.89538262110995, "RMSE_STHLM": 375.1604490898847, "RMSE_S\u00f6dermanland": 34.73493353122523, "CV_RMSE_STHLM": 133.61472266754896, "CV_RMSE_S\u00f6dermanland": 127.59771501266411, "_timestamp": 1748438640.4857013, "_runtime": 1.339677333831787, "_step": 0, "_wandb": {"runtime": 1}}