{"CV_RMSE": 786.5295552505015, "RMSE": 928.4837579723811, "RMSE_STHLM": 791.0694153070757, "RMSE_S\u00f6dermanland": 137.41434266530538, "CV_RMSE_STHLM": 281.7421740310123, "CV_RMSE_S\u00f6dermanland": 504.78738121948913, "_timestamp": 1748375471.7602198, "_runtime": 1.3482418060302734, "_step": 0, "_wandb": {"runtime": 1}}