{"CV_RMSE": 3248.267997553512, "RMSE": 1467.0254506854342, "RMSE_skane": 1348.9407016432049, "RMSE_kronoberg": 118.08474904222935, "CV_RMSE_'skane": 2138.9123176160756, "CV_RMSE_kronoberg": 1109.3556799374364, "_timestamp": 1748550038.3368778, "_runtime": 1.3067069053649902, "_step": 0, "_wandb": {"runtime": 1}}