{"CV_RMSE": 655.8434250728337, "RMSE": 1289.2583005296792, "RMSE_STHLM": 1229.9725634339673, "RMSE_S\u00f6dermanland": 59.285737095711944, "CV_RMSE_STHLM": 438.05908472123883, "CV_RMSE_S\u00f6dermanland": 217.78434035159492, "_timestamp": 1748292296.9032936, "_runtime": 1.2835335731506348, "_step": 0, "_wandb": {"runtime": 1}}