{"CV_RMSE": 2678.2837053358235, "RMSE": 198.3829253555844, "RMSE_Kalmar": 138.18764923055886, "RMSE_Blekinge": 60.19527612502553, "CV_RMSE_'Kalmar": 1337.2998312634727, "CV_RMSE_Blekinge": 1340.983874072351, "_timestamp": 1748496935.9427063, "_runtime": 1.291189432144165, "_step": 0, "_wandb": {"runtime": 1}}