{"CV_RMSE": 270.17645786705395, "RMSE": 436.9951668173368, "RMSE_STHLM": 402.4675285715785, "RMSE_S\u00f6dermanland": 34.52763824575828, "CV_RMSE_STHLM": 143.34023573977865, "CV_RMSE_S\u00f6dermanland": 126.83622212727532, "_timestamp": 1748523319.5133889, "_runtime": 1.3640708923339844, "_step": 0, "_wandb": {"runtime": 1}}