{"CV_RMSE": 341.9828918665371, "RMSE": 24.247038257705718, "RMSE_Kalmar": 15.728326591656435, "RMSE_Blekinge": 8.518711666049285, "CV_RMSE_'Kalmar": 152.20961217732034, "CV_RMSE_Blekinge": 189.77327968921674, "_timestamp": 1748475843.408165, "_runtime": 1.3623158931732178, "_step": 0, "_wandb": {"runtime": 1}}