{"CV_RMSE": 272.17007831065536, "RMSE": 429.2437508692739, "RMSE_STHLM": 393.2829314289066, "RMSE_S\u00f6dermanland": 35.96081944036736, "CV_RMSE_STHLM": 140.0691089378773, "CV_RMSE_S\u00f6dermanland": 132.10096937277805, "_timestamp": 1748565976.504625, "_runtime": 1.2469041347503662, "_step": 0, "_wandb": {"runtime": 1}}