{"CV_RMSE": 4819.325378323056, "RMSE": 317.0839831559756, "RMSE_Kalmar": 178.13181408364545, "RMSE_Blekinge": 138.95216907233018, "CV_RMSE_'Kalmar": 1723.856265325601, "CV_RMSE_Blekinge": 3095.4691129974544, "_timestamp": 1748486904.9946775, "_runtime": 1.2942745685577393, "_step": 0, "_wandb": {"runtime": 1}}