{"CV_RMSE": 4975.683586254056, "RMSE": 1902.1955575345457, "RMSE_skane": 1651.2632703831894, "RMSE_kronoberg": 250.93228715135635, "CV_RMSE_'skane": 2618.28214119956, "CV_RMSE_kronoberg": 2357.401445054496, "_timestamp": 1748505407.408337, "_runtime": 1.3167541027069092, "_step": 0, "_wandb": {"runtime": 1}}