{"CV_RMSE": 306.79537446264135, "RMSE": 22.241544534102893, "RMSE_Kalmar": 14.975194266442246, "RMSE_Blekinge": 7.266350267660646, "CV_RMSE_'Kalmar": 144.92123483653788, "CV_RMSE_Blekinge": 161.8741396261035, "_timestamp": 1748512599.8178058, "_runtime": 1.3337466716766357, "_step": 0, "_wandb": {"runtime": 1}}