{"CV_RMSE": 268.9389198605204, "RMSE": 431.8795435366888, "RMSE_STHLM": 397.1757359509423, "RMSE_S\u00f6dermanland": 34.703807585746524, "CV_RMSE_STHLM": 141.45554505573725, "CV_RMSE_S\u00f6dermanland": 127.48337480478317, "_timestamp": 1748451455.230394, "_runtime": 1.272223949432373, "_step": 0, "_wandb": {"runtime": 1}}