{"CV_RMSE": 713.8894137491017, "RMSE": 545.8467100977612, "RMSE_STHLM": 389.2489669792887, "RMSE_S\u00f6dermanland": 156.59774311847247, "CV_RMSE_STHLM": 138.63239821185587, "CV_RMSE_S\u00f6dermanland": 575.2570155372458, "_timestamp": 1748345066.537145, "_runtime": 1.2987840175628662, "_step": 0, "_wandb": {"runtime": 1}}