{"CV_RMSE": 1094.7693948830163, "RMSE": 1477.6450460416208, "RMSE_STHLM": 1306.2712894631707, "RMSE_S\u00f6dermanland": 171.3737565784503, "CV_RMSE_STHLM": 465.2331462274846, "CV_RMSE_S\u00f6dermanland": 629.5362486555317, "_timestamp": 1748286034.2903512, "_runtime": 1.2655770778656006, "_step": 0, "_wandb": {"runtime": 1}}