{"CV_RMSE": 2403.716470993454, "RMSE": 139.92357324425296, "RMSE_Kalmar": 56.6193400026905, "RMSE_Blekinge": 83.30423324156247, "CV_RMSE_'Kalmar": 547.9290968002306, "CV_RMSE_Blekinge": 1855.7873741932233, "_timestamp": 1748469517.8657565, "_runtime": 1.2891645431518555, "_step": 0, "_wandb": {"runtime": 1}}