{"CV_RMSE": 275.0632527961982, "RMSE": 435.64747854564945, "RMSE_STHLM": 399.5020326718533, "RMSE_S\u00f6dermanland": 36.14544587379614, "CV_RMSE_STHLM": 142.28406387204907, "CV_RMSE_S\u00f6dermanland": 132.7791889241491, "_timestamp": 1748340200.104953, "_runtime": 1.2639060020446777, "_step": 0, "_wandb": {"runtime": 1}}