{"CV_RMSE": 269.8380055975879, "RMSE": 430.6815252711919, "RMSE_STHLM": 395.5780680147634, "RMSE_S\u00f6dermanland": 35.103457256428484, "CV_RMSE_STHLM": 140.88652996172817, "CV_RMSE_S\u00f6dermanland": 128.95147563585974, "_timestamp": 1748525799.3097029, "_runtime": 1.501680850982666, "_step": 0, "_wandb": {"runtime": 1}}