{"CV_RMSE": 4509.023846528008, "RMSE": 1628.7709074512659, "RMSE_skane": 1382.0787738723798, "RMSE_kronoberg": 246.692133578886, "CV_RMSE_'skane": 2191.456829607367, "CV_RMSE_kronoberg": 2317.567016920641, "_timestamp": 1748564959.7371435, "_runtime": 1.3503565788269043, "_step": 0, "_wandb": {"runtime": 1}}