{"CV_RMSE": 358.7499268219801, "RMSE": 566.7169069714865, "RMSE_STHLM": 519.416107011813, "RMSE_S\u00f6dermanland": 47.300799959673505, "CV_RMSE_STHLM": 184.99188615379174, "CV_RMSE_S\u00f6dermanland": 173.75804066818839, "_timestamp": 1748543429.7938635, "_runtime": 1.3136544227600098, "_step": 0, "_wandb": {"runtime": 1}}