{"CV_RMSE": 264.360715143953, "RMSE": 429.1489341489362, "RMSE_STHLM": 395.53205608071727, "RMSE_S\u00f6dermanland": 33.61687806821891, "CV_RMSE_STHLM": 140.87014264845493, "CV_RMSE_S\u00f6dermanland": 123.49057249549804, "_timestamp": 1748339448.9723067, "_runtime": 1.3034298419952393, "_step": 0, "_wandb": {"runtime": 1}}