{"CV_RMSE": 256.6074357877615, "RMSE": 414.29657760881014, "RMSE_STHLM": 381.42233608334647, "RMSE_S\u00f6dermanland": 32.874241525463695, "CV_RMSE_STHLM": 135.84491589830304, "CV_RMSE_S\u00f6dermanland": 120.76251988945847, "_timestamp": 1748469490.7119505, "_runtime": 1.2943925857543945, "_step": 0, "_wandb": {"runtime": 1}}