{"CV_RMSE": 306.74898055282557, "RMSE": 22.234296970715327, "RMSE_Kalmar": 14.96606224579207, "RMSE_Blekinge": 7.268234724923256, "CV_RMSE_'Kalmar": 144.83286044314906, "CV_RMSE_Blekinge": 161.9161201096765, "_timestamp": 1748570518.2378159, "_runtime": 1.2931289672851562, "_step": 0, "_wandb": {"runtime": 1}}