{"CV_RMSE": 269.4223867466176, "RMSE": 426.9902813546501, "RMSE_STHLM": 391.61581259823186, "RMSE_S\u00f6dermanland": 35.37446875641823, "CV_RMSE_STHLM": 139.47535866181587, "CV_RMSE_S\u00f6dermanland": 129.94702808480167, "_timestamp": 1748529709.232253, "_runtime": 1.318160057067871, "_step": 0, "_wandb": {"runtime": 1}}