{"CV_RMSE": 3297.7526651776907, "RMSE": 1418.2046623902777, "RMSE_skane": 1283.8698294793794, "RMSE_kronoberg": 134.33483291089823, "CV_RMSE_'skane": 2035.7344019229058, "CV_RMSE_kronoberg": 1262.018263254785, "_timestamp": 1748535959.5232515, "_runtime": 1.3459055423736572, "_step": 0, "_wandb": {"runtime": 1}}