{"CV_RMSE": 4802.051656367339, "RMSE": 1877.183642745151, "RMSE_skane": 1643.407628065494, "RMSE_kronoberg": 233.77601467965707, "CV_RMSE_'skane": 2605.8260487296416, "CV_RMSE_kronoberg": 2196.225607637697, "_timestamp": 1748508432.0323968, "_runtime": 1.3180508613586426, "_step": 0, "_wandb": {"runtime": 1}}