{"CV_RMSE": 4214.101746733262, "RMSE": 1608.2351740423544, "RMSE_skane": 1395.140414015564, "RMSE_kronoberg": 213.0947600267905, "CV_RMSE_'skane": 2212.1676755003655, "CV_RMSE_kronoberg": 2001.9340712328963, "_timestamp": 1748527196.4797218, "_runtime": 1.2617847919464111, "_step": 0, "_wandb": {"runtime": 1}}