{"CV_RMSE": 1912.9932162528264, "RMSE": 148.7563741622134, "RMSE_Kalmar": 111.18315178014663, "RMSE_Blekinge": 37.57322238206677, "CV_RMSE_'Kalmar": 1075.965984969161, "CV_RMSE_Blekinge": 837.0272312836655, "_timestamp": 1748577202.8655934, "_runtime": 1.3201014995574951, "_step": 0, "_wandb": {"runtime": 1}}