{"CV_RMSE": 1756.1537259042186, "RMSE": 2527.4678632401483, "RMSE_STHLM": 2269.431808040646, "RMSE_S\u00f6dermanland": 258.0360551995022, "CV_RMSE_STHLM": 808.2661761917616, "CV_RMSE_S\u00f6dermanland": 947.887549712457, "_timestamp": 1748310949.9038062, "_runtime": 1.2721831798553467, "_step": 0, "_wandb": {"runtime": 1}}