{"CV_RMSE": 274.2136603358366, "RMSE": 435.44997458579905, "RMSE_STHLM": 399.53943270116923, "RMSE_S\u00f6dermanland": 35.91054188462985, "CV_RMSE_STHLM": 142.29738402495144, "CV_RMSE_S\u00f6dermanland": 131.91627631088517, "_timestamp": 1748467698.1071036, "_runtime": 1.2968826293945312, "_step": 0, "_wandb": {"runtime": 1}}