{"CV_RMSE": 3107.2070094725123, "RMSE": 220.58271230283952, "RMSE_Kalmar": 143.39617329441373, "RMSE_Blekinge": 77.1865390084258, "CV_RMSE_'Kalmar": 1387.7049028491651, "CV_RMSE_Blekinge": 1719.502106623347, "_timestamp": 1748517519.8767898, "_runtime": 1.3742797374725342, "_step": 0, "_wandb": {"runtime": 1}}