{"CV_RMSE": 429.607630572522, "RMSE": 614.4159591341073, "RMSE_STHLM": 550.8762721086733, "RMSE_S\u00f6dermanland": 63.53968702543396, "CV_RMSE_STHLM": 196.19653537705028, "CV_RMSE_S\u00f6dermanland": 233.4110951954717, "_timestamp": 1748434676.063637, "_runtime": 1.3678441047668457, "_step": 0, "_wandb": {"runtime": 1}}