{"CV_RMSE": 1378.4014415718661, "RMSE": 2321.2094726867117, "RMSE_STHLM": 2154.9019842402486, "RMSE_S\u00f6dermanland": 166.3074884464631, "CV_RMSE_STHLM": 767.4759738093485, "CV_RMSE_S\u00f6dermanland": 610.9254677625175, "_timestamp": 1748286286.1602392, "_runtime": 1.3165161609649658, "_step": 0, "_wandb": {"runtime": 1}}