{"CV_RMSE": 4877.806978607103, "RMSE": 1946.577366878998, "RMSE_skane": 1717.1908049624822, "RMSE_kronoberg": 229.38656191651575, "CV_RMSE_'skane": 2722.8184011033013, "CV_RMSE_kronoberg": 2154.9885775038015, "_timestamp": 1748500798.5271041, "_runtime": 1.3504612445831299, "_step": 0, "_wandb": {"runtime": 1}}