{"CV_RMSE": 275.38619395950445, "RMSE": 436.8984039184608, "RMSE_STHLM": 400.78990970811026, "RMSE_S\u00f6dermanland": 36.10849421035055, "CV_RMSE_STHLM": 142.74274583984933, "CV_RMSE_S\u00f6dermanland": 132.6434481196551, "_timestamp": 1748449855.4408634, "_runtime": 1.2728984355926514, "_step": 0, "_wandb": {"runtime": 1}}