{"CV_RMSE": 4533.054637102093, "RMSE": 325.19436767894956, "RMSE_Kalmar": 215.19171297439993, "RMSE_Blekinge": 110.0026547045496, "CV_RMSE_'Kalmar": 2082.500448139354, "CV_RMSE_Blekinge": 2450.554188962739, "_timestamp": 1748569092.2708032, "_runtime": 1.3754363059997559, "_step": 0, "_wandb": {"runtime": 1}}