{"CV_RMSE": 1722.087848327242, "RMSE": 2139.5448719590604, "RMSE_STHLM": 1850.129751718459, "RMSE_S\u00f6dermanland": 289.4151202406016, "CV_RMSE_STHLM": 658.93026376993, "CV_RMSE_S\u00f6dermanland": 1063.157584557312, "_timestamp": 1748323727.6743088, "_runtime": 1.254678726196289, "_step": 0, "_wandb": {"runtime": 1}}