{"CV_RMSE": 353.4648440246309, "RMSE": 468.5359851625965, "RMSE_STHLM": 412.28746915326894, "RMSE_S\u00f6dermanland": 56.24851600932752, "CV_RMSE_STHLM": 146.83764235771352, "CV_RMSE_S\u00f6dermanland": 206.62720166691741, "_timestamp": 1748556844.017654, "_runtime": 1.2575199604034424, "_step": 0, "_wandb": {"runtime": 1}}