{"CV_RMSE": 2812.9666699859645, "RMSE": 205.5462354645997, "RMSE_Kalmar": 140.16353054321357, "RMSE_Blekinge": 65.38270492138614, "CV_RMSE_'Kalmar": 1356.4212633214215, "CV_RMSE_Blekinge": 1456.5454066645427, "_timestamp": 1748509396.998433, "_runtime": 1.3829982280731201, "_step": 0, "_wandb": {"runtime": 1}}