{"CV_RMSE": 275.3623120715297, "RMSE": 437.35706258066216, "RMSE_STHLM": 401.305010024849, "RMSE_S\u00f6dermanland": 36.05205255581316, "CV_RMSE_STHLM": 142.92620064201193, "CV_RMSE_S\u00f6dermanland": 132.43611142951775, "_timestamp": 1748460823.2991269, "_runtime": 1.249924898147583, "_step": 0, "_wandb": {"runtime": 1}}