{"CV_RMSE": 3101.2557037364218, "RMSE": 1249.8540857731555, "RMSE_skane": 1106.4983583663764, "RMSE_kronoberg": 143.35572740677904, "CV_RMSE_'skane": 1754.4899974096875, "CV_RMSE_kronoberg": 1346.7657063267343, "_timestamp": 1748502175.5445445, "_runtime": 1.3168425559997559, "_step": 0, "_wandb": {"runtime": 1}}