{"CV_RMSE": 274.2331960494123, "RMSE": 434.5056293491, "RMSE_STHLM": 398.4878116937025, "RMSE_S\u00f6dermanland": 36.01781765539749, "CV_RMSE_STHLM": 141.92284547856443, "CV_RMSE_S\u00f6dermanland": 132.3103505708479, "_timestamp": 1748561280.3791337, "_runtime": 1.2558977603912354, "_step": 0, "_wandb": {"runtime": 1}}