{"CV_RMSE": 3528.788362786425, "RMSE": 1309.1840046118768, "RMSE_skane": 1123.1262743111195, "RMSE_kronoberg": 186.0577303007574, "CV_RMSE_'skane": 1780.8556146582232, "CV_RMSE_kronoberg": 1747.9327481282014, "_timestamp": 1748543482.9114604, "_runtime": 1.3060214519500732, "_step": 0, "_wandb": {"runtime": 1}}