{"CV_RMSE": 815.2829670043379, "RMSE": 2021.6898128828416, "RMSE_STHLM": 1992.9765446112358, "RMSE_S\u00f6dermanland": 28.713268271605852, "CV_RMSE_STHLM": 709.805654986194, "CV_RMSE_S\u00f6dermanland": 105.47731201814395, "_timestamp": 1748388759.027608, "_runtime": 1.3152358531951904, "_step": 0, "_wandb": {"runtime": 1}}