{"CV_RMSE": 236.90925483279665, "RMSE": 394.84594875232483, "RMSE_STHLM": 365.82143730723806, "RMSE_S\u00f6dermanland": 29.02451144508679, "CV_RMSE_STHLM": 130.2886005447227, "CV_RMSE_S\u00f6dermanland": 106.62065428807394, "_timestamp": 1748387092.4730327, "_runtime": 1.2954347133636475, "_step": 0, "_wandb": {"runtime": 1}}