{"CV_RMSE": 469.86158947484523, "RMSE": 455.95652345963026, "RMSE_STHLM": 363.2698234183067, "RMSE_S\u00f6dermanland": 92.68670004132355, "CV_RMSE_STHLM": 129.37983422100356, "CV_RMSE_S\u00f6dermanland": 340.48175525384164, "_timestamp": 1748473882.4666948, "_runtime": 1.2830698490142822, "_step": 0, "_wandb": {"runtime": 1}}