{"CV_RMSE": 3406.156605371768, "RMSE": 235.77018017176937, "RMSE_Kalmar": 146.5220211802765, "RMSE_Blekinge": 89.24815899149286, "CV_RMSE_'Kalmar": 1417.9550436800953, "CV_RMSE_Blekinge": 1988.2015616916724, "_timestamp": 1748493458.026436, "_runtime": 1.321134090423584, "_step": 0, "_wandb": {"runtime": 1}}