{"CV_RMSE": 3424.4538665985665, "RMSE": 225.7792411489377, "RMSE_Kalmar": 127.40524749856255, "RMSE_Blekinge": 98.37399365037516, "CV_RMSE_'Kalmar": 1232.9540080506051, "CV_RMSE_Blekinge": 2191.4998585479616, "_timestamp": 1748481823.576847, "_runtime": 1.5073959827423096, "_step": 0, "_wandb": {"runtime": 1}}