{"CV_RMSE": 3645.9493463554463, "RMSE": 1806.7966986762017, "RMSE_skane": 1706.7768645338876, "RMSE_kronoberg": 100.01983414231398, "CV_RMSE_'skane": 2706.305810571703, "CV_RMSE_kronoberg": 939.643535783743, "_timestamp": 1748531118.8335693, "_runtime": 1.3648831844329834, "_step": 0, "_wandb": {"runtime": 1}}