{"CV_RMSE": 275.4479669698409, "RMSE": 436.92926345144934, "RMSE_STHLM": 400.80546099771067, "RMSE_S\u00f6dermanland": 36.123802453738655, "CV_RMSE_STHLM": 142.74828448671929, "CV_RMSE_S\u00f6dermanland": 132.6996824831216, "_timestamp": 1748552587.5557408, "_runtime": 1.3449828624725342, "_step": 0, "_wandb": {"runtime": 1}}