{"CV_RMSE": 2811.876464949849, "RMSE": 191.32953677061766, "RMSE_Kalmar": 115.1140678832093, "RMSE_Blekinge": 76.21546888740838, "CV_RMSE_'Kalmar": 1114.0071085471868, "CV_RMSE_Blekinge": 1697.8693564026619, "_timestamp": 1748480781.8328638, "_runtime": 1.3302557468414307, "_step": 0, "_wandb": {"runtime": 1}}