{"CV_RMSE": 3522.2941613843977, "RMSE": 1455.2967785166525, "RMSE_skane": 1299.739195597183, "RMSE_kronoberg": 155.55758291946955, "CV_RMSE_'skane": 2060.8972446044127, "CV_RMSE_kronoberg": 1461.3969167799853, "_timestamp": 1748556918.9234893, "_runtime": 1.4111862182617188, "_step": 0, "_wandb": {"runtime": 1}}