{"CV_RMSE": 306.7486684445464, "RMSE": 22.237802719975903, "RMSE_Kalmar": 14.972285394637373, "RMSE_Blekinge": 7.265517325338531, "CV_RMSE_'Kalmar": 144.89308446423263, "CV_RMSE_Blekinge": 161.8555839803138, "_timestamp": 1748547468.6844432, "_runtime": 1.2878773212432861, "_step": 0, "_wandb": {"runtime": 1}}