{"CV_RMSE": 275.4451782936426, "RMSE": 436.78635889824415, "RMSE_STHLM": 400.6480545734775, "RMSE_S\u00f6dermanland": 36.13830432476662, "CV_RMSE_STHLM": 142.69222363123455, "CV_RMSE_S\u00f6dermanland": 132.752954662408, "_timestamp": 1748453633.8972912, "_runtime": 1.2427561283111572, "_step": 0, "_wandb": {"runtime": 1}}