{"CV_RMSE": 2424.583471253511, "RMSE": 203.88289740262724, "RMSE_Kalmar": 168.04717985648938, "RMSE_Blekinge": 35.83571754613786, "CV_RMSE_'Kalmar": 1626.263030869252, "CV_RMSE_Blekinge": 798.3204403842592, "_timestamp": 1748532647.1139455, "_runtime": 1.3161284923553467, "_step": 0, "_wandb": {"runtime": 1}}