{"CV_RMSE": 1055.650467026772, "RMSE": 2068.75563074022, "RMSE_STHLM": 1972.637010468012, "RMSE_S\u00f6dermanland": 96.11862027220828, "CV_RMSE_STHLM": 702.5616578635579, "CV_RMSE_S\u00f6dermanland": 353.0888091632141, "_timestamp": 1748330090.9707983, "_runtime": 1.29982328414917, "_step": 0, "_wandb": {"runtime": 1}}