{"CV_RMSE": 305.7440555778342, "RMSE": 22.163234843682176, "RMSE_Kalmar": 14.92017724544063, "RMSE_Blekinge": 7.243057598241547, "CV_RMSE_'Kalmar": 144.38881205265125, "CV_RMSE_Blekinge": 161.35524352518297, "_timestamp": 1748464693.205901, "_runtime": 1.3023738861083984, "_step": 0, "_wandb": {"runtime": 1}}