{"CV_RMSE": 4925.451746502402, "RMSE": 1910.8441566607614, "RMSE_skane": 1668.1005858994608, "RMSE_kronoberg": 242.74357076130067, "CV_RMSE_'skane": 2644.9797873670095, "CV_RMSE_kronoberg": 2280.471959135393, "_timestamp": 1748571413.3298142, "_runtime": 1.2354493141174316, "_step": 0, "_wandb": {"runtime": 1}}