{"CV_RMSE": 266.31868358430125, "RMSE": 423.3671766537454, "RMSE_STHLM": 388.5393310333618, "RMSE_S\u00f6dermanland": 34.827845620383584, "CV_RMSE_STHLM": 138.37965885636154, "CV_RMSE_S\u00f6dermanland": 127.93902472793971, "_timestamp": 1748311563.7862859, "_runtime": 1.2944049835205078, "_step": 0, "_wandb": {"runtime": 1}}