{"CV_RMSE": 505.7992082917642, "RMSE": 676.5541035071924, "RMSE_STHLM": 596.7178502117305, "RMSE_S\u00f6dermanland": 79.8362532954619, "CV_RMSE_STHLM": 212.5231757778225, "CV_RMSE_S\u00f6dermanland": 293.2760325139417, "_timestamp": 1748307193.217817, "_runtime": 1.3770191669464111, "_step": 0, "_wandb": {"runtime": 1}}