{"CV_RMSE": 1530.3725764935662, "RMSE": 2220.4528115262547, "RMSE_STHLM": 1997.5164142362194, "RMSE_S\u00f6dermanland": 222.9363972900355, "CV_RMSE_STHLM": 711.4225456322112, "CV_RMSE_S\u00f6dermanland": 818.9500308613549, "_timestamp": 1748370991.1189928, "_runtime": 1.3635177612304688, "_step": 0, "_wandb": {"runtime": 1}}