{"CV_RMSE": 273.51653817180767, "RMSE": 434.7576302309686, "RMSE_STHLM": 398.98290335186147, "RMSE_S\u00f6dermanland": 35.77472687910709, "CV_RMSE_STHLM": 142.09917412610815, "CV_RMSE_S\u00f6dermanland": 131.41736404569951, "_timestamp": 1748548425.4746857, "_runtime": 1.3285176753997803, "_step": 0, "_wandb": {"runtime": 1}}