{"CV_RMSE": 1349.7043638827895, "RMSE": 769.7852153286794, "RMSE_skane": 753.2510172193089, "RMSE_kronoberg": 16.534198109370593, "CV_RMSE_'skane": 1194.3726488678258, "CV_RMSE_kronoberg": 155.33171501496383, "_timestamp": 1748555211.411743, "_runtime": 1.3731739521026611, "_step": 0, "_wandb": {"runtime": 1}}