{"CV_RMSE": 257.59465369998804, "RMSE": 404.56566629554624, "RMSE_STHLM": 370.34909963506317, "RMSE_S\u00f6dermanland": 34.21656666048307, "CV_RMSE_STHLM": 131.90114351862164, "CV_RMSE_S\u00f6dermanland": 125.69351018136638, "_timestamp": 1748481479.642823, "_runtime": 1.2707419395446777, "_step": 0, "_wandb": {"runtime": 1}}