{"CV_RMSE": 3580.9957179132234, "RMSE": 247.14480835953597, "RMSE_Kalmar": 152.75672472221376, "RMSE_Blekinge": 94.38808363732221, "CV_RMSE_'Kalmar": 1478.2908844085202, "CV_RMSE_Blekinge": 2102.704833504703, "_timestamp": 1748540779.9592354, "_runtime": 1.3382093906402588, "_step": 0, "_wandb": {"runtime": 1}}