{"CV_RMSE": 1478.7809687112851, "RMSE": 1974.972086250241, "RMSE_STHLM": 1741.2326109237686, "RMSE_S\u00f6dermanland": 233.73947532647247, "CV_RMSE_STHLM": 620.1461613895495, "CV_RMSE_S\u00f6dermanland": 858.6348073217356, "_timestamp": 1748284601.4419034, "_runtime": 1.3412964344024658, "_step": 0, "_wandb": {"runtime": 1}}