{"CV_RMSE": 2418.2385242631963, "RMSE": 175.8716399828963, "RMSE_Kalmar": 119.02514751176044, "RMSE_Blekinge": 56.84649247113588, "CV_RMSE_'Kalmar": 1151.8562662428428, "CV_RMSE_Blekinge": 1266.3822580203537, "_timestamp": 1748521440.4847488, "_runtime": 1.3247897624969482, "_step": 0, "_wandb": {"runtime": 1}}