{"CV_RMSE": 3034.4769514620293, "RMSE": 189.44084397336036, "RMSE_Kalmar": 94.10777014231356, "RMSE_Blekinge": 95.33307383104679, "CV_RMSE_'Kalmar": 910.7203562159375, "CV_RMSE_Blekinge": 2123.756595246092, "_timestamp": 1748469398.1527655, "_runtime": 1.3207166194915771, "_step": 0, "_wandb": {"runtime": 1}}