{"CV_RMSE": 1253.3821560682381, "RMSE": 1144.9207441770136, "RMSE_STHLM": 890.0114689490675, "RMSE_S\u00f6dermanland": 254.90927522794613, "CV_RMSE_STHLM": 316.9807368635381, "CV_RMSE_S\u00f6dermanland": 936.4014192047001, "_timestamp": 1748340525.6925087, "_runtime": 1.2923448085784912, "_step": 0, "_wandb": {"runtime": 1}}