{"CV_RMSE": 3089.3539525691845, "RMSE": 1713.1189511486327, "RMSE_skane": 1665.3542634156408, "RMSE_kronoberg": 47.764687732992, "CV_RMSE_'skane": 2640.625153407464, "CV_RMSE_kronoberg": 448.7287991617203, "_timestamp": 1748509716.2822742, "_runtime": 1.3148243427276611, "_step": 0, "_wandb": {"runtime": 1}}