{"CV_RMSE": 1176.0414072693366, "RMSE": 1239.2118368572415, "RMSE_STHLM": 1017.7400938274752, "RMSE_S\u00f6dermanland": 221.47174302976612, "CV_RMSE_STHLM": 362.47173899672646, "CV_RMSE_S\u00f6dermanland": 813.5696682726102, "_timestamp": 1748289949.185541, "_runtime": 1.259915828704834, "_step": 0, "_wandb": {"runtime": 1}}