{"CV_RMSE": 4060.1694114644224, "RMSE": 1756.3734478065765, "RMSE_skane": 1593.0707817487853, "RMSE_kronoberg": 163.30266605779124, "CV_RMSE_'skane": 2526.0107533014566, "CV_RMSE_kronoberg": 1534.1586581629658, "_timestamp": 1748516986.3897815, "_runtime": 1.328622579574585, "_step": 0, "_wandb": {"runtime": 1}}