{"CV_RMSE": 505.49987617459055, "RMSE": 578.6502356785761, "RMSE_STHLM": 488.3930641571497, "RMSE_S\u00f6dermanland": 90.25717152142643, "CV_RMSE_STHLM": 173.942919565269, "CV_RMSE_S\u00f6dermanland": 331.55695660932156, "_timestamp": 1748386771.734113, "_runtime": 1.5446419715881348, "_step": 0, "_wandb": {"runtime": 1}}