{"CV_RMSE": 1016.6486242414726, "RMSE": 1189.0864431587534, "RMSE_STHLM": 1010.2818602973481, "RMSE_S\u00f6dermanland": 178.8045828614053, "CV_RMSE_STHLM": 359.8154627097797, "CV_RMSE_S\u00f6dermanland": 656.8331615316929, "_timestamp": 1748352103.3951468, "_runtime": 1.3033819198608398, "_step": 0, "_wandb": {"runtime": 1}}