{"CV_RMSE": 2588.9259815851105, "RMSE": 1100.6562485145466, "RMSE_skane": 992.6136114700685, "RMSE_kronoberg": 108.04263704447814, "CV_RMSE_'skane": 1573.9116460941887, "CV_RMSE_kronoberg": 1015.014335490922, "_timestamp": 1748514433.7642806, "_runtime": 1.4839534759521484, "_step": 0, "_wandb": {"runtime": 1}}