{"CV_RMSE": 266.04017546370807, "RMSE": 433.9586982439504, "RMSE_STHLM": 400.35193503944043, "RMSE_S\u00f6dermanland": 33.60676320450996, "CV_RMSE_STHLM": 142.58675961040618, "CV_RMSE_S\u00f6dermanland": 123.4534158533019, "_timestamp": 1748477944.9705508, "_runtime": 1.2649986743927002, "_step": 0, "_wandb": {"runtime": 1}}