{"CV_RMSE": 306.5618115205005, "RMSE": 22.21024394072996, "RMSE_Kalmar": 14.938389936507674, "RMSE_Blekinge": 7.271854004222288, "CV_RMSE_'Kalmar": 144.56506390168715, "CV_RMSE_Blekinge": 161.99674761881334, "_timestamp": 1748485139.685896, "_runtime": 1.332711935043335, "_step": 0, "_wandb": {"runtime": 1}}