{"CV_RMSE": 259.3031376394619, "RMSE": 401.83276585888194, "RMSE_STHLM": 366.80776966267393, "RMSE_S\u00f6dermanland": 35.024996196207994, "CV_RMSE_STHLM": 130.63988630645295, "CV_RMSE_S\u00f6dermanland": 128.66325133300896, "_timestamp": 1748465858.4504514, "_runtime": 1.2616183757781982, "_step": 0, "_wandb": {"runtime": 1}}