{"CV_RMSE": 275.0559604016629, "RMSE": 435.9223190586581, "RMSE_STHLM": 399.80857888354785, "RMSE_S\u00f6dermanland": 36.11374017511024, "CV_RMSE_STHLM": 142.39324139105386, "CV_RMSE_S\u00f6dermanland": 132.66271901060904, "_timestamp": 1748516452.2959526, "_runtime": 1.2967705726623535, "_step": 0, "_wandb": {"runtime": 1}}