{"CV_RMSE": 270.7041948854762, "RMSE": 435.1040989862929, "RMSE_STHLM": 400.2143464349033, "RMSE_S\u00f6dermanland": 34.88975255138963, "CV_RMSE_STHLM": 142.53775694159594, "CV_RMSE_S\u00f6dermanland": 128.16643794388028, "_timestamp": 1748510026.9728098, "_runtime": 1.313518762588501, "_step": 0, "_wandb": {"runtime": 1}}