{"CV_RMSE": 3736.1452759942676, "RMSE": 274.8593321756819, "RMSE_Kalmar": 189.44404461636907, "RMSE_Blekinge": 85.41528755931284, "CV_RMSE_'Kalmar": 1833.329464029378, "CV_RMSE_Blekinge": 1902.81581196489, "_timestamp": 1748498593.830302, "_runtime": 1.3540539741516113, "_step": 0, "_wandb": {"runtime": 1}}