{"CV_RMSE": 2474.830805986706, "RMSE": 184.47397658589247, "RMSE_Kalmar": 129.74308272044672, "RMSE_Blekinge": 54.73089386544574, "CV_RMSE_'Kalmar": 1255.5782198752909, "CV_RMSE_Blekinge": 1219.252586111415, "_timestamp": 1748555060.0491595, "_runtime": 1.337587594985962, "_step": 0, "_wandb": {"runtime": 1}}