{"CV_RMSE": 305.8908892866211, "RMSE": 22.146168188373494, "RMSE_Kalmar": 14.878348714388862, "RMSE_Blekinge": 7.267819473984632, "CV_RMSE_'Kalmar": 143.9840198166664, "CV_RMSE_Blekinge": 161.90686946995467, "_timestamp": 1748508328.0667517, "_runtime": 1.8693478107452393, "_step": 0, "_wandb": {"runtime": 1}}