{"CV_RMSE": 908.8167746274055, "RMSE": 508.34005856168267, "RMSE_STHLM": 288.9549604457049, "RMSE_S\u00f6dermanland": 219.38509811597774, "CV_RMSE_STHLM": 102.91233256871168, "CV_RMSE_S\u00f6dermanland": 805.9044420586938, "_timestamp": 1748300162.8612587, "_runtime": 1.2997257709503174, "_step": 0, "_wandb": {"runtime": 1}}