{"CV_RMSE": 275.3331183962929, "RMSE": 437.64950907655754, "RMSE_STHLM": 401.63765454128634, "RMSE_S\u00f6dermanland": 36.011854535271176, "CV_RMSE_STHLM": 143.0446731646845, "CV_RMSE_S\u00f6dermanland": 132.28844523160842, "_timestamp": 1748454884.2308424, "_runtime": 1.243678331375122, "_step": 0, "_wandb": {"runtime": 1}}