{"CV_RMSE": 4964.174406429469, "RMSE": 1925.70609438259, "RMSE_skane": 1681.0215171128089, "RMSE_kronoberg": 244.68457726978107, "CV_RMSE_'skane": 2665.4675218490625, "CV_RMSE_kronoberg": 2298.706884580407, "_timestamp": 1748558617.9568748, "_runtime": 1.342094898223877, "_step": 0, "_wandb": {"runtime": 1}}