{"CV_RMSE": 1304.793977849528, "RMSE": 1700.996585922112, "RMSE_STHLM": 1490.2906864185163, "RMSE_S\u00f6dermanland": 210.70589950359562, "CV_RMSE_STHLM": 530.7723062036663, "CV_RMSE_S\u00f6dermanland": 774.0216716458615, "_timestamp": 1748328147.629666, "_runtime": 1.3552072048187256, "_step": 0, "_wandb": {"runtime": 1}}