{"CV_RMSE": 257.30436591900104, "RMSE": 414.27226933574667, "RMSE_STHLM": 381.185329459707, "RMSE_S\u00f6dermanland": 33.08693987603963, "CV_RMSE_STHLM": 135.76050514987585, "CV_RMSE_S\u00f6dermanland": 121.54386076912516, "_timestamp": 1748517351.3339221, "_runtime": 1.306014060974121, "_step": 0, "_wandb": {"runtime": 1}}