{"CV_RMSE": 3212.0045196651263, "RMSE": 206.71155425252957, "RMSE_Kalmar": 110.55373277674087, "RMSE_Blekinge": 96.1578214757887, "CV_RMSE_'Kalmar": 1069.8748333232986, "CV_RMSE_Blekinge": 2142.1296863418274, "_timestamp": 1748507332.6520689, "_runtime": 1.3271019458770752, "_step": 0, "_wandb": {"runtime": 1}}