{"CV_RMSE": 1045.9358390248456, "RMSE": 184.8065649640656, "RMSE_skane": 88.39125521304022, "RMSE_kronoberg": 96.41530975102536, "CV_RMSE_'skane": 140.15526725112085, "CV_RMSE_kronoberg": 905.7805717737248, "_timestamp": 1748506892.9069912, "_runtime": 1.4048731327056885, "_step": 0, "_wandb": {"runtime": 1}}