{"CV_RMSE": 272.9223329270108, "RMSE": 436.52115736665166, "RMSE_STHLM": 401.11488852316177, "RMSE_S\u00f6dermanland": 35.40626884348992, "CV_RMSE_STHLM": 142.85848819582336, "CV_RMSE_S\u00f6dermanland": 130.06384473118746, "_timestamp": 1748482891.4194343, "_runtime": 1.2334072589874268, "_step": 0, "_wandb": {"runtime": 1}}