{"CV_RMSE": 1209.422455064112, "RMSE": 1090.1523076699655, "RMSE_STHLM": 842.6145730191764, "RMSE_S\u00f6dermanland": 247.53773465078893, "CV_RMSE_STHLM": 300.10016451019345, "CV_RMSE_S\u00f6dermanland": 909.3222905539185, "_timestamp": 1748344830.3599362, "_runtime": 1.3413872718811035, "_step": 0, "_wandb": {"runtime": 1}}