{"CV_RMSE": 1674.3893153138738, "RMSE": 2241.172361446697, "RMSE_STHLM": 1977.046820862632, "RMSE_S\u00f6dermanland": 264.1255405840648, "CV_RMSE_STHLM": 704.1322274540439, "CV_RMSE_S\u00f6dermanland": 970.25708785983, "_timestamp": 1748303884.2192228, "_runtime": 1.279686689376831, "_step": 0, "_wandb": {"runtime": 1}}