{"CV_RMSE": 1634.9384600168128, "RMSE": 2261.8105478839857, "RMSE_STHLM": 2011.7931660235852, "RMSE_S\u00f6dermanland": 250.01738186040038, "CV_RMSE_STHLM": 716.5072613459544, "CV_RMSE_S\u00f6dermanland": 918.4311986708585, "_timestamp": 1748359910.3697984, "_runtime": 1.4127624034881592, "_step": 0, "_wandb": {"runtime": 1}}