{"CV_RMSE": 478.45138462917237, "RMSE": 501.5131841195957, "RMSE_STHLM": 411.1281554428408, "RMSE_S\u00f6dermanland": 90.38502867675489, "CV_RMSE_STHLM": 146.42474867374622, "CV_RMSE_S\u00f6dermanland": 332.0266359554261, "_timestamp": 1748352897.397128, "_runtime": 1.3227880001068115, "_step": 0, "_wandb": {"runtime": 1}}