{"CV_RMSE": 252.5421597249122, "RMSE": 401.5907636106063, "RMSE_STHLM": 368.577872461541, "RMSE_S\u00f6dermanland": 33.01289114906531, "CV_RMSE_STHLM": 131.27031468752944, "CV_RMSE_S\u00f6dermanland": 121.27184503738279, "_timestamp": 1748432727.137208, "_runtime": 1.3100409507751465, "_step": 0, "_wandb": {"runtime": 1}}