{"CV_RMSE": 266.36173644995927, "RMSE": 417.81907500172605, "RMSE_STHLM": 382.3825960727476, "RMSE_S\u00f6dermanland": 35.43647892897843, "CV_RMSE_STHLM": 136.18691589452825, "CV_RMSE_S\u00f6dermanland": 130.17482055543098, "_timestamp": 1748475588.9744184, "_runtime": 1.305295467376709, "_step": 0, "_wandb": {"runtime": 1}}