{"CV_RMSE": 267.2856012073185, "RMSE": 427.3521037983367, "RMSE_STHLM": 392.660611878999, "RMSE_S\u00f6dermanland": 34.691491919337686, "CV_RMSE_STHLM": 139.84746762607801, "CV_RMSE_S\u00f6dermanland": 127.43813358124048, "_timestamp": 1748543705.2865198, "_runtime": 1.3649036884307861, "_step": 0, "_wandb": {"runtime": 1}}