{"CV_RMSE": 3409.904102478017, "RMSE": 1460.045807107121, "RMSE_skane": 1319.8449951343055, "RMSE_kronoberg": 140.20081197281547, "CV_RMSE_'skane": 2092.7774764286028, "CV_RMSE_kronoberg": 1317.1266260494147, "_timestamp": 1748566357.179941, "_runtime": 1.2889418601989746, "_step": 0, "_wandb": {"runtime": 1}}