{"CV_RMSE": 274.1604362038277, "RMSE": 434.57312101004123, "RMSE_STHLM": 398.58448274067774, "RMSE_S\u00f6dermanland": 35.98863826936347, "CV_RMSE_STHLM": 141.95727521432926, "CV_RMSE_S\u00f6dermanland": 132.20316098949846, "_timestamp": 1748449908.6706111, "_runtime": 1.3159122467041016, "_step": 0, "_wandb": {"runtime": 1}}