{"CV_RMSE": 306.8462677714263, "RMSE": 22.24660451067331, "RMSE_Kalmar": 14.98010139992719, "RMSE_Blekinge": 7.266503110746121, "CV_RMSE_'Kalmar": 144.96872322510183, "CV_RMSE_Blekinge": 161.8775445463245, "_timestamp": 1748575360.1351562, "_runtime": 1.2806031703948975, "_step": 0, "_wandb": {"runtime": 1}}