{"CV_RMSE": 469.42805514506637, "RMSE": 28.734814854345416, "RMSE_Kalmar": 13.548139301175913, "RMSE_Blekinge": 15.1866755531695, "CV_RMSE_'Kalmar": 131.11102549525077, "CV_RMSE_Blekinge": 338.3170296498156, "_timestamp": 1748523480.6230557, "_runtime": 1.2972476482391357, "_step": 0, "_wandb": {"runtime": 1}}