{"CV_RMSE": 2957.516718129209, "RMSE": 204.75439097672808, "RMSE_Kalmar": 127.29110078996779, "RMSE_Blekinge": 77.46329018676029, "CV_RMSE_'Kalmar": 1231.8493624835592, "CV_RMSE_Blekinge": 1725.6673556456499, "_timestamp": 1748495189.9325435, "_runtime": 1.3584716320037842, "_step": 0, "_wandb": {"runtime": 1}}