{"CV_RMSE": 306.9230129149104, "RMSE": 22.25184941101174, "RMSE_Kalmar": 14.983283725766395, "RMSE_Blekinge": 7.268565685245345, "CV_RMSE_'Kalmar": 144.99951992677154, "CV_RMSE_Blekinge": 161.92349298813886, "_timestamp": 1748488233.5789149, "_runtime": 1.2597448825836182, "_step": 0, "_wandb": {"runtime": 1}}