{"CV_RMSE": 1006.3614417784789, "RMSE": 1863.0001847597334, "RMSE_STHLM": 1759.6493602942735, "RMSE_S\u00f6dermanland": 103.35082446546001, "CV_RMSE_STHLM": 626.7053519053605, "CV_RMSE_S\u00f6dermanland": 379.6560898731184, "_timestamp": 1748392845.568861, "_runtime": 1.3002851009368896, "_step": 0, "_wandb": {"runtime": 1}}