{"CV_RMSE": 275.7083030274696, "RMSE": 98.75174382222572, "RMSE_skane": 83.49678317568616, "RMSE_kronoberg": 15.254960646539555, "CV_RMSE_'skane": 132.39447649421695, "CV_RMSE_kronoberg": 143.3138265332526, "_timestamp": 1748527017.7414532, "_runtime": 1.2602722644805908, "_step": 0, "_wandb": {"runtime": 1}}