{"CV_RMSE": 268.26986362626405, "RMSE": 423.5908598926965, "RMSE_STHLM": 388.19884897993245, "RMSE_S\u00f6dermanland": 35.39201091276409, "CV_RMSE_STHLM": 138.25839496713067, "CV_RMSE_S\u00f6dermanland": 130.0114686591334, "_timestamp": 1748335197.310335, "_runtime": 1.308337926864624, "_step": 0, "_wandb": {"runtime": 1}}