{"CV_RMSE": 2876.6221365331858, "RMSE": 1601.8720601199093, "RMSE_skane": 1558.7605100225026, "RMSE_kronoberg": 43.111550097406756, "CV_RMSE_'skane": 2471.6075740314523, "CV_RMSE_kronoberg": 405.0145625017336, "_timestamp": 1748545829.5787368, "_runtime": 1.3780968189239502, "_step": 0, "_wandb": {"runtime": 1}}