{"CV_RMSE": 3577.3903937679725, "RMSE": 1693.4621977844863, "RMSE_skane": 1579.2090878278655, "RMSE_kronoberg": 114.2531099566209, "CV_RMSE_'skane": 2504.0313231942896, "CV_RMSE_kronoberg": 1073.3590705736829, "_timestamp": 1748554870.028977, "_runtime": 1.3201088905334473, "_step": 0, "_wandb": {"runtime": 1}}