{"CV_RMSE": 267.8882064943082, "RMSE": 425.46605454697266, "RMSE_STHLM": 390.390418196736, "RMSE_S\u00f6dermanland": 35.075636350236685, "CV_RMSE_STHLM": 139.0389301056836, "CV_RMSE_S\u00f6dermanland": 128.84927638862456, "_timestamp": 1748567067.6482358, "_runtime": 1.2895987033843994, "_step": 0, "_wandb": {"runtime": 1}}