{"CV_RMSE": 330.78578739088, "RMSE": 469.84399765469294, "RMSE_STHLM": 420.5724808187572, "RMSE_S\u00f6dermanland": 49.27151683593576, "CV_RMSE_STHLM": 149.78837860580984, "CV_RMSE_S\u00f6dermanland": 180.99740878507015, "_timestamp": 1748508501.5374002, "_runtime": 1.3600342273712158, "_step": 0, "_wandb": {"runtime": 1}}