{"CV_RMSE": 1099.347232077638, "RMSE": 1066.1214222753224, "RMSE_STHLM": 849.1856992370333, "RMSE_S\u00f6dermanland": 216.93572303828915, "CV_RMSE_STHLM": 302.4404943859636, "CV_RMSE_S\u00f6dermanland": 796.9067376916744, "_timestamp": 1748396182.062936, "_runtime": 1.3652470111846924, "_step": 0, "_wandb": {"runtime": 1}}