{"CV_RMSE": 4749.539340669491, "RMSE": 1877.1155418847738, "RMSE_skane": 1650.0503326857577, "RMSE_kronoberg": 227.06520919901627, "CV_RMSE_'skane": 2616.358878465789, "CV_RMSE_kronoberg": 2133.180462203702, "_timestamp": 1748539049.6802583, "_runtime": 1.2991302013397217, "_step": 0, "_wandb": {"runtime": 1}}