{"CV_RMSE": 650.3950917421263, "RMSE": 1357.0926510646389, "RMSE_STHLM": 1306.7321351116864, "RMSE_S\u00f6dermanland": 50.3605159529524, "CV_RMSE_STHLM": 465.39727803740317, "CV_RMSE_S\u00f6dermanland": 184.99781370472311, "_timestamp": 1748304021.564589, "_runtime": 1.3675789833068848, "_step": 0, "_wandb": {"runtime": 1}}