{"CV_RMSE": 1106.474623115125, "RMSE": 1218.0475550161511, "RMSE_STHLM": 1015.2743782662926, "RMSE_S\u00f6dermanland": 202.77317674985844, "CV_RMSE_STHLM": 361.59356566666537, "CV_RMSE_S\u00f6dermanland": 744.8810574484596, "_timestamp": 1748395091.7290816, "_runtime": 1.3799536228179932, "_step": 0, "_wandb": {"runtime": 1}}