{"CV_RMSE": 306.62967744922685, "RMSE": 22.221877309462762, "RMSE_Kalmar": 14.95357217342201, "RMSE_Blekinge": 7.26830513604075, "CV_RMSE_'Kalmar": 144.7119887750517, "CV_RMSE_Blekinge": 161.9176886741751, "_timestamp": 1748506288.8950768, "_runtime": 1.3025217056274414, "_step": 0, "_wandb": {"runtime": 1}}