{"CV_RMSE": 737.8521188863554, "RMSE": 1813.3104366377106, "RMSE_STHLM": 1785.5665651284542, "RMSE_S\u00f6dermanland": 27.743871509256362, "CV_RMSE_STHLM": 635.9358561992912, "CV_RMSE_S\u00f6dermanland": 101.91626268706418, "_timestamp": 1748379344.6622756, "_runtime": 1.3360724449157715, "_step": 0, "_wandb": {"runtime": 1}}