{"CV_RMSE": 323.6272716134696, "RMSE": 23.308095115495277, "RMSE_Kalmar": 15.525035408973945, "RMSE_Blekinge": 7.783059706521331, "CV_RMSE_'Kalmar": 150.24227815136075, "CV_RMSE_Blekinge": 173.38499346210884, "_timestamp": 1748538726.674453, "_runtime": 1.580970048904419, "_step": 0, "_wandb": {"runtime": 1}}