{"CV_RMSE": 771.8473433176077, "RMSE": 577.76612296211, "RMSE_STHLM": 407.1239777459568, "RMSE_S\u00f6dermanland": 170.6421452161532, "CV_RMSE_STHLM": 144.9986466052082, "CV_RMSE_S\u00f6dermanland": 626.8486967123996, "_timestamp": 1748308763.8119366, "_runtime": 1.3582806587219238, "_step": 0, "_wandb": {"runtime": 1}}