{"CV_RMSE": 304.45742090085287, "RMSE": 22.121798136350417, "RMSE_Kalmar": 14.949030042328804, "RMSE_Blekinge": 7.172768094021614, "CV_RMSE_'Kalmar": 144.6680326676981, "CV_RMSE_Blekinge": 159.78938823315477, "_timestamp": 1748466319.2512817, "_runtime": 1.3431966304779053, "_step": 0, "_wandb": {"runtime": 1}}