{"CV_RMSE": 273.5052888794225, "RMSE": 436.86359133307144, "RMSE_STHLM": 401.31835565499114, "RMSE_S\u00f6dermanland": 35.54523567808033, "CV_RMSE_STHLM": 142.93095373545393, "CV_RMSE_S\u00f6dermanland": 130.57433514396857, "_timestamp": 1748455484.8288727, "_runtime": 1.3025317192077637, "_step": 0, "_wandb": {"runtime": 1}}