{"CV_RMSE": 306.0390132865957, "RMSE": 22.161558561071985, "RMSE_Kalmar": 14.89380377780582, "RMSE_Blekinge": 7.267754783266164, "CV_RMSE_'Kalmar": 144.13358494650794, "CV_RMSE_Blekinge": 161.9054283400878, "_timestamp": 1748501324.08969, "_runtime": 1.2715280055999756, "_step": 0, "_wandb": {"runtime": 1}}