{"CV_RMSE": 306.1883369599833, "RMSE": 408.96732937422604, "RMSE_STHLM": 360.5748393021824, "RMSE_S\u00f6dermanland": 48.392490072043636, "CV_RMSE_STHLM": 128.4200060830883, "CV_RMSE_S\u00f6dermanland": 177.768330876895, "_timestamp": 1748503053.5970438, "_runtime": 1.2907087802886963, "_step": 0, "_wandb": {"runtime": 1}}