{"CV_RMSE": 3912.046194805981, "RMSE": 262.862882323387, "RMSE_Kalmar": 154.27298874825647, "RMSE_Blekinge": 108.58989357513055, "CV_RMSE_'Kalmar": 1492.9644072411916, "CV_RMSE_Blekinge": 2419.0817875647895, "_timestamp": 1748460037.5957932, "_runtime": 1.3123321533203125, "_step": 0, "_wandb": {"runtime": 1}}