{"CV_RMSE": 1641.0801222000127, "RMSE": 2179.6105672589, "RMSE_STHLM": 1918.916639040343, "RMSE_S\u00f6dermanland": 260.6939282185574, "CV_RMSE_STHLM": 683.428957315516, "CV_RMSE_S\u00f6dermanland": 957.6511648844967, "_timestamp": 1748357898.1081593, "_runtime": 1.307157278060913, "_step": 0, "_wandb": {"runtime": 1}}