{"CV_RMSE": 275.440972583197, "RMSE": 437.34832676888857, "RMSE_STHLM": 401.2716242232142, "RMSE_S\u00f6dermanland": 36.076702545674394, "CV_RMSE_STHLM": 142.91431017051553, "CV_RMSE_S\u00f6dermanland": 132.52666241268145, "_timestamp": 1748342708.2364116, "_runtime": 1.2655415534973145, "_step": 0, "_wandb": {"runtime": 1}}