{"CV_RMSE": 248.9951955783751, "RMSE": 406.71650184283965, "RMSE_STHLM": 375.32314715681395, "RMSE_S\u00f6dermanland": 31.393354686025695, "CV_RMSE_STHLM": 133.67266816032154, "CV_RMSE_S\u00f6dermanland": 115.32252741805358, "_timestamp": 1748526240.26955, "_runtime": 1.3764309883117676, "_step": 0, "_wandb": {"runtime": 1}}