{"CV_RMSE": 980.5470817425885, "RMSE": 1858.2238511076955, "RMSE_STHLM": 1762.141931084414, "RMSE_S\u00f6dermanland": 96.08192002328163, "CV_RMSE_STHLM": 627.5930898203295, "CV_RMSE_S\u00f6dermanland": 352.95399192225904, "_timestamp": 1748387454.7311478, "_runtime": 1.329587697982788, "_step": 0, "_wandb": {"runtime": 1}}