{"CV_RMSE": 1093.3335139266853, "RMSE": 1822.1156483718923, "RMSE_STHLM": 1688.1577761308183, "RMSE_S\u00f6dermanland": 133.95787224107391, "CV_RMSE_STHLM": 601.2433710002914, "CV_RMSE_S\u00f6dermanland": 492.090142926394, "_timestamp": 1748379589.2824936, "_runtime": 1.2838835716247559, "_step": 0, "_wandb": {"runtime": 1}}