{"CV_RMSE": 261.3240086736236, "RMSE": 415.8006808791828, "RMSE_STHLM": 381.66611884972, "RMSE_S\u00f6dermanland": 34.134562029462785, "CV_RMSE_STHLM": 135.93173999396438, "CV_RMSE_S\u00f6dermanland": 125.39226867965922, "_timestamp": 1748567078.2706387, "_runtime": 1.295494794845581, "_step": 0, "_wandb": {"runtime": 1}}