{"CV_RMSE": 5179.274081229803, "RMSE": 1994.8451955095165, "RMSE_skane": 1736.6541799519644, "RMSE_kronoberg": 258.1910155575521, "CV_RMSE_'skane": 2753.679989353009, "CV_RMSE_kronoberg": 2425.594091876794, "_timestamp": 1748571839.7405913, "_runtime": 1.3485722541809082, "_step": 0, "_wandb": {"runtime": 1}}