{"CV_RMSE": 4949.079760935345, "RMSE": 341.3213259724158, "RMSE_Kalmar": 210.68678720120243, "RMSE_Blekinge": 130.63453877121336, "CV_RMSE_'Kalmar": 2038.9043922697008, "CV_RMSE_Blekinge": 2910.175368665644, "_timestamp": 1748476201.6449716, "_runtime": 1.3074665069580078, "_step": 0, "_wandb": {"runtime": 1}}