{"CV_RMSE": 268.1138130879789, "RMSE": 432.5684140279827, "RMSE_STHLM": 398.18729215789125, "RMSE_S\u00f6dermanland": 34.38112187009147, "CV_RMSE_STHLM": 141.81581438152045, "CV_RMSE_S\u00f6dermanland": 126.29799870645846, "_timestamp": 1748469728.6917324, "_runtime": 1.3376834392547607, "_step": 0, "_wandb": {"runtime": 1}}