{"CV_RMSE": 269.4211730544845, "RMSE": 426.79853068951616, "RMSE_STHLM": 391.4038410709609, "RMSE_S\u00f6dermanland": 35.39468961855529, "CV_RMSE_STHLM": 139.39986425162834, "CV_RMSE_S\u00f6dermanland": 130.02130880285617, "_timestamp": 1748524437.7873955, "_runtime": 1.3207933902740479, "_step": 0, "_wandb": {"runtime": 1}}