{"CV_RMSE": 3541.005013454962, "RMSE": 224.76415688261244, "RMSE_Kalmar": 116.36028505537978, "RMSE_Blekinge": 108.40387182723266, "CV_RMSE_'Kalmar": 1126.0672747294816, "CV_RMSE_Blekinge": 2414.9377387254804, "_timestamp": 1748516192.3906703, "_runtime": 1.3486113548278809, "_step": 0, "_wandb": {"runtime": 1}}