{"CV_RMSE": 228.434739688774, "RMSE": 345.55450276799087, "RMSE_STHLM": 313.79259508366266, "RMSE_S\u00f6dermanland": 31.761907684328225, "CV_RMSE_STHLM": 111.75834411369071, "CV_RMSE_S\u00f6dermanland": 116.67639557508328, "_timestamp": 1748335160.1720314, "_runtime": 1.3287224769592285, "_step": 0, "_wandb": {"runtime": 1}}