{"CV_RMSE": 3153.524992969385, "RMSE": 193.88478976656398, "RMSE_Kalmar": 92.51653569659551, "RMSE_Blekinge": 101.36825406996847, "CV_RMSE_'Kalmar": 895.3213131928597, "CV_RMSE_Blekinge": 2258.2036797765254, "_timestamp": 1748461708.113201, "_runtime": 1.3822720050811768, "_step": 0, "_wandb": {"runtime": 1}}