{"CV_RMSE": 306.9323503750737, "RMSE": 22.253944136004684, "RMSE_Kalmar": 14.986246247451733, "RMSE_Blekinge": 7.26769788855295, "CV_RMSE_'Kalmar": 145.0281894914684, "CV_RMSE_Blekinge": 161.90416088360533, "_timestamp": 1748510618.892917, "_runtime": 1.2629280090332031, "_step": 0, "_wandb": {"runtime": 1}}