{"CV_RMSE": 3056.5887379818514, "RMSE": 205.37374315053364, "RMSE_Kalmar": 120.52317480680725, "RMSE_Blekinge": 84.85056834372641, "CV_RMSE_'Kalmar": 1166.3533045820056, "CV_RMSE_Blekinge": 1890.2354333998458, "_timestamp": 1748501320.4339876, "_runtime": 1.496241569519043, "_step": 0, "_wandb": {"runtime": 1}}