{"CV_RMSE": 4167.60085437759, "RMSE": 1743.6173156304312, "RMSE_skane": 1563.9670106234876, "RMSE_kronoberg": 179.65030500694363, "CV_RMSE_'skane": 2479.8631246672635, "CV_RMSE_kronoberg": 1687.7377297103264, "_timestamp": 1748522806.0097537, "_runtime": 1.2549617290496826, "_step": 0, "_wandb": {"runtime": 1}}