{"CV_RMSE": 232.19753922807223, "RMSE": 374.42460523139755, "RMSE_STHLM": 344.6279580185897, "RMSE_S\u00f6dermanland": 29.796647212807855, "CV_RMSE_STHLM": 122.74046783408419, "CV_RMSE_S\u00f6dermanland": 109.45707139398804, "_timestamp": 1748326486.7922888, "_runtime": 1.3256306648254395, "_step": 0, "_wandb": {"runtime": 1}}