{"CV_RMSE": 900.019568797069, "RMSE": 654.9305610939483, "RMSE_STHLM": 453.9356119194514, "RMSE_S\u00f6dermanland": 200.9949491744969, "CV_RMSE_STHLM": 161.67077591116197, "CV_RMSE_S\u00f6dermanland": 738.3487928859071, "_timestamp": 1748310083.8185663, "_runtime": 1.3277842998504639, "_step": 0, "_wandb": {"runtime": 1}}