{"CV_RMSE": 2071.897412203095, "RMSE": 728.7278799705027, "RMSE_skane": 611.3741481003796, "RMSE_kronoberg": 117.35373187012321, "CV_RMSE_'skane": 969.4093257405594, "CV_RMSE_kronoberg": 1102.4880864625354, "_timestamp": 1748508148.6794832, "_runtime": 1.3024332523345947, "_step": 0, "_wandb": {"runtime": 1}}