{"CV_RMSE": 4359.942627498058, "RMSE": 1793.7189830654597, "RMSE_skane": 1599.6109844117443, "RMSE_kronoberg": 194.10799865371544, "CV_RMSE_'skane": 2536.381053506994, "CV_RMSE_kronoberg": 1823.5615739910638, "_timestamp": 1748545690.001095, "_runtime": 1.3625211715698242, "_step": 0, "_wandb": {"runtime": 1}}