{"CV_RMSE": 5013.731765417519, "RMSE": 1916.1339820969204, "RMSE_skane": 1663.1595399168825, "RMSE_kronoberg": 252.9744421800379, "CV_RMSE_'skane": 2637.1451478597505, "CV_RMSE_kronoberg": 2376.5866175577676, "_timestamp": 1748566548.8119094, "_runtime": 1.3113713264465332, "_step": 0, "_wandb": {"runtime": 1}}