{"CV_RMSE": 275.0730806254869, "RMSE": 436.4714542026296, "RMSE_STHLM": 400.4115093882521, "RMSE_S\u00f6dermanland": 36.0599448143775, "CV_RMSE_STHLM": 142.60797722573284, "CV_RMSE_S\u00f6dermanland": 132.4651033997541, "_timestamp": 1748524741.5881133, "_runtime": 1.2370843887329102, "_step": 0, "_wandb": {"runtime": 1}}