{"CV_RMSE": 2918.5164686793187, "RMSE": 193.9169650807478, "RMSE_Kalmar": 111.22517746380764, "RMSE_Blekinge": 82.69178761694015, "CV_RMSE_'Kalmar": 1076.372685133622, "CV_RMSE_Blekinge": 1842.1437835456964, "_timestamp": 1748568908.277843, "_runtime": 1.3809850215911865, "_step": 0, "_wandb": {"runtime": 1}}