{"CV_RMSE": 1276.7695746463457, "RMSE": 1329.714045080243, "RMSE_STHLM": 1087.5944383673311, "RMSE_S\u00f6dermanland": 242.11960671291203, "CV_RMSE_STHLM": 387.3506112111587, "CV_RMSE_S\u00f6dermanland": 889.418963435187, "_timestamp": 1748316101.1621435, "_runtime": 1.2721714973449707, "_step": 0, "_wandb": {"runtime": 1}}