{"CV_RMSE": 1200.2100608290268, "RMSE": 117.08190747360771, "RMSE_Kalmar": 111.75171979286323, "RMSE_Blekinge": 5.3301876807444835, "CV_RMSE_'Kalmar": 1081.4682560599665, "CV_RMSE_Blekinge": 118.74180476906027, "_timestamp": 1748524360.087532, "_runtime": 1.363189935684204, "_step": 0, "_wandb": {"runtime": 1}}