{"CV_RMSE": 835.8007783042624, "RMSE": 1642.7676212657875, "RMSE_STHLM": 1567.1874584598972, "RMSE_S\u00f6dermanland": 75.58016280589017, "CV_RMSE_STHLM": 558.159363915278, "CV_RMSE_S\u00f6dermanland": 277.6414143889843, "_timestamp": 1748341554.8312361, "_runtime": 1.3332431316375732, "_step": 0, "_wandb": {"runtime": 1}}