{"CV_RMSE": 306.9666532195607, "RMSE": 22.255834030554873, "RMSE_Kalmar": 14.986865206609828, "RMSE_Blekinge": 7.2689688239450465, "CV_RMSE_'Kalmar": 145.03417941880477, "CV_RMSE_Blekinge": 161.932473800756, "_timestamp": 1748487641.305166, "_runtime": 1.2919940948486328, "_step": 0, "_wandb": {"runtime": 1}}