{"CV_RMSE": 279.56623279926407, "RMSE": 100.80591100587209, "RMSE_skane": 85.47401379644927, "RMSE_kronoberg": 15.331897209422818, "CV_RMSE_'skane": 135.52962018464473, "CV_RMSE_kronoberg": 144.03661261461937, "_timestamp": 1748507880.8771667, "_runtime": 1.4280266761779785, "_step": 0, "_wandb": {"runtime": 1}}