{"CV_RMSE": 4108.583969361489, "RMSE": 1629.8954224603715, "RMSE_skane": 1434.7112406503186, "RMSE_kronoberg": 195.1841818100529, "CV_RMSE_'skane": 2274.9121151960653, "CV_RMSE_kronoberg": 1833.671854165424, "_timestamp": 1748510136.3733337, "_runtime": 1.3778676986694336, "_step": 0, "_wandb": {"runtime": 1}}