{"CV_RMSE": 2725.3213160587643, "RMSE": 1652.6194452381037, "RMSE_skane": 1639.1875735898361, "RMSE_kronoberg": 13.43187164826752, "CV_RMSE_'skane": 2599.1346304278586, "CV_RMSE_kronoberg": 126.18668563090573, "_timestamp": 1748545652.893571, "_runtime": 1.3768939971923828, "_step": 0, "_wandb": {"runtime": 1}}