{"CV_RMSE": 281.8216303920563, "RMSE": 407.7559798795609, "RMSE_STHLM": 366.57874493130174, "RMSE_S\u00f6dermanland": 41.177234948259205, "CV_RMSE_STHLM": 130.55831833722658, "CV_RMSE_S\u00f6dermanland": 151.26331205482973, "_timestamp": 1748465398.5018375, "_runtime": 1.2987854480743408, "_step": 0, "_wandb": {"runtime": 1}}