{"CV_RMSE": 4433.383350215404, "RMSE": 1588.782210692515, "RMSE_skane": 1343.6566737039789, "RMSE_kronoberg": 245.12553698853606, "CV_RMSE_'skane": 2130.5338377970065, "CV_RMSE_kronoberg": 2302.8495124183974, "_timestamp": 1748513965.9980633, "_runtime": 1.5055043697357178, "_step": 0, "_wandb": {"runtime": 1}}