{"CV_RMSE": 1067.8647416084914, "RMSE": 698.031084657624, "RMSE_STHLM": 451.06681095330265, "RMSE_S\u00f6dermanland": 246.9642737043213, "CV_RMSE_STHLM": 160.64904228649482, "CV_RMSE_S\u00f6dermanland": 907.2156993219967, "_timestamp": 1748292380.5652575, "_runtime": 1.264094591140747, "_step": 0, "_wandb": {"runtime": 1}}