{"CV_RMSE": 3319.993288008167, "RMSE": 242.43878735285307, "RMSE_Kalmar": 165.1509868975394, "RMSE_Blekinge": 77.28780045531364, "CV_RMSE_'Kalmar": 1598.235357072962, "CV_RMSE_Blekinge": 1721.757930935205, "_timestamp": 1748541425.0402622, "_runtime": 1.3431322574615479, "_step": 0, "_wandb": {"runtime": 1}}