{"CV_RMSE": 1488.3456271439668, "RMSE": 2429.3326462869277, "RMSE_STHLM": 2241.4909604153872, "RMSE_S\u00f6dermanland": 187.8416858715403, "CV_RMSE_STHLM": 798.3149443505534, "CV_RMSE_S\u00f6dermanland": 690.0306827934135, "_timestamp": 1748296766.097908, "_runtime": 1.3162639141082764, "_step": 0, "_wandb": {"runtime": 1}}