{"CV_RMSE": 821.3181635926405, "RMSE": 1447.059169465827, "RMSE_STHLM": 1354.8331260412272, "RMSE_S\u00f6dermanland": 92.22604342459968, "CV_RMSE_STHLM": 482.5286163186009, "CV_RMSE_S\u00f6dermanland": 338.78954727403965, "_timestamp": 1748306273.5531707, "_runtime": 1.2792775630950928, "_step": 0, "_wandb": {"runtime": 1}}