{"CV_RMSE": 4523.209834236144, "RMSE": 322.212890083949, "RMSE_Kalmar": 210.70162464796132, "RMSE_Blekinge": 111.51126543598764, "CV_RMSE_'Kalmar": 2039.0479804641418, "CV_RMSE_Blekinge": 2484.161853772002, "_timestamp": 1748524806.6535108, "_runtime": 1.3690297603607178, "_step": 0, "_wandb": {"runtime": 1}}