{"CV_RMSE": 275.6337891692581, "RMSE": 437.2419562854625, "RMSE_STHLM": 401.09570931858127, "RMSE_S\u00f6dermanland": 36.14624696688124, "CV_RMSE_STHLM": 142.85165745418408, "CV_RMSE_S\u00f6dermanland": 132.78213171507397, "_timestamp": 1748345225.1531584, "_runtime": 1.2499244213104248, "_step": 0, "_wandb": {"runtime": 1}}