{"CV_RMSE": 646.7596719137327, "RMSE": 852.6377510519244, "RMSE_STHLM": 749.2138586719841, "RMSE_S\u00f6dermanland": 103.42389237994027, "CV_RMSE_STHLM": 266.83516929354397, "CV_RMSE_S\u00f6dermanland": 379.9245026201887, "_timestamp": 1748317476.6100857, "_runtime": 1.2789807319641113, "_step": 0, "_wandb": {"runtime": 1}}