{"CV_RMSE": 4396.53959185028, "RMSE": 1655.89619660491, "RMSE_skane": 1429.1164441242383, "RMSE_kronoberg": 226.77975248067173, "CV_RMSE_'skane": 2266.040873347101, "CV_RMSE_kronoberg": 2130.498718503179, "_timestamp": 1748503559.510923, "_runtime": 1.3224809169769287, "_step": 0, "_wandb": {"runtime": 1}}