{"CV_RMSE": 1667.2074610177729, "RMSE": 2196.8256481187723, "RMSE_STHLM": 1930.1039167827953, "RMSE_S\u00f6dermanland": 266.7217313359768, "CV_RMSE_STHLM": 687.4133459060213, "CV_RMSE_S\u00f6dermanland": 979.7941151117516, "_timestamp": 1748312491.9883947, "_runtime": 1.2943098545074463, "_step": 0, "_wandb": {"runtime": 1}}