{"CV_RMSE": 3747.914042926892, "RMSE": 250.40137592556317, "RMSE_Kalmar": 145.26684670225436, "RMSE_Blekinge": 105.13452922330883, "CV_RMSE_'Kalmar": 1405.808193892784, "CV_RMSE_Blekinge": 2342.105849034108, "_timestamp": 1748567732.431246, "_runtime": 1.3202300071716309, "_step": 0, "_wandb": {"runtime": 1}}