{"CV_RMSE": 306.12095779616664, "RMSE": 22.18993739636776, "RMSE_Kalmar": 14.937475653659149, "RMSE_Blekinge": 7.25246174270861, "CV_RMSE_'Kalmar": 144.55621600315305, "CV_RMSE_Blekinge": 161.5647417930136, "_timestamp": 1748544215.8218307, "_runtime": 1.3037197589874268, "_step": 0, "_wandb": {"runtime": 1}}