{"CV_RMSE": 1268.6794323491683, "RMSE": 1523.8140603369143, "RMSE_STHLM": 1304.9721738559688, "RMSE_S\u00f6dermanland": 218.84188648094548, "CV_RMSE_STHLM": 464.7704616028381, "CV_RMSE_S\u00f6dermanland": 803.9089707463303, "_timestamp": 1748360735.6763697, "_runtime": 1.5041255950927734, "_step": 0, "_wandb": {"runtime": 1}}