{"CV_RMSE": 542.6170766792766, "RMSE": 548.9787607689532, "RMSE_STHLM": 444.34707575642216, "RMSE_S\u00f6dermanland": 104.63168501253098, "CV_RMSE_STHLM": 158.25578479650966, "CV_RMSE_S\u00f6dermanland": 384.36129188276686, "_timestamp": 1748435389.7382672, "_runtime": 1.3031492233276367, "_step": 0, "_wandb": {"runtime": 1}}