{"CV_RMSE": 887.362367896256, "RMSE": 1249.1434262634905, "RMSE_STHLM": 1115.75983150792, "RMSE_S\u00f6dermanland": 133.38359475557058, "CV_RMSE_STHLM": 397.3818157329355, "CV_RMSE_S\u00f6dermanland": 489.98055216332057, "_timestamp": 1748378661.9453673, "_runtime": 1.3917953968048096, "_step": 0, "_wandb": {"runtime": 1}}