{"CV_RMSE": 266.82648440621165, "RMSE": 430.40278858480104, "RMSE_STHLM": 396.1772242600357, "RMSE_S\u00f6dermanland": 34.22556432476536, "CV_RMSE_STHLM": 141.099921580543, "CV_RMSE_S\u00f6dermanland": 125.72656282566867, "_timestamp": 1748472919.6582322, "_runtime": 1.2777161598205566, "_step": 0, "_wandb": {"runtime": 1}}