{"CV_RMSE": 1908.0976060972203, "RMSE": 1117.2144590557932, "RMSE_skane": 1099.719669792074, "RMSE_kronoberg": 17.494789263719202, "CV_RMSE_'skane": 1743.7415482961003, "CV_RMSE_kronoberg": 164.35605780111985, "_timestamp": 1748524341.1841316, "_runtime": 1.3806135654449463, "_step": 0, "_wandb": {"runtime": 1}}