{"CV_RMSE": 269.01619647425434, "RMSE": 429.52664396125897, "RMSE_STHLM": 394.54692953594963, "RMSE_S\u00f6dermanland": 34.97971442530937, "CV_RMSE_STHLM": 140.51928634046484, "CV_RMSE_S\u00f6dermanland": 128.49691013378953, "_timestamp": 1748519781.6649392, "_runtime": 1.343574047088623, "_step": 0, "_wandb": {"runtime": 1}}