{"CV_RMSE": 3768.3353879550223, "RMSE": 1413.5773119427352, "RMSE_skane": 1218.0409013012893, "RMSE_kronoberg": 195.5364106414458, "CV_RMSE_'skane": 1931.3544946637778, "CV_RMSE_kronoberg": 1836.9808932912445, "_timestamp": 1748574083.4433324, "_runtime": 1.3161845207214355, "_step": 0, "_wandb": {"runtime": 1}}