{"CV_RMSE": 544.8727615511262, "RMSE": 599.385340477403, "RMSE_STHLM": 499.4854319213323, "RMSE_S\u00f6dermanland": 99.89990855607077, "CV_RMSE_STHLM": 177.89350563086626, "CV_RMSE_S\u00f6dermanland": 366.97925592025996, "_timestamp": 1748531959.8644068, "_runtime": 1.3598928451538086, "_step": 0, "_wandb": {"runtime": 1}}