{"CV_RMSE": 1686.6491515410498, "RMSE": 2114.7671213424514, "RMSE_STHLM": 1833.3747563603076, "RMSE_S\u00f6dermanland": 281.39236498214365, "CV_RMSE_STHLM": 652.9629128311344, "CV_RMSE_S\u00f6dermanland": 1033.6862387099154, "_timestamp": 1748285062.36369, "_runtime": 1.2666549682617188, "_step": 0, "_wandb": {"runtime": 1}}