{"CV_RMSE": 4474.521299497701, "RMSE": 1618.8230561396056, "RMSE_skane": 1374.5293247024756, "RMSE_kronoberg": 244.29373143713002, "CV_RMSE_'skane": 2179.4862442428257, "CV_RMSE_kronoberg": 2295.035055254875, "_timestamp": 1748527206.8463697, "_runtime": 1.3358428478240967, "_step": 0, "_wandb": {"runtime": 1}}