{"CV_RMSE": 4123.597265862502, "RMSE": 1709.0347379265686, "RMSE_skane": 1527.9973875608487, "RMSE_kronoberg": 181.03735036571982, "CV_RMSE_'skane": 2422.8288386271383, "CV_RMSE_kronoberg": 1700.7684272353638, "_timestamp": 1748511871.0115504, "_runtime": 1.2866685390472412, "_step": 0, "_wandb": {"runtime": 1}}