{"CV_RMSE": 268.9017534449317, "RMSE": 417.0188520325785, "RMSE_STHLM": 380.730775194096, "RMSE_S\u00f6dermanland": 36.2880768384825, "CV_RMSE_STHLM": 135.59861403826133, "CV_RMSE_S\u00f6dermanland": 133.30313940667043, "_timestamp": 1748491570.9879386, "_runtime": 1.3037207126617432, "_step": 0, "_wandb": {"runtime": 1}}