{"CV_RMSE": 1700.1646974454618, "RMSE": 2231.1648410656676, "RMSE_STHLM": 1958.194922279044, "RMSE_S\u00f6dermanland": 272.9699187866235, "CV_RMSE_STHLM": 697.418057004804, "CV_RMSE_S\u00f6dermanland": 1002.7466404406578, "_timestamp": 1748326302.934322, "_runtime": 1.2516591548919678, "_step": 0, "_wandb": {"runtime": 1}}