{"CV_RMSE": 3326.348443390364, "RMSE": 235.04870242896067, "RMSE_Kalmar": 151.5804820827573, "RMSE_Blekinge": 83.46822034620337, "CV_RMSE_'Kalmar": 1466.9078911234576, "CV_RMSE_Blekinge": 1859.4405522669065, "_timestamp": 1748482330.686099, "_runtime": 1.3467011451721191, "_step": 0, "_wandb": {"runtime": 1}}