{"CV_RMSE": 270.0438702715537, "RMSE": 429.2233147231925, "RMSE_STHLM": 393.90124351532955, "RMSE_S\u00f6dermanland": 35.32207120786298, "CV_RMSE_STHLM": 140.28932297736313, "CV_RMSE_S\u00f6dermanland": 129.75454729419056, "_timestamp": 1748430374.3519971, "_runtime": 1.2769360542297363, "_step": 0, "_wandb": {"runtime": 1}}