{"CV_RMSE": 628.4771265791984, "RMSE": 1025.8013987502547, "RMSE_STHLM": 946.4799420370163, "RMSE_S\u00f6dermanland": 79.3214567132385, "CV_RMSE_STHLM": 337.09218355097534, "CV_RMSE_S\u00f6dermanland": 291.38494302822306, "_timestamp": 1748318544.5565107, "_runtime": 1.3111796379089355, "_step": 0, "_wandb": {"runtime": 1}}