{"CV_RMSE": 2493.4911097499025, "RMSE": 181.62758531361192, "RMSE_Kalmar": 123.22949077306681, "RMSE_Blekinge": 58.3980945405451, "CV_RMSE_'Kalmar": 1192.5434590941948, "CV_RMSE_Blekinge": 1300.9476506557075, "_timestamp": 1748526141.7804286, "_runtime": 1.3653967380523682, "_step": 0, "_wandb": {"runtime": 1}}