{"CV_RMSE": 1280.3873631510746, "RMSE": 1655.6018993703906, "RMSE_STHLM": 1447.379675431299, "RMSE_S\u00f6dermanland": 208.22222393909166, "CV_RMSE_STHLM": 515.4893976605339, "CV_RMSE_S\u00f6dermanland": 764.8979654905409, "_timestamp": 1748377530.7964458, "_runtime": 1.328474760055542, "_step": 0, "_wandb": {"runtime": 1}}