{"CV_RMSE": 274.6473065818591, "RMSE": 436.95584404836063, "RMSE_STHLM": 401.07625324021757, "RMSE_S\u00f6dermanland": 35.87959080814305, "CV_RMSE_STHLM": 142.8447281029663, "CV_RMSE_S\u00f6dermanland": 131.80257847889283, "_timestamp": 1748482752.8270943, "_runtime": 1.260343313217163, "_step": 0, "_wandb": {"runtime": 1}}