{"CV_RMSE": 5163.1625068962185, "RMSE": 1988.8480530226384, "RMSE_skane": 1731.5025243231485, "RMSE_kronoberg": 257.34552869948993, "CV_RMSE_'skane": 2745.5114022037237, "CV_RMSE_kronoberg": 2417.6511046924943, "_timestamp": 1748578291.1650448, "_runtime": 1.2811048030853271, "_step": 0, "_wandb": {"runtime": 1}}