{"CV_RMSE": 2264.305819668154, "RMSE": 801.9008309478054, "RMSE_skane": 674.7655458683901, "RMSE_kronoberg": 127.13528507941534, "CV_RMSE_'skane": 1069.9242270640434, "CV_RMSE_kronoberg": 1194.3815926041107, "_timestamp": 1748504989.3908808, "_runtime": 1.3076379299163818, "_step": 0, "_wandb": {"runtime": 1}}