{"CV_RMSE": 1012.0818423176099, "RMSE": 621.9900691577216, "RMSE_STHLM": 383.67755598351306, "RMSE_S\u00f6dermanland": 238.3125131742085, "CV_RMSE_STHLM": 136.64812045317046, "CV_RMSE_S\u00f6dermanland": 875.4337218644395, "_timestamp": 1748324654.0303562, "_runtime": 1.3003652095794678, "_step": 0, "_wandb": {"runtime": 1}}