{"CV_RMSE": 2443.292044548321, "RMSE": 173.81586533815064, "RMSE_Kalmar": 113.40200800646932, "RMSE_Blekinge": 60.413857331681335, "CV_RMSE_'Kalmar": 1097.4387871593804, "CV_RMSE_Blekinge": 1345.8532573889406, "_timestamp": 1748566917.8266666, "_runtime": 1.3124945163726807, "_step": 0, "_wandb": {"runtime": 1}}