{"CV_RMSE": 568.8634824863665, "RMSE": 711.8922054319717, "RMSE_STHLM": 616.8392871040932, "RMSE_S\u00f6dermanland": 95.05291832787856, "CV_RMSE_STHLM": 219.68949679211866, "CV_RMSE_S\u00f6dermanland": 349.1739856942478, "_timestamp": 1748542989.213879, "_runtime": 1.367814064025879, "_step": 0, "_wandb": {"runtime": 1}}