{"CV_RMSE": 545.5524232559928, "RMSE": 47.446352869741816, "RMSE_Kalmar": 40.58956845247092, "RMSE_Blekinge": 6.856784417270894, "CV_RMSE_'Kalmar": 392.80227534649276, "CV_RMSE_Blekinge": 152.7501479095001, "_timestamp": 1748459593.1228926, "_runtime": 1.9404187202453613, "_step": 0, "_wandb": {"runtime": 1}}