{"CV_RMSE": 268.7197689669848, "RMSE": 424.8768111459026, "RMSE_STHLM": 389.48723917865976, "RMSE_S\u00f6dermanland": 35.389571967242816, "CV_RMSE_STHLM": 138.71725969956222, "CV_RMSE_S\u00f6dermanland": 130.0025092674226, "_timestamp": 1748353422.8602357, "_runtime": 1.3349676132202148, "_step": 0, "_wandb": {"runtime": 1}}