{"CV_RMSE": 4979.759038830905, "RMSE": 1928.6078207558332, "RMSE_skane": 1682.5167050038092, "RMSE_kronoberg": 246.09111575202402, "CV_RMSE_'skane": 2667.838327173059, "CV_RMSE_kronoberg": 2311.920711657846, "_timestamp": 1748522659.62116, "_runtime": 1.504176139831543, "_step": 0, "_wandb": {"runtime": 1}}