{"CV_RMSE": 270.3523593955664, "RMSE": 424.94636516832395, "RMSE_STHLM": 389.07211866546555, "RMSE_S\u00f6dermanland": 35.874246502858426, "CV_RMSE_STHLM": 138.56941305853542, "CV_RMSE_S\u00f6dermanland": 131.78294633703095, "_timestamp": 1748455427.3122854, "_runtime": 1.276273488998413, "_step": 0, "_wandb": {"runtime": 1}}