{"CV_RMSE": 272.14237821357796, "RMSE": 435.7770024760797, "RMSE_STHLM": 400.5259559079018, "RMSE_S\u00f6dermanland": 35.251046568177884, "CV_RMSE_STHLM": 142.64873775904695, "CV_RMSE_S\u00f6dermanland": 129.493640454531, "_timestamp": 1748501069.277078, "_runtime": 1.4169189929962158, "_step": 0, "_wandb": {"runtime": 1}}