{"CV_RMSE": 2212.9924110336437, "RMSE": 1193.9952273716196, "RMSE_skane": 1153.0466524628137, "RMSE_kronoberg": 40.94857490880608, "CV_RMSE_'skane": 1828.2980747296199, "CV_RMSE_kronoberg": 384.69433630402375, "_timestamp": 1748566071.8719378, "_runtime": 1.371133804321289, "_step": 0, "_wandb": {"runtime": 1}}