{"CV_RMSE": 266.4012026552851, "RMSE": 427.5495015758719, "RMSE_STHLM": 393.14580331681697, "RMSE_S\u00f6dermanland": 34.40369825905495, "CV_RMSE_STHLM": 140.02027027508322, "CV_RMSE_S\u00f6dermanland": 126.38093238020186, "_timestamp": 1748452309.8231103, "_runtime": 1.2502484321594238, "_step": 0, "_wandb": {"runtime": 1}}