{"CV_RMSE": 1165.2610002912172, "RMSE": 457.27465992447264, "RMSE_skane": 400.90401277166023, "RMSE_kronoberg": 56.37064715281244, "CV_RMSE_'skane": 635.6828955153175, "CV_RMSE_kronoberg": 529.5781047758998, "_timestamp": 1748577786.5160332, "_runtime": 1.3872730731964111, "_step": 0, "_wandb": {"runtime": 1}}