{"CV_RMSE": 272.5969617410797, "RMSE": 434.85376539259227, "RMSE_STHLM": 399.3665647405025, "RMSE_S\u00f6dermanland": 35.48720065208977, "CV_RMSE_STHLM": 142.23581648850507, "CV_RMSE_S\u00f6dermanland": 130.36114525257466, "_timestamp": 1748346447.7218935, "_runtime": 1.3076026439666748, "_step": 0, "_wandb": {"runtime": 1}}