{"CV_RMSE": 1385.434367471283, "RMSE": 1905.5018750276724, "RMSE_STHLM": 1692.443137578368, "RMSE_S\u00f6dermanland": 213.05873744930446, "CV_RMSE_STHLM": 602.7696176575114, "CV_RMSE_S\u00f6dermanland": 782.6647498137716, "_timestamp": 1748321141.7516272, "_runtime": 1.3218181133270264, "_step": 0, "_wandb": {"runtime": 1}}