{"CV_RMSE": 306.96849523351693, "RMSE": 22.255878324931714, "RMSE_Kalmar": 14.98679732795553, "RMSE_Blekinge": 7.269080996976185, "CV_RMSE_'Kalmar": 145.0335225286019, "CV_RMSE_Blekinge": 161.934972704915, "_timestamp": 1748502752.6557586, "_runtime": 1.3155035972595215, "_step": 0, "_wandb": {"runtime": 1}}