{"CV_RMSE": 274.3829207130254, "RMSE": 436.4761313106622, "RMSE_STHLM": 400.6247363339149, "RMSE_S\u00f6dermanland": 35.851394976747336, "CV_RMSE_STHLM": 142.683918757627, "CV_RMSE_S\u00f6dermanland": 131.6990019553984, "_timestamp": 1748490945.835552, "_runtime": 1.274425983428955, "_step": 0, "_wandb": {"runtime": 1}}