{"CV_RMSE": 4335.967710460824, "RMSE": 1536.104091814952, "RMSE_skane": 1292.7570231296584, "RMSE_kronoberg": 243.34706868529372, "CV_RMSE_'skane": 2049.826146611509, "CV_RMSE_kronoberg": 2286.1415638493145, "_timestamp": 1748522360.989348, "_runtime": 1.3708999156951904, "_step": 0, "_wandb": {"runtime": 1}}