{"CV_RMSE": 4474.40863816396, "RMSE": 1702.8704417953415, "RMSE_skane": 1475.6571391485038, "RMSE_kronoberg": 227.2133026468377, "CV_RMSE_'skane": 2339.8369013982615, "CV_RMSE_kronoberg": 2134.5717367656985, "_timestamp": 1748508195.8325784, "_runtime": 1.2853665351867676, "_step": 0, "_wandb": {"runtime": 1}}