{"CV_RMSE": 3120.420289197486, "RMSE": 1270.796742494536, "RMSE_skane": 1129.239283728706, "RMSE_kronoberg": 141.55745876583, "CV_RMSE_'skane": 1790.54854713854, "CV_RMSE_kronoberg": 1329.871742058946, "_timestamp": 1748540079.285055, "_runtime": 1.425997018814087, "_step": 0, "_wandb": {"runtime": 1}}