{"CV_RMSE": 267.88247395501276, "RMSE": 436.6183489363903, "RMSE_STHLM": 402.7417728714455, "RMSE_S\u00f6dermanland": 33.87657606494482, "CV_RMSE_STHLM": 143.4379088184808, "CV_RMSE_S\u00f6dermanland": 124.44456513653199, "_timestamp": 1748483761.3466122, "_runtime": 1.3121311664581299, "_step": 0, "_wandb": {"runtime": 1}}