{"CV_RMSE": 304.73685732030856, "RMSE": 22.065763936025558, "RMSE_Kalmar": 14.827780336321839, "RMSE_Blekinge": 7.237983599703719, "CV_RMSE_'Kalmar": 143.49464841601778, "CV_RMSE_Blekinge": 161.24220890429078, "_timestamp": 1748486321.2151868, "_runtime": 1.3876409530639648, "_step": 0, "_wandb": {"runtime": 1}}