{"CV_RMSE": 1638.2751439942235, "RMSE": 782.2511748126983, "RMSE_skane": 731.2943569532226, "RMSE_kronoberg": 50.956817859475706, "CV_RMSE_'skane": 1159.5576484459132, "CV_RMSE_kronoberg": 478.7174955483104, "_timestamp": 1748508331.65824, "_runtime": 1.3271641731262207, "_step": 0, "_wandb": {"runtime": 1}}