{"CV_RMSE": 2462.4580314774757, "RMSE": 142.90785227115657, "RMSE_Kalmar": 57.233627360131635, "RMSE_Blekinge": 85.67422491102492, "CV_RMSE_'Kalmar": 553.8738131625641, "CV_RMSE_Blekinge": 1908.5842183149116, "_timestamp": 1748457353.4763496, "_runtime": 1.382239580154419, "_step": 0, "_wandb": {"runtime": 1}}