{"CV_RMSE": 2918.113734657141, "RMSE": 191.47236172025237, "RMSE_Kalmar": 106.93493350509746, "RMSE_Blekinge": 84.5374282151549, "CV_RMSE_'Kalmar": 1034.8541952106207, "CV_RMSE_Blekinge": 1883.2595394465202, "_timestamp": 1748501466.929646, "_runtime": 1.336709976196289, "_step": 0, "_wandb": {"runtime": 1}}