{"CV_RMSE": 4341.4732554167485, "RMSE": 1795.6751388118055, "RMSE_skane": 1604.3294966233836, "RMSE_kronoberg": 191.3456421884218, "CV_RMSE_'skane": 2543.862838197754, "CV_RMSE_kronoberg": 1797.6104172189941, "_timestamp": 1748567972.2986553, "_runtime": 1.4448022842407227, "_step": 0, "_wandb": {"runtime": 1}}