{"CV_RMSE": 302.2348864503733, "RMSE": 401.1050162397782, "RMSE_STHLM": 353.060174656444, "RMSE_S\u00f6dermanland": 48.0448415833342, "CV_RMSE_STHLM": 125.74363165445176, "CV_RMSE_S\u00f6dermanland": 176.49125479592155, "_timestamp": 1748284245.7656114, "_runtime": 1.2833824157714844, "_step": 0, "_wandb": {"runtime": 1}}