{"CV_RMSE": 1235.8048922742619, "RMSE": 1200.9933001464333, "RMSE_STHLM": 957.4027250183335, "RMSE_S\u00f6dermanland": 243.59057512809972, "CV_RMSE_STHLM": 340.9823713955284, "CV_RMSE_S\u00f6dermanland": 894.8225208787336, "_timestamp": 1748364582.6732423, "_runtime": 1.3159143924713135, "_step": 0, "_wandb": {"runtime": 1}}