{"CV_RMSE": 306.75427046770426, "RMSE": 22.23829633623937, "RMSE_Kalmar": 14.972713526446487, "RMSE_Blekinge": 7.265582809792883, "CV_RMSE_'Kalmar": 144.89722767528858, "CV_RMSE_Blekinge": 161.8570427924157, "_timestamp": 1748465726.1532683, "_runtime": 1.3065812587738037, "_step": 0, "_wandb": {"runtime": 1}}