{"CV_RMSE": 646.8264946289395, "RMSE": 1380.2574130803214, "RMSE_STHLM": 1333.459659823926, "RMSE_S\u00f6dermanland": 46.79775325639543, "CV_RMSE_STHLM": 474.9163806258542, "CV_RMSE_S\u00f6dermanland": 171.91011400308528, "_timestamp": 1748342442.7034473, "_runtime": 1.3058552742004395, "_step": 0, "_wandb": {"runtime": 1}}