{"CV_RMSE": 275.47934771905057, "RMSE": 437.2220501116033, "RMSE_STHLM": 401.12022212763634, "RMSE_S\u00f6dermanland": 36.101827983967, "CV_RMSE_STHLM": 142.86038777794727, "CV_RMSE_S\u00f6dermanland": 132.61895994110327, "_timestamp": 1748470059.47227, "_runtime": 1.2775568962097168, "_step": 0, "_wandb": {"runtime": 1}}