{"CV_RMSE": 270.9791923286866, "RMSE": 426.17345428967957, "RMSE_STHLM": 390.2419926148814, "RMSE_S\u00f6dermanland": 35.931461674798165, "CV_RMSE_STHLM": 138.9860678090199, "CV_RMSE_S\u00f6dermanland": 131.99312451966674, "_timestamp": 1748431241.2404141, "_runtime": 1.4054431915283203, "_step": 0, "_wandb": {"runtime": 2}}