{"CV_RMSE": 306.8072582899383, "RMSE": 22.244274579541486, "RMSE_Kalmar": 14.97907797762286, "RMSE_Blekinge": 7.2651966019186265, "CV_RMSE_'Kalmar": 144.95881913828575, "CV_RMSE_Blekinge": 161.84843915165257, "_timestamp": 1748477896.905976, "_runtime": 1.3263599872589111, "_step": 0, "_wandb": {"runtime": 1}}