{"CV_RMSE": 248.55345157968713, "RMSE": 389.0759372837733, "RMSE_STHLM": 355.9218200358982, "RMSE_S\u00f6dermanland": 33.15411724787515, "CV_RMSE_STHLM": 126.76281679157435, "CV_RMSE_S\u00f6dermanland": 121.79063478811278, "_timestamp": 1748562259.5762804, "_runtime": 1.3292064666748047, "_step": 0, "_wandb": {"runtime": 1}}