{"CV_RMSE": 4669.809944525128, "RMSE": 1922.6577387942498, "RMSE_skane": 1715.0499744650763, "RMSE_kronoberg": 207.60776432917362, "CV_RMSE_'skane": 2719.423849574645, "CV_RMSE_kronoberg": 1950.386094950483, "_timestamp": 1748520603.2503538, "_runtime": 1.427764892578125, "_step": 0, "_wandb": {"runtime": 1}}