{"CV_RMSE": 922.8725224708531, "RMSE": 1290.7863147388923, "RMSE_STHLM": 1151.1690981892689, "RMSE_S\u00f6dermanland": 139.61721654962338, "CV_RMSE_STHLM": 409.99295147223665, "CV_RMSE_S\u00f6dermanland": 512.8795709986165, "_timestamp": 1748284982.8242822, "_runtime": 1.2559521198272705, "_step": 0, "_wandb": {"runtime": 1}}