{"CV_RMSE": 4747.566444328145, "RMSE": 1924.7814449842085, "RMSE_skane": 1707.6475450370458, "RMSE_kronoberg": 217.13389994716283, "CV_RMSE_'skane": 2707.686382194047, "CV_RMSE_kronoberg": 2039.8800621340977, "_timestamp": 1748550949.1023378, "_runtime": 1.2628037929534912, "_step": 0, "_wandb": {"runtime": 1}}