{"CV_RMSE": 269.81217270077065, "RMSE": 428.84875819363276, "RMSE_STHLM": 393.5563187545727, "RMSE_S\u00f6dermanland": 35.292439439060075, "CV_RMSE_STHLM": 140.16647680218261, "CV_RMSE_S\u00f6dermanland": 129.64569589858803, "_timestamp": 1748506765.1177375, "_runtime": 1.280611515045166, "_step": 0, "_wandb": {"runtime": 1}}