{"CV_RMSE": 4793.148320713789, "RMSE": 1761.001853241022, "RMSE_skane": 1504.7750227748222, "RMSE_kronoberg": 256.2268304661998, "CV_RMSE_'skane": 2386.006907148238, "CV_RMSE_kronoberg": 2407.141413565551, "_timestamp": 1748578405.5614185, "_runtime": 1.2644445896148682, "_step": 0, "_wandb": {"runtime": 1}}