{"CV_RMSE": 646.573552754519, "RMSE": 693.5928967010069, "RMSE_STHLM": 573.1497418704284, "RMSE_S\u00f6dermanland": 120.44315483057846, "CV_RMSE_STHLM": 204.12931051974104, "CV_RMSE_S\u00f6dermanland": 442.444242234778, "_timestamp": 1748517172.4936638, "_runtime": 1.3939707279205322, "_step": 0, "_wandb": {"runtime": 1}}