{"CV_RMSE": 305.8581998442439, "RMSE": 22.14628329782528, "RMSE_Kalmar": 14.881146674549697, "RMSE_Blekinge": 7.265136623275583, "CV_RMSE_'Kalmar": 144.01109685048093, "CV_RMSE_Blekinge": 161.847102993763, "_timestamp": 1748501951.9831853, "_runtime": 1.330552339553833, "_step": 0, "_wandb": {"runtime": 1}}