{"CV_RMSE": 3720.164163787542, "RMSE": 1588.4257017165717, "RMSE_skane": 1434.561351989188, "RMSE_kronoberg": 153.86434972738365, "CV_RMSE_'skane": 2274.6744481858163, "CV_RMSE_kronoberg": 1445.4897156017255, "_timestamp": 1748500615.8314478, "_runtime": 1.3222589492797852, "_step": 0, "_wandb": {"runtime": 1}}