{"CV_RMSE": 4103.324456564871, "RMSE": 1818.6206000377467, "RMSE_skane": 1662.4309933756172, "RMSE_kronoberg": 156.18960666212948, "CV_RMSE_'skane": 2635.9899472129237, "CV_RMSE_kronoberg": 1467.3345093519472, "_timestamp": 1748542326.9068196, "_runtime": 1.2694175243377686, "_step": 0, "_wandb": {"runtime": 1}}