{"CV_RMSE": 681.9698901526439, "RMSE": 988.6384001264508, "RMSE_STHLM": 889.2017357414222, "RMSE_S\u00f6dermanland": 99.43666438502858, "CV_RMSE_STHLM": 316.69234751376337, "CV_RMSE_S\u00f6dermanland": 365.2775426388805, "_timestamp": 1748334184.863977, "_runtime": 1.2984230518341064, "_step": 0, "_wandb": {"runtime": 1}}