{"CV_RMSE": 262.2876321124754, "RMSE": 412.7304090385528, "RMSE_STHLM": 377.975733723374, "RMSE_S\u00f6dermanland": 34.754675315178844, "CV_RMSE_STHLM": 134.61739626079802, "CV_RMSE_S\u00f6dermanland": 127.67023585167739, "_timestamp": 1748517340.8526278, "_runtime": 1.2736048698425293, "_step": 0, "_wandb": {"runtime": 1}}