{"CV_RMSE": 2613.1377751458854, "RMSE": 166.51598736163191, "RMSE_Kalmar": 87.01535473997616, "RMSE_Blekinge": 79.50063262165577, "CV_RMSE_'Kalmar": 842.0840781288015, "CV_RMSE_Blekinge": 1771.053697017084, "_timestamp": 1748521881.3129108, "_runtime": 1.3400638103485107, "_step": 0, "_wandb": {"runtime": 1}}