{"CV_RMSE": 275.5245640882978, "RMSE": 437.1852195920562, "RMSE_STHLM": 401.0658070029638, "RMSE_S\u00f6dermanland": 36.119412589092434, "CV_RMSE_STHLM": 142.84100763857043, "CV_RMSE_S\u00f6dermanland": 132.68355644972732, "_timestamp": 1748495553.743827, "_runtime": 1.2873191833496094, "_step": 0, "_wandb": {"runtime": 1}}