{"CV_RMSE": 260.38361062849185, "RMSE": 406.8220129945688, "RMSE_STHLM": 372.00696516666136, "RMSE_S\u00f6dermanland": 34.81504782790745, "CV_RMSE_STHLM": 132.4915981994441, "CV_RMSE_S\u00f6dermanland": 127.89201242904777, "_timestamp": 1748527937.9232097, "_runtime": 1.3248686790466309, "_step": 0, "_wandb": {"runtime": 1}}