{"CV_RMSE": 988.3901176138677, "RMSE": 1557.252235546377, "RMSE_STHLM": 1426.493140343079, "RMSE_S\u00f6dermanland": 130.75909520329805, "CV_RMSE_STHLM": 508.0505842139973, "CV_RMSE_S\u00f6dermanland": 480.33953339987033, "_timestamp": 1748315288.759802, "_runtime": 1.3365612030029297, "_step": 0, "_wandb": {"runtime": 1}}