{"CV_RMSE": 504.17495611543336, "RMSE": 34.889598846706576, "RMSE_Kalmar": 21.672439339933124, "RMSE_Blekinge": 13.21715950677345, "CV_RMSE_'Kalmar": 209.7332839348367, "CV_RMSE_Blekinge": 294.4416721805967, "_timestamp": 1748503405.393278, "_runtime": 1.4943349361419678, "_step": 0, "_wandb": {"runtime": 1}}