{"CV_RMSE": 673.9051575762785, "RMSE": 188.37837334423807, "RMSE_skane": 140.32991257686933, "RMSE_kronoberg": 48.04846076736874, "CV_RMSE_'skane": 222.51043220433826, "CV_RMSE_kronoberg": 451.3947253719402, "_timestamp": 1748540406.1996808, "_runtime": 1.3660047054290771, "_step": 0, "_wandb": {"runtime": 1}}