{"CV_RMSE": 4888.675407197046, "RMSE": 1956.435267915182, "RMSE_skane": 1727.6585823230475, "RMSE_kronoberg": 228.77668559213453, "CV_RMSE_'skane": 2739.416356749018, "CV_RMSE_kronoberg": 2149.259050448028, "_timestamp": 1748535749.8309093, "_runtime": 1.3348443508148193, "_step": 0, "_wandb": {"runtime": 1}}