{"CV_RMSE": 278.4671054766012, "RMSE": 100.10157874595821, "RMSE_skane": 84.7674176483001, "RMSE_kronoberg": 15.334161097658113, "CV_RMSE_'skane": 134.40922460089865, "CV_RMSE_kronoberg": 144.05788087570252, "_timestamp": 1748567394.8076408, "_runtime": 1.259152889251709, "_step": 0, "_wandb": {"runtime": 1}}