{"CV_RMSE": 273.49702697041624, "RMSE": 435.4577234319368, "RMSE_STHLM": 399.76404155636607, "RMSE_S\u00f6dermanland": 35.69368187557074, "CV_RMSE_STHLM": 142.37737926423802, "CV_RMSE_S\u00f6dermanland": 131.11964770617823, "_timestamp": 1748425450.5455906, "_runtime": 1.3358557224273682, "_step": 0, "_wandb": {"runtime": 1}}