{"CV_RMSE": 273.5073715392112, "RMSE": 433.5524030179944, "RMSE_STHLM": 397.651043847174, "RMSE_S\u00f6dermanland": 35.90135917082041, "CV_RMSE_STHLM": 141.6248276464015, "CV_RMSE_S\u00f6dermanland": 131.88254389280968, "_timestamp": 1748488046.9831307, "_runtime": 1.3293647766113281, "_step": 0, "_wandb": {"runtime": 1}}