{"CV_RMSE": 3486.3002193026296, "RMSE": 248.93057543456734, "RMSE_Kalmar": 163.42969961785903, "RMSE_Blekinge": 85.50087581670833, "CV_RMSE_'Kalmar": 1581.5777382373453, "CV_RMSE_Blekinge": 1904.7224810652845, "_timestamp": 1748494333.025638, "_runtime": 1.351067066192627, "_step": 0, "_wandb": {"runtime": 1}}