{"CV_RMSE": 306.36391425603705, "RMSE": 22.208592488467396, "RMSE_Kalmar": 14.951176439415686, "RMSE_Blekinge": 7.25741604905171, "CV_RMSE_'Kalmar": 144.68880425240985, "CV_RMSE_Blekinge": 161.6751100036272, "_timestamp": 1748499191.1610286, "_runtime": 1.3554537296295166, "_step": 0, "_wandb": {"runtime": 1}}