{"CV_RMSE": 274.027930833617, "RMSE": 434.45210181889547, "RMSE_STHLM": 398.4904142412402, "RMSE_S\u00f6dermanland": 35.96168757765524, "CV_RMSE_STHLM": 141.92377238508755, "CV_RMSE_S\u00f6dermanland": 132.10415844852946, "_timestamp": 1748430289.944455, "_runtime": 1.2524609565734863, "_step": 0, "_wandb": {"runtime": 1}}