{"CV_RMSE": 246.75343243837077, "RMSE": 393.2948935022546, "RMSE_STHLM": 361.136344808694, "RMSE_S\u00f6dermanland": 32.158548693560604, "CV_RMSE_STHLM": 128.61998825794404, "CV_RMSE_S\u00f6dermanland": 118.13344418042672, "_timestamp": 1748482172.2644832, "_runtime": 1.2750132083892822, "_step": 0, "_wandb": {"runtime": 1}}