{"CV_RMSE": 720.0413484509667, "RMSE": 563.9053827892207, "RMSE_STHLM": 407.3919625237629, "RMSE_S\u00f6dermanland": 156.51342026545774, "CV_RMSE_STHLM": 145.0940903329587, "CV_RMSE_S\u00f6dermanland": 574.947258118008, "_timestamp": 1748384260.6016808, "_runtime": 1.326129674911499, "_step": 0, "_wandb": {"runtime": 1}}