{"CV_RMSE": 254.72568085231114, "RMSE": 405.83488393551016, "RMSE_STHLM": 372.61943063280364, "RMSE_S\u00f6dermanland": 33.215453302706514, "CV_RMSE_STHLM": 132.70972994440967, "CV_RMSE_S\u00f6dermanland": 122.01595090790148, "_timestamp": 1748463835.3700445, "_runtime": 1.3264415264129639, "_step": 0, "_wandb": {"runtime": 1}}