{"CV_RMSE": 728.3386537179764, "RMSE": 792.1253306635731, "RMSE_STHLM": 657.6128415286588, "RMSE_S\u00f6dermanland": 134.51248913491435, "CV_RMSE_STHLM": 234.21114261012778, "CV_RMSE_S\u00f6dermanland": 494.1275111078486, "_timestamp": 1748481280.5004845, "_runtime": 1.286656379699707, "_step": 0, "_wandb": {"runtime": 1}}