{"CV_RMSE": 305.55646724973093, "RMSE": 22.16798019303927, "RMSE_Kalmar": 14.943455500775196, "RMSE_Blekinge": 7.224524692264073, "CV_RMSE_'Kalmar": 144.61408549137286, "CV_RMSE_Blekinge": 160.94238175835807, "_timestamp": 1748532243.8156784, "_runtime": 1.276839256286621, "_step": 0, "_wandb": {"runtime": 1}}