{"CV_RMSE": 3327.9896933297214, "RMSE": 236.23049867033444, "RMSE_Kalmar": 153.53970982105116, "RMSE_Blekinge": 82.69078884928328, "CV_RMSE_'Kalmar": 1485.8681595585597, "CV_RMSE_Blekinge": 1842.121533771162, "_timestamp": 1748487620.7783513, "_runtime": 1.398003339767456, "_step": 0, "_wandb": {"runtime": 1}}