{"CV_RMSE": 4471.040494633885, "RMSE": 1731.7491201145401, "RMSE_skane": 1510.8310133763364, "RMSE_kronoberg": 220.91810673820368, "CV_RMSE_'skane": 2395.6094292436624, "CV_RMSE_kronoberg": 2075.4310653902226, "_timestamp": 1748554551.6116734, "_runtime": 1.2705893516540527, "_step": 0, "_wandb": {"runtime": 1}}