{"CV_RMSE": 306.9203529783407, "RMSE": 22.250930051756946, "RMSE_Kalmar": 14.981869351961024, "RMSE_Blekinge": 7.269060699795924, "CV_RMSE_'Kalmar": 144.98583243833247, "CV_RMSE_Blekinge": 161.9345205400082, "_timestamp": 1748458405.8673513, "_runtime": 1.2925522327423096, "_step": 0, "_wandb": {"runtime": 1}}