{"CV_RMSE": 599.0958523296567, "RMSE": 514.0802480031381, "RMSE_STHLM": 388.6763460017828, "RMSE_S\u00f6dermanland": 125.40390200135528, "CV_RMSE_STHLM": 138.42845722263732, "CV_RMSE_S\u00f6dermanland": 460.6673951070194, "_timestamp": 1748317447.0904844, "_runtime": 1.277245283126831, "_step": 0, "_wandb": {"runtime": 1}}