{"CV_RMSE": 270.59481067846934, "RMSE": 430.1199906864043, "RMSE_STHLM": 394.7281081920775, "RMSE_S\u00f6dermanland": 35.39188249432681, "CV_RMSE_STHLM": 140.58381376053413, "CV_RMSE_S\u00f6dermanland": 130.01099691793522, "_timestamp": 1748533034.8232534, "_runtime": 1.3269603252410889, "_step": 0, "_wandb": {"runtime": 1}}