{"CV_RMSE": 927.1959985370926, "RMSE": 606.3026404829776, "RMSE_STHLM": 391.8946073698237, "RMSE_S\u00f6dermanland": 214.4080331131539, "CV_RMSE_STHLM": 139.57465240713944, "CV_RMSE_S\u00f6dermanland": 787.6213461299532, "_timestamp": 1748330410.207492, "_runtime": 1.2684822082519531, "_step": 0, "_wandb": {"runtime": 1}}