{"CV_RMSE": 5042.1354170283, "RMSE": 1950.4425592337388, "RMSE_skane": 1700.7972261122861, "RMSE_kronoberg": 249.6453331214527, "CV_RMSE_'skane": 2696.824354300665, "CV_RMSE_kronoberg": 2345.311062727635, "_timestamp": 1748525039.4534533, "_runtime": 12.472307205200195, "_step": 0, "_wandb": {"runtime": 1}}