{"CV_RMSE": 272.94799067014867, "RMSE": 432.6240771787945, "RMSE_STHLM": 396.7916756665611, "RMSE_S\u00f6dermanland": 35.83240151223337, "CV_RMSE_STHLM": 141.31876062520973, "CV_RMSE_S\u00f6dermanland": 131.6292300449389, "_timestamp": 1748432716.787072, "_runtime": 1.260434865951538, "_step": 0, "_wandb": {"runtime": 1}}