{"CV_RMSE": 999.3264026398956, "RMSE": 1161.2441290854958, "RMSE_STHLM": 984.672099040191, "RMSE_S\u00f6dermanland": 176.5720300453048, "CV_RMSE_STHLM": 350.6944555346941, "CV_RMSE_S\u00f6dermanland": 648.6319471052014, "_timestamp": 1748315796.5767975, "_runtime": 1.2918694019317627, "_step": 0, "_wandb": {"runtime": 1}}