{"CV_RMSE": 1954.6191826923864, "RMSE": 781.1951058265505, "RMSE_skane": 689.513397420798, "RMSE_kronoberg": 91.6817084057525, "CV_RMSE_'skane": 1093.3087696947114, "CV_RMSE_kronoberg": 861.3104129976749, "_timestamp": 1748533744.9340715, "_runtime": 1.3962104320526123, "_step": 0, "_wandb": {"runtime": 1}}