{"CV_RMSE": 3088.1287145572414, "RMSE": 198.019786101142, "RMSE_Kalmar": 105.01772053931381, "RMSE_Blekinge": 93.00206556182818, "CV_RMSE_'Kalmar": 1016.3005213481981, "CV_RMSE_Blekinge": 2071.828193209043, "_timestamp": 1748496616.311166, "_runtime": 1.2911691665649414, "_step": 0, "_wandb": {"runtime": 1}}