{"CV_RMSE": 306.9488002631971, "RMSE": 22.254176981362733, "RMSE_Kalmar": 14.985352365677581, "RMSE_Blekinge": 7.268824615685153, "CV_RMSE_'Kalmar": 145.01953902268627, "CV_RMSE_Blekinge": 161.92926124051084, "_timestamp": 1748507713.6694117, "_runtime": 1.327878713607788, "_step": 0, "_wandb": {"runtime": 1}}