{"CV_RMSE": 273.3600052942902, "RMSE": 433.61199444555507, "RMSE_STHLM": 397.7614564659419, "RMSE_S\u00f6dermanland": 35.850537979613186, "CV_RMSE_STHLM": 141.6641514916295, "CV_RMSE_S\u00f6dermanland": 131.69585380266068, "_timestamp": 1748340627.9509284, "_runtime": 1.3478543758392334, "_step": 0, "_wandb": {"runtime": 1}}