{"CV_RMSE": 254.15979593678543, "RMSE": 411.97774089504605, "RMSE_STHLM": 379.5923819535497, "RMSE_S\u00f6dermanland": 32.38535894149638, "CV_RMSE_STHLM": 135.19317125373752, "CV_RMSE_S\u00f6dermanland": 118.96662468304793, "_timestamp": 1748429917.5395715, "_runtime": 1.2645914554595947, "_step": 0, "_wandb": {"runtime": 1}}