{"CV_RMSE": 3944.0781379483333, "RMSE": 1437.8797194782192, "RMSE_skane": 1224.7726615395504, "RMSE_kronoberg": 213.1070579386688, "CV_RMSE_'skane": 1942.0285330965387, "CV_RMSE_kronoberg": 2002.0496048517948, "_timestamp": 1748502594.4930048, "_runtime": 1.3282287120819092, "_step": 0, "_wandb": {"runtime": 1}}