{"CV_RMSE": 305.7368591023946, "RMSE": 22.1499349301061, "RMSE_Kalmar": 14.897233346649, "RMSE_Blekinge": 7.2527015834571, "CV_RMSE_'Kalmar": 144.16677432240968, "CV_RMSE_Blekinge": 161.5700847799849, "_timestamp": 1748501313.795191, "_runtime": 1.3311679363250732, "_step": 0, "_wandb": {"runtime": 1}}