{"CV_RMSE": 2982.17320288292, "RMSE": 1228.6574697285341, "RMSE_skane": 1096.2472167639455, "RMSE_kronoberg": 132.41025296458872, "CV_RMSE_'skane": 1738.2355445517105, "CV_RMSE_kronoberg": 1243.9376583312094, "_timestamp": 1748542923.662351, "_runtime": 1.276066780090332, "_step": 0, "_wandb": {"runtime": 1}}