{"CV_RMSE": 272.06873926500845, "RMSE": 428.2976520972173, "RMSE_STHLM": 392.2658061421003, "RMSE_S\u00f6dermanland": 36.03184595511699, "CV_RMSE_STHLM": 139.70685616457868, "CV_RMSE_S\u00f6dermanland": 132.36188310042976, "_timestamp": 1748441234.2257035, "_runtime": 1.2906975746154785, "_step": 0, "_wandb": {"runtime": 1}}