{"CV_RMSE": 974.9165706816219, "RMSE": 341.40976876011035, "RMSE_skane": 285.8876756457662, "RMSE_kronoberg": 55.52209311434415, "CV_RMSE_'skane": 453.3102679372614, "CV_RMSE_kronoberg": 521.6063027443605, "_timestamp": 1748524713.6145985, "_runtime": 1.4062325954437256, "_step": 0, "_wandb": {"runtime": 1}}