{"CV_RMSE": 306.7227345086092, "RMSE": 22.232615590787265, "RMSE_Kalmar": 14.965172514853135, "RMSE_Blekinge": 7.26744307593413, "CV_RMSE_'Kalmar": 144.82425014374, "CV_RMSE_Blekinge": 161.89848436486923, "_timestamp": 1748502684.6509848, "_runtime": 1.3007948398590088, "_step": 0, "_wandb": {"runtime": 1}}