{"CV_RMSE": 2727.3818842188084, "RMSE": 184.05902094881657, "RMSE_Kalmar": 108.96537469431853, "RMSE_Blekinge": 75.09364625449804, "CV_RMSE_'Kalmar": 1054.50362607405, "CV_RMSE_Blekinge": 1672.8782581447583, "_timestamp": 1748460745.7786665, "_runtime": 1.3013505935668945, "_step": 0, "_wandb": {"runtime": 1}}