{"CV_RMSE": 552.732315922432, "RMSE": 506.56281819522843, "RMSE_STHLM": 394.328050272223, "RMSE_S\u00f6dermanland": 112.23476792300545, "CV_RMSE_STHLM": 140.44133171547315, "CV_RMSE_S\u00f6dermanland": 412.29098420695885, "_timestamp": 1748327435.862685, "_runtime": 1.3088679313659668, "_step": 0, "_wandb": {"runtime": 1}}