{"CV_RMSE": 4245.786221204478, "RMSE": 274.15949396015844, "RMSE_Kalmar": 147.75837883725808, "RMSE_Blekinge": 126.40111512290036, "CV_RMSE_'Kalmar": 1429.9197951992717, "CV_RMSE_Blekinge": 2815.8664260052064, "_timestamp": 1748520631.8931854, "_runtime": 1.28779935836792, "_step": 0, "_wandb": {"runtime": 1}}