{"CV_RMSE": 306.32586527447654, "RMSE": 22.224384765104965, "RMSE_Kalmar": 14.982117951627002, "RMSE_Blekinge": 7.242266813477964, "CV_RMSE_'Kalmar": 144.9882382415516, "CV_RMSE_Blekinge": 161.33762703292496, "_timestamp": 1748467554.126418, "_runtime": 1.3278980255126953, "_step": 0, "_wandb": {"runtime": 1}}