{"CV_RMSE": 503.8494989788405, "RMSE": 862.7042070103956, "RMSE_STHLM": 803.4411312900272, "RMSE_S\u00f6dermanland": 59.26307572036837, "CV_RMSE_STHLM": 286.1484044958546, "CV_RMSE_S\u00f6dermanland": 217.70109448298587, "_timestamp": 1748325838.742305, "_runtime": 1.3241701126098633, "_step": 0, "_wandb": {"runtime": 1}}