{"CV_RMSE": 4260.905519711583, "RMSE": 1804.5362924507936, "RMSE_skane": 1625.3072870408478, "RMSE_kronoberg": 179.22900540994578, "CV_RMSE_'skane": 2577.1257194093782, "CV_RMSE_kronoberg": 1683.7798003022046, "_timestamp": 1748500011.7610795, "_runtime": 1.2612025737762451, "_step": 0, "_wandb": {"runtime": 1}}