{"CV_RMSE": 1116.6365526451484, "RMSE": 1840.8772256869086, "RMSE_STHLM": 1701.908966349613, "RMSE_S\u00f6dermanland": 138.9682593372956, "CV_RMSE_STHLM": 606.140906099981, "CV_RMSE_S\u00f6dermanland": 510.49564654516746, "_timestamp": 1748402507.2062957, "_runtime": 1.3252956867218018, "_step": 0, "_wandb": {"runtime": 1}}