{"CV_RMSE": 1174.5052074275845, "RMSE": 568.5753675849372, "RMSE_skane": 533.6207707069624, "RMSE_kronoberg": 34.9545968779748, "CV_RMSE_'skane": 846.1217294507859, "CV_RMSE_kronoberg": 328.38347797679876, "_timestamp": 1748513813.1505208, "_runtime": 1.3647818565368652, "_step": 0, "_wandb": {"runtime": 1}}