{"CV_RMSE": 818.183048181173, "RMSE": 693.9369348472745, "RMSE_STHLM": 521.7992857378856, "RMSE_S\u00f6dermanland": 172.13764910938892, "CV_RMSE_STHLM": 185.8406636977036, "CV_RMSE_S\u00f6dermanland": 632.3423844834695, "_timestamp": 1748314836.1873484, "_runtime": 1.3412792682647705, "_step": 0, "_wandb": {"runtime": 1}}