{"CV_RMSE": 3112.636058947885, "RMSE": 1413.123526448637, "RMSE_skane": 1301.4626604935868, "RMSE_kronoberg": 111.66086595505024, "CV_RMSE_'skane": 2063.630011353467, "CV_RMSE_kronoberg": 1049.0060475944179, "_timestamp": 1748575070.8788915, "_runtime": 1.4042794704437256, "_step": 0, "_wandb": {"runtime": 1}}