{"CV_RMSE": 1196.6216559929044, "RMSE": 992.7880551335797, "RMSE_STHLM": 738.6558853054112, "RMSE_S\u00f6dermanland": 254.13216982816857, "CV_RMSE_STHLM": 263.0749096853463, "CV_RMSE_S\u00f6dermanland": 933.546746307558, "_timestamp": 1748366340.174, "_runtime": 1.416090965270996, "_step": 0, "_wandb": {"runtime": 1}}