{"CV_RMSE": 1701.1997226147373, "RMSE": 2316.0049569116904, "RMSE_STHLM": 2051.8316326992085, "RMSE_S\u00f6dermanland": 264.17332421248193, "CV_RMSE_STHLM": 730.7671030586813, "CV_RMSE_S\u00f6dermanland": 970.4326195560561, "_timestamp": 1748316499.5892496, "_runtime": 1.2696075439453125, "_step": 0, "_wandb": {"runtime": 1}}