{"CV_RMSE": 549.3722406992592, "RMSE": 869.7966030017127, "RMSE_STHLM": 797.572217064112, "RMSE_S\u00f6dermanland": 72.22438593760067, "CV_RMSE_STHLM": 284.0581699080731, "CV_RMSE_S\u00f6dermanland": 265.31407079118617, "_timestamp": 1748392153.0148122, "_runtime": 1.3237411975860596, "_step": 0, "_wandb": {"runtime": 1}}