{"CV_RMSE": 1169.18395574053, "RMSE": 2049.1583629138327, "RMSE_STHLM": 1916.711237713814, "RMSE_S\u00f6dermanland": 132.44712520001858, "CV_RMSE_STHLM": 682.6434958220945, "CV_RMSE_S\u00f6dermanland": 486.5404599184356, "_timestamp": 1748369305.3279378, "_runtime": 1.2695279121398926, "_step": 0, "_wandb": {"runtime": 1}}