{"CV_RMSE": 1436.5428111511683, "RMSE": 1865.9543745196493, "RMSE_STHLM": 1633.2431743325458, "RMSE_S\u00f6dermanland": 232.7112001871034, "CV_RMSE_STHLM": 581.6853410760947, "CV_RMSE_S\u00f6dermanland": 854.8574700750737, "_timestamp": 1748303430.0338755, "_runtime": 1.2569193840026855, "_step": 0, "_wandb": {"runtime": 1}}