{"CV_RMSE": 5151.912021382968, "RMSE": 1973.1291828890166, "RMSE_skane": 1714.032621071413, "RMSE_kronoberg": 259.09656181760386, "CV_RMSE_'skane": 2717.8107099441004, "CV_RMSE_kronoberg": 2434.1013114388675, "_timestamp": 1748531309.6549268, "_runtime": 1.3247768878936768, "_step": 0, "_wandb": {"runtime": 1}}