{"CV_RMSE": 269.60960227409356, "RMSE": 423.3239178976014, "RMSE_STHLM": 387.4993853162866, "RMSE_S\u00f6dermanland": 35.8245325813148, "CV_RMSE_STHLM": 138.0092785059984, "CV_RMSE_S\u00f6dermanland": 131.60032376809517, "_timestamp": 1748285150.557158, "_runtime": 1.3649799823760986, "_step": 0, "_wandb": {"runtime": 1}}