{"CV_RMSE": 319.6193099618507, "RMSE": 103.51556570219188, "RMSE_skane": 83.60474404238451, "RMSE_kronoberg": 19.910821659807368, "CV_RMSE_'skane": 132.56566180082112, "CV_RMSE_kronoberg": 187.05364816102957, "_timestamp": 1748542150.2499607, "_runtime": 1.3093786239624023, "_step": 0, "_wandb": {"runtime": 1}}