{"CV_RMSE": 466.79388855418955, "RMSE": 568.6696847686809, "RMSE_STHLM": 489.0088449494517, "RMSE_S\u00f6dermanland": 79.66083981922918, "CV_RMSE_STHLM": 174.16223207538843, "CV_RMSE_S\u00f6dermanland": 292.6316564788011, "_timestamp": 1748336155.165412, "_runtime": 1.2954769134521484, "_step": 0, "_wandb": {"runtime": 1}}