{"CV_RMSE": 306.90712080220567, "RMSE": 22.24986158883108, "RMSE_Kalmar": 14.981030433187875, "RMSE_Blekinge": 7.268831155643205, "CV_RMSE_'Kalmar": 144.97771386956006, "CV_RMSE_Blekinge": 161.92940693264563, "_timestamp": 1748497073.063765, "_runtime": 1.2621519565582275, "_step": 0, "_wandb": {"runtime": 1}}