{"CV_RMSE": 3736.9504943389493, "RMSE": 1534.723225410646, "RMSE_skane": 1367.8048453501015, "RMSE_kronoberg": 166.9183800605444, "CV_RMSE_'skane": 2168.823750555129, "CV_RMSE_kronoberg": 1568.12674378382, "_timestamp": 1748504675.418622, "_runtime": 1.3379380702972412, "_step": 0, "_wandb": {"runtime": 1}}