{"CV_RMSE": 270.4968057138208, "RMSE": 433.02488222732893, "RMSE_STHLM": 397.9744180446499, "RMSE_S\u00f6dermanland": 35.05046418267901, "CV_RMSE_STHLM": 141.73999851214282, "CV_RMSE_S\u00f6dermanland": 128.756807201678, "_timestamp": 1748390482.483309, "_runtime": 1.2778589725494385, "_step": 0, "_wandb": {"runtime": 1}}