{"CV_RMSE": 274.71752181811587, "RMSE": 433.35536672194894, "RMSE_STHLM": 397.0680553195568, "RMSE_S\u00f6dermanland": 36.28731140239217, "CV_RMSE_STHLM": 141.41719421749156, "CV_RMSE_S\u00f6dermanland": 133.3003276006243, "_timestamp": 1748458210.581388, "_runtime": 1.2865378856658936, "_step": 0, "_wandb": {"runtime": 1}}