{"CV_RMSE": 440.41822266211784, "RMSE": 411.1880425219867, "RMSE_STHLM": 322.57057025236014, "RMSE_S\u00f6dermanland": 88.61747226962656, "CV_RMSE_STHLM": 114.88465105940806, "CV_RMSE_S\u00f6dermanland": 325.5335716027098, "_timestamp": 1748351099.5387561, "_runtime": 1.3112280368804932, "_step": 0, "_wandb": {"runtime": 1}}