{"CV_RMSE": 1928.4118968354528, "RMSE": 2703.791994345732, "RMSE_STHLM": 2412.75947084975, "RMSE_S\u00f6dermanland": 291.0325234959818, "CV_RMSE_STHLM": 859.3128309318461, "CV_RMSE_S\u00f6dermanland": 1069.0990659036067, "_timestamp": 1748286259.6440332, "_runtime": 1.2573902606964111, "_step": 0, "_wandb": {"runtime": 1}}