{"CV_RMSE": 3442.3795377607744, "RMSE": 245.53736357614662, "RMSE_Kalmar": 160.9161160128578, "RMSE_Blekinge": 84.6212475632888, "CV_RMSE_'Kalmar": 1557.2527356083012, "CV_RMSE_Blekinge": 1885.1268021524731, "_timestamp": 1748504630.0685644, "_runtime": 1.298842430114746, "_step": 0, "_wandb": {"runtime": 1}}