{"CV_RMSE": 269.82811262621107, "RMSE": 427.96791564146974, "RMSE_STHLM": 392.57610214958515, "RMSE_S\u00f6dermanland": 35.39181349188459, "CV_RMSE_STHLM": 139.817369186635, "CV_RMSE_S\u00f6dermanland": 130.01074343957606, "_timestamp": 1748459836.9967868, "_runtime": 1.295900821685791, "_step": 0, "_wandb": {"runtime": 1}}