{"CV_RMSE": 4636.873006980384, "RMSE": 1785.6811447306832, "RMSE_skane": 1554.4778352334235, "RMSE_kronoberg": 231.20330949725974, "CV_RMSE_'skane": 2464.8168634779445, "CV_RMSE_kronoberg": 2172.05614350244, "_timestamp": 1748558601.509273, "_runtime": 1.306581974029541, "_step": 0, "_wandb": {"runtime": 1}}