{"CV_RMSE": 306.89950914261647, "RMSE": 22.2532548647976, "RMSE_Kalmar": 14.98763406068696, "RMSE_Blekinge": 7.265620804110642, "CV_RMSE_'Kalmar": 145.04161994213186, "CV_RMSE_Blekinge": 161.8578892004846, "_timestamp": 1748474133.5857804, "_runtime": 1.2585504055023193, "_step": 0, "_wandb": {"runtime": 1}}