{"CV_RMSE": 279.57228919034605, "RMSE": 100.76906522428274, "RMSE_skane": 85.42891082938911, "RMSE_kronoberg": 15.340154394893634, "CV_RMSE_'skane": 135.4581038520969, "CV_RMSE_kronoberg": 144.11418533824917, "_timestamp": 1748548083.8810291, "_runtime": 1.3447651863098145, "_step": 0, "_wandb": {"runtime": 1}}