{"CV_RMSE": 770.581944205516, "RMSE": 1035.0316403089291, "RMSE_STHLM": 913.863871442107, "RMSE_S\u00f6dermanland": 121.16776886682207, "CV_RMSE_STHLM": 325.4758544906594, "CV_RMSE_S\u00f6dermanland": 445.10608971485664, "_timestamp": 1748312778.1978202, "_runtime": 1.287424087524414, "_step": 0, "_wandb": {"runtime": 1}}