{"CV_RMSE": 545.6424909018457, "RMSE": 852.1283361930906, "RMSE_STHLM": 779.1313780549468, "RMSE_S\u00f6dermanland": 72.99695813814378, "CV_RMSE_STHLM": 277.4903997821338, "CV_RMSE_S\u00f6dermanland": 268.1520911197119, "_timestamp": 1748290315.5409672, "_runtime": 1.3935422897338867, "_step": 0, "_wandb": {"runtime": 1}}