{"CV_RMSE": 3973.863452264917, "RMSE": 1560.1899715435807, "RMSE_skane": 1368.1040178839655, "RMSE_kronoberg": 192.0859536596152, "CV_RMSE_'skane": 2169.2981256088246, "CV_RMSE_kronoberg": 1804.5653266560926, "_timestamp": 1748531155.802158, "_runtime": 1.3270020484924316, "_step": 0, "_wandb": {"runtime": 1}}