{"CV_RMSE": 827.3963625667334, "RMSE": 952.8086037176323, "RMSE_STHLM": 805.6865850737696, "RMSE_S\u00f6dermanland": 147.1220186438627, "CV_RMSE_STHLM": 286.9481308137684, "CV_RMSE_S\u00f6dermanland": 540.4482317529651, "_timestamp": 1748334404.9430945, "_runtime": 1.3130536079406738, "_step": 0, "_wandb": {"runtime": 1}}