{"CV_RMSE": 275.09462248312485, "RMSE": 436.3742402771866, "RMSE_STHLM": 400.29736462351036, "RMSE_S\u00f6dermanland": 36.07687565367621, "CV_RMSE_STHLM": 142.56732416349794, "CV_RMSE_S\u00f6dermanland": 132.5272983196269, "_timestamp": 1748488151.7764401, "_runtime": 1.3571951389312744, "_step": 0, "_wandb": {"runtime": 1}}