{"CV_RMSE": 2957.7147149975294, "RMSE": 687.6046676349637, "RMSE_skane": 448.4645952964109, "RMSE_kronoberg": 239.14007233855278, "CV_RMSE_'skane": 711.0960813368038, "CV_RMSE_kronoberg": 2246.6186336607257, "_timestamp": 1748554483.3092747, "_runtime": 1.3217155933380127, "_step": 0, "_wandb": {"runtime": 1}}