{"CV_RMSE": 5138.164424619513, "RMSE": 1967.8307287536495, "RMSE_skane": 1709.4187972075024, "RMSE_kronoberg": 258.41193154614706, "CV_RMSE_'skane": 2710.4949215763777, "CV_RMSE_kronoberg": 2427.669503043135, "_timestamp": 1748564399.6458964, "_runtime": 1.30810546875, "_step": 0, "_wandb": {"runtime": 1}}