{"CV_RMSE": 4601.772465012469, "RMSE": 1693.1714901039657, "RMSE_skane": 1447.6788100075235, "RMSE_kronoberg": 245.4926800964422, "CV_RMSE_'skane": 2295.4738002233457, "CV_RMSE_kronoberg": 2306.298664789123, "_timestamp": 1748569234.410386, "_runtime": 1.317432165145874, "_step": 0, "_wandb": {"runtime": 1}}