{"CV_RMSE": 265.8976056455309, "RMSE": 424.52094844443815, "RMSE_STHLM": 389.9439073560974, "RMSE_S\u00f6dermanland": 34.577041088340756, "CV_RMSE_STHLM": 138.87990368836077, "CV_RMSE_S\u00f6dermanland": 127.01770195717013, "_timestamp": 1748510907.8253388, "_runtime": 1.323551893234253, "_step": 0, "_wandb": {"runtime": 1}}