{"CV_RMSE": 4194.7559221128595, "RMSE": 1809.4229577760202, "RMSE_skane": 1639.6571997292158, "RMSE_kronoberg": 169.76575804680448, "CV_RMSE_'skane": 2599.8792807545706, "CV_RMSE_kronoberg": 1594.8766413582885, "_timestamp": 1748522271.472852, "_runtime": 1.2534029483795166, "_step": 0, "_wandb": {"runtime": 1}}