{"CV_RMSE": 869.1469756481799, "RMSE": 1726.0398030374156, "RMSE_STHLM": 1649.34774282772, "RMSE_S\u00f6dermanland": 76.6920602096956, "CV_RMSE_STHLM": 587.421040183992, "CV_RMSE_S\u00f6dermanland": 281.72593546418796, "_timestamp": 1748299825.0704362, "_runtime": 1.3523812294006348, "_step": 0, "_wandb": {"runtime": 1}}