{"CV_RMSE": 4830.635548408585, "RMSE": 1902.9010488386484, "RMSE_skane": 1670.6866062776744, "RMSE_kronoberg": 232.21444256097413, "CV_RMSE_'skane": 2649.0802425121688, "CV_RMSE_kronoberg": 2181.555305896417, "_timestamp": 1748523210.5057929, "_runtime": 1.3139469623565674, "_step": 0, "_wandb": {"runtime": 1}}