{"CV_RMSE": 969.5402308217836, "RMSE": 1775.9737135233306, "RMSE_STHLM": 1674.379256335029, "RMSE_S\u00f6dermanland": 101.5944571883017, "CV_RMSE_STHLM": 596.3361023749609, "CV_RMSE_S\u00f6dermanland": 373.2041284468226, "_timestamp": 1748333713.3632097, "_runtime": 1.4520106315612793, "_step": 0, "_wandb": {"runtime": 1}}