{"CV_RMSE": 1671.2954522223379, "RMSE": 2100.0633491602407, "RMSE_STHLM": 1821.720708487926, "RMSE_S\u00f6dermanland": 278.3426406723146, "CV_RMSE_STHLM": 648.812282405672, "CV_RMSE_S\u00f6dermanland": 1022.4831698166658, "_timestamp": 1748387837.6973324, "_runtime": 1.4397644996643066, "_step": 0, "_wandb": {"runtime": 1}}