{"CV_RMSE": 3163.0073879075644, "RMSE": 223.93834928473123, "RMSE_Kalmar": 144.90047480535915, "RMSE_Blekinge": 79.03787447937208, "CV_RMSE_'Kalmar": 1402.2626594067015, "CV_RMSE_Blekinge": 1760.7447285008632, "_timestamp": 1748461377.329284, "_runtime": 1.2899448871612549, "_step": 0, "_wandb": {"runtime": 1}}