{"CV_RMSE": 4856.030115421298, "RMSE": 327.69821056195786, "RMSE_Kalmar": 193.98529519169773, "RMSE_Blekinge": 133.71291537026013, "CV_RMSE_'Kalmar": 1877.277050242236, "CV_RMSE_Blekinge": 2978.753065179062, "_timestamp": 1748523176.1402302, "_runtime": 1.3182411193847656, "_step": 0, "_wandb": {"runtime": 1}}