{"CV_RMSE": 2454.4896582197653, "RMSE": 1205.4292909230278, "RMSE_skane": 1135.8767202689203, "RMSE_kronoberg": 69.55257065410757, "CV_RMSE_'skane": 1801.0730236822203, "CV_RMSE_kronoberg": 653.4166345375451, "_timestamp": 1748510337.5158434, "_runtime": 1.3183393478393555, "_step": 0, "_wandb": {"runtime": 1}}