{"CV_RMSE": 3095.3150086579863, "RMSE": 1339.4991651120265, "RMSE_skane": 1215.106817789648, "RMSE_kronoberg": 124.39234732237864, "CV_RMSE_'skane": 1926.7021423725917, "CV_RMSE_kronoberg": 1168.6128662853944, "_timestamp": 1748536880.8907053, "_runtime": 1.3183014392852783, "_step": 0, "_wandb": {"runtime": 1}}