{"CV_RMSE": 306.9094891226567, "RMSE": 22.250516931015007, "RMSE_Kalmar": 14.982001153238494, "RMSE_Blekinge": 7.2685157777765115, "CV_RMSE_'Kalmar": 144.98710793456607, "CV_RMSE_Blekinge": 161.9223811880906, "_timestamp": 1748499764.1237056, "_runtime": 1.2984557151794434, "_step": 0, "_wandb": {"runtime": 1}}