{"CV_RMSE": 4233.411485183748, "RMSE": 305.1387296364762, "RMSE_Kalmar": 203.51368902494048, "RMSE_Blekinge": 101.62504061153575, "CV_RMSE_'Kalmar": 1969.487313144585, "CV_RMSE_Blekinge": 2263.924172039163, "_timestamp": 1748578865.5617416, "_runtime": 1.3730006217956543, "_step": 0, "_wandb": {"runtime": 1}}