{"CV_RMSE": 905.7544427281414, "RMSE": 955.9255611221778, "RMSE_STHLM": 785.517256719513, "RMSE_S\u00f6dermanland": 170.40830440266484, "CV_RMSE_STHLM": 279.7647530856991, "CV_RMSE_S\u00f6dermanland": 625.9896896424423, "_timestamp": 1748351645.123109, "_runtime": 1.310817003250122, "_step": 0, "_wandb": {"runtime": 1}}