{"CV_RMSE": 253.63473054338277, "RMSE": 423.3124699092131, "RMSE_STHLM": 392.30230992022445, "RMSE_S\u00f6dermanland": 31.01015998898867, "CV_RMSE_STHLM": 139.7198571144448, "CV_RMSE_S\u00f6dermanland": 113.91487342893797, "_timestamp": 1748292303.9678378, "_runtime": 1.304553747177124, "_step": 0, "_wandb": {"runtime": 1}}