{"CV_RMSE": 272.7200636596157, "RMSE": 429.9294862476677, "RMSE_STHLM": 393.8764964263549, "RMSE_S\u00f6dermanland": 36.052989821312806, "CV_RMSE_STHLM": 140.2805092139768, "CV_RMSE_S\u00f6dermanland": 132.4395544456389, "_timestamp": 1748483063.9984198, "_runtime": 1.2773888111114502, "_step": 0, "_wandb": {"runtime": 1}}