{"CV_RMSE": 4556.874939742743, "RMSE": 1897.1364029105157, "RMSE_skane": 1698.808732017713, "RMSE_kronoberg": 198.3276708928027, "CV_RMSE_'skane": 2693.6713509794604, "CV_RMSE_kronoberg": 1863.2035887632824, "_timestamp": 1748537007.0608037, "_runtime": 1.297438621520996, "_step": 0, "_wandb": {"runtime": 1}}