{"CV_RMSE": 279.4513905097425, "RMSE": 100.68399159564207, "RMSE_skane": 85.34204488777918, "RMSE_kronoberg": 15.341946707862888, "CV_RMSE_'skane": 135.3203671582122, "CV_RMSE_kronoberg": 144.13102335153027, "_timestamp": 1748508017.101185, "_runtime": 1.3295869827270508, "_step": 0, "_wandb": {"runtime": 1}}