{"CV_RMSE": 1903.356515318747, "RMSE": 2550.7284443939648, "RMSE_STHLM": 2250.8156257199475, "RMSE_S\u00f6dermanland": 299.9128186740173, "CV_RMSE_STHLM": 801.6359569243976, "CV_RMSE_S\u00f6dermanland": 1101.7205583943492, "_timestamp": 1748304455.4300835, "_runtime": 1.2412874698638916, "_step": 0, "_wandb": {"runtime": 1}}