{"CV_RMSE": 4222.575904611925, "RMSE": 1854.4684669412516, "RMSE_skane": 1690.286718611979, "RMSE_kronoberg": 164.18174832927244, "CV_RMSE_'skane": 2680.158644733582, "CV_RMSE_kronoberg": 1542.4172598783425, "_timestamp": 1748567704.9135833, "_runtime": 1.2903962135314941, "_step": 0, "_wandb": {"runtime": 1}}