{"CV_RMSE": 275.53984562597145, "RMSE": 437.12809817129755, "RMSE_STHLM": 400.99794631719675, "RMSE_S\u00f6dermanland": 36.13015185410078, "CV_RMSE_STHLM": 142.81683881498896, "CV_RMSE_S\u00f6dermanland": 132.72300681098247, "_timestamp": 1748319161.3115177, "_runtime": 1.256624698638916, "_step": 0, "_wandb": {"runtime": 1}}