{"CV_RMSE": 778.2734170970405, "RMSE": 1132.6614296461225, "RMSE_STHLM": 1019.6568033976737, "RMSE_S\u00f6dermanland": 113.00462624844882, "CV_RMSE_STHLM": 363.15438189865705, "CV_RMSE_S\u00f6dermanland": 415.1190351983834, "_timestamp": 1748303628.3363452, "_runtime": 1.34843111038208, "_step": 0, "_wandb": {"runtime": 1}}