{"CV_RMSE": 270.80465001960914, "RMSE": 430.8142458248305, "RMSE_STHLM": 395.4336441632689, "RMSE_S\u00f6dermanland": 35.38060166156159, "CV_RMSE_STHLM": 140.83509289550534, "CV_RMSE_S\u00f6dermanland": 129.9695571241038, "_timestamp": 1748492615.8230395, "_runtime": 1.3908026218414307, "_step": 0, "_wandb": {"runtime": 1}}