{"CV_RMSE": 273.6048378761569, "RMSE": 434.05149694647025, "RMSE_STHLM": 398.17434039519935, "RMSE_S\u00f6dermanland": 35.8771565512709, "CV_RMSE_STHLM": 141.81120156536582, "CV_RMSE_S\u00f6dermanland": 131.79363631079107, "_timestamp": 1748512044.4050484, "_runtime": 1.3447012901306152, "_step": 0, "_wandb": {"runtime": 1}}