{"CV_RMSE": 2188.5344208644406, "RMSE": 1304.5552262509732, "RMSE_skane": 1289.188142401132, "RMSE_kronoberg": 15.367083849841244, "CV_RMSE_'skane": 2044.1672448220907, "CV_RMSE_kronoberg": 144.3671760423499, "_timestamp": 1748539559.4941466, "_runtime": 1.332195520401001, "_step": 0, "_wandb": {"runtime": 1}}