{"CV_RMSE": 4090.2311282209175, "RMSE": 1824.6416923552456, "RMSE_skane": 1671.3513896569232, "RMSE_kronoberg": 153.2903026983223, "CV_RMSE_'skane": 2650.1343387794764, "CV_RMSE_kronoberg": 1440.0967894414414, "_timestamp": 1748505839.2533584, "_runtime": 1.351001262664795, "_step": 0, "_wandb": {"runtime": 1}}