{"CV_RMSE": 785.2064282199514, "RMSE": 781.7639614449517, "RMSE_STHLM": 628.9963480898133, "RMSE_S\u00f6dermanland": 152.76761335513845, "CV_RMSE_STHLM": 224.01927711944282, "CV_RMSE_S\u00f6dermanland": 561.1871511005086, "_timestamp": 1748499335.3182898, "_runtime": 1.2872607707977295, "_step": 0, "_wandb": {"runtime": 1}}