{"CV_RMSE": 1606.0520059081045, "RMSE": 2440.594353058371, "RMSE_STHLM": 2218.47933076388, "RMSE_S\u00f6dermanland": 222.1150222944908, "CV_RMSE_STHLM": 790.1192709487505, "CV_RMSE_S\u00f6dermanland": 815.932734959354, "_timestamp": 1748363882.9262674, "_runtime": 1.357628345489502, "_step": 0, "_wandb": {"runtime": 1}}