{"CV_RMSE": 263.2247357166756, "RMSE": 405.13035867752075, "RMSE_STHLM": 369.27723852714763, "RMSE_S\u00f6dermanland": 35.85312015037311, "CV_RMSE_STHLM": 131.5193963887744, "CV_RMSE_S\u00f6dermanland": 131.7053393279012, "_timestamp": 1748559828.082964, "_runtime": 1.2868938446044922, "_step": 0, "_wandb": {"runtime": 1}}