{"CV_RMSE": 1377.1478337876747, "RMSE": 2020.2974708428637, "RMSE_STHLM": 1822.0613773602438, "RMSE_S\u00f6dermanland": 198.23609348261985, "CV_RMSE_STHLM": 648.9336128311119, "CV_RMSE_S\u00f6dermanland": 728.2142209565627, "_timestamp": 1748323034.2978873, "_runtime": 1.2891852855682373, "_step": 0, "_wandb": {"runtime": 1}}