{"CV_RMSE": 951.6017744351072, "RMSE": 837.3978763485882, "RMSE_STHLM": 640.4435960659279, "RMSE_S\u00f6dermanland": 196.95428028266028, "CV_RMSE_STHLM": 228.09625502941634, "CV_RMSE_S\u00f6dermanland": 723.5055194056908, "_timestamp": 1748358439.4582329, "_runtime": 1.3551628589630127, "_step": 0, "_wandb": {"runtime": 1}}