{"CV_RMSE": 5128.66518262452, "RMSE": 1967.193473377524, "RMSE_skane": 1709.8686017534947, "RMSE_kronoberg": 257.32487162402936, "CV_RMSE_'skane": 2711.2081423152663, "CV_RMSE_kronoberg": 2417.457040309253, "_timestamp": 1748523278.3114605, "_runtime": 1.2435383796691895, "_step": 0, "_wandb": {"runtime": 1}}