{"CV_RMSE": 271.2011822469, "RMSE": 96.46676914271052, "RMSE_skane": 81.32501334583917, "RMSE_kronoberg": 15.14175579687135, "CV_RMSE_'skane": 128.95086682744054, "CV_RMSE_kronoberg": 142.25031541945944, "_timestamp": 1748511504.7280946, "_runtime": 1.3892765045166016, "_step": 0, "_wandb": {"runtime": 1}}