{"CV_RMSE": 5237.08599849134, "RMSE": 2026.2808338813925, "RMSE_skane": 1767.0696009587996, "RMSE_kronoberg": 259.2112329225928, "CV_RMSE_'skane": 2801.9074010974623, "CV_RMSE_kronoberg": 2435.178597393878, "_timestamp": 1748574360.8833647, "_runtime": 1.245253562927246, "_step": 0, "_wandb": {"runtime": 1}}