{"CV_RMSE": 306.9244585672901, "RMSE": 22.252902596557988, "RMSE_Kalmar": 14.985031085823433, "RMSE_Blekinge": 7.267871510734556, "CV_RMSE_'Kalmar": 145.0164298628074, "CV_RMSE_Blekinge": 161.9080287044827, "_timestamp": 1748544242.3972423, "_runtime": 1.3398323059082031, "_step": 0, "_wandb": {"runtime": 1}}