{"CV_RMSE": 264.5963737423067, "RMSE": 399.7793359880865, "RMSE_STHLM": 362.93824126411374, "RMSE_S\u00f6dermanland": 36.8410947239727, "CV_RMSE_STHLM": 129.26174006240694, "CV_RMSE_S\u00f6dermanland": 135.33463367989972, "_timestamp": 1748460057.118043, "_runtime": 1.303581953048706, "_step": 0, "_wandb": {"runtime": 1}}