{"CV_RMSE": 422.0194597892589, "RMSE": 825.6184331573178, "RMSE_STHLM": 787.0413013352131, "RMSE_S\u00f6dermanland": 38.57713182210462, "CV_RMSE_STHLM": 280.30754697336437, "CV_RMSE_S\u00f6dermanland": 141.71191281589452, "_timestamp": 1748312552.761494, "_runtime": 1.3050339221954346, "_step": 0, "_wandb": {"runtime": 1}}