{"CV_RMSE": 1019.3801624726805, "RMSE": 961.893849103797, "RMSE_STHLM": 757.8740051258604, "RMSE_S\u00f6dermanland": 204.01984397793666, "CV_RMSE_STHLM": 269.91951112515807, "CV_RMSE_S\u00f6dermanland": 749.4606513475225, "_timestamp": 1748326408.932854, "_runtime": 1.5232939720153809, "_step": 0, "_wandb": {"runtime": 1}}