{"CV_RMSE": 303.9496192887746, "RMSE": 21.966173366115278, "RMSE_Kalmar": 14.714178309084593, "RMSE_Blekinge": 7.251995057030683, "CV_RMSE_'Kalmar": 142.39527395888317, "CV_RMSE_Blekinge": 161.55434532989145, "_timestamp": 1748498385.4331863, "_runtime": 1.2845523357391357, "_step": 0, "_wandb": {"runtime": 1}}