{"CV_RMSE": 275.12847752046, "RMSE": 436.8546849314159, "RMSE_STHLM": 400.8191852076344, "RMSE_S\u00f6dermanland": 36.03549972378148, "CV_RMSE_STHLM": 142.75317241269133, "CV_RMSE_S\u00f6dermanland": 132.3753051077687, "_timestamp": 1748511855.2342775, "_runtime": 1.3180994987487793, "_step": 0, "_wandb": {"runtime": 1}}