{"CV_RMSE": 3668.9230311350725, "RMSE": 1766.5976667333634, "RMSE_skane": 1655.4733639942258, "RMSE_kronoberg": 111.1243027391376, "CV_RMSE_'skane": 2624.9577653185397, "CV_RMSE_kronoberg": 1043.9652658165328, "_timestamp": 1748523095.775392, "_runtime": 1.287872076034546, "_step": 0, "_wandb": {"runtime": 1}}