{"CV_RMSE": 306.95286638438995, "RMSE": 22.25448746910154, "RMSE_Kalmar": 14.985578613949492, "RMSE_Blekinge": 7.2689088551520475, "CV_RMSE_'Kalmar": 145.02172852209185, "CV_RMSE_Blekinge": 161.9311378622981, "_timestamp": 1748539269.3224027, "_runtime": 1.3081116676330566, "_step": 0, "_wandb": {"runtime": 1}}