{"CV_RMSE": 1464.3170585226671, "RMSE": 1498.2353545290475, "RMSE_STHLM": 1217.6726122885148, "RMSE_S\u00f6dermanland": 280.56274224053277, "CV_RMSE_STHLM": 433.6784135574449, "CV_RMSE_S\u00f6dermanland": 1030.6386449652223, "_timestamp": 1748286553.3086014, "_runtime": 1.2533693313598633, "_step": 0, "_wandb": {"runtime": 1}}