{"CV_RMSE": 258.23997861485293, "RMSE": 406.1118938954034, "RMSE_STHLM": 371.8668010157665, "RMSE_S\u00f6dermanland": 34.24509287963689, "CV_RMSE_STHLM": 132.44167824067662, "CV_RMSE_S\u00f6dermanland": 125.79830037417634, "_timestamp": 1748499865.0340574, "_runtime": 1.353966474533081, "_step": 0, "_wandb": {"runtime": 1}}