{"CV_RMSE": 259.1537059004516, "RMSE": 427.64293490750265, "RMSE_STHLM": 395.4340151093462, "RMSE_S\u00f6dermanland": 32.20891979815647, "CV_RMSE_STHLM": 140.83522500926458, "CV_RMSE_S\u00f6dermanland": 118.31848089118704, "_timestamp": 1748444258.4229648, "_runtime": 1.3388657569885254, "_step": 0, "_wandb": {"runtime": 1}}