{"CV_RMSE": 279.26049543898586, "RMSE": 100.62776809175905, "RMSE_skane": 85.29885076342202, "RMSE_kronoberg": 15.328917328337022, "CV_RMSE_'skane": 135.25187753185307, "CV_RMSE_kronoberg": 144.0086179071328, "_timestamp": 1748541128.7641265, "_runtime": 1.3268165588378906, "_step": 0, "_wandb": {"runtime": 1}}