{"CV_RMSE": 431.4026770874649, "RMSE": 544.3288120434619, "RMSE_STHLM": 472.7233171708246, "RMSE_S\u00f6dermanland": 71.6054948726373, "CV_RMSE_STHLM": 168.36208367777687, "CV_RMSE_S\u00f6dermanland": 263.04059340968803, "_timestamp": 1748394936.6938243, "_runtime": 1.340968370437622, "_step": 0, "_wandb": {"runtime": 1}}