{"CV_RMSE": 306.9880149455686, "RMSE": 22.257503899263497, "RMSE_Kalmar": 14.988122235210486, "RMSE_Blekinge": 7.269381664053011, "CV_RMSE_'Kalmar": 145.0463442117144, "CV_RMSE_Blekinge": 161.9416707338542, "_timestamp": 1748490920.415599, "_runtime": 1.2298011779785156, "_step": 0, "_wandb": {"runtime": 1}}