{"CV_RMSE": 1009.7801120813688, "RMSE": 378.46484885960024, "RMSE_skane": 326.0023061431226, "RMSE_kronoberg": 52.46254271647766, "CV_RMSE_'skane": 516.9169759140422, "CV_RMSE_kronoberg": 492.8631361673266, "_timestamp": 1748530127.6041987, "_runtime": 1.351808786392212, "_step": 0, "_wandb": {"runtime": 1}}