{"CV_RMSE": 273.0209125203181, "RMSE": 433.8134178594054, "RMSE_STHLM": 398.08672411268327, "RMSE_S\u00f6dermanland": 35.72669374672211, "CV_RMSE_STHLM": 141.77999671603283, "CV_RMSE_S\u00f6dermanland": 131.24091580428532, "_timestamp": 1748507933.3212996, "_runtime": 1.2747125625610352, "_step": 0, "_wandb": {"runtime": 1}}