{"CV_RMSE": 855.381981422718, "RMSE": 492.3699813697253, "RMSE_STHLM": 287.37814451292246, "RMSE_S\u00f6dermanland": 204.99183685680282, "CV_RMSE_STHLM": 102.35074398956478, "CV_RMSE_S\u00f6dermanland": 753.0312374331533, "_timestamp": 1748317363.1779559, "_runtime": 1.3015878200531006, "_step": 0, "_wandb": {"runtime": 1}}