{"CV_RMSE": 5186.024623073027, "RMSE": 2007.1547577706328, "RMSE_skane": 1750.5987628311464, "RMSE_kronoberg": 256.5559949394866, "CV_RMSE_'skane": 2775.7908501550946, "CV_RMSE_kronoberg": 2410.2337729179326, "_timestamp": 1748578432.1409101, "_runtime": 1.289013147354126, "_step": 0, "_wandb": {"runtime": 1}}