{"CV_RMSE": 268.31446312595494, "RMSE": 427.824408623222, "RMSE_STHLM": 392.87347535961055, "RMSE_S\u00f6dermanland": 34.95093326361144, "CV_RMSE_STHLM": 139.92327970860683, "CV_RMSE_S\u00f6dermanland": 128.39118341734815, "_timestamp": 1748440972.3118525, "_runtime": 1.2707605361938477, "_step": 0, "_wandb": {"runtime": 1}}