{"CV_RMSE": 1662.942450876798, "RMSE": 2319.4447334695597, "RMSE_STHLM": 2067.1733089177287, "RMSE_S\u00f6dermanland": 252.27142455183107, "CV_RMSE_STHLM": 736.2310953802754, "CV_RMSE_S\u00f6dermanland": 926.7113554965224, "_timestamp": 1748324664.5197608, "_runtime": 1.331347942352295, "_step": 0, "_wandb": {"runtime": 1}}