{"CV_RMSE": 270.1390849957245, "RMSE": 434.78946952486376, "RMSE_STHLM": 400.0362892848718, "RMSE_S\u00f6dermanland": 34.75318023999196, "CV_RMSE_STHLM": 142.47434125697848, "CV_RMSE_S\u00f6dermanland": 127.66474373874598, "_timestamp": 1748337180.153366, "_runtime": 1.274744987487793, "_step": 0, "_wandb": {"runtime": 1}}