{"CV_RMSE": 275.5654564143554, "RMSE": 437.14063281995305, "RMSE_STHLM": 401.00410637571605, "RMSE_S\u00f6dermanland": 36.13652644423702, "CV_RMSE_STHLM": 142.819032741648, "CV_RMSE_S\u00f6dermanland": 132.74642367270744, "_timestamp": 1748450961.4633586, "_runtime": 1.2823395729064941, "_step": 0, "_wandb": {"runtime": 1}}