{"CV_RMSE": 274.3072431974246, "RMSE": 435.2748533634848, "RMSE_STHLM": 399.31729970415813, "RMSE_S\u00f6dermanland": 35.95755365932668, "CV_RMSE_STHLM": 142.2182705713266, "CV_RMSE_S\u00f6dermanland": 132.088972626098, "_timestamp": 1748528310.613787, "_runtime": 1.492940902709961, "_step": 0, "_wandb": {"runtime": 1}}