{"CV_RMSE": 265.62889745279034, "RMSE": 416.0926216893001, "RMSE_STHLM": 380.6917005850087, "RMSE_S\u00f6dermanland": 35.400921104291385, "CV_RMSE_STHLM": 135.5846974778424, "CV_RMSE_S\u00f6dermanland": 130.04419997494793, "_timestamp": 1748479123.554802, "_runtime": 1.3296048641204834, "_step": 0, "_wandb": {"runtime": 1}}