{"CV_RMSE": 2870.741327047984, "RMSE": 645.6434743086605, "RMSE_skane": 409.12074880356266, "RMSE_kronoberg": 236.52272550509784, "CV_RMSE_'skane": 648.7115467286934, "CV_RMSE_kronoberg": 2222.0297803192907, "_timestamp": 1748564823.651198, "_runtime": 1.32234787940979, "_step": 0, "_wandb": {"runtime": 1}}