{"CV_RMSE": 263.90581751085995, "RMSE": 416.57473724872847, "RMSE_STHLM": 381.74499694057215, "RMSE_S\u00f6dermanland": 34.8297403081563, "CV_RMSE_STHLM": 135.95983270538778, "CV_RMSE_S\u00f6dermanland": 127.94598480547214, "_timestamp": 1748519556.6345623, "_runtime": 1.2741303443908691, "_step": 0, "_wandb": {"runtime": 1}}