{"CV_RMSE": 473.3040992862267, "RMSE": 845.2550238081033, "RMSE_STHLM": 793.3264354938051, "RMSE_S\u00f6dermanland": 51.92858831429813, "CV_RMSE_STHLM": 282.5460197643152, "CV_RMSE_S\u00f6dermanland": 190.7580795219115, "_timestamp": 1748304309.3045092, "_runtime": 1.2876272201538086, "_step": 0, "_wandb": {"runtime": 1}}