{"CV_RMSE": 2233.7582768397015, "RMSE": 182.92334682369852, "RMSE_Kalmar": 146.13450636673934, "RMSE_Blekinge": 36.78884045695919, "CV_RMSE_'Kalmar": 1414.204900323284, "CV_RMSE_Blekinge": 819.5533765164176, "_timestamp": 1748497318.9696703, "_runtime": 1.3066203594207764, "_step": 0, "_wandb": {"runtime": 1}}