{"CV_RMSE": 713.5046800136788, "RMSE": 48.66173864401521, "RMSE_Kalmar": 29.408697523377242, "RMSE_Blekinge": 19.253041120637967, "CV_RMSE_'Kalmar": 284.6002986133281, "CV_RMSE_Blekinge": 428.90438140035076, "_timestamp": 1748549336.9632113, "_runtime": 1.3222084045410156, "_step": 0, "_wandb": {"runtime": 1}}