{"CV_RMSE": 272.67593308236894, "RMSE": 434.0926918348737, "RMSE_STHLM": 398.49997503640196, "RMSE_S\u00f6dermanland": 35.59271679847172, "CV_RMSE_STHLM": 141.92717749614633, "CV_RMSE_S\u00f6dermanland": 130.74875558622264, "_timestamp": 1748456564.3935735, "_runtime": 1.3004834651947021, "_step": 0, "_wandb": {"runtime": 1}}