{"CV_RMSE": 465.9074322364979, "RMSE": 988.5582193926714, "RMSE_STHLM": 954.2446579295224, "RMSE_S\u00f6dermanland": 34.313561463148986, "CV_RMSE_STHLM": 339.85761461676697, "CV_RMSE_S\u00f6dermanland": 126.04981761973097, "_timestamp": 1748346223.1518571, "_runtime": 1.3186371326446533, "_step": 0, "_wandb": {"runtime": 1}}