{"CV_RMSE": 266.83110003910826, "RMSE": 425.31581624554633, "RMSE_STHLM": 390.5427132079723, "RMSE_S\u00f6dermanland": 34.77310303757403, "CV_RMSE_STHLM": 139.09317051332613, "CV_RMSE_S\u00f6dermanland": 127.73792952578216, "_timestamp": 1748448454.566506, "_runtime": 1.2833569049835205, "_step": 0, "_wandb": {"runtime": 1}}