{"CV_RMSE": 2655.7191270292933, "RMSE": 1233.729616239863, "RMSE_skane": 1144.1544002898981, "RMSE_kronoberg": 89.57521594996473, "CV_RMSE_'skane": 1814.1983091277455, "CV_RMSE_kronoberg": 841.5208179015476, "_timestamp": 1748578873.6027231, "_runtime": 1.2772550582885742, "_step": 0, "_wandb": {"runtime": 1}}