{"CV_RMSE": 3723.1534013043074, "RMSE": 1774.6791565199096, "RMSE_skane": 1658.251173084253, "RMSE_kronoberg": 116.42798343565659, "CV_RMSE_'skane": 2629.362325186448, "CV_RMSE_kronoberg": 1093.7910761178593, "_timestamp": 1748551611.7906842, "_runtime": 1.2604131698608398, "_step": 0, "_wandb": {"runtime": 1}}