{"CV_RMSE": 269.70017464260013, "RMSE": 429.8554492781744, "RMSE_STHLM": 394.70485182077056, "RMSE_S\u00f6dermanland": 35.150597457403805, "CV_RMSE_STHLM": 140.57553092152494, "CV_RMSE_S\u00f6dermanland": 129.12464372107522, "_timestamp": 1748433887.6662443, "_runtime": 1.3585422039031982, "_step": 0, "_wandb": {"runtime": 1}}