{"CV_RMSE": 1805.8763696996323, "RMSE": 2433.186455760039, "RMSE_STHLM": 2150.0393454613245, "RMSE_S\u00f6dermanland": 283.1471102987142, "CV_RMSE_STHLM": 765.7441277859882, "CV_RMSE_S\u00f6dermanland": 1040.132241913644, "_timestamp": 1748380832.7040882, "_runtime": 1.3553991317749023, "_step": 0, "_wandb": {"runtime": 1}}