{"CV_RMSE": 264.9592496357305, "RMSE": 435.19452486658844, "RMSE_STHLM": 402.0462859411125, "RMSE_S\u00f6dermanland": 33.14823892547596, "CV_RMSE_STHLM": 143.1902086850025, "CV_RMSE_S\u00f6dermanland": 121.76904095072801, "_timestamp": 1748463767.1849759, "_runtime": 1.4122798442840576, "_step": 0, "_wandb": {"runtime": 1}}