{"CV_RMSE": 422.8433766780393, "RMSE": 627.5430144248306, "RMSE_STHLM": 567.4517482492785, "RMSE_S\u00f6dermanland": 60.091266175552214, "CV_RMSE_STHLM": 202.09994991070465, "CV_RMSE_S\u00f6dermanland": 220.74342676733465, "_timestamp": 1748345965.2098336, "_runtime": 1.306816577911377, "_step": 0, "_wandb": {"runtime": 1}}