{"CV_RMSE": 5007.89985916092, "RMSE": 1939.072595007458, "RMSE_skane": 1691.5027107999786, "RMSE_kronoberg": 247.56988420747936, "CV_RMSE_'skane": 2682.0867507399234, "CV_RMSE_kronoberg": 2325.8131084209963, "_timestamp": 1748570815.5414433, "_runtime": 1.3509783744812012, "_step": 0, "_wandb": {"runtime": 1}}