{"CV_RMSE": 842.0703472854043, "RMSE": 1488.5253026051419, "RMSE_STHLM": 1394.4954292800035, "RMSE_S\u00f6dermanland": 94.02987332513838, "CV_RMSE_STHLM": 496.6544860910183, "CV_RMSE_S\u00f6dermanland": 345.4158611943859, "_timestamp": 1748303581.144797, "_runtime": 1.2855780124664307, "_step": 0, "_wandb": {"runtime": 1}}