{"CV_RMSE": 267.2373804170675, "RMSE": 426.58759280503614, "RMSE_STHLM": 391.82855757112713, "RMSE_S\u00f6dermanland": 34.75903523390899, "CV_RMSE_STHLM": 139.55112853740184, "CV_RMSE_S\u00f6dermanland": 127.68625187966568, "_timestamp": 1748447320.7823935, "_runtime": 1.3212473392486572, "_step": 0, "_wandb": {"runtime": 1}}