{"CV_RMSE": 306.430092943228, "RMSE": 22.215718059549832, "RMSE_Kalmar": 14.95852252594053, "RMSE_Blekinge": 7.257195533609302, "CV_RMSE_'Kalmar": 144.7598954123277, "CV_RMSE_Blekinge": 161.67019753090028, "_timestamp": 1748527444.131094, "_runtime": 1.2900359630584717, "_step": 0, "_wandb": {"runtime": 1}}