{"CV_RMSE": 287.34161568722374, "RMSE": 21.330680695252894, "RMSE_Kalmar": 14.908704176861642, "RMSE_Blekinge": 6.421976518391251, "CV_RMSE_'Kalmar": 144.27778235672557, "CV_RMSE_Blekinge": 143.06383333049817, "_timestamp": 1748499007.75526, "_runtime": 1.351412057876587, "_step": 0, "_wandb": {"runtime": 1}}