{"CV_RMSE": 2931.961239229895, "RMSE": 207.20214438911634, "RMSE_Kalmar": 133.6471211942221, "RMSE_Blekinge": 73.55502319489423, "CV_RMSE_'Kalmar": 1293.3592373634397, "CV_RMSE_Blekinge": 1638.6020018664556, "_timestamp": 1748576987.2829022, "_runtime": 1.3607072830200195, "_step": 0, "_wandb": {"runtime": 1}}