{"CV_RMSE": 1556.0847215388521, "RMSE": 2269.90683590995, "RMSE_STHLM": 2044.5290313246046, "RMSE_S\u00f6dermanland": 225.37780458534544, "CV_RMSE_STHLM": 728.1662557151342, "CV_RMSE_S\u00f6dermanland": 827.918465823718, "_timestamp": 1748365259.8791192, "_runtime": 1.2795650959014893, "_step": 0, "_wandb": {"runtime": 1}}