{"CV_RMSE": 4675.347454348554, "RMSE": 310.54684634422375, "RMSE_Kalmar": 178.00075165891727, "RMSE_Blekinge": 132.54609468530649, "CV_RMSE_'Kalmar": 1722.5879192798443, "CV_RMSE_Blekinge": 2952.759535068709, "_timestamp": 1748551725.3305392, "_runtime": 1.3932812213897705, "_step": 0, "_wandb": {"runtime": 1}}