{"CV_RMSE": 304.39450460868767, "RMSE": 21.96271890873982, "RMSE_Kalmar": 14.672761722555164, "RMSE_Blekinge": 7.2899571861846555, "CV_RMSE_'Kalmar": 141.9944682827919, "CV_RMSE_Blekinge": 162.40003632589577, "_timestamp": 1748475182.5905108, "_runtime": 1.3824517726898193, "_step": 0, "_wandb": {"runtime": 1}}