{"CV_RMSE": 269.99607162058555, "RMSE": 428.4494655533665, "RMSE_STHLM": 393.0587212126997, "RMSE_S\u00f6dermanland": 35.39074434066682, "CV_RMSE_STHLM": 139.98925567527888, "CV_RMSE_S\u00f6dermanland": 130.0068159453067, "_timestamp": 1748381388.912264, "_runtime": 1.3647840023040771, "_step": 0, "_wandb": {"runtime": 1}}