{"CV_RMSE": 261.67901617686744, "RMSE": 335.54084348417524, "RMSE_STHLM": 292.6824112550971, "RMSE_S\u00f6dermanland": 42.858432229078126, "CV_RMSE_STHLM": 104.2398773761723, "CV_RMSE_S\u00f6dermanland": 157.43913880069516, "_timestamp": 1748331262.5836446, "_runtime": 1.3213305473327637, "_step": 0, "_wandb": {"runtime": 1}}