{"CV_RMSE": 4244.743139273738, "RMSE": 1776.5119477247827, "RMSE_skane": 1593.662264742895, "RMSE_kronoberg": 182.84968298188764, "CV_RMSE_'skane": 2526.948622742434, "CV_RMSE_kronoberg": 1717.7945165313035, "_timestamp": 1748507907.2404158, "_runtime": 1.2584028244018555, "_step": 0, "_wandb": {"runtime": 1}}