{"CV_RMSE": 254.58176085936097, "RMSE": 472.9490553766949, "RMSE_STHLM": 446.9824957487457, "RMSE_S\u00f6dermanland": 25.96655962794918, "CV_RMSE_STHLM": 159.19439896077213, "CV_RMSE_S\u00f6dermanland": 95.38736189858884, "_timestamp": 1748367973.1051536, "_runtime": 1.523787498474121, "_step": 0, "_wandb": {"runtime": 1}}