{"CV_RMSE": 3176.1802471333076, "RMSE": 1277.1100681797905, "RMSE_skane": 1129.694022929734, "RMSE_kronoberg": 147.41604525005644, "CV_RMSE_'skane": 1791.2695923832991, "CV_RMSE_kronoberg": 1384.9106547500085, "_timestamp": 1748552200.0884352, "_runtime": 1.3428220748901367, "_step": 0, "_wandb": {"runtime": 1}}