{"CV_RMSE": 274.1868219472628, "RMSE": 434.44313043554524, "RMSE_STHLM": 398.4325821792195, "RMSE_S\u00f6dermanland": 36.01054825632578, "CV_RMSE_STHLM": 141.90317529137218, "CV_RMSE_S\u00f6dermanland": 132.2836466558906, "_timestamp": 1748372843.3327746, "_runtime": 1.309025526046753, "_step": 0, "_wandb": {"runtime": 1}}