{"CV_RMSE": 306.90970481152, "RMSE": 22.250188997476126, "RMSE_Kalmar": 14.981404228367321, "RMSE_Blekinge": 7.268784769108806, "CV_RMSE_'Kalmar": 144.9813312422644, "CV_RMSE_Blekinge": 161.9283735692556, "_timestamp": 1748467941.4080157, "_runtime": 1.2327666282653809, "_step": 0, "_wandb": {"runtime": 1}}