{"CV_RMSE": 3019.364055305034, "RMSE": 1747.2261783739966, "RMSE_skane": 1715.3498175784973, "RMSE_kronoberg": 31.87636079549938, "CV_RMSE_'skane": 2719.899287915165, "CV_RMSE_kronoberg": 299.46476738986894, "_timestamp": 1748566816.8656547, "_runtime": 1.2628285884857178, "_step": 0, "_wandb": {"runtime": 1}}