{"CV_RMSE": 271.7462115892224, "RMSE": 429.29974176686517, "RMSE_STHLM": 393.472707621151, "RMSE_S\u00f6dermanland": 35.82703414571412, "CV_RMSE_STHLM": 140.1366984008848, "CV_RMSE_S\u00f6dermanland": 131.60951318833762, "_timestamp": 1748539971.6207757, "_runtime": 1.314342737197876, "_step": 0, "_wandb": {"runtime": 1}}