{"CV_RMSE": 406.05363953162737, "RMSE": 831.6395656169935, "RMSE_STHLM": 798.5217475139278, "RMSE_S\u00f6dermanland": 33.11781810306573, "CV_RMSE_STHLM": 284.39634854077366, "CV_RMSE_S\u00f6dermanland": 121.6572909908537, "_timestamp": 1748371190.565143, "_runtime": 1.3620719909667969, "_step": 0, "_wandb": {"runtime": 1}}