{"CV_RMSE": 616.5489802611651, "RMSE": 383.84417121313743, "RMSE_STHLM": 239.19664849335246, "RMSE_S\u00f6dermanland": 144.64752271978497, "CV_RMSE_STHLM": 85.1907335354243, "CV_RMSE_S\u00f6dermanland": 531.3582467257407, "_timestamp": 1748294156.4296944, "_runtime": 1.3583405017852783, "_step": 0, "_wandb": {"runtime": 1}}