{"CV_RMSE": 365.46230485566446, "RMSE": 30.036706514829028, "RMSE_Kalmar": 24.10133847671075, "RMSE_Blekinge": 5.935368038118277, "CV_RMSE_'Kalmar": 233.23875945203952, "CV_RMSE_Blekinge": 132.22354540362497, "_timestamp": 1748548190.1845937, "_runtime": 1.329345703125, "_step": 0, "_wandb": {"runtime": 1}}