{"CV_RMSE": 254.0511908789834, "RMSE": 392.23242265753714, "RMSE_STHLM": 357.7599064217523, "RMSE_S\u00f6dermanland": 34.472516235784816, "CV_RMSE_STHLM": 127.41745776793711, "CV_RMSE_S\u00f6dermanland": 126.63373311104627, "_timestamp": 1748561385.981873, "_runtime": 1.262660026550293, "_step": 0, "_wandb": {"runtime": 1}}