{"CV_RMSE": 440.05832128450356, "RMSE": 344.6415631851124, "RMSE_STHLM": 248.988021993303, "RMSE_S\u00f6dermanland": 95.6535411918094, "CV_RMSE_STHLM": 88.67796588602008, "CV_RMSE_S\u00f6dermanland": 351.3803553984835, "_timestamp": 1748285390.2720773, "_runtime": 1.287832260131836, "_step": 0, "_wandb": {"runtime": 1}}