{"CV_RMSE": 2440.74085561945, "RMSE": 397.61923852203745, "RMSE_skane": 165.7997545621166, "RMSE_kronoberg": 231.8194839599209, "CV_RMSE_'skane": 262.89601674754215, "CV_RMSE_kronoberg": 2177.844838871908, "_timestamp": 1748572984.024665, "_runtime": 1.4001460075378418, "_step": 0, "_wandb": {"runtime": 1}}