{"CV_RMSE": 2851.104566737697, "RMSE": 199.25124147249292, "RMSE_Kalmar": 126.0067349619937, "RMSE_Blekinge": 73.24450651049922, "CV_RMSE_'Kalmar": 1219.4200157612293, "CV_RMSE_Blekinge": 1631.6845509764678, "_timestamp": 1748531860.4431417, "_runtime": 1.3369967937469482, "_step": 0, "_wandb": {"runtime": 1}}