{"CV_RMSE": 996.4727541520817, "RMSE": 1907.2047588837172, "RMSE_STHLM": 1811.5807546705482, "RMSE_S\u00f6dermanland": 95.62400421316896, "CV_RMSE_STHLM": 645.2009019404406, "CV_RMSE_S\u00f6dermanland": 351.2718522116411, "_timestamp": 1748305840.3559668, "_runtime": 1.6230168342590332, "_step": 0, "_wandb": {"runtime": 1}}