{"CV_RMSE": 262.9920182084112, "RMSE": 410.2886414374383, "RMSE_STHLM": 375.05947700266114, "RMSE_S\u00f6dermanland": 35.22916443477717, "CV_RMSE_STHLM": 133.5787611010665, "CV_RMSE_S\u00f6dermanland": 129.4132571073447, "_timestamp": 1748563228.55662, "_runtime": 1.3071458339691162, "_step": 0, "_wandb": {"runtime": 1}}