{"CV_RMSE": 941.4326433229753, "RMSE": 1400.9450825104134, "RMSE_STHLM": 1267.5598063017476, "RMSE_S\u00f6dermanland": 133.38527620866577, "CV_RMSE_STHLM": 451.44591439318276, "CV_RMSE_S\u00f6dermanland": 489.9867289297926, "_timestamp": 1748318129.6748426, "_runtime": 1.2942166328430176, "_step": 0, "_wandb": {"runtime": 1}}