{"CV_RMSE": 4230.114064258578, "RMSE": 1801.39584336048, "RMSE_skane": 1625.4722619165796, "RMSE_kronoberg": 175.92358144390045, "CV_RMSE_'skane": 2577.38730747872, "CV_RMSE_kronoberg": 1652.726756779858, "_timestamp": 1748538140.9300425, "_runtime": 1.3874995708465576, "_step": 0, "_wandb": {"runtime": 1}}