{"CV_RMSE": 965.869849684605, "RMSE": 766.4752973235126, "RMSE_STHLM": 557.6055393491968, "RMSE_S\u00f6dermanland": 208.86975797431577, "CV_RMSE_STHLM": 198.59318773813894, "CV_RMSE_S\u00f6dermanland": 767.2766619464661, "_timestamp": 1748309817.1622727, "_runtime": 1.2949485778808594, "_step": 0, "_wandb": {"runtime": 1}}