{"CV_RMSE": 4779.3528285441225, "RMSE": 1779.7712501802357, "RMSE_skane": 1529.1222120694506, "RMSE_kronoberg": 250.64903811078514, "CV_RMSE_'skane": 2424.6123870023, "CV_RMSE_kronoberg": 2354.740441541823, "_timestamp": 1748517159.0271997, "_runtime": 1.3326728343963623, "_step": 0, "_wandb": {"runtime": 1}}