{"CV_RMSE": 409.2505821316897, "RMSE": 439.1532584004193, "RMSE_STHLM": 362.93362616789, "RMSE_S\u00f6dermanland": 76.21963223252928, "CV_RMSE_STHLM": 129.26009637954138, "CV_RMSE_S\u00f6dermanland": 279.99048575214835, "_timestamp": 1748298758.6791112, "_runtime": 1.2848412990570068, "_step": 0, "_wandb": {"runtime": 1}}