{"CV_RMSE": 4702.7245888757625, "RMSE": 1791.5796626563315, "RMSE_skane": 1553.1412237028044, "RMSE_kronoberg": 238.43843895352708, "CV_RMSE_'skane": 2462.697500585842, "CV_RMSE_kronoberg": 2240.0270882899204, "_timestamp": 1748577810.6288881, "_runtime": 1.2529032230377197, "_step": 0, "_wandb": {"runtime": 1}}