{"CV_RMSE": 4518.530513941398, "RMSE": 1640.0332682252028, "RMSE_skane": 1394.410574234949, "RMSE_kronoberg": 245.62269399025382, "CV_RMSE_'skane": 2211.010424262604, "CV_RMSE_kronoberg": 2307.5200896787937, "_timestamp": 1748569013.6866226, "_runtime": 1.323805570602417, "_step": 0, "_wandb": {"runtime": 1}}