{"CV_RMSE": 240.02015037089916, "RMSE": 406.2699210443133, "RMSE_STHLM": 377.5341347912175, "RMSE_S\u00f6dermanland": 28.735786253095792, "CV_RMSE_STHLM": 134.46011923707786, "CV_RMSE_S\u00f6dermanland": 105.56003113382128, "_timestamp": 1748536789.8213909, "_runtime": 1.3147058486938477, "_step": 0, "_wandb": {"runtime": 1}}