{"CV_RMSE": 1706.5717964192113, "RMSE": 2418.284065136743, "RMSE_STHLM": 2163.4722230014677, "RMSE_S\u00f6dermanland": 254.81184213527513, "CV_RMSE_STHLM": 770.5282946977923, "CV_RMSE_S\u00f6dermanland": 936.0435017214189, "_timestamp": 1748400649.4974892, "_runtime": 1.2498033046722412, "_step": 0, "_wandb": {"runtime": 1}}