{"CV_RMSE": 212.71549151178522, "RMSE": 334.1249516739995, "RMSE_STHLM": 305.8744892710381, "RMSE_S\u00f6dermanland": 28.250462402961347, "CV_RMSE_STHLM": 108.93828268458026, "CV_RMSE_S\u00f6dermanland": 103.77720882720496, "_timestamp": 1748332710.2530832, "_runtime": 1.452883243560791, "_step": 0, "_wandb": {"runtime": 1}}