{"CV_RMSE": 443.04821839519707, "RMSE": 327.9846543107965, "RMSE_STHLM": 229.64149457946343, "RMSE_S\u00f6dermanland": 98.34315973133305, "CV_RMSE_STHLM": 81.78763162703486, "CV_RMSE_S\u00f6dermanland": 361.2605867681622, "_timestamp": 1748352113.7416904, "_runtime": 1.3687233924865723, "_step": 0, "_wandb": {"runtime": 1}}