{"CV_RMSE": 986.2757900514425, "RMSE": 1502.3178805370171, "RMSE_STHLM": 1366.298286078313, "RMSE_S\u00f6dermanland": 136.01959445870415, "CV_RMSE_STHLM": 486.61197367252936, "CV_RMSE_S\u00f6dermanland": 499.66381637891317, "_timestamp": 1748372347.517284, "_runtime": 1.297410011291504, "_step": 0, "_wandb": {"runtime": 1}}