{"CV_RMSE": 3096.7485602410907, "RMSE": 1486.4831741275743, "RMSE_skane": 1391.7526664306338, "RMSE_kronoberg": 94.73050769694059, "CV_RMSE_'skane": 2206.7959827124214, "CV_RMSE_kronoberg": 889.9525775286694, "_timestamp": 1748509547.610441, "_runtime": 1.3040509223937988, "_step": 0, "_wandb": {"runtime": 1}}