{"CV_RMSE": 3856.9552092188087, "RMSE": 284.3198144509748, "RMSE_Kalmar": 196.58251705681624, "RMSE_Blekinge": 87.73729739415855, "CV_RMSE_'Kalmar": 1902.4114553885443, "CV_RMSE_Blekinge": 1954.5437538302644, "_timestamp": 1748505596.197942, "_runtime": 1.9055309295654297, "_step": 0, "_wandb": {"runtime": 1}}