{"CV_RMSE": 807.1823048763729, "RMSE": 1234.1538777588462, "RMSE_STHLM": 1123.3311381358499, "RMSE_S\u00f6dermanland": 110.82273962299637, "CV_RMSE_STHLM": 400.07836340414127, "CV_RMSE_S\u00f6dermanland": 407.10394147223155, "_timestamp": 1748357808.8859127, "_runtime": 1.3379056453704834, "_step": 0, "_wandb": {"runtime": 1}}