{"CV_RMSE": 3510.1278357570463, "RMSE": 265.6823133587143, "RMSE_Kalmar": 191.15668195221815, "RMSE_Blekinge": 74.52563140649612, "CV_RMSE_'Kalmar": 1849.9033737311431, "CV_RMSE_Blekinge": 1660.2244620259034, "_timestamp": 1748559589.4391046, "_runtime": 1.3829915523529053, "_step": 0, "_wandb": {"runtime": 1}}