{"CV_RMSE": 722.0079874671102, "RMSE": 1147.6386134493102, "RMSE_STHLM": 1053.2030983577108, "RMSE_S\u00f6dermanland": 94.43551509159947, "CV_RMSE_STHLM": 375.1020136612346, "CV_RMSE_S\u00f6dermanland": 346.9059738058756, "_timestamp": 1748303366.8088303, "_runtime": 1.2824032306671143, "_step": 0, "_wandb": {"runtime": 1}}