{"CV_RMSE": 1265.9959099296743, "RMSE": 1790.7116109817941, "RMSE_STHLM": 1601.333313409185, "RMSE_S\u00f6dermanland": 189.3782975726091, "CV_RMSE_STHLM": 570.3205310915182, "CV_RMSE_S\u00f6dermanland": 695.675378838156, "_timestamp": 1748294812.2830582, "_runtime": 1.3042001724243164, "_step": 0, "_wandb": {"runtime": 1}}