{"CV_RMSE": 4837.668473019496, "RMSE": 1906.6671226782933, "RMSE_skane": 1674.3167656883645, "RMSE_kronoberg": 232.35035698992863, "CV_RMSE_'skane": 2654.8363092310215, "CV_RMSE_kronoberg": 2182.8321637884737, "_timestamp": 1748532501.1863341, "_runtime": 1.3393950462341309, "_step": 0, "_wandb": {"runtime": 1}}