{"CV_RMSE": 584.1834785354847, "RMSE": 528.4446779981674, "RMSE_STHLM": 409.07828262622246, "RMSE_S\u00f6dermanland": 119.36639537194503, "CV_RMSE_STHLM": 145.69467920997238, "CV_RMSE_S\u00f6dermanland": 438.4887993255124, "_timestamp": 1748344538.0588245, "_runtime": 1.293947458267212, "_step": 0, "_wandb": {"runtime": 1}}