{"CV_RMSE": 662.2515220574123, "RMSE": 700.9494026531938, "RMSE_STHLM": 576.5699558747609, "RMSE_S\u00f6dermanland": 124.37944677843296, "CV_RMSE_STHLM": 205.34743185092395, "CV_RMSE_S\u00f6dermanland": 456.90409020648843, "_timestamp": 1748315633.9111924, "_runtime": 1.339111328125, "_step": 0, "_wandb": {"runtime": 1}}