{"CV_RMSE": 3843.3077800379724, "RMSE": 252.45590098901442, "RMSE_Kalmar": 141.3283253405542, "RMSE_Blekinge": 111.12757564846022, "CV_RMSE_'Kalmar": 1367.693471037621, "CV_RMSE_Blekinge": 2475.6143090003516, "_timestamp": 1748535459.063588, "_runtime": 1.305682897567749, "_step": 0, "_wandb": {"runtime": 1}}