{"CV_RMSE": 961.1703184098253, "RMSE": 811.1696777589618, "RMSE_STHLM": 608.5150630270269, "RMSE_S\u00f6dermanland": 202.65461473193488, "CV_RMSE_STHLM": 216.7247949047583, "CV_RMSE_S\u00f6dermanland": 744.445523505067, "_timestamp": 1748325728.9986289, "_runtime": 1.324737787246704, "_step": 0, "_wandb": {"runtime": 1}}