{"CV_RMSE": 4551.2493831823, "RMSE": 302.35121454555014, "RMSE_Kalmar": 173.35957910794266, "RMSE_Blekinge": 128.99163543760747, "CV_RMSE_'Kalmar": 1677.6733462058967, "CV_RMSE_Blekinge": 2873.576036976404, "_timestamp": 1748569868.7961435, "_runtime": 1.3515725135803223, "_step": 0, "_wandb": {"runtime": 1}}