{"CV_RMSE": 520.5229051741806, "RMSE": 733.2164524295562, "RMSE_STHLM": 655.0251433068589, "RMSE_S\u00f6dermanland": 78.19130912269726, "CV_RMSE_STHLM": 233.2895247234559, "CV_RMSE_S\u00f6dermanland": 287.23338045072467, "_timestamp": 1748333188.4663649, "_runtime": 1.2786448001861572, "_step": 0, "_wandb": {"runtime": 1}}