{"CV_RMSE": 3409.065496773546, "RMSE": 1706.8612941218182, "RMSE_skane": 1616.8842855056087, "RMSE_kronoberg": 89.97700861620957, "CV_RMSE_'skane": 2563.7700087298235, "CV_RMSE_kronoberg": 845.2954880437225, "_timestamp": 1748525338.2858932, "_runtime": 1.397005319595337, "_step": 0, "_wandb": {"runtime": 1}}