{"CV_RMSE": 275.5614151528156, "RMSE": 437.1127519935696, "RMSE_STHLM": 400.9744504414451, "RMSE_S\u00f6dermanland": 36.13830155212451, "CV_RMSE_STHLM": 142.8084706756235, "CV_RMSE_S\u00f6dermanland": 132.75294447719207, "_timestamp": 1748476758.7181745, "_runtime": 1.319495439529419, "_step": 0, "_wandb": {"runtime": 1}}