{"CV_RMSE": 4914.530371961854, "RMSE": 336.2024974782288, "RMSE_Kalmar": 204.37844371340668, "RMSE_Blekinge": 131.82405376482214, "CV_RMSE_'Kalmar": 1977.8559069039354, "CV_RMSE_Blekinge": 2936.674465057919, "_timestamp": 1748458757.8933675, "_runtime": 1.333878517150879, "_step": 0, "_wandb": {"runtime": 1}}