{"CV_RMSE": 3173.0273923662216, "RMSE": 1643.4374467085347, "RMSE_skane": 1570.808708838705, "RMSE_kronoberg": 72.62873786982989, "CV_RMSE_'skane": 2490.7114833594687, "CV_RMSE_kronoberg": 682.3159090067527, "_timestamp": 1748567515.1052427, "_runtime": 1.3569958209991455, "_step": 0, "_wandb": {"runtime": 1}}