{"CV_RMSE": 5051.173328362545, "RMSE": 1960.7427949761138, "RMSE_skane": 1712.0315679635673, "RMSE_kronoberg": 248.7112270125465, "CV_RMSE_'skane": 2714.6377927540707, "CV_RMSE_kronoberg": 2336.535535608474, "_timestamp": 1748524902.3460042, "_runtime": 1.2637481689453125, "_step": 0, "_wandb": {"runtime": 1}}