{"CV_RMSE": 530.1021115841558, "RMSE": 498.75325862583855, "RMSE_STHLM": 392.5018829873016, "RMSE_S\u00f6dermanland": 106.25137563853694, "CV_RMSE_STHLM": 139.79093576912206, "CV_RMSE_S\u00f6dermanland": 390.31117581503366, "_timestamp": 1748289252.6116014, "_runtime": 1.4321584701538086, "_step": 0, "_wandb": {"runtime": 1}}