{"CV_RMSE": 942.9938178599264, "RMSE": 1164.9794639559975, "RMSE_STHLM": 1005.7898419177995, "RMSE_S\u00f6dermanland": 159.1896220381979, "CV_RMSE_STHLM": 358.2156144543014, "CV_RMSE_S\u00f6dermanland": 584.7782034056249, "_timestamp": 1748288732.4971352, "_runtime": 1.3028781414031982, "_step": 0, "_wandb": {"runtime": 1}}