{"CV_RMSE": 271.0641768782294, "RMSE": 431.16300020933727, "RMSE_STHLM": 395.7416075119928, "RMSE_S\u00f6dermanland": 35.42139269734448, "CV_RMSE_STHLM": 140.94477513288228, "CV_RMSE_S\u00f6dermanland": 130.1194017453471, "_timestamp": 1748489411.5987067, "_runtime": 1.2616157531738281, "_step": 0, "_wandb": {"runtime": 1}}