{"CV_RMSE": 306.91775438829006, "RMSE": 22.25396976985428, "RMSE_Kalmar": 14.987449998925216, "RMSE_Blekinge": 7.266519770929063, "CV_RMSE_'Kalmar": 145.0398386992763, "CV_RMSE_Blekinge": 161.87791568901378, "_timestamp": 1748468349.5475852, "_runtime": 1.2517023086547852, "_step": 0, "_wandb": {"runtime": 1}}