{"CV_RMSE": 306.616441141559, "RMSE": 22.229880980184454, "RMSE_Kalmar": 14.968773666759041, "RMSE_Blekinge": 7.261107313425411, "CV_RMSE_'Kalmar": 144.85910000089393, "CV_RMSE_Blekinge": 161.7573411406651, "_timestamp": 1748490144.5161679, "_runtime": 1.2784757614135742, "_step": 0, "_wandb": {"runtime": 1}}