{"CV_RMSE": 4212.71277661601, "RMSE": 1709.3436871644521, "RMSE_skane": 1516.9570962102455, "RMSE_kronoberg": 192.3865909542067, "CV_RMSE_'skane": 2405.323091242461, "CV_RMSE_kronoberg": 1807.3896853735494, "_timestamp": 1748567499.5855708, "_runtime": 1.3413949012756348, "_step": 0, "_wandb": {"runtime": 6}}