{"CV_RMSE": 2609.0629609548278, "RMSE": 1009.3763537987302, "RMSE_skane": 880.2204330569139, "RMSE_kronoberg": 129.15592074181637, "CV_RMSE_'skane": 1395.6983610839015, "CV_RMSE_kronoberg": 1213.3645998709262, "_timestamp": 1748527984.3019772, "_runtime": 1.4292171001434326, "_step": 0, "_wandb": {"runtime": 1}}