{"CV_RMSE": 263.64293923147443, "RMSE": 414.3983527725726, "RMSE_STHLM": 379.4141958264522, "RMSE_S\u00f6dermanland": 34.98415694612039, "CV_RMSE_STHLM": 135.12970963348118, "CV_RMSE_S\u00f6dermanland": 128.51322959799327, "_timestamp": 1748510283.6764584, "_runtime": 1.2891912460327148, "_step": 0, "_wandb": {"runtime": 1}}