{"CV_RMSE": 2276.673262933702, "RMSE": 165.37762138602022, "RMSE_Kalmar": 111.70659329352313, "RMSE_Blekinge": 53.67102809249708, "CV_RMSE_'Kalmar": 1081.0315480018367, "CV_RMSE_Blekinge": 1195.6417149318656, "_timestamp": 1748575760.7981584, "_runtime": 1.3594884872436523, "_step": 0, "_wandb": {"runtime": 1}}