{"CV_RMSE": 2667.732656421577, "RMSE": 195.58076513914156, "RMSE_Kalmar": 134.07065706461765, "RMSE_Blekinge": 61.51010807452391, "CV_RMSE_'Kalmar": 1297.4579715930738, "CV_RMSE_Blekinge": 1370.274684828503, "_timestamp": 1748498346.6435719, "_runtime": 1.293536901473999, "_step": 0, "_wandb": {"runtime": 1}}