{"CV_RMSE": 5189.1073473257275, "RMSE": 357.7352461365967, "RMSE_Kalmar": 220.65749844235148, "RMSE_Blekinge": 137.0777476942452, "CV_RMSE_'Kalmar": 2135.3951462163045, "CV_RMSE_Blekinge": 3053.712201109423, "_timestamp": 1748526467.6322336, "_runtime": 1.4148585796356201, "_step": 0, "_wandb": {"runtime": 1}}