{"CV_RMSE": 796.3510008241343, "RMSE": 1125.1482048709934, "RMSE_STHLM": 1005.887482940338, "RMSE_S\u00f6dermanland": 119.26072193065531, "CV_RMSE_STHLM": 358.2503896502985, "CV_RMSE_S\u00f6dermanland": 438.10061117383583, "_timestamp": 1748287821.9830165, "_runtime": 1.2830195426940918, "_step": 0, "_wandb": {"runtime": 1}}