{"CV_RMSE": 403.7227888104875, "RMSE": 427.89160073062595, "RMSE_STHLM": 352.12924001716704, "RMSE_S\u00f6dermanland": 75.76236071345893, "CV_RMSE_STHLM": 125.41207598553635, "CV_RMSE_S\u00f6dermanland": 278.31071282495117, "_timestamp": 1748429791.917184, "_runtime": 1.4296200275421143, "_step": 0, "_wandb": {"runtime": 1}}