{"CV_RMSE": 2046.0248400432515, "RMSE": 867.7842803449365, "RMSE_skane": 781.9794437078525, "RMSE_kronoberg": 85.80483663708405, "CV_RMSE_'skane": 1239.9251221583283, "CV_RMSE_kronoberg": 806.0997178849232, "_timestamp": 1748506740.4491544, "_runtime": 1.3587253093719482, "_step": 0, "_wandb": {"runtime": 1}}