{"CV_RMSE": 3927.908890462525, "RMSE": 280.38934403817393, "RMSE_Kalmar": 184.00187606145658, "RMSE_Blekinge": 96.38746797671733, "CV_RMSE_'Kalmar": 1780.663316723773, "CV_RMSE_Blekinge": 2147.2455737387522, "_timestamp": 1748500280.0924466, "_runtime": 1.2882955074310303, "_step": 0, "_wandb": {"runtime": 1}}