{"CV_RMSE": 306.9581733755741, "RMSE": 22.235260379251145, "RMSE_Kalmar": 14.95116275320265, "RMSE_Blekinge": 7.284097626048493, "CV_RMSE_'Kalmar": 144.6886718051869, "CV_RMSE_Blekinge": 162.26950157038723, "_timestamp": 1748496069.8621836, "_runtime": 1.324143648147583, "_step": 0, "_wandb": {"runtime": 1}}