{"CV_RMSE": 896.7867835542838, "RMSE": 659.7702019837288, "RMSE_STHLM": 460.2693645298394, "RMSE_S\u00f6dermanland": 199.5008374538895, "CV_RMSE_STHLM": 163.9265643359143, "CV_RMSE_S\u00f6dermanland": 732.8602192183695, "_timestamp": 1748348440.1460931, "_runtime": 1.3444602489471436, "_step": 0, "_wandb": {"runtime": 1}}