{"CV_RMSE": 1019.4975699027743, "RMSE": 1399.4642839004023, "RMSE_STHLM": 1242.3874685384792, "RMSE_S\u00f6dermanland": 157.07681536192302, "CV_RMSE_STHLM": 442.4806971446898, "CV_RMSE_S\u00f6dermanland": 577.0168727580846, "_timestamp": 1748285720.0009403, "_runtime": 1.2668843269348145, "_step": 0, "_wandb": {"runtime": 1}}