{"CV_RMSE": 265.1436982350472, "RMSE": 424.0498099710342, "RMSE_STHLM": 389.6494508152361, "RMSE_S\u00f6dermanland": 34.400359155798135, "CV_RMSE_STHLM": 138.77503194844184, "CV_RMSE_S\u00f6dermanland": 126.3686662866054, "_timestamp": 1748346321.8775148, "_runtime": 1.3291609287261963, "_step": 0, "_wandb": {"runtime": 1}}