{"CV_RMSE": 1472.7626216650729, "RMSE": 1848.613102082184, "RMSE_STHLM": 1603.1217000454471, "RMSE_S\u00f6dermanland": 245.4914020367368, "CV_RMSE_STHLM": 570.9574713260398, "CV_RMSE_S\u00f6dermanland": 901.8051503390332, "_timestamp": 1748398891.6985357, "_runtime": 1.3379015922546387, "_step": 0, "_wandb": {"runtime": 1}}