{"CV_RMSE": 275.52164738242595, "RMSE": 438.54931575041934, "RMSE_STHLM": 402.57723443957934, "RMSE_S\u00f6dermanland": 35.97208131084, "CV_RMSE_STHLM": 143.3793078732178, "CV_RMSE_S\u00f6dermanland": 132.14233950920814, "_timestamp": 1748566254.8480263, "_runtime": 1.2891643047332764, "_step": 0, "_wandb": {"runtime": 1}}