{"CV_RMSE": 3626.763253569665, "RMSE": 204.05339691615353, "RMSE_Kalmar": 72.93608841508457, "RMSE_Blekinge": 131.11730850106895, "CV_RMSE_'Kalmar": 705.8331136943667, "CV_RMSE_Blekinge": 2920.930139875298, "_timestamp": 1748469047.2450626, "_runtime": 1.4374644756317139, "_step": 0, "_wandb": {"runtime": 1}}