{"CV_RMSE": 274.38114235175783, "RMSE": 435.2274253486455, "RMSE_STHLM": 399.24250293276657, "RMSE_S\u00f6dermanland": 35.98492241587895, "CV_RMSE_STHLM": 142.1916314362841, "CV_RMSE_S\u00f6dermanland": 132.1895109154737, "_timestamp": 1748438964.503174, "_runtime": 1.3051559925079346, "_step": 0, "_wandb": {"runtime": 1}}