{"CV_RMSE": 1502.6187813508977, "RMSE": 2011.5070052318333, "RMSE_STHLM": 1774.504116848134, "RMSE_S\u00f6dermanland": 237.00288838369937, "CV_RMSE_STHLM": 631.9959260638387, "CV_RMSE_S\u00f6dermanland": 870.6228552870589, "_timestamp": 1748341034.221796, "_runtime": 1.3826141357421875, "_step": 0, "_wandb": {"runtime": 1}}