{"CV_RMSE": 273.49893050354933, "RMSE": 432.6543658316891, "RMSE_STHLM": 396.6591361633585, "RMSE_S\u00f6dermanland": 35.995229668330644, "CV_RMSE_STHLM": 141.27155621172247, "CV_RMSE_S\u00f6dermanland": 132.22737429182686, "_timestamp": 1748307965.9233341, "_runtime": 1.327876091003418, "_step": 0, "_wandb": {"runtime": 1}}