{"CV_RMSE": 275.391990909137, "RMSE": 437.47700166064885, "RMSE_STHLM": 401.42887935782613, "RMSE_S\u00f6dermanland": 36.0481223028227, "CV_RMSE_STHLM": 142.97031714366582, "CV_RMSE_S\u00f6dermanland": 132.42167376547116, "_timestamp": 1748464642.2910638, "_runtime": 1.268880844116211, "_step": 0, "_wandb": {"runtime": 1}}