{"CV_RMSE": 2809.90828046807, "RMSE": 138.21869445247796, "RMSE_Kalmar": 21.367075080223316, "RMSE_Blekinge": 116.85161937225463, "CV_RMSE_'Kalmar": 206.77814593764498, "CV_RMSE_Blekinge": 2603.130134530425, "_timestamp": 1748554782.4659448, "_runtime": 1.349336862564087, "_step": 0, "_wandb": {"runtime": 1}}