{"CV_RMSE": 4777.879765288851, "RMSE": 337.67178537738704, "RMSE_Kalmar": 217.82168529666296, "RMSE_Blekinge": 119.85010008072408, "CV_RMSE_'Kalmar": 2107.9517931935125, "CV_RMSE_Blekinge": 2669.927972095338, "_timestamp": 1748493572.946313, "_runtime": 1.2983319759368896, "_step": 0, "_wandb": {"runtime": 1}}