{"CV_RMSE": 4402.79068160431, "RMSE": 1850.1477733804477, "RMSE_skane": 1662.0107159990048, "RMSE_kronoberg": 188.13705738144284, "CV_RMSE_'skane": 2635.3235454529677, "CV_RMSE_kronoberg": 1767.467136151342, "_timestamp": 1748515174.232508, "_runtime": 1.3133468627929688, "_step": 0, "_wandb": {"runtime": 1}}