{"CV_RMSE": 2670.037783755548, "RMSE": 1603.9298765295266, "RMSE_skane": 1587.6909942862535, "RMSE_kronoberg": 16.238882243273082, "CV_RMSE_'skane": 2517.480434914778, "CV_RMSE_kronoberg": 152.5573488407701, "_timestamp": 1748513270.2258933, "_runtime": 1.3353981971740723, "_step": 0, "_wandb": {"runtime": 1}}