{"CV_RMSE": 3604.3273931368194, "RMSE": 247.50703789107462, "RMSE_Kalmar": 151.54542015186496, "RMSE_Blekinge": 95.96161773920966, "CV_RMSE_'Kalmar": 1466.5685821148222, "CV_RMSE_Blekinge": 2137.758811021997, "_timestamp": 1748458111.850154, "_runtime": 1.3012359142303467, "_step": 0, "_wandb": {"runtime": 1}}