{"CV_RMSE": 430.5960152126118, "RMSE": 682.7977365507205, "RMSE_STHLM": 626.301704293966, "RMSE_S\u00f6dermanland": 56.49603225675445, "CV_RMSE_STHLM": 223.05957018779955, "CV_RMSE_S\u00f6dermanland": 207.53644502481225, "_timestamp": 1748350516.0976706, "_runtime": 1.287407636642456, "_step": 0, "_wandb": {"runtime": 1}}