{"CV_RMSE": 275.25696250242413, "RMSE": 436.4853949422761, "RMSE_STHLM": 400.37151591076554, "RMSE_S\u00f6dermanland": 36.113879031510585, "CV_RMSE_STHLM": 142.59373340707913, "CV_RMSE_S\u00f6dermanland": 132.66322909534503, "_timestamp": 1748289069.0006268, "_runtime": 1.2583518028259277, "_step": 0, "_wandb": {"runtime": 1}}