{"CV_RMSE": 306.4666561709838, "RMSE": 22.21063049530344, "RMSE_Kalmar": 14.946625515236114, "RMSE_Blekinge": 7.264004980067327, "CV_RMSE_'Kalmar": 144.64476305067205, "CV_RMSE_Blekinge": 161.82189312031176, "_timestamp": 1748501289.2151685, "_runtime": 1.3207714557647705, "_step": 0, "_wandb": {"runtime": 1}}