{"CV_RMSE": 306.8971216042895, "RMSE": 22.24977170498294, "RMSE_Kalmar": 14.98166511228212, "RMSE_Blekinge": 7.268106592700822, "CV_RMSE_'Kalmar": 144.98385592531082, "CV_RMSE_Blekinge": 161.9132656789787, "_timestamp": 1748460651.2519739, "_runtime": 1.286820888519287, "_step": 0, "_wandb": {"runtime": 1}}