{"CV_RMSE": 303.78222924681063, "RMSE": 421.18791547329886, "RMSE_STHLM": 374.8327691599885, "RMSE_S\u00f6dermanland": 46.355146313310335, "CV_RMSE_STHLM": 133.49801829995636, "CV_RMSE_S\u00f6dermanland": 170.2842109468543, "_timestamp": 1748541969.986803, "_runtime": 1.330937147140503, "_step": 0, "_wandb": {"runtime": 1}}