{"CV_RMSE": 275.89273635575637, "RMSE": 410.7571498224593, "RMSE_STHLM": 371.68938278913487, "RMSE_S\u00f6dermanland": 39.06776703332448, "CV_RMSE_STHLM": 132.3784901108909, "CV_RMSE_S\u00f6dermanland": 143.51424624486543, "_timestamp": 1748502985.8270457, "_runtime": 1.3320965766906738, "_step": 0, "_wandb": {"runtime": 1}}