{"CV_RMSE": 306.96362342546513, "RMSE": 22.255682825429716, "RMSE_Kalmar": 14.986838330255797, "RMSE_Blekinge": 7.2688444951739175, "CV_RMSE_'Kalmar": 145.03391932505608, "CV_RMSE_Blekinge": 161.92970410040905, "_timestamp": 1748512353.516996, "_runtime": 1.3251597881317139, "_step": 0, "_wandb": {"runtime": 1}}