{"CV_RMSE": 319.291754054699, "RMSE": 22.800244464706303, "RMSE_Kalmar": 14.971218490950626, "RMSE_Blekinge": 7.829025973755678, "CV_RMSE_'Kalmar": 144.88275958984477, "CV_RMSE_Blekinge": 174.40899446485423, "_timestamp": 1748524570.04096, "_runtime": 1.3722259998321533, "_step": 0, "_wandb": {"runtime": 1}}