{"CV_RMSE": 262.45368793645207, "RMSE": 404.6732951418546, "RMSE_STHLM": 369.003534976309, "RMSE_S\u00f6dermanland": 35.669760165545604, "CV_RMSE_STHLM": 131.4219158997539, "CV_RMSE_S\u00f6dermanland": 131.03177203669813, "_timestamp": 1748507556.9982946, "_runtime": 1.3554985523223877, "_step": 0, "_wandb": {"runtime": 1}}