{"CV_RMSE": 1262.8639463703787, "RMSE": 1906.7330245212079, "RMSE_STHLM": 1730.7551395031094, "RMSE_S\u00f6dermanland": 175.97788501809848, "CV_RMSE_STHLM": 616.4145728345068, "CV_RMSE_S\u00f6dermanland": 646.4493735358719, "_timestamp": 1748317493.9716268, "_runtime": 1.2999277114868164, "_step": 0, "_wandb": {"runtime": 1}}