{"CV_RMSE": 791.6768942600357, "RMSE": 891.5547773340917, "RMSE_STHLM": 748.6240090082397, "RMSE_S\u00f6dermanland": 142.93076832585197, "CV_RMSE_STHLM": 266.6250922467019, "CV_RMSE_S\u00f6dermanland": 525.0518020133338, "_timestamp": 1748523681.2825284, "_runtime": 1.3394513130187988, "_step": 0, "_wandb": {"runtime": 1}}