{"CV_RMSE": 306.84139711687067, "RMSE": 22.247614629969622, "RMSE_Kalmar": 14.982273918059796, "RMSE_Blekinge": 7.265340711909826, "CV_RMSE_'Kalmar": 144.98974759412704, "CV_RMSE_Blekinge": 161.85164952274366, "_timestamp": 1748502556.9637344, "_runtime": 1.301220417022705, "_step": 0, "_wandb": {"runtime": 1}}