{"CV_RMSE": 1188.4944921508345, "RMSE": 614.2543356839311, "RMSE_skane": 586.7835082097552, "RMSE_kronoberg": 27.47082747417598, "CV_RMSE_'skane": 930.4178248569056, "CV_RMSE_kronoberg": 258.07666729392884, "_timestamp": 1748556006.63966, "_runtime": 1.2895619869232178, "_step": 0, "_wandb": {"runtime": 1}}