{"CV_RMSE": 306.49124019092983, "RMSE": 22.227682515041813, "RMSE_Kalmar": 14.97482338114994, "RMSE_Blekinge": 7.252859133891873, "CV_RMSE_'Kalmar": 144.91764562403168, "CV_RMSE_Blekinge": 161.57359456689815, "_timestamp": 1748549157.669006, "_runtime": 1.3711130619049072, "_step": 0, "_wandb": {"runtime": 1}}