{"CV_RMSE": 275.45473109029246, "RMSE": 436.95823659497324, "RMSE_STHLM": 400.8355057206063, "RMSE_S\u00f6dermanland": 36.12273087436693, "CV_RMSE_STHLM": 142.75898502118943, "CV_RMSE_S\u00f6dermanland": 132.69574606910302, "_timestamp": 1748512242.825444, "_runtime": 1.3120760917663574, "_step": 0, "_wandb": {"runtime": 1}}