{"CV_RMSE": 3550.232414300952, "RMSE": 260.81805514882956, "RMSE_Kalmar": 179.3734260444761, "RMSE_Blekinge": 81.44462910435347, "CV_RMSE_'Kalmar": 1735.871864946543, "CV_RMSE_Blekinge": 1814.360549354409, "_timestamp": 1748515795.0461376, "_runtime": 1.320253610610962, "_step": 0, "_wandb": {"runtime": 1}}