{"CV_RMSE": 272.862529654966, "RMSE": 431.30497770148787, "RMSE_STHLM": 395.3567171775049, "RMSE_S\u00f6dermanland": 35.94826052398296, "CV_RMSE_STHLM": 140.8076950770694, "CV_RMSE_S\u00f6dermanland": 132.05483457789657, "_timestamp": 1748296509.7858644, "_runtime": 1.3453032970428467, "_step": 0, "_wandb": {"runtime": 1}}