{"CV_RMSE": 259.54365520932754, "RMSE": 408.2778698528308, "RMSE_STHLM": 373.87232900543887, "RMSE_S\u00f6dermanland": 34.40554084739196, "CV_RMSE_STHLM": 133.15595413727542, "CV_RMSE_S\u00f6dermanland": 126.38770107205211, "_timestamp": 1748507720.3530319, "_runtime": 1.375931978225708, "_step": 0, "_wandb": {"runtime": 1}}