{"CV_RMSE": 1608.8641679374819, "RMSE": 593.2433884802018, "RMSE_skane": 507.67445213679133, "RMSE_kronoberg": 85.56893634341046, "CV_RMSE_'skane": 804.980632352206, "CV_RMSE_kronoberg": 803.8835355852758, "_timestamp": 1748533319.7075617, "_runtime": 1.4307286739349365, "_step": 0, "_wandb": {"runtime": 1}}