{"CV_RMSE": 304.10660304610553, "RMSE": 22.076669168937524, "RMSE_Kalmar": 14.897082392801918, "RMSE_Blekinge": 7.179586776135605, "CV_RMSE_'Kalmar": 144.16531347872822, "CV_RMSE_Blekinge": 159.94128956737734, "_timestamp": 1748511795.1111748, "_runtime": 1.4717419147491455, "_step": 0, "_wandb": {"runtime": 1}}