{"CV_RMSE": 916.6343311922224, "RMSE": 515.6523476007267, "RMSE_STHLM": 294.695720222154, "RMSE_S\u00f6dermanland": 220.95662737857268, "CV_RMSE_STHLM": 104.95692449542486, "CV_RMSE_S\u00f6dermanland": 811.6774066967976, "_timestamp": 1748336770.548146, "_runtime": 1.2894151210784912, "_step": 0, "_wandb": {"runtime": 1}}