{"CV_RMSE": 306.94289250812363, "RMSE": 22.253624428151664, "RMSE_Kalmar": 14.984844294566376, "RMSE_Blekinge": 7.268780133585288, "CV_RMSE_'Kalmar": 145.01462220548106, "CV_RMSE_Blekinge": 161.92827030264257, "_timestamp": 1748460787.1827178, "_runtime": 1.353395700454712, "_step": 0, "_wandb": {"runtime": 1}}