{"CV_RMSE": 1529.670697892858, "RMSE": 1803.3140777312847, "RMSE_STHLM": 1535.8044273338805, "RMSE_S\u00f6dermanland": 267.50965039740413, "CV_RMSE_STHLM": 546.9821862289245, "CV_RMSE_S\u00f6dermanland": 982.6885116639335, "_timestamp": 1748334305.4644358, "_runtime": 1.2818329334259033, "_step": 0, "_wandb": {"runtime": 1}}