{"CV_RMSE": 1558.0324642836797, "RMSE": 1775.64328490417, "RMSE_STHLM": 1496.6132309536292, "RMSE_S\u00f6dermanland": 279.0300539505409, "CV_RMSE_STHLM": 533.0241028327132, "CV_RMSE_S\u00f6dermanland": 1025.0083614509665, "_timestamp": 1748300447.1995523, "_runtime": 1.4049081802368164, "_step": 0, "_wandb": {"runtime": 1}}