{"CV_RMSE": 1293.3094539912777, "RMSE": 1395.2487194085513, "RMSE_STHLM": 1155.1791216004765, "RMSE_S\u00f6dermanland": 240.0695978080749, "CV_RMSE_STHLM": 411.4211355126351, "CV_RMSE_S\u00f6dermanland": 881.8883184786425, "_timestamp": 1748309501.8210394, "_runtime": 1.3487343788146973, "_step": 0, "_wandb": {"runtime": 1}}