{"CV_RMSE": 2362.11311962907, "RMSE": 1244.7665050687795, "RMSE_skane": 1195.0310147598686, "RMSE_kronoberg": 49.735490308910805, "CV_RMSE_'skane": 1894.869473720722, "CV_RMSE_kronoberg": 467.24364590834784, "_timestamp": 1748579585.8876016, "_runtime": 1.3503386974334717, "_step": 0, "_wandb": {"runtime": 1}}