{"CV_RMSE": 2585.949202955836, "RMSE": 156.29252343386122, "RMSE_Kalmar": 71.09750456418497, "RMSE_Blekinge": 85.19501886967623, "CV_RMSE_'Kalmar": 688.0403667501771, "CV_RMSE_Blekinge": 1897.9088362056589, "_timestamp": 1748569543.8019545, "_runtime": 1.3818035125732422, "_step": 0, "_wandb": {"runtime": 1}}