{"CV_RMSE": 266.3912506814352, "RMSE": 429.15312606329906, "RMSE_STHLM": 394.9245960853658, "RMSE_S\u00f6dermanland": 34.22852997793326, "CV_RMSE_STHLM": 140.65379361963957, "CV_RMSE_S\u00f6dermanland": 125.73745706179567, "_timestamp": 1748519404.058896, "_runtime": 1.340252161026001, "_step": 0, "_wandb": {"runtime": 1}}