{"CV_RMSE": 275.05879576842426, "RMSE": 435.4407393341894, "RMSE_STHLM": 399.2744410972728, "RMSE_S\u00f6dermanland": 36.16629823691656, "CV_RMSE_STHLM": 142.20300632668994, "CV_RMSE_S\u00f6dermanland": 132.85578944173432, "_timestamp": 1748495812.6504917, "_runtime": 1.2793266773223877, "_step": 0, "_wandb": {"runtime": 1}}