{"CV_RMSE": 266.85497024026483, "RMSE": 414.81597641676586, "RMSE_STHLM": 378.9083943248364, "RMSE_S\u00f6dermanland": 35.90758209192944, "CV_RMSE_STHLM": 134.94956663725873, "CV_RMSE_S\u00f6dermanland": 131.90540360300614, "_timestamp": 1748300226.6480148, "_runtime": 1.2769298553466797, "_step": 0, "_wandb": {"runtime": 1}}