{"CV_RMSE": 981.4411801805106, "RMSE": 1636.9619957385125, "RMSE_STHLM": 1516.8554438799504, "RMSE_S\u00f6dermanland": 120.10655185856211, "CV_RMSE_STHLM": 540.2334386592621, "CV_RMSE_S\u00f6dermanland": 441.2077415212486, "_timestamp": 1748298840.7199438, "_runtime": 1.2878696918487549, "_step": 0, "_wandb": {"runtime": 1}}