{"CV_RMSE": 3974.1565448091073, "RMSE": 1736.882574612836, "RMSE_skane": 1580.636899350378, "RMSE_kronoberg": 156.24567526245795, "CV_RMSE_'skane": 2506.2952949530304, "CV_RMSE_kronoberg": 1467.861249856077, "_timestamp": 1748530215.816606, "_runtime": 1.2620861530303955, "_step": 0, "_wandb": {"runtime": 1}}