{"CV_RMSE": 1525.083601955481, "RMSE": 2457.2740628328197, "RMSE_STHLM": 2261.3576136313245, "RMSE_S\u00f6dermanland": 195.91644920149523, "CV_RMSE_STHLM": 805.3905232561108, "CV_RMSE_S\u00f6dermanland": 719.6930786993703, "_timestamp": 1748403657.5555687, "_runtime": 1.2646777629852295, "_step": 0, "_wandb": {"runtime": 1}}