{"CV_RMSE": 272.34090585231536, "RMSE": 434.724773898806, "RMSE_STHLM": 399.30091213910714, "RMSE_S\u00f6dermanland": 35.42386175969885, "CV_RMSE_STHLM": 142.21243408199305, "CV_RMSE_S\u00f6dermanland": 130.1284717703223, "_timestamp": 1748470801.7453792, "_runtime": 1.253035306930542, "_step": 0, "_wandb": {"runtime": 1}}