{"CV_RMSE": 845.2801675219636, "RMSE": 1930.5654841112437, "RMSE_STHLM": 1883.0263168754705, "RMSE_S\u00f6dermanland": 47.539167235773306, "CV_RMSE_STHLM": 670.64649196198, "CV_RMSE_S\u00f6dermanland": 174.63367555998357, "_timestamp": 1748380686.5736341, "_runtime": 1.3016421794891357, "_step": 0, "_wandb": {"runtime": 1}}