{"CV_RMSE": 1692.4575552594467, "RMSE": 2283.0295711926865, "RMSE_STHLM": 2017.9512583694004, "RMSE_S\u00f6dermanland": 265.07831282328607, "CV_RMSE_STHLM": 718.7004877453346, "CV_RMSE_S\u00f6dermanland": 973.7570675141121, "_timestamp": 1748295062.110633, "_runtime": 1.2899529933929443, "_step": 0, "_wandb": {"runtime": 1}}