{"CV_RMSE": 266.17753649331223, "RMSE": 428.556651127083, "RMSE_STHLM": 394.3285062577991, "RMSE_S\u00f6dermanland": 34.22814486928387, "CV_RMSE_STHLM": 140.4414941163511, "CV_RMSE_S\u00f6dermanland": 125.73604237696114, "_timestamp": 1748560997.6699023, "_runtime": 1.3023443222045898, "_step": 0, "_wandb": {"runtime": 1}}