{"CV_RMSE": 304.8860772085202, "RMSE": 22.076763765772576, "RMSE_Kalmar": 14.835385676115596, "RMSE_Blekinge": 7.241378089656978, "CV_RMSE_'Kalmar": 143.568248478538, "CV_RMSE_Blekinge": 161.31782872998218, "_timestamp": 1748483167.0243115, "_runtime": 1.3210575580596924, "_step": 0, "_wandb": {"runtime": 1}}