{"CV_RMSE": 2027.170356521745, "RMSE": 820.3301889064415, "RMSE_skane": 727.3041689536802, "RMSE_kronoberg": 93.02601995276136, "CV_RMSE_'skane": 1153.230711871586, "CV_RMSE_kronoberg": 873.9396446501589, "_timestamp": 1748526905.331987, "_runtime": 1.602428913116455, "_step": 0, "_wandb": {"runtime": 1}}