{"CV_RMSE": 2761.937431768778, "RMSE": 191.20023424128965, "RMSE_Kalmar": 118.84892875695586, "RMSE_Blekinge": 72.35130548433379, "CV_RMSE_'Kalmar": 1150.1509234544114, "CV_RMSE_Blekinge": 1611.7865083143665, "_timestamp": 1748574661.9745362, "_runtime": 1.301964282989502, "_step": 0, "_wandb": {"runtime": 1}}