{"CV_RMSE": 303.6001524262364, "RMSE": 21.909976799736757, "RMSE_Kalmar": 14.64255524803784, "RMSE_Blekinge": 7.2674215516989165, "CV_RMSE_'Kalmar": 141.70214756165652, "CV_RMSE_Blekinge": 161.89800486457983, "_timestamp": 1748468961.9577723, "_runtime": 1.330268144607544, "_step": 0, "_wandb": {"runtime": 1}}