{"CV_RMSE": 274.7980551807744, "RMSE": 435.3770604480124, "RMSE_STHLM": 399.28252538887403, "RMSE_S\u00f6dermanland": 36.09453505913837, "CV_RMSE_STHLM": 142.20588557577628, "CV_RMSE_S\u00f6dermanland": 132.5921696049981, "_timestamp": 1748445125.026935, "_runtime": 1.3370680809020996, "_step": 0, "_wandb": {"runtime": 1}}