{"CV_RMSE": 1434.5993055408208, "RMSE": 2118.258393473743, "RMSE_STHLM": 1913.2209150002086, "RMSE_S\u00f6dermanland": 205.03747847353435, "CV_RMSE_STHLM": 681.4004050257964, "CV_RMSE_S\u00f6dermanland": 753.1989005150242, "_timestamp": 1748302120.8618329, "_runtime": 1.2605788707733154, "_step": 0, "_wandb": {"runtime": 1}}