{"CV_RMSE": 3410.3456970885395, "RMSE": 230.21486616570678, "RMSE_Kalmar": 136.3674153985762, "RMSE_Blekinge": 93.84745076713057, "CV_RMSE_'Kalmar": 1319.6846651475116, "CV_RMSE_Blekinge": 2090.661031941028, "_timestamp": 1748497214.2596688, "_runtime": 1.277784824371338, "_step": 0, "_wandb": {"runtime": 1}}