{"CV_RMSE": 3845.080952556924, "RMSE": 1666.7086855713421, "RMSE_skane": 1512.7432420859898, "RMSE_kronoberg": 153.96544348535244, "CV_RMSE_'skane": 2398.6415043646775, "CV_RMSE_kronoberg": 1446.4394481922463, "_timestamp": 1748515378.388176, "_runtime": 1.370832920074463, "_step": 0, "_wandb": {"runtime": 1}}