{"CV_RMSE": 2245.965488088895, "RMSE": 171.17844294955532, "RMSE_Kalmar": 124.39996077376813, "RMSE_Blekinge": 46.7784821757872, "CV_RMSE_'Kalmar": 1203.8705881332398, "CV_RMSE_Blekinge": 1042.0948999556554, "_timestamp": 1748523649.0794597, "_runtime": 1.2783045768737793, "_step": 0, "_wandb": {"runtime": 1}}