{"CV_RMSE": 737.1062771158497, "RMSE": 904.9603851006732, "RMSE_STHLM": 779.9191017031268, "RMSE_S\u00f6dermanland": 125.04128339754642, "CV_RMSE_STHLM": 277.77095034935263, "CV_RMSE_S\u00f6dermanland": 459.33532676649713, "_timestamp": 1748389371.634513, "_runtime": 1.2744419574737549, "_step": 0, "_wandb": {"runtime": 1}}