{"CV_RMSE": 4242.400291091857, "RMSE": 1714.6451781135383, "RMSE_skane": 1519.5333360818752, "RMSE_kronoberg": 195.11184203166314, "CV_RMSE_'skane": 2409.4080381847916, "CV_RMSE_kronoberg": 1832.9922529070652, "_timestamp": 1748547753.5899997, "_runtime": 1.3056237697601318, "_step": 0, "_wandb": {"runtime": 1}}