{"CV_RMSE": 273.0080183518316, "RMSE": 410.4374442405259, "RMSE_STHLM": 372.2049470027918, "RMSE_S\u00f6dermanland": 38.23249723773408, "CV_RMSE_STHLM": 132.56211013158395, "CV_RMSE_S\u00f6dermanland": 140.44590822024765, "_timestamp": 1748511117.73238, "_runtime": 1.2915568351745605, "_step": 0, "_wandb": {"runtime": 1}}