{"CV_RMSE": 1567.8816556360807, "RMSE": 2437.6090149793613, "RMSE_STHLM": 2226.6798770758737, "RMSE_S\u00f6dermanland": 210.92913790348763, "CV_RMSE_STHLM": 793.0399245620445, "CV_RMSE_S\u00f6dermanland": 774.8417310740363, "_timestamp": 1748298404.3289866, "_runtime": 1.3087036609649658, "_step": 0, "_wandb": {"runtime": 1}}