{"CV_RMSE": 1095.421883524875, "RMSE": 61.095221415167515, "RMSE_Kalmar": 21.080501302700902, "RMSE_Blekinge": 40.01472011246661, "CV_RMSE_'Kalmar": 204.00485131646036, "CV_RMSE_Blekinge": 891.4170322084146, "_timestamp": 1748487489.5966187, "_runtime": 1.3691697120666504, "_step": 0, "_wandb": {"runtime": 1}}