{"CV_RMSE": 272.5030042181328, "RMSE": 96.9785490295768, "RMSE_skane": 81.77400223414696, "RMSE_kronoberg": 15.204546795429831, "CV_RMSE_'skane": 129.66279424019075, "CV_RMSE_kronoberg": 142.84020997794204, "_timestamp": 1748522896.143333, "_runtime": 1.2791059017181396, "_step": 0, "_wandb": {"runtime": 1}}