{"CV_RMSE": 4654.393800426423, "RMSE": 1753.4972647553373, "RMSE_skane": 1513.5152679669477, "RMSE_kronoberg": 239.98199678838967, "CV_RMSE_'skane": 2399.8656468820523, "CV_RMSE_kronoberg": 2254.5281535443705, "_timestamp": 1748515764.4098027, "_runtime": 1.3217136859893799, "_step": 0, "_wandb": {"runtime": 1}}