{"CV_RMSE": 275.3680096601048, "RMSE": 436.9346285200968, "RMSE_STHLM": 400.83550508449724, "RMSE_S\u00f6dermanland": 36.09912343559958, "CV_RMSE_STHLM": 142.75898479463694, "CV_RMSE_S\u00f6dermanland": 132.60902486546786, "_timestamp": 1748450410.5493038, "_runtime": 1.261246681213379, "_step": 0, "_wandb": {"runtime": 1}}