{"CV_RMSE": 306.9689271888365, "RMSE": 22.255863433560954, "RMSE_Kalmar": 14.986736716416457, "RMSE_Blekinge": 7.269126717144495, "CV_RMSE_'Kalmar": 145.03293596532055, "CV_RMSE_Blekinge": 161.93599122351597, "_timestamp": 1748498362.8526084, "_runtime": 1.2610864639282227, "_step": 0, "_wandb": {"runtime": 1}}