{"CV_RMSE": 517.522295225294, "RMSE": 482.26687119852824, "RMSE_STHLM": 378.03765184458314, "RMSE_S\u00f6dermanland": 104.22921935394508, "CV_RMSE_STHLM": 134.6394486189651, "CV_RMSE_S\u00f6dermanland": 382.8828466063289, "_timestamp": 1748306715.6131363, "_runtime": 1.4033842086791992, "_step": 0, "_wandb": {"runtime": 1}}