{"CV_RMSE": 316.52376753234455, "RMSE": 22.361847556184983, "RMSE_Kalmar": 14.415790897341738, "RMSE_Blekinge": 7.946056658843244, "CV_RMSE_'Kalmar": 139.5076538452426, "CV_RMSE_Blekinge": 177.01611368710198, "_timestamp": 1748552276.0416763, "_runtime": 1.3307483196258545, "_step": 0, "_wandb": {"runtime": 1}}