{"CV_RMSE": 593.3730523869255, "RMSE": 397.0421345741004, "RMSE_STHLM": 260.79792060246626, "RMSE_S\u00f6dermanland": 136.24421397163414, "CV_RMSE_STHLM": 92.88410310337144, "CV_RMSE_S\u00f6dermanland": 500.488949283554, "_timestamp": 1748357918.7107751, "_runtime": 1.3175890445709229, "_step": 0, "_wandb": {"runtime": 1}}