{"CV_RMSE": 4646.542058528605, "RMSE": 1781.4679007338025, "RMSE_skane": 1548.1708815245152, "RMSE_kronoberg": 233.2970192092874, "CV_RMSE_'skane": 2454.8164083369693, "CV_RMSE_kronoberg": 2191.725650191636, "_timestamp": 1748541420.3418243, "_runtime": 1.392160177230835, "_step": 0, "_wandb": {"runtime": 1}}