{"CV_RMSE": 4539.663797359265, "RMSE": 1738.3022511699205, "RMSE_skane": 1509.926993945954, "RMSE_kronoberg": 228.37525722396649, "CV_RMSE_'skane": 2394.175994628891, "CV_RMSE_kronoberg": 2145.487802730374, "_timestamp": 1748502343.0464625, "_runtime": 1.2720935344696045, "_step": 0, "_wandb": {"runtime": 1}}