{"CV_RMSE": 269.08515980948306, "RMSE": 426.2776148715805, "RMSE_STHLM": 390.9282894084076, "RMSE_S\u00f6dermanland": 35.34932546317294, "CV_RMSE_STHLM": 139.2304948427253, "CV_RMSE_S\u00f6dermanland": 129.85466496675775, "_timestamp": 1748527838.582936, "_runtime": 1.315871000289917, "_step": 0, "_wandb": {"runtime": 1}}