{"CV_RMSE": 4773.807830799775, "RMSE": 1829.542020510939, "RMSE_skane": 1589.7091263850339, "RMSE_kronoberg": 239.83289412590514, "CV_RMSE_'skane": 2520.680432957242, "CV_RMSE_kronoberg": 2253.127397842533, "_timestamp": 1748503391.1304007, "_runtime": 1.3165905475616455, "_step": 0, "_wandb": {"runtime": 1}}