{"CV_RMSE": 704.4920491824387, "RMSE": 927.5155392507293, "RMSE_STHLM": 814.7273326946869, "RMSE_S\u00f6dermanland": 112.78820655604233, "CV_RMSE_STHLM": 290.1680250990179, "CV_RMSE_S\u00f6dermanland": 414.32402408342085, "_timestamp": 1748290530.199598, "_runtime": 1.2939610481262207, "_step": 0, "_wandb": {"runtime": 1}}