{"CV_RMSE": 736.5889026133285, "RMSE": 1425.8526398441961, "RMSE_STHLM": 1356.891333312009, "RMSE_S\u00f6dermanland": 68.96130653218701, "CV_RMSE_STHLM": 483.2616541277436, "CV_RMSE_S\u00f6dermanland": 253.32724848558493, "_timestamp": 1748377493.9371588, "_runtime": 1.3651747703552246, "_step": 0, "_wandb": {"runtime": 1}}