{"CV_RMSE": 203.13511679480268, "RMSE": 327.78818667426185, "RMSE_STHLM": 301.7453866583209, "RMSE_S\u00f6dermanland": 26.04280001594095, "CV_RMSE_STHLM": 107.46768816481551, "CV_RMSE_S\u00f6dermanland": 95.66742862998717, "_timestamp": 1748352435.0837767, "_runtime": 1.3127167224884033, "_step": 0, "_wandb": {"runtime": 1}}