{"CV_RMSE": 1308.5800821601488, "RMSE": 1381.1903821157698, "RMSE_STHLM": 1135.008145135512, "RMSE_S\u00f6dermanland": 246.1822369802577, "CV_RMSE_STHLM": 404.23717080410006, "CV_RMSE_S\u00f6dermanland": 904.3429113560487, "_timestamp": 1748336660.331524, "_runtime": 1.3251979351043701, "_step": 0, "_wandb": {"runtime": 1}}