{"CV_RMSE": 306.96921171011206, "RMSE": 22.25596701747986, "RMSE_Kalmar": 14.986897277689723, "RMSE_Blekinge": 7.26906973979014, "CV_RMSE_'Kalmar": 145.0344897840941, "CV_RMSE_Blekinge": 161.934721926018, "_timestamp": 1748459435.0230255, "_runtime": 1.2818524837493896, "_step": 0, "_wandb": {"runtime": 1}}