{"CV_RMSE": 3794.974518695788, "RMSE": 254.91966772867056, "RMSE_Kalmar": 149.52044628740833, "RMSE_Blekinge": 105.39922144126224, "CV_RMSE_'Kalmar": 1446.972060845887, "CV_RMSE_Blekinge": 2348.002457849901, "_timestamp": 1748579287.5527196, "_runtime": 1.2931015491485596, "_step": 0, "_wandb": {"runtime": 1}}