{"CV_RMSE": 4511.19749026046, "RMSE": 289.0816962032743, "RMSE_Kalmar": 153.07703341376128, "RMSE_Blekinge": 136.00466278951305, "CV_RMSE_'Kalmar": 1481.3906459396253, "CV_RMSE_Blekinge": 3029.806844320835, "_timestamp": 1748540489.527959, "_runtime": 1.3583321571350098, "_step": 0, "_wandb": {"runtime": 1}}