{"CV_RMSE": 3449.2762400102074, "RMSE": 1666.7563783561227, "RMSE_skane": 1563.4866646661662, "RMSE_kronoberg": 103.26971368995656, "CV_RMSE_'skane": 2479.101476743392, "CV_RMSE_kronoberg": 970.1747632668153, "_timestamp": 1748511891.6320426, "_runtime": 1.298304557800293, "_step": 0, "_wandb": {"runtime": 1}}