{"CV_RMSE": 1401.8433304166576, "RMSE": 1436.8090884128296, "RMSE_STHLM": 1168.4841154281767, "RMSE_S\u00f6dermanland": 268.32497298465285, "CV_RMSE_STHLM": 416.1597561873205, "CV_RMSE_S\u00f6dermanland": 985.6835742293371, "_timestamp": 1748355874.7132242, "_runtime": 1.3252472877502441, "_step": 0, "_wandb": {"runtime": 1}}