{"CV_RMSE": 719.7711297893775, "RMSE": 1006.5323911235405, "_timestamp": 1748283043.6778867, "_runtime": 1.3065567016601562, "_step": 0, "_wandb": {"runtime": 1}}