{"CV_RMSE": 1761.2092912188095, "RMSE": 577.9555255506793, "RMSE_skane": 469.77331109286354, "RMSE_kronoberg": 108.18221445781575, "CV_RMSE_'skane": 744.883685665217, "CV_RMSE_kronoberg": 1016.3256055535927, "_timestamp": 1748529397.561287, "_runtime": 1.3718278408050537, "_step": 0, "_wandb": {"runtime": 1}}