{"CV_RMSE": 2959.549036838478, "RMSE": 237.41854867401392, "RMSE_Kalmar": 184.8820211830468, "RMSE_Blekinge": 52.53652749096713, "CV_RMSE_'Kalmar": 1789.1808501585172, "CV_RMSE_Blekinge": 1170.3681866799607, "_timestamp": 1748494218.1428897, "_runtime": 1.3042047023773193, "_step": 0, "_wandb": {"runtime": 1}}