{"CV_RMSE": 292.6493586552584, "RMSE": 415.2635328655086, "RMSE_STHLM": 371.6283207284915, "RMSE_S\u00f6dermanland": 43.63521213701709, "CV_RMSE_STHLM": 132.35674264172627, "CV_RMSE_S\u00f6dermanland": 160.29261601353215, "_timestamp": 1748425491.9622211, "_runtime": 1.330611228942871, "_step": 0, "_wandb": {"runtime": 1}}