{"CV_RMSE": 4925.6773581767, "RMSE": 1904.84823985917, "RMSE_skane": 1660.858293926931, "RMSE_kronoberg": 243.9899459322389, "CV_RMSE_'skane": 2633.496237727692, "CV_RMSE_kronoberg": 2292.181120449008, "_timestamp": 1748548029.9546242, "_runtime": 1.36259126663208, "_step": 0, "_wandb": {"runtime": 1}}