{"CV_RMSE": 303.40541577312354, "RMSE": 21.920994879979112, "RMSE_Kalmar": 14.67749140919881, "RMSE_Blekinge": 7.243503470780301, "CV_RMSE_'Kalmar": 142.04023944385943, "CV_RMSE_Blekinge": 161.36517632926413, "_timestamp": 1748489759.9105222, "_runtime": 1.400231122970581, "_step": 0, "_wandb": {"runtime": 1}}