{"CV_RMSE": 273.1940235085266, "RMSE": 433.2033314945077, "RMSE_STHLM": 397.3589536242465, "RMSE_S\u00f6dermanland": 35.844377870261205, "CV_RMSE_STHLM": 141.5207986789956, "CV_RMSE_S\u00f6dermanland": 131.67322482953097, "_timestamp": 1748556979.7377298, "_runtime": 1.2642607688903809, "_step": 0, "_wandb": {"runtime": 1}}