{"CV_RMSE": 3263.2547360771696, "RMSE": 240.3706683780684, "RMSE_Kalmar": 165.99755489765909, "RMSE_Blekinge": 74.37311348040929, "CV_RMSE_'Kalmar": 1606.4279506225073, "CV_RMSE_Blekinge": 1656.8267854546623, "_timestamp": 1748509140.8815627, "_runtime": 1.461639642715454, "_step": 0, "_wandb": {"runtime": 1}}