{"CV_RMSE": 1497.2832075651434, "RMSE": 2271.554663505636, "RMSE_STHLM": 2064.0794031352493, "RMSE_S\u00f6dermanland": 207.47526037038705, "CV_RMSE_STHLM": 735.1291898780073, "CV_RMSE_S\u00f6dermanland": 762.154017687136, "_timestamp": 1748307407.3225193, "_runtime": 1.245711326599121, "_step": 0, "_wandb": {"runtime": 1}}