{"CV_RMSE": 490.254385569329, "RMSE": 842.3886509267057, "RMSE_STHLM": 785.0426842345173, "RMSE_S\u00f6dermanland": 57.34596669218838, "CV_RMSE_STHLM": 279.5957324143513, "CV_RMSE_S\u00f6dermanland": 210.6586531549777, "_timestamp": 1748305965.123226, "_runtime": 1.3184230327606201, "_step": 0, "_wandb": {"runtime": 1}}