{"CV_RMSE": 4739.106261376696, "RMSE": 1835.088897545787, "RMSE_skane": 1600.8261297752572, "RMSE_kronoberg": 234.26276777052985, "CV_RMSE_'skane": 2538.307816768378, "CV_RMSE_kronoberg": 2200.7984446083183, "_timestamp": 1748564348.0161276, "_runtime": 1.3080856800079346, "_step": 0, "_wandb": {"runtime": 1}}