{"CV_RMSE": 920.9591256847295, "RMSE": 456.6816769553453, "RMSE_skane": 431.47548575409945, "RMSE_kronoberg": 25.2061912012459, "CV_RMSE_'skane": 684.1577469673881, "CV_RMSE_kronoberg": 236.80137871734146, "_timestamp": 1748573169.977232, "_runtime": 1.3504650592803955, "_step": 0, "_wandb": {"runtime": 1}}