{"CV_RMSE": 274.9685900525452, "RMSE": 436.50455362556147, "RMSE_STHLM": 400.47966096028483, "RMSE_S\u00f6dermanland": 36.02489266527665, "CV_RMSE_STHLM": 142.63224964948807, "CV_RMSE_S\u00f6dermanland": 132.3363404030571, "_timestamp": 1748452725.915342, "_runtime": 1.2385921478271484, "_step": 0, "_wandb": {"runtime": 1}}