{"CV_RMSE": 306.9605777355614, "RMSE": 22.256097381772328, "RMSE_Kalmar": 14.987813016186998, "RMSE_Blekinge": 7.268284365585329, "CV_RMSE_'Kalmar": 145.04335176955158, "CV_RMSE_Blekinge": 161.9172259660098, "_timestamp": 1748542141.500655, "_runtime": 1.4309518337249756, "_step": 0, "_wandb": {"runtime": 1}}