{"CV_RMSE": 845.1704022106303, "RMSE": 1713.3481374126259, "RMSE_STHLM": 1642.521177988558, "RMSE_S\u00f6dermanland": 70.82695942406777, "CV_RMSE_STHLM": 584.9897349385446, "CV_RMSE_S\u00f6dermanland": 260.18066727208566, "_timestamp": 1748374898.8277152, "_runtime": 1.3329660892486572, "_step": 0, "_wandb": {"runtime": 1}}