{"CV_RMSE": 900.4728543572166, "RMSE": 1144.40443147052, "RMSE_STHLM": 995.8237156821674, "RMSE_S\u00f6dermanland": 148.58071578835256, "CV_RMSE_STHLM": 354.66614329796226, "CV_RMSE_S\u00f6dermanland": 545.8067110592543, "_timestamp": 1748288663.918868, "_runtime": 1.2850191593170166, "_step": 0, "_wandb": {"runtime": 1}}