{"CV_RMSE": 445.5431810938762, "RMSE": 492.75986836329633, "RMSE_STHLM": 411.3551962487631, "RMSE_S\u00f6dermanland": 81.40467211453323, "CV_RMSE_STHLM": 146.50561006089703, "CV_RMSE_S\u00f6dermanland": 299.0375710329792, "_timestamp": 1748284637.523767, "_runtime": 1.2940070629119873, "_step": 0, "_wandb": {"runtime": 1}}