{"CV_RMSE": 266.8893849143975, "RMSE": 423.2264816784699, "RMSE_STHLM": 388.2114936897784, "RMSE_S\u00f6dermanland": 35.01498798869149, "CV_RMSE_STHLM": 138.2628984253267, "CV_RMSE_S\u00f6dermanland": 128.62648648907077, "_timestamp": 1748542326.9660947, "_runtime": 1.3232107162475586, "_step": 0, "_wandb": {"runtime": 1}}