{"CV_RMSE": 7458.5493820735, "RMSE": 506.89705540861826, "RMSE_Kalmar": 304.26746513254733, "RMSE_Blekinge": 202.6295902760709, "CV_RMSE_'Kalmar": 2944.5238561214255, "CV_RMSE_Blekinge": 4514.0255259520745, "_timestamp": 1748457322.399327, "_runtime": 1.3568589687347412, "_step": 0, "_wandb": {"runtime": 1}}