{"CV_RMSE": 306.90247341604356, "RMSE": 22.249979608866127, "RMSE_Kalmar": 14.981607945571106, "RMSE_Blekinge": 7.268371663295023, "CV_RMSE_'Kalmar": 144.9833026990752, "CV_RMSE_Blekinge": 161.91917071696832, "_timestamp": 1748579114.8259099, "_runtime": 1.2524948120117188, "_step": 0, "_wandb": {"runtime": 1}}