{"CV_RMSE": 305.8493667530625, "RMSE": 22.150343745821253, "RMSE_Kalmar": 14.889026843274873, "RMSE_Blekinge": 7.2613169025463815, "CV_RMSE_'Kalmar": 144.08735654782134, "CV_RMSE_Blekinge": 161.76201020524115, "_timestamp": 1748488507.264301, "_runtime": 1.3168461322784424, "_step": 0, "_wandb": {"runtime": 1}}