{"CV_RMSE": 3520.64681191252, "RMSE": 242.91524062586456, "RMSE_Kalmar": 150.06826021688093, "RMSE_Blekinge": 92.84698040898363, "CV_RMSE_'Kalmar": 1452.2734859698155, "CV_RMSE_Blekinge": 2068.3733259427045, "_timestamp": 1748463293.5859778, "_runtime": 1.2824907302856445, "_step": 0, "_wandb": {"runtime": 1}}