{"CV_RMSE": 845.193813811793, "RMSE": 1172.725855206258, "RMSE_STHLM": 1043.8495688272978, "RMSE_S\u00f6dermanland": 128.87628637896015, "CV_RMSE_STHLM": 371.7707209911231, "CV_RMSE_S\u00f6dermanland": 473.4230928206699, "_timestamp": 1748319908.801324, "_runtime": 1.3155739307403564, "_step": 0, "_wandb": {"runtime": 1}}