{"CV_RMSE": 306.98335491236, "RMSE": 22.257014656334785, "RMSE_Kalmar": 14.987627073479139, "RMSE_Blekinge": 7.269387582855647, "CV_RMSE_'Kalmar": 145.04155232399165, "CV_RMSE_Blekinge": 161.94180258836838, "_timestamp": 1748551072.5204582, "_runtime": 1.274266242980957, "_step": 0, "_wandb": {"runtime": 1}}