{"CV_RMSE": 1841.9598622033636, "RMSE": 2391.064159783685, "RMSE_STHLM": 2092.5174011627228, "RMSE_S\u00f6dermanland": 298.5467586209626, "CV_RMSE_STHLM": 745.2574835957461, "CV_RMSE_S\u00f6dermanland": 1096.7023786076177, "_timestamp": 1748389659.8246844, "_runtime": 1.3137142658233643, "_step": 0, "_wandb": {"runtime": 1}}