{"CV_RMSE": 2879.7170326728974, "RMSE": 1315.584283808957, "RMSE_skane": 1213.9450609838998, "RMSE_kronoberg": 101.63922282505727, "CV_RMSE_'skane": 1924.8600332725682, "CV_RMSE_kronoberg": 954.8569994003294, "_timestamp": 1748567678.312251, "_runtime": 1.3579950332641602, "_step": 0, "_wandb": {"runtime": 1}}