{"CV_RMSE": 3432.250467334715, "RMSE": 231.2468696463324, "RMSE_Kalmar": 136.4535600660759, "RMSE_Blekinge": 94.79330958025652, "CV_RMSE_'Kalmar": 1320.5183232200895, "CV_RMSE_Blekinge": 2111.7321441146255, "_timestamp": 1748524197.2209332, "_runtime": 1.2913782596588135, "_step": 0, "_wandb": {"runtime": 1}}