{"CV_RMSE": 302.5274057146713, "RMSE": 21.840858434742373, "RMSE_Kalmar": 14.605489696594281, "RMSE_Blekinge": 7.23536873814809, "CV_RMSE_'Kalmar": 141.34344867671885, "CV_RMSE_Blekinge": 161.1839570379525, "_timestamp": 1748560186.8220062, "_runtime": 1.4367733001708984, "_step": 0, "_wandb": {"runtime": 1}}