{"CV_RMSE": 506.30432018818055, "RMSE": 834.2667971995982, "RMSE_STHLM": 771.2106230780703, "RMSE_S\u00f6dermanland": 63.056174121527896, "CV_RMSE_STHLM": 274.66939484379236, "CV_RMSE_S\u00f6dermanland": 231.6349253443882, "_timestamp": 1748302717.5154264, "_runtime": 1.304720401763916, "_step": 0, "_wandb": {"runtime": 1}}