{"CV_RMSE": 4522.785919570009, "RMSE": 1881.258947120235, "RMSE_skane": 1684.0727039741143, "RMSE_kronoberg": 197.1862431461206, "CV_RMSE_'skane": 2670.3055559843247, "CV_RMSE_kronoberg": 1852.4803635856842, "_timestamp": 1748525817.484732, "_runtime": 1.3313038349151611, "_step": 0, "_wandb": {"runtime": 1}}