{"CV_RMSE": 306.8417611101295, "RMSE": 22.245467051547354, "RMSE_Kalmar": 14.978447979964827, "RMSE_Blekinge": 7.267019071582528, "CV_RMSE_'Kalmar": 144.95272238675636, "CV_RMSE_Blekinge": 161.88903872337315, "_timestamp": 1748469431.2243207, "_runtime": 1.34572172164917, "_step": 0, "_wandb": {"runtime": 1}}