{"CV_RMSE": 280.6921119146198, "RMSE": 20.178382442360753, "RMSE_Kalmar": 13.399117185044059, "RMSE_Blekinge": 6.779265257316696, "CV_RMSE_'Kalmar": 129.66887598429733, "CV_RMSE_Blekinge": 151.02323593032244, "_timestamp": 1748515609.2754314, "_runtime": 1.3667902946472168, "_step": 0, "_wandb": {"runtime": 1}}