{"CV_RMSE": 231.43587581666927, "RMSE": 363.805039080969, "RMSE_STHLM": 333.0978567171149, "RMSE_S\u00f6dermanland": 30.70718236385409, "CV_RMSE_STHLM": 118.63398141883792, "CV_RMSE_S\u00f6dermanland": 112.80189439783135, "_timestamp": 1748313518.1012971, "_runtime": 1.3012430667877197, "_step": 0, "_wandb": {"runtime": 1}}