{"CV_RMSE": 1372.1005822495968, "RMSE": 1675.9138081941078, "RMSE_STHLM": 1442.2254951779141, "RMSE_S\u00f6dermanland": 233.68831301619355, "CV_RMSE_STHLM": 513.6537181084776, "CV_RMSE_S\u00f6dermanland": 858.4468641411191, "_timestamp": 1748324298.481602, "_runtime": 1.297137975692749, "_step": 0, "_wandb": {"runtime": 1}}