{"CV_RMSE": 3675.998169060974, "RMSE": 1686.8372052481125, "RMSE_skane": 1558.6113405120643, "RMSE_kronoberg": 128.22586473604815, "CV_RMSE_'skane": 2471.371047323569, "CV_RMSE_kronoberg": 1204.6271217374044, "_timestamp": 1748556100.9450192, "_runtime": 1.27083420753479, "_step": 0, "_wandb": {"runtime": 1}}