{"CV_RMSE": 1287.8161911262873, "RMSE": 1642.4882846607957, "RMSE_STHLM": 1430.6187479963464, "RMSE_S\u00f6dermanland": 211.86953666444924, "CV_RMSE_STHLM": 509.5199339915757, "CV_RMSE_S\u00f6dermanland": 778.2962571347116, "_timestamp": 1748372363.8062322, "_runtime": 1.3612091541290283, "_step": 0, "_wandb": {"runtime": 1}}