{"CV_RMSE": 276.0953294286321, "RMSE": 412.5485121294104, "RMSE_STHLM": 373.61199788524226, "RMSE_S\u00f6dermanland": 38.93651424416817, "CV_RMSE_STHLM": 133.06323628678987, "CV_RMSE_S\u00f6dermanland": 143.03209314184227, "_timestamp": 1748435473.8546395, "_runtime": 1.2781274318695068, "_step": 0, "_wandb": {"runtime": 1}}