{"CV_RMSE": 273.9587275996718, "RMSE": 434.67298692280394, "RMSE_STHLM": 398.75587521699396, "RMSE_S\u00f6dermanland": 35.91711170580999, "CV_RMSE_STHLM": 142.0183172517984, "CV_RMSE_S\u00f6dermanland": 131.9404103478734, "_timestamp": 1748552546.1158621, "_runtime": 1.3932321071624756, "_step": 0, "_wandb": {"runtime": 1}}