{"CV_RMSE": 274.3063996678461, "RMSE": 435.6036868608837, "RMSE_STHLM": 399.68169169215565, "RMSE_S\u00f6dermanland": 35.92199516872807, "CV_RMSE_STHLM": 142.34805006843692, "CV_RMSE_S\u00f6dermanland": 131.95834959940922, "_timestamp": 1748531485.9237502, "_runtime": 1.2260310649871826, "_step": 0, "_wandb": {"runtime": 1}}