{"CV_RMSE": 3389.896509389985, "RMSE": 239.9204013019829, "RMSE_Kalmar": 155.15036805863787, "RMSE_Blekinge": 84.77003324334504, "CV_RMSE_'Kalmar": 1501.4551747610114, "CV_RMSE_Blekinge": 1888.4413346289737, "_timestamp": 1748520110.9305854, "_runtime": 1.340172290802002, "_step": 0, "_wandb": {"runtime": 1}}