{"CV_RMSE": 749.7145912874344, "RMSE": 1688.0065279492544, "RMSE_STHLM": 1643.2338578878514, "RMSE_S\u00f6dermanland": 44.77267006140291, "CV_RMSE_STHLM": 585.2435584088114, "CV_RMSE_S\u00f6dermanland": 164.47103287862296, "_timestamp": 1748305080.0315518, "_runtime": 1.2795777320861816, "_step": 0, "_wandb": {"runtime": 1}}