{"CV_RMSE": 1110.218256945015, "RMSE": 2031.910612647795, "RMSE_STHLM": 1915.3868586017954, "RMSE_S\u00f6dermanland": 116.52375404599967, "CV_RMSE_STHLM": 682.1718135107304, "CV_RMSE_S\u00f6dermanland": 428.0464434342845, "_timestamp": 1748303176.8912232, "_runtime": 1.3033552169799805, "_step": 0, "_wandb": {"runtime": 1}}