{"CV_RMSE": 4734.452395565437, "RMSE": 322.22444889791757, "RMSE_Kalmar": 193.95652370378622, "RMSE_Blekinge": 128.26792519413135, "CV_RMSE_'Kalmar": 1876.9986164882537, "CV_RMSE_Blekinge": 2857.4537790771833, "_timestamp": 1748545528.346157, "_runtime": 1.3715341091156006, "_step": 0, "_wandb": {"runtime": 1}}