{"CV_RMSE": 3312.689105132483, "RMSE": 1392.1006758089989, "RMSE_skane": 1250.552638675655, "RMSE_kronoberg": 141.54803713334374, "CV_RMSE_'skane": 1982.9058752785227, "CV_RMSE_kronoberg": 1329.78322985396, "_timestamp": 1748504821.5257409, "_runtime": 1.4232687950134277, "_step": 0, "_wandb": {"runtime": 1}}