{"CV_RMSE": 306.67314932176345, "RMSE": 22.242586851419084, "RMSE_Kalmar": 14.986737702409117, "RMSE_Blekinge": 7.255849149009965, "CV_RMSE_'Kalmar": 145.03294550718502, "CV_RMSE_Blekinge": 161.64020381457843, "_timestamp": 1748510896.0715804, "_runtime": 1.3824334144592285, "_step": 0, "_wandb": {"runtime": 1}}