{"CV_RMSE": 268.5593007622949, "RMSE": 425.97810896684825, "RMSE_STHLM": 390.75514740084463, "RMSE_S\u00f6dermanland": 35.2229615660036, "CV_RMSE_STHLM": 139.16882970350622, "CV_RMSE_S\u00f6dermanland": 129.39047105878873, "_timestamp": 1748565468.0132089, "_runtime": 1.27006196975708, "_step": 0, "_wandb": {"runtime": 1}}