{"CV_RMSE": 971.1493821805361, "RMSE": 85.36763298219128, "RMSE_Kalmar": 73.85864853993874, "RMSE_Blekinge": 11.508984442252547, "CV_RMSE_'Kalmar": 714.7611149026329, "CV_RMSE_Blekinge": 256.38826727790325, "_timestamp": 1748559005.483013, "_runtime": 1.284118890762329, "_step": 0, "_wandb": {"runtime": 1}}