{"CV_RMSE": 328.63884549530746, "RMSE": 25.0603258131897, "RMSE_Kalmar": 18.22533587387006, "RMSE_Blekinge": 6.83498993931964, "CV_RMSE_'Kalmar": 176.37421813422637, "CV_RMSE_Blekinge": 152.2646273610811, "_timestamp": 1748570397.8842869, "_runtime": 1.3091058731079102, "_step": 0, "_wandb": {"runtime": 1}}