{"CV_RMSE": 305.1044672915128, "RMSE": 22.098481372276403, "RMSE_Kalmar": 14.856450915755449, "RMSE_Blekinge": 7.242030456520953, "CV_RMSE_'Kalmar": 143.77210563634304, "CV_RMSE_Blekinge": 161.33236165516973, "_timestamp": 1748463685.359863, "_runtime": 1.358720064163208, "_step": 0, "_wandb": {"runtime": 1}}