{"CV_RMSE": 274.6542448682828, "RMSE": 436.369141828869, "RMSE_STHLM": 400.4244699823594, "RMSE_S\u00f6dermanland": 35.94467184650953, "CV_RMSE_STHLM": 142.61259318722736, "CV_RMSE_S\u00f6dermanland": 132.0416516810554, "_timestamp": 1748475703.8761647, "_runtime": 1.238954782485962, "_step": 0, "_wandb": {"runtime": 1}}