{"CV_RMSE": 306.46414203118707, "RMSE": 22.2269205508778, "RMSE_Kalmar": 14.975626862460835, "RMSE_Blekinge": 7.2512936884169665, "CV_RMSE_'Kalmar": 144.92542124962097, "CV_RMSE_Blekinge": 161.53872078156607, "_timestamp": 1748510068.2884154, "_runtime": 1.3351523876190186, "_step": 0, "_wandb": {"runtime": 1}}