{"CV_RMSE": 2366.5179606808206, "RMSE": 1344.5740793002863, "RMSE_skane": 1314.540654510718, "RMSE_kronoberg": 30.03342478956825, "CV_RMSE_'skane": 2084.3667883362336, "CV_RMSE_kronoberg": 282.15117234458694, "_timestamp": 1748558598.9128563, "_runtime": 1.2890872955322266, "_step": 0, "_wandb": {"runtime": 1}}