{"CV_RMSE": 543.1909561581963, "RMSE": 552.0711230566376, "RMSE_STHLM": 447.5984450023513, "RMSE_S\u00f6dermanland": 104.47267805428626, "CV_RMSE_STHLM": 159.41377146898148, "CV_RMSE_S\u00f6dermanland": 383.77718468921483, "_timestamp": 1748343565.9474962, "_runtime": 1.3515431880950928, "_step": 0, "_wandb": {"runtime": 1}}