{"CV_RMSE": 1153.1176160129698, "RMSE": 2037.9992597006685, "RMSE_STHLM": 1909.1972458366738, "RMSE_S\u00f6dermanland": 128.80201386399472, "CV_RMSE_STHLM": 679.967361002377, "CV_RMSE_S\u00f6dermanland": 473.1502550105929, "_timestamp": 1748305493.9939985, "_runtime": 1.2878644466400146, "_step": 0, "_wandb": {"runtime": 1}}