{"CV_RMSE": 305.3162780192678, "RMSE": 22.08786061317128, "RMSE_Kalmar": 14.820862136638, "RMSE_Blekinge": 7.266998476533279, "CV_RMSE_'Kalmar": 143.42769809649675, "CV_RMSE_Blekinge": 161.88857992277107, "_timestamp": 1748509970.1496668, "_runtime": 1.2390687465667725, "_step": 0, "_wandb": {"runtime": 1}}