{"CV_RMSE": 493.2373690577713, "RMSE": 668.4369404145267, "RMSE_STHLM": 591.5159605806583, "RMSE_S\u00f6dermanland": 76.92097983386842, "CV_RMSE_STHLM": 210.67050436192815, "CV_RMSE_S\u00f6dermanland": 282.56686469584315, "_timestamp": 1748345765.5900967, "_runtime": 1.3059537410736084, "_step": 0, "_wandb": {"runtime": 1}}