{"CV_RMSE": 772.6982980419459, "RMSE": 569.9809777062063, "RMSE_STHLM": 398.24648495714564, "RMSE_S\u00f6dermanland": 171.73449274906065, "CV_RMSE_STHLM": 141.83689610662094, "CV_RMSE_S\u00f6dermanland": 630.8614019353249, "_timestamp": 1748323002.2478235, "_runtime": 1.463867425918579, "_step": 0, "_wandb": {"runtime": 1}}