{"CV_RMSE": 1116.1754306329499, "RMSE": 1170.1716416689196, "RMSE_STHLM": 959.3341186636018, "RMSE_S\u00f6dermanland": 210.83752300531788, "CV_RMSE_STHLM": 341.6702440828024, "CV_RMSE_S\u00f6dermanland": 774.5051865501474, "_timestamp": 1748286107.9263124, "_runtime": 1.3851444721221924, "_step": 0, "_wandb": {"runtime": 1}}