{"CV_RMSE": 273.81469534265375, "RMSE": 433.6418353287973, "RMSE_STHLM": 397.657435476296, "RMSE_S\u00f6dermanland": 35.98439985250135, "CV_RMSE_STHLM": 141.62710404775083, "CV_RMSE_S\u00f6dermanland": 132.18759129490292, "_timestamp": 1748289449.9961247, "_runtime": 1.2520017623901367, "_step": 0, "_wandb": {"runtime": 1}}