{"CV_RMSE": 3174.7814569877237, "RMSE": 208.2217121427318, "RMSE_Kalmar": 116.1780400539159, "RMSE_Blekinge": 92.04367208881591, "CV_RMSE_'Kalmar": 1124.3036134249926, "CV_RMSE_Blekinge": 2050.477843562731, "_timestamp": 1748480414.5522544, "_runtime": 1.3061654567718506, "_step": 0, "_wandb": {"runtime": 1}}