{"CV_RMSE": 2399.3716879712924, "RMSE": 864.3733465118831, "RMSE_skane": 732.6269452151768, "RMSE_kronoberg": 131.74640129670638, "CV_RMSE_'skane": 1161.6706319479547, "CV_RMSE_kronoberg": 1237.7010560233377, "_timestamp": 1748551618.3927717, "_runtime": 1.3967046737670898, "_step": 0, "_wandb": {"runtime": 1}}