{"CV_RMSE": 275.4640533269725, "RMSE": 436.7787086845413, "RMSE_STHLM": 400.6338931666782, "RMSE_S\u00f6dermanland": 36.14481551786308, "CV_RMSE_STHLM": 142.68717999604684, "CV_RMSE_S\u00f6dermanland": 132.7768733309256, "_timestamp": 1748339942.9973474, "_runtime": 1.5539343357086182, "_step": 0, "_wandb": {"runtime": 1}}