{"CV_RMSE": 275.1960795948128, "RMSE": 437.40182882330913, "RMSE_STHLM": 401.40469299567116, "RMSE_S\u00f6dermanland": 35.997135827637976, "CV_RMSE_STHLM": 142.96170308512228, "CV_RMSE_S\u00f6dermanland": 132.23437650969052, "_timestamp": 1748490647.5102284, "_runtime": 1.3427424430847168, "_step": 0, "_wandb": {"runtime": 1}}