{"CV_RMSE": 1739.361355725915, "RMSE": 142.15262811747215, "RMSE_Kalmar": 113.287843001669, "RMSE_Blekinge": 28.86478511580314, "CV_RMSE_'Kalmar": 1096.3339645322806, "CV_RMSE_Blekinge": 643.0273911936343, "_timestamp": 1748541662.947329, "_runtime": 1.3517999649047852, "_step": 0, "_wandb": {"runtime": 1}}