{"CV_RMSE": 2716.2183003084897, "RMSE": 174.0010336671814, "RMSE_Kalmar": 92.0682534859321, "RMSE_Blekinge": 81.93278018124929, "CV_RMSE_'Kalmar": 890.9830982509559, "CV_RMSE_Blekinge": 1825.2352020575338, "_timestamp": 1748515764.2798827, "_runtime": 1.3838696479797363, "_step": 0, "_wandb": {"runtime": 1}}