{"CV_RMSE": 275.58704502536386, "RMSE": 437.1346783024583, "RMSE_STHLM": 400.9910047143845, "RMSE_S\u00f6dermanland": 36.14367358807386, "CV_RMSE_STHLM": 142.81436653856196, "CV_RMSE_S\u00f6dermanland": 132.77267848680194, "_timestamp": 1748344742.4063497, "_runtime": 1.2693047523498535, "_step": 0, "_wandb": {"runtime": 1}}