{"CV_RMSE": 267.8778916379887, "RMSE": 430.41412640254464, "RMSE_STHLM": 395.8728341590485, "RMSE_S\u00f6dermanland": 34.54129224349609, "CV_RMSE_STHLM": 140.99151196800304, "CV_RMSE_S\u00f6dermanland": 126.88637966998563, "_timestamp": 1748469149.575077, "_runtime": 1.27105712890625, "_step": 0, "_wandb": {"runtime": 1}}