{"CV_RMSE": 5099.062304532623, "RMSE": 1955.1157045192965, "RMSE_skane": 1699.129307852638, "RMSE_kronoberg": 255.98639666665844, "CV_RMSE_'skane": 2694.1796636141194, "CV_RMSE_kronoberg": 2404.882640918503, "_timestamp": 1748575532.0498424, "_runtime": 1.398634433746338, "_step": 0, "_wandb": {"runtime": 1}}