{"CV_RMSE": 279.92930695746327, "RMSE": 104.78385837758145, "RMSE_skane": 90.21319726847564, "RMSE_kronoberg": 14.570661109105812, "CV_RMSE_'skane": 143.0441817153419, "CV_RMSE_kronoberg": 136.8851252421214, "_timestamp": 1748540075.842357, "_runtime": 1.3114650249481201, "_step": 0, "_wandb": {"runtime": 1}}