{"CV_RMSE": 3161.917777030047, "RMSE": 933.4127859140967, "RMSE_skane": 718.034698222291, "RMSE_kronoberg": 215.37808769180577, "CV_RMSE_'skane": 1138.5328195913705, "CV_RMSE_kronoberg": 2023.3849574386766, "_timestamp": 1748570528.370084, "_runtime": 1.325545072555542, "_step": 0, "_wandb": {"runtime": 1}}