{"CV_RMSE": 3024.102337208184, "RMSE": 1288.6508697757786, "RMSE_skane": 1163.0530349489886, "RMSE_kronoberg": 125.59783482678999, "CV_RMSE_'skane": 1844.1644317372968, "CV_RMSE_kronoberg": 1179.9379054708872, "_timestamp": 1748512307.7448895, "_runtime": 1.3187205791473389, "_step": 0, "_wandb": {"runtime": 1}}