{"CV_RMSE": 273.5767004424794, "RMSE": 433.1534338841637, "RMSE_STHLM": 397.1883415075995, "RMSE_S\u00f6dermanland": 35.9650923765642, "CV_RMSE_STHLM": 141.46003456938644, "CV_RMSE_S\u00f6dermanland": 132.11666587309298, "_timestamp": 1748532426.7047956, "_runtime": 1.315150499343872, "_step": 0, "_wandb": {"runtime": 1}}