{"CV_RMSE": 1739.2262257651498, "RMSE": 2371.1965809199414, "RMSE_STHLM": 2101.4857041686787, "RMSE_S\u00f6dermanland": 269.71087675126284, "CV_RMSE_STHLM": 748.4515764747965, "CV_RMSE_S\u00f6dermanland": 990.7746492903533, "_timestamp": 1748311161.1611843, "_runtime": 1.23166823387146, "_step": 0, "_wandb": {"runtime": 1}}