{"CV_RMSE": 2885.218934268357, "RMSE": 1220.0489036940016, "RMSE_skane": 1098.306453713327, "RMSE_kronoberg": 121.74244998067468, "CV_RMSE_'skane": 1741.5007194185946, "CV_RMSE_kronoberg": 1143.7182148497623, "_timestamp": 1748516144.4772134, "_runtime": 1.3503944873809814, "_step": 0, "_wandb": {"runtime": 1}}