{"CV_RMSE": 943.9763972968406, "RMSE": 1702.9735477315858, "RMSE_STHLM": 1601.2478295810265, "RMSE_S\u00f6dermanland": 101.72571815055936, "CV_RMSE_STHLM": 570.2900857233573, "CV_RMSE_S\u00f6dermanland": 373.68631157348335, "_timestamp": 1748325581.2704742, "_runtime": 1.2678072452545166, "_step": 0, "_wandb": {"runtime": 1}}