{"CV_RMSE": 2486.518240180766, "RMSE": 1309.7976396988877, "RMSE_skane": 1257.3357625977374, "RMSE_kronoberg": 52.46187710115033, "CV_RMSE_'skane": 1993.6613571845728, "CV_RMSE_kronoberg": 492.8568829961931, "_timestamp": 1748550214.5262837, "_runtime": 1.2729127407073975, "_step": 0, "_wandb": {"runtime": 1}}