{"CV_RMSE": 4993.758617633752, "RMSE": 1898.2414033039533, "RMSE_skane": 1644.1915603849307, "RMSE_kronoberg": 254.04984291902272, "CV_RMSE_'skane": 2607.069070377797, "CV_RMSE_kronoberg": 2386.689547255955, "_timestamp": 1748536924.1533422, "_runtime": 1.2835133075714111, "_step": 0, "_wandb": {"runtime": 1}}