{"CV_RMSE": 4702.446735104009, "RMSE": 1787.8085013930554, "RMSE_skane": 1548.6399015304837, "RMSE_kronoberg": 239.16859986257177, "CV_RMSE_'skane": 2455.5600975641914, "CV_RMSE_kronoberg": 2246.8866375398184, "_timestamp": 1748524246.475898, "_runtime": 1.2503960132598877, "_step": 0, "_wandb": {"runtime": 1}}