{"CV_RMSE": 275.11091010632447, "RMSE": 436.2169969013775, "RMSE_STHLM": 400.118329410033, "RMSE_S\u00f6dermanland": 36.098667491344486, "CV_RMSE_STHLM": 142.5035601381202, "CV_RMSE_S\u00f6dermanland": 132.60734996820423, "_timestamp": 1748479851.934565, "_runtime": 1.2568809986114502, "_step": 0, "_wandb": {"runtime": 1}}