{"CV_RMSE": 306.680694391251, "RMSE": 22.24254414054031, "RMSE_Kalmar": 14.986063362830922, "RMSE_Blekinge": 7.256480777709388, "CV_RMSE_'Kalmar": 145.02641964029925, "CV_RMSE_Blekinge": 161.6542747509517, "_timestamp": 1748520365.2554638, "_runtime": 1.3251159191131592, "_step": 0, "_wandb": {"runtime": 1}}