{"CV_RMSE": 306.69992779123737, "RMSE": 22.233909164347764, "RMSE_Kalmar": 14.969269716068245, "RMSE_Blekinge": 7.264639448279518, "CV_RMSE_'Kalmar": 144.86390047807978, "CV_RMSE_Blekinge": 161.8360273131576, "_timestamp": 1748473013.0072386, "_runtime": 1.3395867347717285, "_step": 0, "_wandb": {"runtime": 1}}