{"CV_RMSE": 4401.745192292001, "RMSE": 1647.5415411930896, "RMSE_skane": 1418.3987381361985, "RMSE_kronoberg": 229.14280305689107, "CV_RMSE_'skane": 2249.0466249516885, "CV_RMSE_kronoberg": 2152.698567340313, "_timestamp": 1748541494.1860914, "_runtime": 1.2604234218597412, "_step": 0, "_wandb": {"runtime": 1}}