{"CV_RMSE": 1769.2191993960398, "RMSE": 2354.64285205187, "RMSE_STHLM": 2074.1133965271633, "RMSE_S\u00f6dermanland": 280.52945552470635, "CV_RMSE_STHLM": 738.7028321624246, "CV_RMSE_S\u00f6dermanland": 1030.5163672336153, "_timestamp": 1748294635.693558, "_runtime": 1.2597119808197021, "_step": 0, "_wandb": {"runtime": 1}}