{"CV_RMSE": 304.4461071504302, "RMSE": 22.128558412393055, "RMSE_Kalmar": 14.961880552000475, "RMSE_Blekinge": 7.166677860392582, "CV_RMSE_'Kalmar": 144.79239243871427, "CV_RMSE_Blekinge": 159.65371471171593, "_timestamp": 1748541683.506618, "_runtime": 1.3399279117584229, "_step": 0, "_wandb": {"runtime": 1}}