{"CV_RMSE": 306.97448817762574, "RMSE": 22.25625333463727, "RMSE_Kalmar": 14.986984730210482, "RMSE_Blekinge": 7.269268604426788, "CV_RMSE_'Kalmar": 145.03533609881111, "CV_RMSE_Blekinge": 161.9391520788146, "_timestamp": 1748478185.143568, "_runtime": 1.3045721054077148, "_step": 0, "_wandb": {"runtime": 1}}