{"CV_RMSE": 306.85472630490614, "RMSE": 22.25031275636769, "RMSE_Kalmar": 14.985986481520543, "RMSE_Blekinge": 7.26432627484715, "CV_RMSE_'Kalmar": 145.02567562761814, "CV_RMSE_Blekinge": 161.829050677288, "_timestamp": 1748508397.5348136, "_runtime": 1.3011665344238281, "_step": 0, "_wandb": {"runtime": 1}}