{"CV_RMSE": 3683.7952739167204, "RMSE": 228.70544206424904, "RMSE_Kalmar": 111.99598431807657, "RMSE_Blekinge": 116.70945774617248, "CV_RMSE_'Kalmar": 1083.8321063039668, "CV_RMSE_Blekinge": 2599.9631676127533, "_timestamp": 1748518336.3038485, "_runtime": 1.3046934604644775, "_step": 0, "_wandb": {"runtime": 1}}