{"CV_RMSE": 1127.388697225065, "RMSE": 1138.3765435147184, "RMSE_STHLM": 920.7452135714422, "RMSE_S\u00f6dermanland": 217.63132994327623, "CV_RMSE_STHLM": 327.9266688620095, "CV_RMSE_S\u00f6dermanland": 799.4620283630555, "_timestamp": 1748299767.864551, "_runtime": 1.274839162826538, "_step": 0, "_wandb": {"runtime": 1}}