{"CV_RMSE": 2575.217433122754, "RMSE": 1125.6258281603248, "RMSE_skane": 1024.408809986677, "RMSE_kronoberg": 101.21701817364777, "CV_RMSE_'skane": 1624.3268657294032, "CV_RMSE_kronoberg": 950.8905673933508, "_timestamp": 1748512412.911989, "_runtime": 1.3070619106292725, "_step": 0, "_wandb": {"runtime": 1}}