{"CV_RMSE": 3287.7725501411833, "RMSE": 227.0939652340782, "RMSE_Kalmar": 140.57764817705728, "RMSE_Blekinge": 86.51631705702093, "CV_RMSE_'Kalmar": 1360.4288533263607, "CV_RMSE_Blekinge": 1927.3436968148228, "_timestamp": 1748528441.0850549, "_runtime": 1.3488547801971436, "_step": 0, "_wandb": {"runtime": 1}}