{"CV_RMSE": 4395.643462450008, "RMSE": 1886.2231149509118, "RMSE_skane": 1706.326493042874, "RMSE_kronoberg": 179.89662190803782, "CV_RMSE_'skane": 2705.5916908713643, "CV_RMSE_kronoberg": 1690.0517715786434, "_timestamp": 1748567074.0050368, "_runtime": 1.3572347164154053, "_step": 0, "_wandb": {"runtime": 1}}