{"CV_RMSE": 274.89056067720765, "RMSE": 436.3840253323275, "RMSE_STHLM": 400.3697143537068, "RMSE_S\u00f6dermanland": 36.014310978620706, "CV_RMSE_STHLM": 142.59309177615202, "CV_RMSE_S\u00f6dermanland": 132.29746890105565, "_timestamp": 1748484438.5845976, "_runtime": 1.2527246475219727, "_step": 0, "_wandb": {"runtime": 1}}