{"CV_RMSE": 4106.367494637404, "RMSE": 1561.5293860108734, "RMSE_skane": 1352.7471719466619, "RMSE_kronoberg": 208.78221406421162, "CV_RMSE_'skane": 2144.9479470613032, "CV_RMSE_kronoberg": 1961.419547576101, "_timestamp": 1748507881.4082184, "_runtime": 1.411041498184204, "_step": 0, "_wandb": {"runtime": 1}}