{"CV_RMSE": 274.9974430516143, "RMSE": 435.9261881871241, "RMSE_STHLM": 399.83050337865234, "RMSE_S\u00f6dermanland": 36.095684808471766, "CV_RMSE_STHLM": 142.40104987763638, "CV_RMSE_S\u00f6dermanland": 132.59639317397793, "_timestamp": 1748564694.1887052, "_runtime": 1.4693551063537598, "_step": 0, "_wandb": {"runtime": 1}}