{"CV_RMSE": 730.5991233785825, "RMSE": 762.4952762834309, "RMSE_STHLM": 624.120231074533, "RMSE_S\u00f6dermanland": 138.37504520889792, "CV_RMSE_STHLM": 222.2826307744676, "CV_RMSE_S\u00f6dermanland": 508.31649260411484, "_timestamp": 1748360046.7305024, "_runtime": 1.3528742790222168, "_step": 0, "_wandb": {"runtime": 1}}