{"CV_RMSE": 306.8758152452386, "RMSE": 22.24867310118502, "RMSE_Kalmar": 14.981413720527584, "RMSE_Blekinge": 7.267259380657436, "CV_RMSE_'Kalmar": 144.98142310187984, "CV_RMSE_Blekinge": 161.89439214335874, "_timestamp": 1748475235.881339, "_runtime": 1.2316350936889648, "_step": 0, "_wandb": {"runtime": 1}}