{"CV_RMSE": 697.7599758607488, "RMSE": 864.7426169560633, "RMSE_STHLM": 747.2443598637391, "RMSE_S\u00f6dermanland": 117.49825709232424, "CV_RMSE_STHLM": 266.1337253175169, "CV_RMSE_S\u00f6dermanland": 431.6262505432319, "_timestamp": 1748291274.4871864, "_runtime": 1.2881793975830078, "_step": 0, "_wandb": {"runtime": 1}}