{"CV_RMSE": 2853.9508013337786, "RMSE": 1218.7105817151473, "RMSE_skane": 1100.7005239366404, "RMSE_kronoberg": 118.010057778507, "CV_RMSE_'skane": 1745.2968138530239, "CV_RMSE_kronoberg": 1108.6539874807547, "_timestamp": 1748508557.8832312, "_runtime": 1.329350233078003, "_step": 0, "_wandb": {"runtime": 1}}