{"CV_RMSE": 903.7139196834663, "RMSE": 1022.9585726970232, "RMSE_STHLM": 860.3621766968598, "RMSE_S\u00f6dermanland": 162.59639600016342, "CV_RMSE_STHLM": 306.4210364175599, "CV_RMSE_S\u00f6dermanland": 597.2928832659064, "_timestamp": 1748300672.7790074, "_runtime": 1.339801549911499, "_step": 0, "_wandb": {"runtime": 1}}