{"CV_RMSE": 4722.76946586528, "RMSE": 1762.5689272158859, "RMSE_skane": 1515.6728851243827, "RMSE_kronoberg": 246.89604209150315, "CV_RMSE_'skane": 2403.286815736336, "CV_RMSE_kronoberg": 2319.482650128944, "_timestamp": 1748526240.6979625, "_runtime": 1.344224452972412, "_step": 0, "_wandb": {"runtime": 1}}