{"CV_RMSE": 1441.4282184163903, "RMSE": 571.463043639495, "RMSE_skane": 502.9131107671154, "RMSE_kronoberg": 68.54993287237964, "CV_RMSE_'skane": 797.4309367343268, "CV_RMSE_kronoberg": 643.9972816820634, "_timestamp": 1748508027.806709, "_runtime": 1.4149799346923828, "_step": 0, "_wandb": {"runtime": 1}}