{"CV_RMSE": 3384.106760342359, "RMSE": 1332.6190676061171, "RMSE_skane": 1169.8475450214119, "RMSE_kronoberg": 162.7715225847052, "CV_RMSE_'skane": 1854.9379677929362, "CV_RMSE_kronoberg": 1529.1687925494225, "_timestamp": 1748569643.0455723, "_runtime": 1.327453374862671, "_step": 0, "_wandb": {"runtime": 1}}