{"CV_RMSE": 306.9303452341506, "RMSE": 22.25296854290647, "RMSE_Kalmar": 14.98468048009127, "RMSE_Blekinge": 7.2682880628151985, "CV_RMSE_'Kalmar": 145.01303690410904, "CV_RMSE_Blekinge": 161.91730833004155, "_timestamp": 1748488477.3980906, "_runtime": 1.3225536346435547, "_step": 0, "_wandb": {"runtime": 1}}