{"CV_RMSE": 649.9109881319537, "RMSE": 663.5452922717559, "RMSE_STHLM": 538.8701026372286, "RMSE_S\u00f6dermanland": 124.67518963452736, "CV_RMSE_STHLM": 191.92049559695516, "CV_RMSE_S\u00f6dermanland": 457.99049253499845, "_timestamp": 1748323470.7276933, "_runtime": 1.4493522644042969, "_step": 0, "_wandb": {"runtime": 1}}