{"CV_RMSE": 4215.196393367601, "RMSE": 1500.2554263830825, "RMSE_skane": 1265.0949689417967, "RMSE_kronoberg": 235.16045744128576, "CV_RMSE_'skane": 2005.9645384912208, "CV_RMSE_kronoberg": 2209.23185487638, "_timestamp": 1748569024.000243, "_runtime": 1.3234050273895264, "_step": 0, "_wandb": {"runtime": 1}}