{"CV_RMSE": 930.4889791172889, "RMSE": 1521.9066274444667, "RMSE_STHLM": 1404.8069717064711, "RMSE_S\u00f6dermanland": 117.0996557379956, "CV_RMSE_STHLM": 500.32697844710094, "CV_RMSE_S\u00f6dermanland": 430.1620006701879, "_timestamp": 1748358807.356196, "_runtime": 1.3104770183563232, "_step": 0, "_wandb": {"runtime": 1}}