{"CV_RMSE": 3741.4438848423624, "RMSE": 1592.7042166228523, "RMSE_skane": 1436.9835853749676, "RMSE_kronoberg": 155.72063124788465, "CV_RMSE_'skane": 2278.5151987975173, "CV_RMSE_kronoberg": 1462.9286860448453, "_timestamp": 1748522591.2843146, "_runtime": 1.3511407375335693, "_step": 0, "_wandb": {"runtime": 1}}