{"CV_RMSE": 4892.772956307348, "RMSE": 1820.0036884374306, "RMSE_skane": 1562.9995537359807, "RMSE_kronoberg": 257.00413470144986, "CV_RMSE_'skane": 2478.3291021183622, "CV_RMSE_kronoberg": 2414.4438541889863, "_timestamp": 1748548268.2408366, "_runtime": 1.250314712524414, "_step": 0, "_wandb": {"runtime": 1}}