{"CV_RMSE": 4030.0789741803587, "RMSE": 1298.2070122926614, "RMSE_skane": 1045.7259984297348, "RMSE_kronoberg": 252.48101386292655, "CV_RMSE_'skane": 1658.1279044868943, "CV_RMSE_kronoberg": 2371.9510696934644, "_timestamp": 1748505613.5072107, "_runtime": 1.2820367813110352, "_step": 0, "_wandb": {"runtime": 1}}