{"CV_RMSE": 277.35222599265, "RMSE": 437.16060402597367, "RMSE_STHLM": 400.487602658892, "RMSE_S\u00f6dermanland": 36.67300136708166, "CV_RMSE_STHLM": 142.6350781135745, "CV_RMSE_S\u00f6dermanland": 134.7171478790755, "_timestamp": 1748541723.682778, "_runtime": 1.2940289974212646, "_step": 0, "_wandb": {"runtime": 1}}