{"CV_RMSE": 3000.2741186951566, "RMSE": 223.96745414927, "RMSE_Kalmar": 157.86746923389217, "RMSE_Blekinge": 66.09998491537782, "CV_RMSE_'Kalmar": 1527.7497022634725, "CV_RMSE_Blekinge": 1472.5244164316841, "_timestamp": 1748577176.294763, "_runtime": 1.3071651458740234, "_step": 0, "_wandb": {"runtime": 1}}