{"CV_RMSE": 1146.9281485194388, "RMSE": 395.09052104560664, "RMSE_skane": 328.4409236795083, "RMSE_kronoberg": 66.64959736609835, "CV_RMSE_'skane": 520.7837056228989, "CV_RMSE_kronoberg": 626.1444428965399, "_timestamp": 1748548945.3055482, "_runtime": 1.3158562183380127, "_step": 0, "_wandb": {"runtime": 1}}