{"CV_RMSE": 3794.8506806682685, "RMSE": 248.29424388989412, "RMSE_Kalmar": 137.81612243720573, "RMSE_Blekinge": 110.47812145268838, "CV_RMSE_'Kalmar": 1333.704410682636, "CV_RMSE_Blekinge": 2461.1462699856324, "_timestamp": 1748464300.2185686, "_runtime": 1.301283597946167, "_step": 0, "_wandb": {"runtime": 1}}