{"CV_RMSE": 273.8575525560214, "RMSE": 435.0010053426781, "RMSE_STHLM": 399.14960940701707, "RMSE_S\u00f6dermanland": 35.85139593566105, "CV_RMSE_STHLM": 142.15854707808285, "CV_RMSE_S\u00f6dermanland": 131.69900547793856, "_timestamp": 1748448465.8262343, "_runtime": 1.2602262496948242, "_step": 0, "_wandb": {"runtime": 1}}