{"CV_RMSE": 950.8810401608378, "RMSE": 2046.8354201421755, "RMSE_STHLM": 1979.9459932077966, "RMSE_S\u00f6dermanland": 66.88942693437889, "CV_RMSE_STHLM": 705.1647779529153, "CV_RMSE_S\u00f6dermanland": 245.71626220792245, "_timestamp": 1748355670.3227165, "_runtime": 1.3360905647277832, "_step": 0, "_wandb": {"runtime": 1}}