{"CV_RMSE": 3241.4330045069646, "RMSE": 227.13370773511116, "RMSE_Kalmar": 144.32571298891497, "RMSE_Blekinge": 82.80799474619619, "CV_RMSE_'Kalmar": 1396.7004482798222, "CV_RMSE_Blekinge": 1844.7325562271426, "_timestamp": 1748541699.7223735, "_runtime": 1.307807445526123, "_step": 0, "_wandb": {"runtime": 1}}