{"CV_RMSE": 833.8596290694657, "RMSE": 67.72378590795023, "RMSE_Kalmar": 53.55943139323275, "RMSE_Blekinge": 14.164354514717484, "CV_RMSE_'Kalmar": 518.3170779990267, "CV_RMSE_Blekinge": 315.542551070439, "_timestamp": 1748493728.7423983, "_runtime": 1.3457231521606445, "_step": 0, "_wandb": {"runtime": 1}}