{"CV_RMSE": 257.7324193801703, "RMSE": 415.319949860715, "RMSE_STHLM": 382.2164549341075, "RMSE_S\u00f6dermanland": 33.103494926607496, "CV_RMSE_STHLM": 136.12774413957135, "CV_RMSE_S\u00f6dermanland": 121.60467524059897, "_timestamp": 1748499676.2773418, "_runtime": 1.2805728912353516, "_step": 0, "_wandb": {"runtime": 1}}