{"CV_RMSE": 561.428936151997, "RMSE": 1328.4792416666953, "RMSE_STHLM": 1301.8654511231969, "RMSE_S\u00f6dermanland": 26.613790543498535, "CV_RMSE_STHLM": 463.66399129832894, "CV_RMSE_S\u00f6dermanland": 97.7649448536681, "_timestamp": 1748339642.8602185, "_runtime": 1.3385894298553467, "_step": 0, "_wandb": {"runtime": 1}}