{"CV_RMSE": 3417.444879767473, "RMSE": 1109.372177772136, "RMSE_skane": 897.000676169967, "RMSE_kronoberg": 212.37150160216882, "CV_RMSE_'skane": 1422.3055118974107, "CV_RMSE_kronoberg": 1995.1393678700622, "_timestamp": 1748509506.9227495, "_runtime": 1.2941246032714844, "_step": 0, "_wandb": {"runtime": 1}}