{"CV_RMSE": 1013.1804433634381, "RMSE": 229.10098067341897, "RMSE_skane": 145.8743444125184, "RMSE_kronoberg": 83.22663626090056, "CV_RMSE_'skane": 231.30181460758732, "CV_RMSE_kronoberg": 781.8786287558509, "_timestamp": 1748548425.194086, "_runtime": 1.3755691051483154, "_step": 0, "_wandb": {"runtime": 1}}