{"CV_RMSE": 222.749303853518, "RMSE": 267.66607470986514, "RMSE_STHLM": 229.2557787795187, "RMSE_S\u00f6dermanland": 38.41029593034644, "CV_RMSE_STHLM": 81.65025757877595, "CV_RMSE_S\u00f6dermanland": 141.09904627474205, "_timestamp": 1748354933.9394355, "_runtime": 1.3382863998413086, "_step": 0, "_wandb": {"runtime": 1}}