{"CV_RMSE": 4991.073392449036, "RMSE": 1932.286661380902, "RMSE_skane": 1685.4936461451173, "RMSE_kronoberg": 246.79301523578457, "CV_RMSE_'skane": 2672.558635536655, "CV_RMSE_kronoberg": 2318.514756912381, "_timestamp": 1748543388.2222989, "_runtime": 1.2640578746795654, "_step": 0, "_wandb": {"runtime": 1}}