{"CV_RMSE": 274.1066931779403, "RMSE": 435.73407642575216, "RMSE_STHLM": 399.88628136538495, "RMSE_S\u00f6dermanland": 35.84779506036722, "CV_RMSE_STHLM": 142.42091540516282, "CV_RMSE_S\u00f6dermanland": 131.68577777277753, "_timestamp": 1748548509.8255434, "_runtime": 1.3579964637756348, "_step": 0, "_wandb": {"runtime": 1}}