{"CV_RMSE": 1386.098938748596, "RMSE": 534.6359532778009, "RMSE_skane": 465.693569759133, "RMSE_kronoberg": 68.94238351866792, "CV_RMSE_'skane": 738.4147512036992, "CV_RMSE_kronoberg": 647.684187544897, "_timestamp": 1748509800.6881313, "_runtime": 1.3464813232421875, "_step": 0, "_wandb": {"runtime": 1}}