{"CV_RMSE": 1413.4038717780736, "RMSE": 1853.2457251993033, "RMSE_STHLM": 1626.145298833817, "RMSE_S\u00f6dermanland": 227.10042636548624, "CV_RMSE_STHLM": 579.1574075783282, "CV_RMSE_S\u00f6dermanland": 834.2464641997453, "_timestamp": 1748325053.956384, "_runtime": 1.308372974395752, "_step": 0, "_wandb": {"runtime": 1}}