{"CV_RMSE": 431.2198369227931, "RMSE": 524.500222593361, "RMSE_STHLM": 450.8210083297428, "RMSE_S\u00f6dermanland": 73.67921426361814, "CV_RMSE_STHLM": 160.56149881154278, "CV_RMSE_S\u00f6dermanland": 270.6583381112503, "_timestamp": 1748313102.7752295, "_runtime": 1.297285556793213, "_step": 0, "_wandb": {"runtime": 1}}