{"CV_RMSE": 4474.02905590841, "RMSE": 1613.227014405364, "RMSE_skane": 1367.8600305506945, "RMSE_kronoberg": 245.36698385466931, "CV_RMSE_'skane": 2168.9112535159, "CV_RMSE_kronoberg": 2305.1178023925095, "_timestamp": 1748513897.5188518, "_runtime": 1.3425538539886475, "_step": 0, "_wandb": {"runtime": 1}}