{"CV_RMSE": 306.9073964548695, "RMSE": 22.249905609063433, "RMSE_Kalmar": 14.981086386108439, "RMSE_Blekinge": 7.268819222954993, "CV_RMSE_'Kalmar": 144.9782553494365, "CV_RMSE_Blekinge": 161.92914110543302, "_timestamp": 1748501931.2705827, "_runtime": 1.2750906944274902, "_step": 0, "_wandb": {"runtime": 1}}