{"CV_RMSE": 4919.91145271377, "RMSE": 1924.794841768116, "RMSE_skane": 1685.5934676255104, "RMSE_kronoberg": 239.2013741426057, "CV_RMSE_'skane": 2672.7169148396038, "CV_RMSE_kronoberg": 2247.194537874166, "_timestamp": 1748514927.1221893, "_runtime": 1.3887243270874023, "_step": 0, "_wandb": {"runtime": 1}}