{"CV_RMSE": 306.9386074407254, "RMSE": 22.253554820932248, "RMSE_Kalmar": 14.985061314654326, "RMSE_Blekinge": 7.268493506277921, "CV_RMSE_'Kalmar": 145.01672239988056, "CV_RMSE_Blekinge": 161.92188504084478, "_timestamp": 1748533476.9881296, "_runtime": 1.5127546787261963, "_step": 0, "_wandb": {"runtime": 1}}