{"CV_RMSE": 4296.395412029119, "RMSE": 1763.4656652977428, "RMSE_skane": 1571.352408799799, "RMSE_kronoberg": 192.11325649794392, "CV_RMSE_'skane": 2491.5735868918587, "CV_RMSE_kronoberg": 1804.8218251372602, "_timestamp": 1748540920.3763983, "_runtime": 1.3037593364715576, "_step": 0, "_wandb": {"runtime": 1}}