{"CV_RMSE": 269.72105800302154, "RMSE": 428.51828044202296, "RMSE_STHLM": 393.2178266548603, "RMSE_S\u00f6dermanland": 35.30045378716265, "CV_RMSE_STHLM": 140.0459216420159, "CV_RMSE_S\u00f6dermanland": 129.67513636100566, "_timestamp": 1748338212.666919, "_runtime": 1.3240818977355957, "_step": 0, "_wandb": {"runtime": 1}}