{"CV_RMSE": 3260.431944616601, "RMSE": 1373.213485618751, "RMSE_skane": 1234.5223228732866, "RMSE_kronoberg": 138.69116274546454, "CV_RMSE_'skane": 1957.4878269660992, "CV_RMSE_kronoberg": 1302.944117650502, "_timestamp": 1748562366.1224837, "_runtime": 1.3747727870941162, "_step": 0, "_wandb": {"runtime": 1}}