{"CV_RMSE": 1753.7885995336633, "RMSE": 638.2521334706241, "RMSE_skane": 543.2635548744836, "RMSE_kronoberg": 94.98857859614058, "CV_RMSE_'skane": 861.4115563548894, "CV_RMSE_kronoberg": 892.3770431787738, "_timestamp": 1748534865.9418273, "_runtime": 1.3306803703308105, "_step": 0, "_wandb": {"runtime": 1}}