{"CV_RMSE": 4405.017647995795, "RMSE": 1625.9197556155534, "RMSE_skane": 1391.9675378687252, "RMSE_kronoberg": 233.9522177468282, "CV_RMSE_'skane": 2207.136687952524, "CV_RMSE_kronoberg": 2197.8809600432714, "_timestamp": 1748535412.240757, "_runtime": 1.3372960090637207, "_step": 0, "_wandb": {"runtime": 1}}