{"CV_RMSE": 727.8038219524714, "RMSE": 1130.126238801842, "RMSE_STHLM": 1032.0634149765922, "RMSE_S\u00f6dermanland": 98.06282382524985, "CV_RMSE_STHLM": 367.57304055359435, "CV_RMSE_S\u00f6dermanland": 360.230781398877, "_timestamp": 1748312935.1307971, "_runtime": 1.308028221130371, "_step": 0, "_wandb": {"runtime": 1}}