{"CV_RMSE": 1407.8075078149027, "RMSE": 2127.6408590197266, "RMSE_STHLM": 1931.6870486258351, "RMSE_S\u00f6dermanland": 195.95381039389125, "CV_RMSE_STHLM": 687.9771839189757, "CV_RMSE_S\u00f6dermanland": 719.8303238959271, "_timestamp": 1748308269.5128374, "_runtime": 1.2629225254058838, "_step": 0, "_wandb": {"runtime": 1}}