{"CV_RMSE": 308.3978454434663, "RMSE": 22.22226401197663, "RMSE_Kalmar": 14.813922959489913, "RMSE_Blekinge": 7.408341052486716, "CV_RMSE_'Kalmar": 143.36054476925722, "CV_RMSE_Blekinge": 165.03730067420904, "_timestamp": 1748508387.1152585, "_runtime": 1.3734374046325684, "_step": 0, "_wandb": {"runtime": 1}}