{"CV_RMSE": 291.4903974895999, "RMSE": 455.3694227159243, "RMSE_STHLM": 416.3894247935792, "RMSE_S\u00f6dermanland": 38.979997922345085, "CV_RMSE_STHLM": 148.29856838710776, "CV_RMSE_S\u00f6dermanland": 143.19182910249214, "_timestamp": 1748512672.2226288, "_runtime": 1.3202168941497803, "_step": 0, "_wandb": {"runtime": 1}}