{"CV_RMSE": 431.6108981453724, "RMSE": 449.35800408900286, "RMSE_STHLM": 367.49348889587446, "RMSE_S\u00f6dermanland": 81.86451519312838, "CV_RMSE_STHLM": 130.88410764000278, "CV_RMSE_S\u00f6dermanland": 300.7267905053696, "_timestamp": 1748326042.6806495, "_runtime": 1.3280556201934814, "_step": 0, "_wandb": {"runtime": 1}}