{"CV_RMSE": 305.71656695532636, "RMSE": 22.15435847479065, "RMSE_Kalmar": 14.906664955120942, "RMSE_Blekinge": 7.247693519669711, "CV_RMSE_'Kalmar": 144.2580479527833, "CV_RMSE_Blekinge": 161.45851900254306, "_timestamp": 1748470417.2544758, "_runtime": 1.2767999172210693, "_step": 0, "_wandb": {"runtime": 1}}