{"CV_RMSE": 4339.47922725816, "RMSE": 1662.6691148628556, "RMSE_skane": 1444.5716664707581, "RMSE_kronoberg": 218.09744839209756, "CV_RMSE_'skane": 2290.547039858496, "CV_RMSE_kronoberg": 2048.932187399664, "_timestamp": 1748503664.477556, "_runtime": 1.3267838954925537, "_step": 0, "_wandb": {"runtime": 1}}