{"CV_RMSE": 300.91342973479505, "RMSE": 21.647876087606885, "RMSE_Kalmar": 14.392380446411583, "RMSE_Blekinge": 7.255495641195304, "CV_RMSE_'Kalmar": 139.28110109430563, "CV_RMSE_Blekinge": 161.63232864048945, "_timestamp": 1748507929.0376327, "_runtime": 1.3056797981262207, "_step": 0, "_wandb": {"runtime": 1}}