{"CV_RMSE": 3069.0767589022325, "RMSE": 200.08912581967303, "RMSE_Kalmar": 110.188522022796, "RMSE_Blekinge": 89.90060379687702, "CV_RMSE_'Kalmar": 1066.3405357044771, "CV_RMSE_Blekinge": 2002.7362231977554, "_timestamp": 1748469219.6158473, "_runtime": 1.3793063163757324, "_step": 0, "_wandb": {"runtime": 1}}