{"CV_RMSE": 4564.878681426433, "RMSE": 1674.6819388936347, "RMSE_skane": 1430.1594679781595, "RMSE_kronoberg": 244.52247091547514, "CV_RMSE_'skane": 2267.6947166672717, "CV_RMSE_kronoberg": 2297.183964759161, "_timestamp": 1748554625.3636427, "_runtime": 1.259291648864746, "_step": 0, "_wandb": {"runtime": 1}}