{"CV_RMSE": 304.3678077863582, "RMSE": 22.471230436929215, "RMSE_Kalmar": 15.573959868104566, "RMSE_Blekinge": 6.8972705688246485, "CV_RMSE_'Kalmar": 150.71574065907643, "CV_RMSE_Blekinge": 153.65206712728175, "_timestamp": 1748473292.7636082, "_runtime": 1.2927272319793701, "_step": 0, "_wandb": {"runtime": 1}}