{"CV_RMSE": 319.5773695157653, "RMSE": 22.705999315837833, "RMSE_Kalmar": 14.781919095711721, "RMSE_Blekinge": 7.92408022012611, "CV_RMSE_'Kalmar": 143.05082995850051, "CV_RMSE_Blekinge": 176.52653955726484, "_timestamp": 1748500505.21018, "_runtime": 1.3976130485534668, "_step": 0, "_wandb": {"runtime": 1}}