{"CV_RMSE": 745.0073113493501, "RMSE": 1195.7596591801448, "RMSE_STHLM": 1099.5574015519285, "RMSE_S\u00f6dermanland": 96.20225762821643, "CV_RMSE_STHLM": 391.61126291916725, "CV_RMSE_S\u00f6dermanland": 353.3960484301828, "_timestamp": 1748297366.6926951, "_runtime": 1.292553186416626, "_step": 0, "_wandb": {"runtime": 1}}