{"CV_RMSE": 3050.4859866818606, "RMSE": 198.94649687610956, "RMSE_Kalmar": 109.6437650901834, "RMSE_Blekinge": 89.30273178592616, "CV_RMSE_'Kalmar": 1061.0686944211295, "CV_RMSE_Blekinge": 1989.417292260731, "_timestamp": 1748512639.620672, "_runtime": 1.2902960777282715, "_step": 0, "_wandb": {"runtime": 1}}