{"CV_RMSE": 2983.664205928455, "RMSE": 206.43802926872831, "RMSE_Kalmar": 128.1926467105655, "RMSE_Blekinge": 78.24538255816283, "CV_RMSE_'Kalmar": 1240.5740004248273, "CV_RMSE_Blekinge": 1743.0902055036274, "_timestamp": 1748484591.1094303, "_runtime": 1.3038852214813232, "_step": 0, "_wandb": {"runtime": 1}}