{"CV_RMSE": 273.99234514353503, "RMSE": 435.08962276751544, "RMSE_STHLM": 399.2071079446006, "RMSE_S\u00f6dermanland": 35.88251482291486, "CV_RMSE_STHLM": 142.17902538588862, "CV_RMSE_S\u00f6dermanland": 131.8133197576464, "_timestamp": 1748459071.59342, "_runtime": 1.2644190788269043, "_step": 0, "_wandb": {"runtime": 1}}