{"CV_RMSE": 265.25301246450266, "RMSE": 424.9353765622728, "RMSE_STHLM": 390.59714095998464, "RMSE_S\u00f6dermanland": 34.33823560228816, "CV_RMSE_STHLM": 139.11255514997472, "CV_RMSE_S\u00f6dermanland": 126.14045731452794, "_timestamp": 1748446192.5960174, "_runtime": 1.3355984687805176, "_step": 0, "_wandb": {"runtime": 1}}