{"CV_RMSE": 263.50550013231646, "RMSE": 414.33305436838987, "RMSE_STHLM": 379.3833176724169, "RMSE_S\u00f6dermanland": 34.949736695972916, "CV_RMSE_STHLM": 135.11871226955884, "CV_RMSE_S\u00f6dermanland": 128.38678786275764, "_timestamp": 1748447703.8825433, "_runtime": 1.2846393585205078, "_step": 0, "_wandb": {"runtime": 1}}