{"CV_RMSE": 261.50470478592945, "RMSE": 424.0695534392636, "RMSE_STHLM": 390.7682832229898, "RMSE_S\u00f6dermanland": 33.30127021627377, "CV_RMSE_STHLM": 139.173508073087, "CV_RMSE_S\u00f6dermanland": 122.33119671284243, "_timestamp": 1748486393.8175552, "_runtime": 1.2635750770568848, "_step": 0, "_wandb": {"runtime": 1}}