{"CV_RMSE": 1586.2195736381027, "RMSE": 2304.0668382863364, "RMSE_STHLM": 2073.272411618298, "RMSE_S\u00f6dermanland": 230.79442666803823, "CV_RMSE_STHLM": 738.4033124085746, "CV_RMSE_S\u00f6dermanland": 847.8162612295282, "_timestamp": 1748350104.927362, "_runtime": 1.2873458862304688, "_step": 0, "_wandb": {"runtime": 1}}