{"CV_RMSE": 1716.7506576956878, "RMSE": 2610.897410155215, "RMSE_STHLM": 2373.696512063852, "RMSE_S\u00f6dermanland": 237.20089809136275, "CV_RMSE_STHLM": 845.400419809049, "CV_RMSE_S\u00f6dermanland": 871.3502378866388, "_timestamp": 1748396260.7883554, "_runtime": 1.2746412754058838, "_step": 0, "_wandb": {"runtime": 1}}