{"CV_RMSE": 273.5945752747736, "RMSE": 433.5209756252837, "RMSE_STHLM": 397.58995490960234, "RMSE_S\u00f6dermanland": 35.93102071568137, "CV_RMSE_STHLM": 141.60307060492366, "CV_RMSE_S\u00f6dermanland": 131.99150466984995, "_timestamp": 1748510525.131375, "_runtime": 1.331111192703247, "_step": 0, "_wandb": {"runtime": 1}}