{"CV_RMSE": 757.9562090778169, "RMSE": 697.9560039167709, "RMSE_STHLM": 544.4051423335765, "RMSE_S\u00f6dermanland": 153.55086158319438, "CV_RMSE_STHLM": 193.89181958853138, "CV_RMSE_S\u00f6dermanland": 564.0643894892855, "_timestamp": 1748485166.1988566, "_runtime": 1.3328156471252441, "_step": 0, "_wandb": {"runtime": 1}}