{"CV_RMSE": 1120.8324700794037, "RMSE": 1859.6087119604567, "RMSE_STHLM": 1721.386648601839, "RMSE_S\u00f6dermanland": 138.22206335861782, "CV_RMSE_STHLM": 613.077951619175, "CV_RMSE_S\u00f6dermanland": 507.7545184602287, "_timestamp": 1748301750.2996147, "_runtime": 1.611215591430664, "_step": 0, "_wandb": {"runtime": 1}}