{"CV_RMSE": 306.9269011989726, "RMSE": 22.252981609755903, "RMSE_Kalmar": 14.984976923358454, "RMSE_Blekinge": 7.2680046863974495, "CV_RMSE_'Kalmar": 145.0159057099205, "CV_RMSE_Blekinge": 161.91099548905208, "_timestamp": 1748545674.8401096, "_runtime": 1.3161284923553467, "_step": 0, "_wandb": {"runtime": 1}}