{"CV_RMSE": 263.0197558130561, "RMSE": 420.6309772053378, "RMSE_STHLM": 386.50382478230574, "RMSE_S\u00f6dermanland": 34.127152423032065, "CV_RMSE_STHLM": 137.6547060957955, "CV_RMSE_S\u00f6dermanland": 125.36504971726066, "_timestamp": 1748518902.448026, "_runtime": 1.3000478744506836, "_step": 0, "_wandb": {"runtime": 1}}