{"CV_RMSE": 828.2452385634475, "RMSE": 1412.874015293286, "RMSE_STHLM": 1314.8896300069682, "RMSE_S\u00f6dermanland": 97.98438528631767, "CV_RMSE_STHLM": 468.3025987361581, "CV_RMSE_S\u00f6dermanland": 359.94263982728944, "_timestamp": 1748390035.8960054, "_runtime": 1.3666954040527344, "_step": 0, "_wandb": {"runtime": 1}}