{"CV_RMSE": 450.447886200349, "RMSE": 570.6007839923252, "RMSE_STHLM": 496.07474923011796, "RMSE_S\u00f6dermanland": 74.5260347622073, "CV_RMSE_STHLM": 176.67877891060792, "CV_RMSE_S\u00f6dermanland": 273.7691072897411, "_timestamp": 1748315570.4823935, "_runtime": 1.2774596214294434, "_step": 0, "_wandb": {"runtime": 1}}