{"CV_RMSE": 264.87116188257795, "RMSE": 435.7268338558845, "RMSE_STHLM": 402.66229859261165, "RMSE_S\u00f6dermanland": 33.06453526327283, "CV_RMSE_STHLM": 143.40960377259614, "CV_RMSE_S\u00f6dermanland": 121.46155810998182, "_timestamp": 1748468295.1415884, "_runtime": 1.257664442062378, "_step": 0, "_wandb": {"runtime": 1}}