{"CV_RMSE": 270.1335431125789, "RMSE": 435.28250286464316, "RMSE_STHLM": 400.5839262444803, "RMSE_S\u00f6dermanland": 34.698576620162854, "CV_RMSE_STHLM": 142.66938409973577, "CV_RMSE_S\u00f6dermanland": 127.46415901284314, "_timestamp": 1748320045.343226, "_runtime": 1.2770140171051025, "_step": 0, "_wandb": {"runtime": 1}}