{"CV_RMSE": 274.4059060832087, "RMSE": 434.99783500836486, "RMSE_STHLM": 398.9807983322711, "RMSE_S\u00f6dermanland": 36.017036676093745, "CV_RMSE_STHLM": 142.0984244159256, "CV_RMSE_S\u00f6dermanland": 132.30748166728316, "_timestamp": 1748479710.5126379, "_runtime": 1.298292875289917, "_step": 0, "_wandb": {"runtime": 1}}