{"CV_RMSE": 5031.861762431965, "RMSE": 1920.9954225813065, "RMSE_skane": 1666.6864112111841, "RMSE_kronoberg": 254.30901137012225, "CV_RMSE_'skane": 2642.737438495535, "CV_RMSE_kronoberg": 2389.1243239364303, "_timestamp": 1748537932.3753695, "_runtime": 1.2658536434173584, "_step": 0, "_wandb": {"runtime": 1}}