{"CV_RMSE": 4195.140172006799, "RMSE": 1729.0051328651728, "RMSE_skane": 1542.8611569605514, "RMSE_kronoberg": 186.1439759046213, "CV_RMSE_'skane": 2446.3971833412547, "CV_RMSE_kronoberg": 1748.7429886655445, "_timestamp": 1748528617.858835, "_runtime": 1.2686948776245117, "_step": 0, "_wandb": {"runtime": 1}}