{"CV_RMSE": 262.53790312900105, "RMSE": 410.6977153376777, "RMSE_STHLM": 375.64936220506814, "RMSE_S\u00f6dermanland": 35.04835313260957, "CV_RMSE_STHLM": 133.78885080512916, "CV_RMSE_S\u00f6dermanland": 128.7490523238719, "_timestamp": 1748457493.6457202, "_runtime": 1.3499171733856201, "_step": 0, "_wandb": {"runtime": 1}}