{"CV_RMSE": 1514.7244920426915, "RMSE": 1691.20799392661, "RMSE_STHLM": 1416.1679261351048, "RMSE_S\u00f6dermanland": 275.04006779150524, "CV_RMSE_STHLM": 504.373222604509, "CV_RMSE_S\u00f6dermanland": 1010.3512694381826, "_timestamp": 1748322938.0096445, "_runtime": 1.2891244888305664, "_step": 0, "_wandb": {"runtime": 1}}