{"CV_RMSE": 274.8293816511125, "RMSE": 98.17356281339391, "RMSE_skane": 82.91375437940447, "RMSE_kronoberg": 15.259808433989452, "CV_RMSE_'skane": 131.47001222949967, "CV_RMSE_kronoberg": 143.3593694216128, "_timestamp": 1748514995.1562812, "_runtime": 1.3927061557769775, "_step": 0, "_wandb": {"runtime": 1}}