{"CV_RMSE": 305.9417807839461, "RMSE": 22.170629658098633, "RMSE_Kalmar": 14.917559011859172, "RMSE_Blekinge": 7.25307064623946, "CV_RMSE_'Kalmar": 144.36347430831458, "CV_RMSE_Blekinge": 161.57830647563156, "_timestamp": 1748484831.0444221, "_runtime": 1.255359172821045, "_step": 0, "_wandb": {"runtime": 1}}