{"CV_RMSE": 234.01307295666572, "RMSE": 368.79781378449184, "RMSE_STHLM": 337.8497732138006, "RMSE_S\u00f6dermanland": 30.948040570691234, "CV_RMSE_STHLM": 120.32639330922855, "CV_RMSE_S\u00f6dermanland": 113.68667964743719, "_timestamp": 1748338228.8951786, "_runtime": 1.330134630203247, "_step": 0, "_wandb": {"runtime": 1}}