{"CV_RMSE": 3954.613981733335, "RMSE": 1357.0790208457015, "RMSE_skane": 1126.2160067094526, "RMSE_kronoberg": 230.8630141362488, "CV_RMSE_'skane": 1785.7547675097028, "CV_RMSE_kronoberg": 2168.859214223632, "_timestamp": 1748527648.2342572, "_runtime": 1.3100543022155762, "_step": 0, "_wandb": {"runtime": 1}}