{"CV_RMSE": 3878.5916979963836, "RMSE": 297.91980831654274, "RMSE_Kalmar": 218.910925821348, "RMSE_Blekinge": 79.00888249519473, "CV_RMSE_'Kalmar": 2118.492830529174, "CV_RMSE_Blekinge": 1760.0988674672094, "_timestamp": 1748555154.428627, "_runtime": 1.433121919631958, "_step": 0, "_wandb": {"runtime": 1}}