{"CV_RMSE": 264.74537616484366, "RMSE": 415.2998002168525, "RMSE_STHLM": 380.0800964402037, "RMSE_S\u00f6dermanland": 35.21970377664876, "CV_RMSE_STHLM": 135.3668724955217, "CV_RMSE_S\u00f6dermanland": 129.37850366932196, "_timestamp": 1748471706.1217058, "_runtime": 1.451352834701538, "_step": 0, "_wandb": {"runtime": 1}}