{"CV_RMSE": 275.1919722455315, "RMSE": 436.2226253848757, "RMSE_STHLM": 400.10012611550815, "RMSE_S\u00f6dermanland": 36.122499269367566, "CV_RMSE_STHLM": 142.49707697030365, "CV_RMSE_S\u00f6dermanland": 132.6948952752278, "_timestamp": 1748379554.0487282, "_runtime": 1.3295202255249023, "_step": 0, "_wandb": {"runtime": 1}}