{"CV_RMSE": 302.1486819265858, "RMSE": 22.002151201717343, "RMSE_Kalmar": 14.920723021740034, "RMSE_Blekinge": 7.0814281799773084, "CV_RMSE_'Kalmar": 144.39409375877452, "CV_RMSE_Blekinge": 157.75458816781133, "_timestamp": 1748555631.9975433, "_runtime": 1.343785285949707, "_step": 0, "_wandb": {"runtime": 1}}