{"CV_RMSE": 275.40098091069063, "RMSE": 436.9152094219023, "RMSE_STHLM": 400.80406197862993, "RMSE_S\u00f6dermanland": 36.11114744327236, "CV_RMSE_STHLM": 142.7477862211187, "CV_RMSE_S\u00f6dermanland": 132.65319468957193, "_timestamp": 1748506602.368395, "_runtime": 1.3264579772949219, "_step": 0, "_wandb": {"runtime": 1}}