{"CV_RMSE": 2681.61634140409, "RMSE": 1533.7141102667688, "RMSE_skane": 1501.7350369252038, "RMSE_kronoberg": 31.979073341564963, "CV_RMSE_'skane": 2381.1866336023313, "CV_RMSE_kronoberg": 300.4297078017585, "_timestamp": 1748572404.5808036, "_runtime": 1.3540565967559814, "_step": 0, "_wandb": {"runtime": 1}}