{"CV_RMSE": 478.20312335467884, "RMSE": 518.3445601674438, "RMSE_STHLM": 429.84141906372844, "RMSE_S\u00f6dermanland": 88.50314110371535, "CV_RMSE_STHLM": 153.08954379001014, "CV_RMSE_S\u00f6dermanland": 325.11357956466867, "_timestamp": 1748479893.240425, "_runtime": 1.259214162826538, "_step": 0, "_wandb": {"runtime": 1}}