{"CV_RMSE": 297.45163350025985, "RMSE": 423.1213649648604, "RMSE_STHLM": 378.88214639452167, "RMSE_S\u00f6dermanland": 44.23921857033871, "CV_RMSE_STHLM": 134.94021834391356, "CV_RMSE_S\u00f6dermanland": 162.5114151563463, "_timestamp": 1748485565.4191334, "_runtime": 1.3286123275756836, "_step": 0, "_wandb": {"runtime": 1}}