{"CV_RMSE": 274.64699136572017, "RMSE": 437.2318312607257, "RMSE_STHLM": 401.38196600296067, "RMSE_S\u00f6dermanland": 35.84986525776503, "CV_RMSE_STHLM": 142.95360878617515, "CV_RMSE_S\u00f6dermanland": 131.69338257954502, "_timestamp": 1748473872.2576854, "_runtime": 1.2946934700012207, "_step": 0, "_wandb": {"runtime": 1}}