{"CV_RMSE": 295.99162284851127, "RMSE": 409.82499585261473, "RMSE_STHLM": 364.598371062297, "RMSE_S\u00f6dermanland": 45.22662479031771, "CV_RMSE_STHLM": 129.85300116979317, "CV_RMSE_S\u00f6dermanland": 166.13862167871812, "_timestamp": 1748440652.5628717, "_runtime": 1.2659156322479248, "_step": 0, "_wandb": {"runtime": 1}}