{"CV_RMSE": 305.58894524914103, "RMSE": 22.140989705183866, "RMSE_Kalmar": 14.893157018035845, "RMSE_Blekinge": 7.247832687148022, "CV_RMSE_'Kalmar": 144.12732598099203, "CV_RMSE_Blekinge": 161.46161926814898, "_timestamp": 1748491227.0215483, "_runtime": 1.3531832695007324, "_step": 0, "_wandb": {"runtime": 1}}