{"CV_RMSE": 1224.652004630234, "RMSE": 1225.221039938463, "RMSE_STHLM": 987.5936241529845, "RMSE_S\u00f6dermanland": 237.62741578547866, "CV_RMSE_STHLM": 351.73496705092447, "CV_RMSE_S\u00f6dermanland": 872.9170375793094, "_timestamp": 1748368840.2706463, "_runtime": 1.3376483917236328, "_step": 0, "_wandb": {"runtime": 1}}