{"CV_RMSE": 1069.1953620163356, "RMSE": 243.40089010878472, "RMSE_skane": 155.90471047652574, "RMSE_kronoberg": 87.49617963225897, "CV_RMSE_'skane": 247.206200544174, "CV_RMSE_kronoberg": 821.9891614721615, "_timestamp": 1748547989.5109682, "_runtime": 1.320136308670044, "_step": 0, "_wandb": {"runtime": 1}}