{"CV_RMSE": 2797.59457770019, "RMSE": 205.43435889299752, "RMSE_Kalmar": 141.18575183795394, "RMSE_Blekinge": 64.24860705504358, "CV_RMSE_'Kalmar": 1366.3137274640703, "CV_RMSE_Blekinge": 1431.2808502361192, "_timestamp": 1748475687.759698, "_runtime": 1.3611078262329102, "_step": 0, "_wandb": {"runtime": 1}}