{"CV_RMSE": 306.0879445924277, "RMSE": 22.169310144883976, "RMSE_Kalmar": 14.903625553530196, "RMSE_Blekinge": 7.26568459135378, "CV_RMSE_'Kalmar": 144.22863438900188, "CV_RMSE_Blekinge": 161.8593102034258, "_timestamp": 1748466208.165258, "_runtime": 1.4616808891296387, "_step": 0, "_wandb": {"runtime": 1}}