{"CV_RMSE": 1327.0850511668505, "RMSE": 1730.6450685432997, "RMSE_STHLM": 1516.40267695728, "RMSE_S\u00f6dermanland": 214.24239158601964, "CV_RMSE_STHLM": 540.0721841161662, "CV_RMSE_S\u00f6dermanland": 787.0128670506843, "_timestamp": 1748306383.5804398, "_runtime": 1.2470617294311523, "_step": 0, "_wandb": {"runtime": 1}}