{"CV_RMSE": 4482.491913314485, "RMSE": 302.20091268910244, "RMSE_Kalmar": 178.55086133022166, "RMSE_Blekinge": 123.65005135888079, "CV_RMSE_'Kalmar": 1727.9115612602095, "CV_RMSE_Blekinge": 2754.580352054275, "_timestamp": 1748576568.6145105, "_runtime": 1.3774025440216064, "_step": 0, "_wandb": {"runtime": 1}}