{"CV_RMSE": 2006.273197493255, "RMSE": 1046.7990571506682, "RMSE_skane": 1002.434078625826, "RMSE_kronoberg": 44.36497852484207, "CV_RMSE_'skane": 1589.4832113517325, "CV_RMSE_kronoberg": 416.7899861415226, "_timestamp": 1748558086.156762, "_runtime": 1.3369739055633545, "_step": 0, "_wandb": {"runtime": 1}}