{"CV_RMSE": 482.4281967776868, "RMSE": 622.0198005290298, "RMSE_STHLM": 543.3737945735489, "RMSE_S\u00f6dermanland": 78.64600595548082, "CV_RMSE_STHLM": 193.52450143102257, "CV_RMSE_S\u00f6dermanland": 288.9036953466642, "_timestamp": 1748382091.427322, "_runtime": 1.2998688220977783, "_step": 0, "_wandb": {"runtime": 1}}