{"CV_RMSE": 275.5115159652205, "RMSE": 437.0693465718604, "RMSE_STHLM": 400.9414269654176, "RMSE_S\u00f6dermanland": 36.12791960644283, "CV_RMSE_STHLM": 142.79670924767544, "CV_RMSE_S\u00f6dermanland": 132.7148067175451, "_timestamp": 1748471726.755406, "_runtime": 1.2602009773254395, "_step": 0, "_wandb": {"runtime": 1}}