{"CV_RMSE": 4898.479032304889, "RMSE": 1861.064131961597, "RMSE_skane": 1611.6666983004309, "RMSE_kronoberg": 249.39743366116605, "CV_RMSE_'skane": 2555.4968789118884, "CV_RMSE_kronoberg": 2342.9821533930003, "_timestamp": 1748536213.7947872, "_runtime": 1.3124051094055176, "_step": 0, "_wandb": {"runtime": 1}}