{"CV_RMSE": 264.84374854094483, "RMSE": 409.71618853031435, "RMSE_STHLM": 373.86736303270374, "RMSE_S\u00f6dermanland": 35.84882549761064, "CV_RMSE_STHLM": 133.15418548849757, "CV_RMSE_S\u00f6dermanland": 131.68956305244726, "_timestamp": 1748474651.6479933, "_runtime": 1.2826573848724365, "_step": 0, "_wandb": {"runtime": 1}}