{"CV_RMSE": 648.6534786961652, "RMSE": 830.5462155152287, "RMSE_STHLM": 724.1796472311366, "RMSE_S\u00f6dermanland": 106.36656828409211, "CV_RMSE_STHLM": 257.9191462239901, "CV_RMSE_S\u00f6dermanland": 390.73433247217514, "_timestamp": 1748294469.4535582, "_runtime": 1.3202753067016602, "_step": 0, "_wandb": {"runtime": 1}}