{"CV_RMSE": 275.5729901901493, "RMSE": 437.11154469542487, "RMSE_STHLM": 400.9696242473612, "RMSE_S\u00f6dermanland": 36.141920448063644, "CV_RMSE_STHLM": 142.80675180950735, "CV_RMSE_S\u00f6dermanland": 132.76623838064197, "_timestamp": 1748484012.5676606, "_runtime": 1.29266357421875, "_step": 0, "_wandb": {"runtime": 1}}