{"CV_RMSE": 634.8208124241826, "RMSE": 1151.367678809394, "RMSE_STHLM": 1083.6149696329765, "RMSE_S\u00f6dermanland": 67.75270917641755, "CV_RMSE_STHLM": 385.93330932713843, "CV_RMSE_S\u00f6dermanland": 248.8875030970441, "_timestamp": 1748309769.553671, "_runtime": 1.3217179775238037, "_step": 0, "_wandb": {"runtime": 1}}