{"CV_RMSE": 4571.293387170376, "RMSE": 1847.077588755384, "RMSE_skane": 1636.738967819587, "RMSE_kronoberg": 210.33862093579705, "CV_RMSE_'skane": 2595.2520631388797, "CV_RMSE_kronoberg": 1976.0413240314963, "_timestamp": 1748513977.4704332, "_runtime": 1.3025171756744385, "_step": 0, "_wandb": {"runtime": 1}}