{"CV_RMSE": 4992.395253639619, "RMSE": 1933.551324351858, "RMSE_skane": 1686.8458264527694, "RMSE_kronoberg": 246.70549789908867, "CV_RMSE_'skane": 2674.7026846502686, "CV_RMSE_kronoberg": 2317.6925689893505, "_timestamp": 1748534652.6206098, "_runtime": 1.2572526931762695, "_step": 0, "_wandb": {"runtime": 1}}