{"CV_RMSE": 4708.629431348583, "RMSE": 1747.91796308527, "RMSE_skane": 1499.8577589682875, "RMSE_kronoberg": 248.06020411698242, "CV_RMSE_'skane": 2378.209977222443, "CV_RMSE_kronoberg": 2330.41945412614, "_timestamp": 1748505417.6854563, "_runtime": 1.2960243225097656, "_step": 0, "_wandb": {"runtime": 1}}