{"CV_RMSE": 2368.8134840624343, "RMSE": 133.59811439991063, "RMSE_Kalmar": 48.20566440543177, "RMSE_Blekinge": 85.39244999447885, "CV_RMSE_'Kalmar": 466.50642972998486, "CV_RMSE_Blekinge": 1902.3070543324495, "_timestamp": 1748469497.2183383, "_runtime": 1.2975802421569824, "_step": 0, "_wandb": {"runtime": 1}}