{"CV_RMSE": 272.20614706369486, "RMSE": 432.2991064370596, "RMSE_STHLM": 396.6554430959515, "RMSE_S\u00f6dermanland": 35.6436633411081, "CV_RMSE_STHLM": 141.27024091268552, "CV_RMSE_S\u00f6dermanland": 130.93590615100936, "_timestamp": 1748475337.6182427, "_runtime": 1.2653577327728271, "_step": 0, "_wandb": {"runtime": 1}}