{"CV_RMSE": 1869.8786104040153, "RMSE": 2567.842335941614, "RMSE_STHLM": 2279.8587636341076, "RMSE_S\u00f6dermanland": 287.9835723075061, "CV_RMSE_STHLM": 811.9797733560335, "CV_RMSE_S\u00f6dermanland": 1057.8988370479817, "_timestamp": 1748373756.613358, "_runtime": 1.3196709156036377, "_step": 0, "_wandb": {"runtime": 1}}