{"CV_RMSE": 4128.0153588196135, "RMSE": 1425.9733474970383, "RMSE_skane": 1186.8940027388796, "RMSE_kronoberg": 239.0793447581587, "CV_RMSE_'skane": 1881.967234786807, "CV_RMSE_kronoberg": 2246.0481240328063, "_timestamp": 1748570443.8867302, "_runtime": 1.3256192207336426, "_step": 0, "_wandb": {"runtime": 1}}