{"CV_RMSE": 302.0131191023289, "RMSE": 21.747458145345643, "RMSE_Kalmar": 14.481169321380653, "RMSE_Blekinge": 7.266288823964989, "CV_RMSE_'Kalmar": 140.14034827142567, "CV_RMSE_Blekinge": 161.87277083090322, "_timestamp": 1748476410.8697038, "_runtime": 1.3183867931365967, "_step": 0, "_wandb": {"runtime": 1}}