{"CV_RMSE": 2949.0630619209273, "RMSE": 1454.0154860636096, "RMSE_skane": 1371.604686356453, "RMSE_kronoberg": 82.41079970715668, "CV_RMSE_'skane": 2174.8488684298936, "CV_RMSE_kronoberg": 774.2141934910337, "_timestamp": 1748514188.0254707, "_runtime": 1.3782408237457275, "_step": 0, "_wandb": {"runtime": 1}}