{"CV_RMSE": 274.89007758167395, "RMSE": 435.9611320095035, "RMSE_STHLM": 399.901564001965, "RMSE_S\u00f6dermanland": 36.05956800753847, "CV_RMSE_STHLM": 142.4263583703081, "CV_RMSE_S\u00f6dermanland": 132.46371921136583, "_timestamp": 1748492432.2790232, "_runtime": 1.2709882259368896, "_step": 0, "_wandb": {"runtime": 1}}