{"CV_RMSE": 1049.445397175591, "RMSE": 1326.1110432648445, "RMSE_STHLM": 1152.1311513413525, "RMSE_S\u00f6dermanland": 173.979891923492, "CV_RMSE_STHLM": 410.33559010970214, "CV_RMSE_S\u00f6dermanland": 639.109807065889, "_timestamp": 1748315100.3875682, "_runtime": 1.5316572189331055, "_step": 0, "_wandb": {"runtime": 1}}