{"CV_RMSE": 272.37782205582585, "RMSE": 434.53053000171326, "RMSE_STHLM": 399.07468550044007, "RMSE_S\u00f6dermanland": 35.45584450127316, "CV_RMSE_STHLM": 142.13186266339378, "CV_RMSE_S\u00f6dermanland": 130.24595939243204, "_timestamp": 1748481827.7035367, "_runtime": 1.2745888233184814, "_step": 0, "_wandb": {"runtime": 1}}