{"CV_RMSE": 304.8483981937628, "RMSE": 22.074814606083713, "RMSE_Kalmar": 14.834929886683584, "RMSE_Blekinge": 7.239884719400127, "CV_RMSE_'Kalmar": 143.56383761306694, "CV_RMSE_Blekinge": 161.28456058069588, "_timestamp": 1748512940.1202269, "_runtime": 1.3146119117736816, "_step": 0, "_wandb": {"runtime": 1}}