{"CV_RMSE": 257.90464748394186, "RMSE": 404.48359331855573, "RMSE_STHLM": 370.1647679702847, "RMSE_S\u00f6dermanland": 34.31882534827107, "CV_RMSE_STHLM": 131.83549314335426, "CV_RMSE_S\u00f6dermanland": 126.06915434058762, "_timestamp": 1748458992.1103368, "_runtime": 1.2757537364959717, "_step": 0, "_wandb": {"runtime": 1}}