{"CV_RMSE": 4334.328031200023, "RMSE": 279.40670968958835, "RMSE_Kalmar": 150.0085408152475, "RMSE_Blekinge": 129.39816887434085, "CV_RMSE_'Kalmar": 1451.6955562765886, "CV_RMSE_Blekinge": 2882.6324749234345, "_timestamp": 1748474648.023003, "_runtime": 1.3117051124572754, "_step": 0, "_wandb": {"runtime": 1}}