{"CV_RMSE": 262.5152556584151, "RMSE": 424.26796533731607, "RMSE_STHLM": 390.68336793246584, "RMSE_S\u00f6dermanland": 33.58459740485024, "CV_RMSE_STHLM": 139.14326519161824, "CV_RMSE_S\u00f6dermanland": 123.37199046679682, "_timestamp": 1748480667.752566, "_runtime": 1.3300271034240723, "_step": 0, "_wandb": {"runtime": 1}}