{"CV_RMSE": 4705.266239525645, "RMSE": 1717.0587662601065, "RMSE_skane": 1463.163220513794, "RMSE_kronoberg": 253.89554574631262, "CV_RMSE_'skane": 2320.0262481719774, "CV_RMSE_kronoberg": 2385.239991353668, "_timestamp": 1748526208.712477, "_runtime": 1.3355889320373535, "_step": 0, "_wandb": {"runtime": 1}}