{"CV_RMSE": 306.14440017491836, "RMSE": 22.21315656331398, "RMSE_Kalmar": 14.976668018846148, "RMSE_Blekinge": 7.23648854446783, "CV_RMSE_'Kalmar": 144.93549695657563, "CV_RMSE_Blekinge": 161.20890321834275, "_timestamp": 1748491938.0659945, "_runtime": 1.323204517364502, "_step": 0, "_wandb": {"runtime": 1}}