{"CV_RMSE": 306.93988157817284, "RMSE": 22.253711087323122, "RMSE_Kalmar": 14.985236479582474, "RMSE_Blekinge": 7.2684746077406475, "CV_RMSE_'Kalmar": 145.01841754434653, "CV_RMSE_Blekinge": 161.9214640338263, "_timestamp": 1748461180.985177, "_runtime": 1.315134048461914, "_step": 0, "_wandb": {"runtime": 1}}