{"CV_RMSE": 2783.150951226583, "RMSE": 203.72662365344746, "RMSE_Kalmar": 139.3127090377067, "RMSE_Blekinge": 64.41391461574078, "CV_RMSE_'Kalmar": 1348.1875068165164, "CV_RMSE_Blekinge": 1434.9634444100668, "_timestamp": 1748462838.5092978, "_runtime": 1.9523818492889404, "_step": 0, "_wandb": {"runtime": 1}}