{"CV_RMSE": 308.4711012999512, "RMSE": 21.964933577874355, "RMSE_Kalmar": 14.353133051624564, "RMSE_Blekinge": 7.611800526249792, "CV_RMSE_'Kalmar": 138.90128759636673, "CV_RMSE_Blekinge": 169.5698137035845, "_timestamp": 1748480958.0582504, "_runtime": 1.3600213527679443, "_step": 0, "_wandb": {"runtime": 1}}