{"CV_RMSE": 265.58237909222146, "RMSE": 428.771944705736, "RMSE_STHLM": 394.74632350402896, "RMSE_S\u00f6dermanland": 34.025621201707025, "CV_RMSE_STHLM": 140.59030120839972, "CV_RMSE_S\u00f6dermanland": 124.99207788382174, "_timestamp": 1748365605.0792844, "_runtime": 1.3876433372497559, "_step": 0, "_wandb": {"runtime": 1}}