{"CV_RMSE": 1666.3619242003672, "RMSE": 2227.445074603988, "RMSE_STHLM": 1964.26559084163, "RMSE_S\u00f6dermanland": 263.1794837623581, "CV_RMSE_STHLM": 699.5801471141539, "CV_RMSE_S\u00f6dermanland": 966.7817770862133, "_timestamp": 1748303749.5475917, "_runtime": 1.2633225917816162, "_step": 0, "_wandb": {"runtime": 1}}