{"CV_RMSE": 918.7189634989527, "RMSE": 1543.488982493999, "RMSE_STHLM": 1432.2545047226836, "RMSE_S\u00f6dermanland": 111.23447777131527, "CV_RMSE_STHLM": 510.10251454310065, "CV_RMSE_S\u00f6dermanland": 408.61644895585204, "_timestamp": 1748343403.633965, "_runtime": 1.337402105331421, "_step": 0, "_wandb": {"runtime": 1}}