{"CV_RMSE": 305.4904483862564, "RMSE": 22.1419144267102, "RMSE_Kalmar": 14.902609312184227, "RMSE_Blekinge": 7.2393051145259735, "CV_RMSE_'Kalmar": 144.21879979533122, "CV_RMSE_Blekinge": 161.27164859092514, "_timestamp": 1748518205.0015457, "_runtime": 1.386622667312622, "_step": 0, "_wandb": {"runtime": 1}}