{"CV_RMSE": 1592.3816604825952, "RMSE": 2208.2359892099294, "RMSE_STHLM": 1965.2954224026005, "RMSE_S\u00f6dermanland": 242.94056680732908, "CV_RMSE_STHLM": 699.9469252719986, "CV_RMSE_S\u00f6dermanland": 892.4347352105967, "_timestamp": 1748283518.636697, "_runtime": 1.2753760814666748, "_step": 0, "_wandb": {"runtime": 1}}