{"CV_RMSE": 3483.3852964216426, "RMSE": 1773.8909749833724, "RMSE_skane": 1688.0072255462744, "RMSE_kronoberg": 85.88374943709809, "CV_RMSE_'skane": 2676.544226553289, "CV_RMSE_kronoberg": 806.8410698683537, "_timestamp": 1748517479.4430094, "_runtime": 1.3547024726867676, "_step": 0, "_wandb": {"runtime": 1}}