{"CV_RMSE": 1543.4696817069262, "RMSE": 1943.2680357662448, "RMSE_STHLM": 1686.6244336124194, "RMSE_S\u00f6dermanland": 256.6436021538254, "CV_RMSE_STHLM": 600.6972656316491, "CV_RMSE_S\u00f6dermanland": 942.772416075277, "_timestamp": 1748301276.1644208, "_runtime": 1.2481937408447266, "_step": 0, "_wandb": {"runtime": 1}}