{"CV_RMSE": 865.3294545688923, "RMSE": 1630.7287259604802, "RMSE_STHLM": 1544.954667536518, "RMSE_S\u00f6dermanland": 85.77405842396233, "CV_RMSE_STHLM": 550.241076684949, "CV_RMSE_S\u00f6dermanland": 315.0883778839432, "_timestamp": 1748299755.5384912, "_runtime": 1.2886292934417725, "_step": 0, "_wandb": {"runtime": 1}}