{"CV_RMSE": 263.8503768450744, "RMSE": 412.06541647783376, "RMSE_STHLM": 376.76825914650846, "RMSE_S\u00f6dermanland": 35.29715733132528, "CV_RMSE_STHLM": 134.18734991367535, "CV_RMSE_S\u00f6dermanland": 129.663026931399, "_timestamp": 1748471842.5426407, "_runtime": 1.3250715732574463, "_step": 0, "_wandb": {"runtime": 1}}