{"CV_RMSE": 301.72559975992397, "RMSE": 21.96621087752697, "RMSE_Kalmar": 14.890756802514172, "RMSE_Blekinge": 7.075454075012797, "CV_RMSE_'Kalmar": 144.10409808884683, "CV_RMSE_Blekinge": 157.62150167107717, "_timestamp": 1748505523.700068, "_runtime": 1.2920711040496826, "_step": 0, "_wandb": {"runtime": 1}}