{"CV_RMSE": 1211.3446444362205, "RMSE": 1995.8475402119243, "RMSE_STHLM": 1844.9675826097227, "RMSE_S\u00f6dermanland": 150.87995760220147, "CV_RMSE_STHLM": 657.0917389587457, "CV_RMSE_S\u00f6dermanland": 554.2529054774748, "_timestamp": 1748360283.2375233, "_runtime": 1.2940123081207275, "_step": 0, "_wandb": {"runtime": 1}}