{"CV_RMSE": 677.4926854120729, "RMSE": 987.148232309632, "RMSE_STHLM": 888.9012273896682, "RMSE_S\u00f6dermanland": 98.24700491996379, "CV_RMSE_STHLM": 316.585320399961, "CV_RMSE_S\u00f6dermanland": 360.9073650121119, "_timestamp": 1748299002.0915067, "_runtime": 1.2814626693725586, "_step": 0, "_wandb": {"runtime": 1}}