{"CV_RMSE": 3591.8994316222042, "RMSE": 253.3006626868752, "RMSE_Kalmar": 162.77526240812225, "RMSE_Blekinge": 90.52540027875295, "CV_RMSE_'Kalmar": 1575.2444749173121, "CV_RMSE_Blekinge": 2016.6549567048924, "_timestamp": 1748465598.2918649, "_runtime": 1.3266398906707764, "_step": 0, "_wandb": {"runtime": 1}}