{"CV_RMSE": 4579.247342611513, "RMSE": 1913.5375785498595, "RMSE_skane": 1715.6752314652613, "RMSE_kronoberg": 197.86234708459833, "CV_RMSE_'skane": 2720.4152718793785, "CV_RMSE_kronoberg": 1858.8320707321348, "_timestamp": 1748568035.233434, "_runtime": 1.2834670543670654, "_step": 0, "_wandb": {"runtime": 1}}