{"CV_RMSE": 808.9719676217404, "RMSE": 1816.4181779052374, "RMSE_STHLM": 1767.5689854298118, "RMSE_S\u00f6dermanland": 48.849192475425546, "CV_RMSE_STHLM": 629.5259544467078, "CV_RMSE_S\u00f6dermanland": 179.44601317503262, "_timestamp": 1748399630.1618319, "_runtime": 1.2862818241119385, "_step": 0, "_wandb": {"runtime": 1}}