{"CV_RMSE": 279.5467740753462, "RMSE": 100.74828921847771, "RMSE_skane": 85.40718363125666, "RMSE_kronoberg": 15.341105587221051, "CV_RMSE_'skane": 135.42365269226744, "CV_RMSE_kronoberg": 144.12312138307877, "_timestamp": 1748504646.4815795, "_runtime": 1.3546545505523682, "_step": 0, "_wandb": {"runtime": 1}}