{"CV_RMSE": 591.9359672555863, "RMSE": 828.8826195747993, "RMSE_STHLM": 739.4348550645261, "RMSE_S\u00f6dermanland": 89.44776451027319, "CV_RMSE_STHLM": 263.3523425239705, "CV_RMSE_S\u00f6dermanland": 328.5836247316158, "_timestamp": 1748326052.9166317, "_runtime": 1.3191688060760498, "_step": 0, "_wandb": {"runtime": 1}}