{"CV_RMSE": 471.228274327568, "RMSE": 515.277882980238, "RMSE_STHLM": 428.54805541028486, "RMSE_S\u00f6dermanland": 86.72982756995314, "CV_RMSE_STHLM": 152.62890774406662, "CV_RMSE_S\u00f6dermanland": 318.59936658350136, "_timestamp": 1748523757.35969, "_runtime": 1.4561729431152344, "_step": 0, "_wandb": {"runtime": 1}}