{"CV_RMSE": 1246.9705713939175, "RMSE": 1727.3587576634916, "RMSE_STHLM": 1536.913933803454, "RMSE_S\u00f6dermanland": 190.44482386003764, "CV_RMSE_STHLM": 547.3773408876567, "CV_RMSE_S\u00f6dermanland": 699.5932305062607, "_timestamp": 1748323525.5150013, "_runtime": 1.2977523803710938, "_step": 0, "_wandb": {"runtime": 1}}