{"CV_RMSE": 1223.5464243835913, "RMSE": 1149.5340234890211, "RMSE_STHLM": 904.1139765745612, "RMSE_S\u00f6dermanland": 245.42004691446002, "CV_RMSE_STHLM": 322.0033949019015, "CV_RMSE_S\u00f6dermanland": 901.5430294816898, "_timestamp": 1748344510.272217, "_runtime": 1.3709311485290527, "_step": 0, "_wandb": {"runtime": 1}}