{"CV_RMSE": 306.70258676926625, "RMSE": 22.228562077660477, "RMSE_Kalmar": 14.959604708295199, "RMSE_Blekinge": 7.268957369365278, "CV_RMSE_'Kalmar": 144.77036814479223, "CV_RMSE_Blekinge": 161.93221862447402, "_timestamp": 1748489601.6958585, "_runtime": 1.2616875171661377, "_step": 0, "_wandb": {"runtime": 1}}