{"CV_RMSE": 4264.337802184685, "RMSE": 1764.9841731320894, "RMSE_skane": 1577.284493250855, "RMSE_kronoberg": 187.69967988123457, "CV_RMSE_'skane": 2500.9796404611866, "CV_RMSE_kronoberg": 1763.3581617234984, "_timestamp": 1748537942.8639433, "_runtime": 1.4273443222045898, "_step": 0, "_wandb": {"runtime": 1}}