{"CV_RMSE": 620.2592675338024, "RMSE": 54.87133192948342, "RMSE_Kalmar": 47.788178337975495, "RMSE_Blekinge": 7.083153591507926, "CV_RMSE_'Kalmar": 462.46624198040803, "CV_RMSE_Blekinge": 157.7930255533944, "_timestamp": 1748471704.1494048, "_runtime": 1.4537827968597412, "_step": 0, "_wandb": {"runtime": 1}}