{"CV_RMSE": 1462.2811398626532, "RMSE": 2043.0030125357525, "RMSE_STHLM": 1821.5413202376062, "RMSE_S\u00f6dermanland": 221.46169229814635, "CV_RMSE_STHLM": 648.7483926449726, "CV_RMSE_S\u00f6dermanland": 813.5327472176805, "_timestamp": 1748292639.515486, "_runtime": 1.371941089630127, "_step": 0, "_wandb": {"runtime": 1}}