{"CV_RMSE": 272.93925899495866, "RMSE": 432.43662617971006, "RMSE_STHLM": 396.58673171090214, "RMSE_S\u00f6dermanland": 35.849894468807946, "CV_RMSE_STHLM": 141.24576910954173, "CV_RMSE_S\u00f6dermanland": 131.69348988541697, "_timestamp": 1748558990.1639361, "_runtime": 1.2521710395812988, "_step": 0, "_wandb": {"runtime": 1}}