{"CV_RMSE": 937.210506284815, "RMSE": 754.4242670562057, "RMSE_STHLM": 552.9000038793482, "RMSE_S\u00f6dermanland": 201.52426317685746, "CV_RMSE_STHLM": 196.91729461472633, "CV_RMSE_S\u00f6dermanland": 740.2932116700887, "_timestamp": 1748296064.0373898, "_runtime": 1.2861766815185547, "_step": 0, "_wandb": {"runtime": 1}}