{"CV_RMSE": 1440.9458300822894, "RMSE": 2104.384180451575, "RMSE_STHLM": 1895.9439887085505, "RMSE_S\u00f6dermanland": 208.44019174302477, "CV_RMSE_STHLM": 675.2471665364842, "CV_RMSE_S\u00f6dermanland": 765.6986635458053, "_timestamp": 1748327030.0616727, "_runtime": 1.3207416534423828, "_step": 0, "_wandb": {"runtime": 1}}