{"CV_RMSE": 1747.380296357051, "RMSE": 2435.6588466242147, "RMSE_STHLM": 2170.4107326411313, "RMSE_S\u00f6dermanland": 265.2481139830833, "CV_RMSE_STHLM": 772.9994694804187, "CV_RMSE_S\u00f6dermanland": 974.3808268766325, "_timestamp": 1748337206.6560147, "_runtime": 1.2520747184753418, "_step": 0, "_wandb": {"runtime": 1}}