{"CV_RMSE": 725.7871164347221, "RMSE": 985.4988710673126, "RMSE_STHLM": 872.5165020337453, "RMSE_S\u00f6dermanland": 112.9823690335673, "CV_RMSE_STHLM": 310.74984243386257, "CV_RMSE_S\u00f6dermanland": 415.0372740008595, "_timestamp": 1748304706.918969, "_runtime": 1.3907840251922607, "_step": 0, "_wandb": {"runtime": 1}}