{"CV_RMSE": 1292.0979598826807, "RMSE": 1631.8479931984064, "RMSE_STHLM": 1417.545361037282, "RMSE_S\u00f6dermanland": 214.3026321611244, "CV_RMSE_STHLM": 504.8638009234483, "CV_RMSE_S\u00f6dermanland": 787.2341589592324, "_timestamp": 1748313071.011432, "_runtime": 1.3173649311065674, "_step": 0, "_wandb": {"runtime": 1}}