{"CV_RMSE": 894.8534430974742, "RMSE": 1293.410316513432, "RMSE_STHLM": 1162.5211283587525, "RMSE_S\u00f6dermanland": 130.88918815467957, "CV_RMSE_STHLM": 414.036017223141, "CV_RMSE_S\u00f6dermanland": 480.81742587433314, "_timestamp": 1748300375.8942635, "_runtime": 1.3921325206756592, "_step": 0, "_wandb": {"runtime": 1}}