{"CV_RMSE": 674.0188399981133, "RMSE": 841.7142660120683, "RMSE_STHLM": 728.9003705647166, "RMSE_S\u00f6dermanland": 112.81389544735168, "CV_RMSE_STHLM": 259.60044855886224, "CV_RMSE_S\u00f6dermanland": 414.4183914392511, "_timestamp": 1748330336.6744914, "_runtime": 1.286811351776123, "_step": 0, "_wandb": {"runtime": 1}}