{"CV_RMSE": 1214.1044550205766, "RMSE": 1157.862034368086, "RMSE_STHLM": 916.1823668776285, "RMSE_S\u00f6dermanland": 241.67966749045735, "CV_RMSE_STHLM": 326.30159485154957, "CV_RMSE_S\u00f6dermanland": 887.8028601690271, "_timestamp": 1748364703.7898197, "_runtime": 1.2932116985321045, "_step": 0, "_wandb": {"runtime": 1}}