{"CV_RMSE": 2772.1950186345744, "RMSE": 181.24169015771292, "RMSE_Kalmar": 100.42751039684723, "RMSE_Blekinge": 80.81417976086568, "CV_RMSE_'Kalmar": 971.8791328727151, "CV_RMSE_Blekinge": 1800.3158857618591, "_timestamp": 1748521294.2275782, "_runtime": 1.3639612197875977, "_step": 0, "_wandb": {"runtime": 1}}