{"CV_RMSE": 306.97436967594393, "RMSE": 22.25647954840458, "RMSE_Kalmar": 14.987394094951561, "RMSE_Blekinge": 7.2690854534530205, "CV_RMSE_'Kalmar": 145.03929769307962, "CV_RMSE_Blekinge": 161.93507198286432, "_timestamp": 1748475876.0593488, "_runtime": 1.3525338172912598, "_step": 0, "_wandb": {"runtime": 1}}