{"CV_RMSE": 306.3152796105399, "RMSE": 22.20378017518504, "RMSE_Kalmar": 14.946527927973541, "RMSE_Blekinge": 7.257252247211501, "CV_RMSE_'Kalmar": 144.64381865780845, "CV_RMSE_Blekinge": 161.67146095273145, "_timestamp": 1748510876.32564, "_runtime": 1.3516879081726074, "_step": 0, "_wandb": {"runtime": 1}}