{"CV_RMSE": 1790.6627674940385, "RMSE": 653.4492306743998, "RMSE_skane": 556.8244150050238, "RMSE_kronoberg": 96.62481566937609, "CV_RMSE_'skane": 882.9139772806931, "CV_RMSE_kronoberg": 907.7487902133454, "_timestamp": 1748538130.6875913, "_runtime": 1.446561336517334, "_step": 0, "_wandb": {"runtime": 1}}