{"CV_RMSE": 838.4516934053596, "RMSE": 529.7465214898834, "RMSE_STHLM": 333.87111386784636, "RMSE_S\u00f6dermanland": 195.87540762203713, "CV_RMSE_STHLM": 118.90937969175376, "CV_RMSE_S\u00f6dermanland": 719.5423137136058, "_timestamp": 1748332494.6224265, "_runtime": 1.2983806133270264, "_step": 0, "_wandb": {"runtime": 1}}