{"CV_RMSE": 1291.020668542823, "RMSE": 2001.9825958347258, "RMSE_STHLM": 1827.7430891528031, "RMSE_S\u00f6dermanland": 174.23950668192268, "CV_RMSE_STHLM": 650.9571746092295, "CV_RMSE_S\u00f6dermanland": 640.0634939335936, "_timestamp": 1748324821.767235, "_runtime": 1.3829710483551025, "_step": 0, "_wandb": {"runtime": 1}}