{"CV_RMSE": 1065.027287674491, "RMSE": 1805.589243099995, "RMSE_STHLM": 1678.3899339632517, "RMSE_S\u00f6dermanland": 127.19930913674338, "CV_RMSE_STHLM": 597.7645194170663, "CV_RMSE_S\u00f6dermanland": 467.2627682574247, "_timestamp": 1748363668.351664, "_runtime": 1.3032441139221191, "_step": 0, "_wandb": {"runtime": 1}}