{"CV_RMSE": 1187.1018329641156, "RMSE": 2304.587631901107, "RMSE_STHLM": 2194.162576646757, "RMSE_S\u00f6dermanland": 110.42505525435014, "CV_RMSE_STHLM": 781.4587728460947, "CV_RMSE_S\u00f6dermanland": 405.6430601180209, "_timestamp": 1748361209.2348974, "_runtime": 1.3278512954711914, "_step": 0, "_wandb": {"runtime": 1}}