{"CV_RMSE": 4737.981580710097, "RMSE": 1747.7024887601085, "RMSE_skane": 1495.839748214863, "RMSE_kronoberg": 251.86274054524543, "CV_RMSE_'skane": 2371.8389242307553, "CV_RMSE_kronoberg": 2366.1426564793414, "_timestamp": 1748505928.13939, "_runtime": 1.2785139083862305, "_step": 0, "_wandb": {"runtime": 1}}