{"CV_RMSE": 892.0383743459788, "RMSE": 1897.0706916956372, "RMSE_STHLM": 1831.8402648700833, "RMSE_S\u00f6dermanland": 65.23042682555393, "CV_RMSE_STHLM": 652.4163982521072, "CV_RMSE_S\u00f6dermanland": 239.62197609387158, "_timestamp": 1748348640.1007874, "_runtime": 1.3101112842559814, "_step": 0, "_wandb": {"runtime": 1}}