{"CV_RMSE": 1994.1888456114614, "RMSE": 2774.999940415543, "RMSE_STHLM": 2471.7840769969466, "RMSE_S\u00f6dermanland": 303.21586341859614, "CV_RMSE_STHLM": 880.3346534615164, "CV_RMSE_S\u00f6dermanland": 1113.854192149945, "_timestamp": 1748394366.136039, "_runtime": 1.32069993019104, "_step": 0, "_wandb": {"runtime": 1}}