{"CV_RMSE": 644.3202463144315, "RMSE": 40.73510560459394, "RMSE_Kalmar": 20.88483966311641, "RMSE_Blekinge": 19.850265941477534, "CV_RMSE_'Kalmar": 202.11135157854588, "CV_RMSE_Blekinge": 442.2088947358857, "_timestamp": 1748481535.7913196, "_runtime": 1.2979745864868164, "_step": 0, "_wandb": {"runtime": 1}}