{"CV_RMSE": 3958.280296702858, "RMSE": 1446.6783670088705, "RMSE_skane": 1233.5391901626704, "RMSE_kronoberg": 213.13917684620017, "CV_RMSE_'skane": 1955.9289484608937, "CV_RMSE_kronoberg": 2002.3513482419642, "_timestamp": 1748577742.8297825, "_runtime": 1.300471544265747, "_step": 0, "_wandb": {"runtime": 1}}