{"CV_RMSE": 2164.11870388495, "RMSE": 581.0293445519687, "RMSE_skane": 421.8754147213587, "RMSE_kronoberg": 159.15392983060997, "CV_RMSE_'skane": 668.9356470211818, "CV_RMSE_kronoberg": 1495.183056863768, "_timestamp": 1748564274.3939357, "_runtime": 1.358320713043213, "_step": 0, "_wandb": {"runtime": 1}}