{"CV_RMSE": 254.12625647110283, "RMSE": 399.7294112909728, "RMSE_STHLM": 366.03915806015806, "RMSE_S\u00f6dermanland": 33.69025323081474, "CV_RMSE_STHLM": 130.36614256198746, "CV_RMSE_S\u00f6dermanland": 123.76011390911538, "_timestamp": 1748446213.1733193, "_runtime": 1.2956652641296387, "_step": 0, "_wandb": {"runtime": 1}}