{"CV_RMSE": 3347.0667735831116, "RMSE": 226.80989808234705, "RMSE_Kalmar": 135.36943784930247, "RMSE_Blekinge": 91.44046023304456, "CV_RMSE_'Kalmar": 1310.0268178964754, "CV_RMSE_Blekinge": 2037.0399556866362, "_timestamp": 1748579502.0459535, "_runtime": 1.3769474029541016, "_step": 0, "_wandb": {"runtime": 1}}