{"CV_RMSE": 273.59967765515887, "RMSE": 435.06187347169794, "RMSE_STHLM": 399.29474846879395, "RMSE_S\u00f6dermanland": 35.76712500290401, "CV_RMSE_STHLM": 142.21023886898084, "CV_RMSE_S\u00f6dermanland": 131.389438786178, "_timestamp": 1748499723.5010405, "_runtime": 1.284541368484497, "_step": 0, "_wandb": {"runtime": 1}}