{"CV_RMSE": 267.1933758366673, "RMSE": 419.8407300031068, "RMSE_STHLM": 384.3706034496774, "RMSE_S\u00f6dermanland": 35.47012655342938, "CV_RMSE_STHLM": 136.89495176284512, "CV_RMSE_S\u00f6dermanland": 130.29842407382222, "_timestamp": 1748471832.247025, "_runtime": 1.2824289798736572, "_step": 0, "_wandb": {"runtime": 1}}