{"CV_RMSE": 270.09566871909675, "RMSE": 438.67798127700604, "RMSE_STHLM": 404.3553670655717, "RMSE_S\u00f6dermanland": 34.3226142114343, "CV_RMSE_STHLM": 144.01259610566464, "CV_RMSE_S\u00f6dermanland": 126.08307261343212, "_timestamp": 1748491323.2013085, "_runtime": 1.2822074890136719, "_step": 0, "_wandb": {"runtime": 1}}