{"CV_RMSE": 3508.0700926766212, "RMSE": 242.58651368489046, "RMSE_Kalmar": 150.48521848797492, "RMSE_Blekinge": 92.10129519691556, "CV_RMSE_'Kalmar": 1456.3085660126605, "CV_RMSE_Blekinge": 2051.7615266639605, "_timestamp": 1748458490.1837914, "_runtime": 1.3075532913208008, "_step": 0, "_wandb": {"runtime": 1}}