{"CV_RMSE": 3020.4794510689762, "RMSE": 211.02958835392434, "RMSE_Kalmar": 133.3889132164577, "RMSE_Blekinge": 77.64067513746663, "CV_RMSE_'Kalmar": 1290.8604504818486, "CV_RMSE_Blekinge": 1729.6190005871279, "_timestamp": 1748545549.1658041, "_runtime": 1.3828911781311035, "_step": 0, "_wandb": {"runtime": 1}}