{"CV_RMSE": 741.1263704686345, "RMSE": 556.4681827486787, "RMSE_STHLM": 392.80024110070667, "RMSE_S\u00f6dermanland": 163.66794164797204, "CV_RMSE_STHLM": 139.89719706792087, "CV_RMSE_S\u00f6dermanland": 601.2291734007136, "_timestamp": 1748387753.613621, "_runtime": 1.2901699542999268, "_step": 0, "_wandb": {"runtime": 1}}