{"CV_RMSE": 2948.257460490725, "RMSE": 190.23035421664866, "RMSE_Kalmar": 102.34659310050145, "RMSE_Blekinge": 87.8837611161472, "CV_RMSE_'Kalmar": 990.4509009725946, "CV_RMSE_Blekinge": 1957.8065595181306, "_timestamp": 1748486968.8857448, "_runtime": 1.7537047863006592, "_step": 0, "_wandb": {"runtime": 1}}