{"CV_RMSE": 261.5063279527975, "RMSE": 418.169027959141, "RMSE_STHLM": 384.233776442194, "RMSE_S\u00f6dermanland": 33.93525151694694, "CV_RMSE_STHLM": 136.846220339523, "CV_RMSE_S\u00f6dermanland": 124.66010761327448, "_timestamp": 1748526707.8309846, "_runtime": 1.356583595275879, "_step": 0, "_wandb": {"runtime": 1}}