{"CV_RMSE": 3698.7830613630936, "RMSE": 1432.42344788409, "RMSE_skane": 1249.620532404936, "RMSE_kronoberg": 182.80291547915374, "CV_RMSE_'skane": 1981.4279055046554, "CV_RMSE_kronoberg": 1717.3551558584381, "_timestamp": 1748534494.8679914, "_runtime": 1.3595833778381348, "_step": 0, "_wandb": {"runtime": 1}}