{"CV_RMSE": 1404.4060363215567, "RMSE": 2189.84804570672, "RMSE_STHLM": 2001.598289596637, "RMSE_S\u00f6dermanland": 188.24975611008313, "CV_RMSE_STHLM": 712.8763199988023, "CV_RMSE_S\u00f6dermanland": 691.5297163227543, "_timestamp": 1748312390.7491333, "_runtime": 1.2938783168792725, "_step": 0, "_wandb": {"runtime": 1}}