{"CV_RMSE": 3445.5089679055422, "RMSE": 283.3520832921126, "RMSE_Kalmar": 227.5264697366945, "RMSE_Blekinge": 55.82561355541805, "CV_RMSE_'Kalmar": 2201.8690619680115, "CV_RMSE_Blekinge": 1243.6399059375308, "_timestamp": 1748508247.4487586, "_runtime": 1.3397676944732666, "_step": 0, "_wandb": {"runtime": 1}}