{"CV_RMSE": 306.85113459347826, "RMSE": 22.24429571697847, "RMSE_Kalmar": 14.97563305062276, "RMSE_Blekinge": 7.268662666355713, "CV_RMSE_'Kalmar": 144.92548113505896, "CV_RMSE_Blekinge": 161.92565345841933, "_timestamp": 1748577297.2540174, "_runtime": 1.2306792736053467, "_step": 0, "_wandb": {"runtime": 1}}