{"CV_RMSE": 4744.267946658006, "RMSE": 337.7830402318603, "RMSE_Kalmar": 220.68603587290343, "RMSE_Blekinge": 117.09700435895687, "CV_RMSE_'Kalmar": 2135.6713148990657, "CV_RMSE_Blekinge": 2608.59663175894, "_timestamp": 1748460331.3471205, "_runtime": 1.34220552444458, "_step": 0, "_wandb": {"runtime": 1}}