{"CV_RMSE": 275.0777601477363, "RMSE": 436.6972634074092, "RMSE_STHLM": 400.66015127743935, "RMSE_S\u00f6dermanland": 36.03711212996983, "CV_RMSE_STHLM": 142.69653191519407, "CV_RMSE_S\u00f6dermanland": 132.38122823254224, "_timestamp": 1748442574.710911, "_runtime": 1.2820079326629639, "_step": 0, "_wandb": {"runtime": 1}}