{"CV_RMSE": 2361.332736348918, "RMSE": 166.87389217647734, "RMSE_Kalmar": 107.632983062125, "RMSE_Blekinge": 59.24090911435232, "CV_RMSE_'Kalmar": 1041.6095135044354, "CV_RMSE_Blekinge": 1319.7232228444823, "_timestamp": 1748507698.401372, "_runtime": 1.378208875656128, "_step": 0, "_wandb": {"runtime": 1}}