{"CV_RMSE": 4439.191507062939, "RMSE": 1776.9200123751584, "RMSE_skane": 1569.2524765634003, "RMSE_kronoberg": 207.66753581175823, "CV_RMSE_'skane": 2488.243884614271, "CV_RMSE_kronoberg": 1950.9476224486684, "_timestamp": 1748577796.799749, "_runtime": 1.3749799728393555, "_step": 0, "_wandb": {"runtime": 1}}