{"CV_RMSE": 1024.579999646829, "RMSE": 1256.1318418199196, "RMSE_STHLM": 1082.1344830897344, "RMSE_S\u00f6dermanland": 173.99735873018514, "CV_RMSE_STHLM": 385.4060288012509, "CV_RMSE_S\u00f6dermanland": 639.1739708455781, "_timestamp": 1748292095.2382724, "_runtime": 1.2581825256347656, "_step": 0, "_wandb": {"runtime": 1}}