{"CV_RMSE": 3130.9326122555185, "RMSE": 207.67213978158463, "RMSE_Kalmar": 118.68648265636243, "RMSE_Blekinge": 88.98565712522219, "CV_RMSE_'Kalmar": 1148.5788644164104, "CV_RMSE_Blekinge": 1982.353747839108, "_timestamp": 1748544383.5638742, "_runtime": 1.33482027053833, "_step": 0, "_wandb": {"runtime": 1}}