{"CV_RMSE": 306.29802807314155, "RMSE": 22.22416712282416, "RMSE_Kalmar": 14.983942482128745, "RMSE_Blekinge": 7.2402246406954145, "CV_RMSE_'Kalmar": 145.0058949883427, "CV_RMSE_Blekinge": 161.29213308479885, "_timestamp": 1748485939.8774183, "_runtime": 1.290022373199463, "_step": 0, "_wandb": {"runtime": 1}}