{"CV_RMSE": 1707.455676644504, "RMSE": 2256.0368726674747, "RMSE_STHLM": 1983.5394090280824, "RMSE_S\u00f6dermanland": 272.49746363939227, "CV_RMSE_STHLM": 706.4445857242874, "CV_RMSE_S\u00f6dermanland": 1001.0110909202165, "_timestamp": 1748388290.7758262, "_runtime": 1.259453296661377, "_step": 0, "_wandb": {"runtime": 1}}