{"CV_RMSE": 257.66521099079824, "RMSE": 402.593283288685, "RMSE_STHLM": 368.14368832451464, "RMSE_S\u00f6dermanland": 34.44959496417032, "CV_RMSE_STHLM": 131.11567846935623, "CV_RMSE_S\u00f6dermanland": 126.549532521442, "_timestamp": 1748451150.8436198, "_runtime": 1.3713388442993164, "_step": 0, "_wandb": {"runtime": 1}}