{"CV_RMSE": 844.4388483070715, "RMSE": 2081.163066940049, "RMSE_STHLM": 2050.045966292784, "RMSE_S\u00f6dermanland": 31.117100647264497, "CV_RMSE_STHLM": 730.1311316436509, "CV_RMSE_S\u00f6dermanland": 114.3077166634206, "_timestamp": 1748349616.1368046, "_runtime": 1.2879626750946045, "_step": 0, "_wandb": {"runtime": 1}}