{"CV_RMSE": 1386.1427798700283, "RMSE": 2190.627782810906, "RMSE_STHLM": 2007.967172698223, "RMSE_S\u00f6dermanland": 182.6606101126827, "CV_RMSE_STHLM": 715.1446202724183, "CV_RMSE_S\u00f6dermanland": 670.99815959761, "_timestamp": 1748337095.7643926, "_runtime": 1.2912166118621826, "_step": 0, "_wandb": {"runtime": 1}}