{"CV_RMSE": 1046.6655950884535, "RMSE": 448.8027391295695, "RMSE_skane": 405.89896642921184, "RMSE_kronoberg": 42.90377270035766, "CV_RMSE_'skane": 643.6030123084754, "CV_RMSE_kronoberg": 403.06258277997813, "_timestamp": 1748544837.8152895, "_runtime": 1.346604585647583, "_step": 0, "_wandb": {"runtime": 1}}