{"CV_RMSE": 1120.5397077882221, "RMSE": 1958.8968373886732, "RMSE_STHLM": 1831.4227948611133, "RMSE_S\u00f6dermanland": 127.47404252755996, "CV_RMSE_STHLM": 652.2677148298386, "CV_RMSE_S\u00f6dermanland": 468.2719929583835, "_timestamp": 1748377707.6896214, "_runtime": 1.344968557357788, "_step": 0, "_wandb": {"runtime": 1}}