{"CV_RMSE": 275.3974393196145, "RMSE": 436.7253621608508, "RMSE_STHLM": 400.5948999503651, "RMSE_S\u00f6dermanland": 36.130462210485675, "CV_RMSE_STHLM": 142.67329242395277, "CV_RMSE_S\u00f6dermanland": 132.72414689566168, "_timestamp": 1748428855.7546024, "_runtime": 1.263850450515747, "_step": 0, "_wandb": {"runtime": 1}}