{"CV_RMSE": 1244.046155045034, "RMSE": 1729.095460168276, "RMSE_STHLM": 1539.718653121046, "RMSE_S\u00f6dermanland": 189.37680704723022, "CV_RMSE_STHLM": 548.3762516062292, "CV_RMSE_S\u00f6dermanland": 695.6699034388049, "_timestamp": 1748287178.145427, "_runtime": 1.2717609405517578, "_step": 0, "_wandb": {"runtime": 1}}