{"CV_RMSE": 2029.874996213986, "RMSE": 1210.8899876993, "RMSE_skane": 1196.8216196415124, "RMSE_kronoberg": 14.06836805778759, "CV_RMSE_'skane": 1897.7086992201569, "CV_RMSE_kronoberg": 132.16629699382912, "_timestamp": 1748527753.3649848, "_runtime": 1.3386666774749756, "_step": 0, "_wandb": {"runtime": 1}}