{"CV_RMSE": 4930.121312576517, "RMSE": 340.8775006335516, "RMSE_Kalmar": 211.40673864418628, "RMSE_Blekinge": 129.47076198936534, "CV_RMSE_'Kalmar": 2045.8716642985767, "CV_RMSE_Blekinge": 2884.2496482779407, "_timestamp": 1748568063.2827063, "_runtime": 1.388075351715088, "_step": 0, "_wandb": {"runtime": 1}}