{"CV_RMSE": 2957.1154223158987, "RMSE": 1325.1457959506822, "RMSE_skane": 1215.5365588770276, "RMSE_kronoberg": 109.60923707365471, "CV_RMSE_'skane": 1927.3835500164284, "CV_RMSE_kronoberg": 1029.7318722994703, "_timestamp": 1748568153.1645424, "_runtime": 1.3471205234527588, "_step": 0, "_wandb": {"runtime": 1}}