{"CV_RMSE": 1271.0038938288217, "RMSE": 1779.4648177019114, "RMSE_STHLM": 1587.369392916363, "RMSE_S\u00f6dermanland": 192.0954247855485, "CV_RMSE_STHLM": 565.3472313512967, "CV_RMSE_S\u00f6dermanland": 705.6566624775251, "_timestamp": 1748315533.8196561, "_runtime": 1.3336372375488281, "_step": 0, "_wandb": {"runtime": 1}}