{"CV_RMSE": 3964.5366785370175, "RMSE": 1823.05089389836, "RMSE_skane": 1685.533783250848, "RMSE_kronoberg": 137.517110647512, "CV_RMSE_'skane": 2672.622277881894, "CV_RMSE_kronoberg": 1291.9144006551232, "_timestamp": 1748524380.5179126, "_runtime": 1.2705326080322266, "_step": 0, "_wandb": {"runtime": 1}}