{"CV_RMSE": 532.080295735828, "RMSE": 621.5638736468624, "RMSE_STHLM": 527.901366024234, "RMSE_S\u00f6dermanland": 93.66250762262833, "CV_RMSE_STHLM": 188.01394120372402, "CV_RMSE_S\u00f6dermanland": 344.06635453210407, "_timestamp": 1748305347.1588745, "_runtime": 1.2938425540924072, "_step": 0, "_wandb": {"runtime": 1}}