{"CV_RMSE": 1008.6781618572292, "RMSE": 1562.4401470304679, "RMSE_STHLM": 1426.1222349854681, "RMSE_S\u00f6dermanland": 136.31791204499964, "CV_RMSE_STHLM": 507.9184849572304, "CV_RMSE_S\u00f6dermanland": 500.75967689999874, "_timestamp": 1748321178.39982, "_runtime": 1.2658472061157227, "_step": 0, "_wandb": {"runtime": 1}}