{"CV_RMSE": 792.8791401383864, "RMSE": 701.3219222191562, "RMSE_STHLM": 537.6049658468448, "RMSE_S\u00f6dermanland": 163.7169563723114, "CV_RMSE_STHLM": 191.46991264826292, "CV_RMSE_S\u00f6dermanland": 601.4092274901235, "_timestamp": 1748372937.7599626, "_runtime": 1.3490965366363525, "_step": 0, "_wandb": {"runtime": 1}}