{"CV_RMSE": 3109.19417374962, "RMSE": 1534.8639179284278, "RMSE_skane": 1448.36346075836, "RMSE_kronoberg": 86.50045717006785, "CV_RMSE_'skane": 2296.5593986654753, "CV_RMSE_kronoberg": 812.6347750841446, "_timestamp": 1748574669.289843, "_runtime": 1.4025251865386963, "_step": 0, "_wandb": {"runtime": 1}}