{"CV_RMSE": 1039.675941105034, "RMSE": 1780.1530864299748, "RMSE_STHLM": 1657.8650278461625, "RMSE_S\u00f6dermanland": 122.2880585838123, "CV_RMSE_STHLM": 590.454501409397, "CV_RMSE_S\u00f6dermanland": 449.22143969563706, "_timestamp": 1748392342.4985926, "_runtime": 1.283348560333252, "_step": 0, "_wandb": {"runtime": 1}}