{"CV_RMSE": 1646.4966410347529, "RMSE": 2005.8687995423722, "RMSE_STHLM": 1724.888812389223, "RMSE_S\u00f6dermanland": 280.97998715314924, "CV_RMSE_STHLM": 614.3252596558373, "CV_RMSE_S\u00f6dermanland": 1032.1713813789156, "_timestamp": 1748307680.7239718, "_runtime": 1.285550832748413, "_step": 0, "_wandb": {"runtime": 1}}