{"CV_RMSE": 265.10739584505393, "RMSE": 430.81649590320245, "RMSE_STHLM": 397.15356473563287, "RMSE_S\u00f6dermanland": 33.66293116756959, "CV_RMSE_STHLM": 141.44764869887993, "CV_RMSE_S\u00f6dermanland": 123.65974714617401, "_timestamp": 1748519356.9771905, "_runtime": 1.400242567062378, "_step": 0, "_wandb": {"runtime": 1}}