{"CV_RMSE": 1499.5496981695856, "RMSE": 2066.8648027635954, "_timestamp": 1748282582.0341403, "_runtime": 1.2872073650360107, "_step": 0, "_wandb": {"runtime": 1}}