{"CV_RMSE": 273.5467974258741, "RMSE": 436.365095375635, "RMSE_STHLM": 400.753827502428, "RMSE_S\u00f6dermanland": 35.61126787320699, "CV_RMSE_STHLM": 142.72989503450148, "CV_RMSE_S\u00f6dermanland": 130.81690239137262, "_timestamp": 1748449431.215845, "_runtime": 1.304765224456787, "_step": 0, "_wandb": {"runtime": 1}}