{"CV_RMSE": 268.8711812084523, "RMSE": 427.70855544182956, "RMSE_STHLM": 392.57736210316585, "RMSE_S\u00f6dermanland": 35.1311933386637, "CV_RMSE_STHLM": 139.8178179235652, "CV_RMSE_S\u00f6dermanland": 129.05336328488707, "_timestamp": 1748526864.5945144, "_runtime": 1.3033363819122314, "_step": 0, "_wandb": {"runtime": 1}}