{"CV_RMSE": 5233.117181440092, "RMSE": 2024.8650975107355, "RMSE_skane": 1765.8746359215843, "RMSE_kronoberg": 258.99046158915115, "CV_RMSE_'skane": 2800.0126362392984, "CV_RMSE_kronoberg": 2433.104545200794, "_timestamp": 1748532553.6184604, "_runtime": 1.2829594612121582, "_step": 0, "_wandb": {"runtime": 1}}