{"CV_RMSE": 3378.6884720665334, "RMSE": 1781.2217472718341, "RMSE_skane": 1710.2338154683625, "RMSE_kronoberg": 70.98793180347151, "CV_RMSE_'skane": 2711.7872338293273, "CV_RMSE_kronoberg": 666.9012382372063, "_timestamp": 1748529313.4474292, "_runtime": 1.3133091926574707, "_step": 0, "_wandb": {"runtime": 1}}