{"CV_RMSE": 3216.3805281827545, "RMSE": 214.45720478904897, "RMSE_Kalmar": 123.90120659812324, "RMSE_Blekinge": 90.55599819092573, "CV_RMSE_'Kalmar": 1199.0439348205475, "CV_RMSE_Blekinge": 2017.3365933622067, "_timestamp": 1748547963.3155313, "_runtime": 1.2724933624267578, "_step": 0, "_wandb": {"runtime": 1}}