{"CV_RMSE": 272.575999439084, "RMSE": 431.24355746349454, "RMSE_STHLM": 395.3750768558268, "RMSE_S\u00f6dermanland": 35.868480607667706, "CV_RMSE_STHLM": 140.81423394152915, "CV_RMSE_S\u00f6dermanland": 131.76176549755485, "_timestamp": 1748338432.7611058, "_runtime": 1.243180751800537, "_step": 0, "_wandb": {"runtime": 1}}