{"CV_RMSE": 4847.248368063664, "RMSE": 1878.7644485414685, "RMSE_skane": 1639.521609559664, "RMSE_kronoberg": 239.24283898180454, "CV_RMSE_'skane": 2599.664285771137, "CV_RMSE_kronoberg": 2247.584082292527, "_timestamp": 1748556477.8738437, "_runtime": 1.324887752532959, "_step": 0, "_wandb": {"runtime": 1}}