{"CV_RMSE": 271.8118499647237, "RMSE": 433.4142054050733, "RMSE_STHLM": 398.009121560935, "RMSE_S\u00f6dermanland": 35.405083844138304, "CV_RMSE_STHLM": 141.75235829237891, "CV_RMSE_S\u00f6dermanland": 130.0594916723448, "_timestamp": 1748307965.3739424, "_runtime": 1.246948480606079, "_step": 0, "_wandb": {"runtime": 1}}