{"CV_RMSE": 4101.185346946051, "RMSE": 1628.1127472867856, "RMSE_skane": 1433.514043859487, "RMSE_kronoberg": 194.5987034272987, "CV_RMSE_'skane": 2273.0138116165226, "CV_RMSE_kronoberg": 1828.1715353295283, "_timestamp": 1748557347.277601, "_runtime": 1.366729974746704, "_step": 0, "_wandb": {"runtime": 1}}