{"CV_RMSE": 2836.200509940468, "RMSE": 169.60681380948165, "RMSE_Kalmar": 74.77646303137487, "RMSE_Blekinge": 94.83035077810676, "CV_RMSE_'Kalmar": 723.6431906262085, "CV_RMSE_Blekinge": 2112.5573193142595, "_timestamp": 1748526299.3813543, "_runtime": 1.502394437789917, "_step": 0, "_wandb": {"runtime": 1}}