{"CV_RMSE": 279.66687244663865, "RMSE": 100.8105816497089, "RMSE_skane": 85.46674509073777, "RMSE_kronoberg": 15.34383655897112, "CV_RMSE_'skane": 135.51809475275545, "CV_RMSE_kronoberg": 144.14877769388318, "_timestamp": 1748545250.478057, "_runtime": 1.3284997940063477, "_step": 0, "_wandb": {"runtime": 1}}