{"CV_RMSE": 304.6373014964689, "RMSE": 22.060283010729037, "RMSE_Kalmar": 14.825991102988747, "RMSE_Blekinge": 7.234291907740289, "CV_RMSE_'Kalmar": 143.47733325472979, "CV_RMSE_Blekinge": 161.1599682417391, "_timestamp": 1748469420.9242792, "_runtime": 1.3767352104187012, "_step": 0, "_wandb": {"runtime": 1}}