{"CV_RMSE": 5031.775642944718, "RMSE": 1920.1024633917098, "RMSE_skane": 1665.6231630545137, "RMSE_kronoberg": 254.4793003371961, "CV_RMSE_'skane": 2641.051527042041, "CV_RMSE_kronoberg": 2390.7241159026776, "_timestamp": 1748548294.8219094, "_runtime": 1.3382995128631592, "_step": 0, "_wandb": {"runtime": 1}}