{"CV_RMSE": 709.8419406793811, "RMSE": 1344.913133391092, "RMSE_STHLM": 1275.3248350217382, "RMSE_S\u00f6dermanland": 69.58829836935398, "CV_RMSE_STHLM": 454.211456873591, "CV_RMSE_S\u00f6dermanland": 255.63048380579013, "_timestamp": 1748359936.8957973, "_runtime": 1.3226072788238525, "_step": 0, "_wandb": {"runtime": 1}}