{"CV_RMSE": 275.50369725912395, "RMSE": 436.97048487500996, "RMSE_STHLM": 400.83430822020284, "RMSE_S\u00f6dermanland": 36.1361766548071, "CV_RMSE_STHLM": 142.7585585271795, "CV_RMSE_S\u00f6dermanland": 132.74513873194445, "_timestamp": 1748427120.1292756, "_runtime": 1.28371262550354, "_step": 0, "_wandb": {"runtime": 1}}