{"CV_RMSE": 254.10177029844073, "RMSE": 410.56845558228304, "RMSE_STHLM": 378.04928474655134, "RMSE_S\u00f6dermanland": 32.51917083573167, "CV_RMSE_STHLM": 134.64359171820192, "CV_RMSE_S\u00f6dermanland": 119.4581785802388, "_timestamp": 1748324167.6632497, "_runtime": 1.3830337524414062, "_step": 0, "_wandb": {"runtime": 1}}