{"CV_RMSE": 4930.237899076919, "RMSE": 1931.3345598452609, "RMSE_skane": 1692.1387031513225, "RMSE_kronoberg": 239.19585669393828, "CV_RMSE_'skane": 2683.0951952716528, "CV_RMSE_kronoberg": 2247.142703805266, "_timestamp": 1748519077.391908, "_runtime": 1.2525520324707031, "_step": 0, "_wandb": {"runtime": 1}}