{"CV_RMSE": 256.54889553786234, "RMSE": 405.4246590812486, "RMSE_STHLM": 371.61555783793943, "RMSE_S\u00f6dermanland": 33.809101243309144, "CV_RMSE_STHLM": 132.3521970930532, "CV_RMSE_S\u00f6dermanland": 124.1966984448091, "_timestamp": 1748430384.664299, "_runtime": 1.2736830711364746, "_step": 0, "_wandb": {"runtime": 1}}