{"CV_RMSE": 269.7135800450259, "RMSE": 427.7425688437783, "RMSE_STHLM": 392.361087356037, "RMSE_S\u00f6dermanland": 35.381481487741304, "CV_RMSE_STHLM": 139.74079090638438, "CV_RMSE_S\u00f6dermanland": 129.97278913864153, "_timestamp": 1748342747.379024, "_runtime": 1.4196600914001465, "_step": 0, "_wandb": {"runtime": 1}}