{"CV_RMSE": 3481.622994885336, "RMSE": 238.44425561220348, "RMSE_Kalmar": 145.26046215374413, "RMSE_Blekinge": 93.18379345845935, "CV_RMSE_'Kalmar": 1405.7464079394592, "CV_RMSE_Blekinge": 2075.8765869458766, "_timestamp": 1748522116.9052436, "_runtime": 1.3688266277313232, "_step": 0, "_wandb": {"runtime": 1}}