{"CV_RMSE": 1096.184374533401, "RMSE": 70.21798563944431, "RMSE_Kalmar": 37.14958736849585, "RMSE_Blekinge": 33.06839827094846, "CV_RMSE_'Kalmar": 359.51213582415335, "CV_RMSE_Blekinge": 736.6722387092477, "_timestamp": 1748483258.5794463, "_runtime": 1.2944302558898926, "_step": 0, "_wandb": {"runtime": 1}}