{"CV_RMSE": 275.3941427154824, "RMSE": 436.86912237241097, "RMSE_STHLM": 400.7550882969512, "RMSE_S\u00f6dermanland": 36.11403407545976, "CV_RMSE_STHLM": 142.73034407093633, "CV_RMSE_S\u00f6dermanland": 132.66379864454606, "_timestamp": 1748295956.5304234, "_runtime": 1.2720704078674316, "_step": 0, "_wandb": {"runtime": 1}}