{"CV_RMSE": 272.3024427940119, "RMSE": 433.3038142875855, "RMSE_STHLM": 397.7389901469671, "RMSE_S\u00f6dermanland": 35.56482414061839, "CV_RMSE_STHLM": 141.65615003255655, "CV_RMSE_S\u00f6dermanland": 130.64629276145533, "_timestamp": 1748433162.3949318, "_runtime": 1.2778708934783936, "_step": 0, "_wandb": {"runtime": 1}}