{"CV_RMSE": 271.8380665723947, "RMSE": 430.74142917172964, "RMSE_STHLM": 395.0414878660515, "RMSE_S\u00f6dermanland": 35.69994130567813, "CV_RMSE_STHLM": 140.69542504133216, "CV_RMSE_S\u00f6dermanland": 131.14264153106254, "_timestamp": 1748563076.384009, "_runtime": 1.2835078239440918, "_step": 0, "_wandb": {"runtime": 1}}