{"CV_RMSE": 568.3858976092196, "RMSE": 240.76185375760105, "RMSE_skane": 216.8625790925114, "RMSE_kronoberg": 23.899274665089653, "CV_RMSE_'skane": 343.8624404215297, "CV_RMSE_kronoberg": 224.52345718768984, "_timestamp": 1748541752.0254352, "_runtime": 1.3374481201171875, "_step": 0, "_wandb": {"runtime": 1}}