{"CV_RMSE": 4600.62871750641, "RMSE": 1811.2648082690957, "RMSE_skane": 1589.8976954989378, "RMSE_kronoberg": 221.36711277015806, "CV_RMSE_'skane": 2520.9794326093092, "CV_RMSE_kronoberg": 2079.6492848971006, "_timestamp": 1748523634.36142, "_runtime": 1.2567949295043945, "_step": 0, "_wandb": {"runtime": 1}}