{"CV_RMSE": 440.6723024308551, "RMSE": 167.47437011561357, "RMSE_skane": 145.0486902621065, "RMSE_kronoberg": 22.425679853507066, "CV_RMSE_'skane": 229.99263783632108, "CV_RMSE_kronoberg": 210.67966459453405, "_timestamp": 1748569653.2276363, "_runtime": 1.2701263427734375, "_step": 0, "_wandb": {"runtime": 1}}