{"CV_RMSE": 306.95288775531867, "RMSE": 22.254200309727587, "RMSE_Kalmar": 14.98506920257532, "RMSE_Blekinge": 7.2691311071522655, "CV_RMSE_'Kalmar": 145.01679873459986, "CV_RMSE_Blekinge": 161.93608902071878, "_timestamp": 1748548048.465776, "_runtime": 1.259458065032959, "_step": 0, "_wandb": {"runtime": 1}}