{"CV_RMSE": 1716.9333405989726, "RMSE": 2521.606132447709, "RMSE_STHLM": 2274.763677992449, "RMSE_S\u00f6dermanland": 246.84245445526, "CV_RMSE_STHLM": 810.1651405592419, "CV_RMSE_S\u00f6dermanland": 906.7682000397307, "_timestamp": 1748401165.2095273, "_runtime": 1.2827973365783691, "_step": 0, "_wandb": {"runtime": 1}}