{"CV_RMSE": 306.6879245148069, "RMSE": 22.38092775040171, "RMSE_Kalmar": 15.230160175783496, "RMSE_Blekinge": 7.150767574618215, "CV_RMSE_'Kalmar": 147.38864686242093, "CV_RMSE_Blekinge": 159.299277652386, "_timestamp": 1748547583.9221592, "_runtime": 1.3067841529846191, "_step": 0, "_wandb": {"runtime": 1}}