{"CV_RMSE": 247.70833178919867, "RMSE": 381.9763349630696, "RMSE_STHLM": 348.31475059442954, "RMSE_S\u00f6dermanland": 33.66158436864002, "CV_RMSE_STHLM": 124.05353206766388, "CV_RMSE_S\u00f6dermanland": 123.65479972153477, "_timestamp": 1748293220.1018226, "_runtime": 1.3091835975646973, "_step": 0, "_wandb": {"runtime": 1}}