{"CV_RMSE": 306.5414995261859, "RMSE": 22.22384481111197, "RMSE_Kalmar": 14.964049190331355, "RMSE_Blekinge": 7.259795620780616, "CV_RMSE_'Kalmar": 144.81337926127117, "CV_RMSE_Blekinge": 161.7281202649147, "_timestamp": 1748559578.6749177, "_runtime": 1.3335096836090088, "_step": 0, "_wandb": {"runtime": 1}}