{"CV_RMSE": 270.91372346125655, "RMSE": 431.08556274010675, "RMSE_STHLM": 395.7012101660867, "RMSE_S\u00f6dermanland": 35.38435257402003, "CV_RMSE_STHLM": 140.93038747506054, "CV_RMSE_S\u00f6dermanland": 129.983335986196, "_timestamp": 1748485501.921532, "_runtime": 1.3748779296875, "_step": 0, "_wandb": {"runtime": 1}}