{"CV_RMSE": 4088.0351256102713, "RMSE": 1793.288576986951, "RMSE_skane": 1633.91317327262, "RMSE_kronoberg": 159.37540371433101, "CV_RMSE_'skane": 2590.771416394218, "CV_RMSE_kronoberg": 1497.2637092160533, "_timestamp": 1748556761.3825853, "_runtime": 1.3241941928863525, "_step": 0, "_wandb": {"runtime": 1}}