{"CV_RMSE": 260.8336099560947, "RMSE": 423.292376338593, "RMSE_STHLM": 390.10996741595795, "RMSE_S\u00f6dermanland": 33.18240892263502, "CV_RMSE_STHLM": 138.93904656682318, "CV_RMSE_S\u00f6dermanland": 121.8945633892715, "_timestamp": 1748291337.958297, "_runtime": 1.2980399131774902, "_step": 0, "_wandb": {"runtime": 1}}