{"CV_RMSE": 271.5129295484068, "RMSE": 434.80015082777754, "RMSE_STHLM": 399.63397392650336, "RMSE_S\u00f6dermanland": 35.166176901274184, "CV_RMSE_STHLM": 142.3310552171955, "CV_RMSE_S\u00f6dermanland": 129.1818743312113, "_timestamp": 1748444841.2105331, "_runtime": 1.2736022472381592, "_step": 0, "_wandb": {"runtime": 1}}