{"CV_RMSE": 4440.630068254078, "RMSE": 296.94712962433596, "RMSE_Kalmar": 172.58427243584072, "RMSE_Blekinge": 124.36285718849524, "CV_RMSE_'Kalmar": 1670.1703784113618, "CV_RMSE_Blekinge": 2770.4596898427158, "_timestamp": 1748533555.3278437, "_runtime": 1.3183705806732178, "_step": 0, "_wandb": {"runtime": 1}}