{"CV_RMSE": 302.5675821166591, "RMSE": 21.859699377808997, "RMSE_Kalmar": 14.635612978324913, "RMSE_Blekinge": 7.224086399484084, "CV_RMSE_'Kalmar": 141.6349643063701, "CV_RMSE_Blekinge": 160.93261781028897, "_timestamp": 1748489628.4624045, "_runtime": 1.461364507675171, "_step": 0, "_wandb": {"runtime": 1}}