{"CV_RMSE": 250.04520269967324, "RMSE": 386.7199168650605, "RMSE_STHLM": 352.863166450871, "RMSE_S\u00f6dermanland": 33.856750414189484, "CV_RMSE_STHLM": 125.6734664842833, "CV_RMSE_S\u00f6dermanland": 124.37173621538994, "_timestamp": 1748510740.2106912, "_runtime": 1.409414291381836, "_step": 0, "_wandb": {"runtime": 1}}