{"CV_RMSE": 820.8610090172588, "RMSE": 1059.1467927398323, "RMSE_STHLM": 925.4115235809137, "RMSE_S\u00f6dermanland": 133.73526915891864, "CV_RMSE_STHLM": 329.58859169878207, "CV_RMSE_S\u00f6dermanland": 491.27241731847664, "_timestamp": 1748360478.6126692, "_runtime": 1.4504432678222656, "_step": 0, "_wandb": {"runtime": 1}}