{"CV_RMSE": 4045.3089143057477, "RMSE": 1825.276229631387, "RMSE_skane": 1677.867429692184, "RMSE_kronoberg": 147.40879993920288, "CV_RMSE_'skane": 2660.4663261503974, "CV_RMSE_kronoberg": 1384.8425881553505, "_timestamp": 1748500531.4953275, "_runtime": 1.2866685390472412, "_step": 0, "_wandb": {"runtime": 1}}