{"CV_RMSE": 3034.579451267774, "RMSE": 206.40852461889324, "RMSE_Kalmar": 124.09952674900892, "RMSE_Blekinge": 82.30899786988432, "CV_RMSE_'Kalmar": 1200.963162087183, "CV_RMSE_Blekinge": 1833.6162891805911, "_timestamp": 1748504599.2084396, "_runtime": 1.3463575839996338, "_step": 0, "_wandb": {"runtime": 1}}