{"CV_RMSE": 273.42414042463565, "RMSE": 436.23646242421466, "RMSE_STHLM": 400.64835903807244, "RMSE_S\u00f6dermanland": 35.58810338614225, "CV_RMSE_STHLM": 142.6923320673784, "CV_RMSE_S\u00f6dermanland": 130.73180835725725, "_timestamp": 1748447782.7405112, "_runtime": 1.2955491542816162, "_step": 0, "_wandb": {"runtime": 1}}