{"CV_RMSE": 3264.1994630855306, "RMSE": 210.3539807627152, "RMSE_Kalmar": 112.8512456090897, "RMSE_Blekinge": 97.5027351536255, "CV_RMSE_'Kalmar": 1092.1088284750617, "CV_RMSE_Blekinge": 2172.090634610469, "_timestamp": 1748504148.8415933, "_runtime": 1.30922532081604, "_step": 0, "_wandb": {"runtime": 1}}