{"CV_RMSE": 274.20034402948727, "RMSE": 435.8049139870529, "RMSE_STHLM": 399.93649327438817, "RMSE_S\u00f6dermanland": 35.86842071266474, "CV_RMSE_STHLM": 142.43879855439232, "CV_RMSE_S\u00f6dermanland": 131.76154547509495, "_timestamp": 1748434326.8249967, "_runtime": 1.302687644958496, "_step": 0, "_wandb": {"runtime": 1}}