{"CV_RMSE": 3736.2975235253925, "RMSE": 1597.3071730967138, "RMSE_skane": 1443.180215867615, "RMSE_kronoberg": 154.1269572290988, "CV_RMSE_'skane": 2288.340722834485, "CV_RMSE_kronoberg": 1447.9568006909074, "_timestamp": 1748519208.7087662, "_runtime": 1.3165032863616943, "_step": 0, "_wandb": {"runtime": 1}}