{"CV_RMSE": 3669.7196236061372, "RMSE": 1783.1245279881005, "RMSE_skane": 1675.2540295950828, "RMSE_kronoberg": 107.87049839301774, "CV_RMSE_'skane": 2656.322457074655, "CV_RMSE_kronoberg": 1013.3971665314818, "_timestamp": 1748527519.833676, "_runtime": 1.3393352031707764, "_step": 0, "_wandb": {"runtime": 1}}