{"CV_RMSE": 1471.5382909836164, "RMSE": 2003.2553855927256, "RMSE_STHLM": 1774.735755395469, "RMSE_S\u00f6dermanland": 228.51963019725662, "CV_RMSE_STHLM": 632.0784249528778, "CV_RMSE_S\u00f6dermanland": 839.4598660307387, "_timestamp": 1748289283.4910653, "_runtime": 1.2409703731536865, "_step": 0, "_wandb": {"runtime": 1}}