{"CV_RMSE": 270.5964472297459, "RMSE": 430.25704072172914, "RMSE_STHLM": 394.87937885226626, "RMSE_S\u00f6dermanland": 35.37766186946286, "CV_RMSE_STHLM": 140.63768934192308, "CV_RMSE_S\u00f6dermanland": 129.95875788782277, "_timestamp": 1748559047.876182, "_runtime": 1.2839221954345703, "_step": 0, "_wandb": {"runtime": 1}}