{"CV_RMSE": 459.8371990951953, "RMSE": 31.734084932680176, "RMSE_Kalmar": 19.612221893216375, "RMSE_Blekinge": 12.1218630394638, "CV_RMSE_'Kalmar": 189.79569574080364, "CV_RMSE_Blekinge": 270.04150335439164, "_timestamp": 1748491272.72994, "_runtime": 1.3000059127807617, "_step": 0, "_wandb": {"runtime": 1}}