{"CV_RMSE": 274.5072872710066, "RMSE": 435.5377779204275, "RMSE_STHLM": 399.5481493649036, "RMSE_S\u00f6dermanland": 35.989628555523886, "CV_RMSE_STHLM": 142.3004884956127, "CV_RMSE_S\u00f6dermanland": 132.20679877539388, "_timestamp": 1748481259.8201323, "_runtime": 1.2857263088226318, "_step": 0, "_wandb": {"runtime": 1}}