{"CV_RMSE": 1023.8013845120238, "RMSE": 1420.3169425488734, "RMSE_STHLM": 1264.1815309507942, "RMSE_S\u00f6dermanland": 156.13541159807917, "CV_RMSE_STHLM": 450.242729661937, "CV_RMSE_S\u00f6dermanland": 573.5586548500868, "_timestamp": 1748345113.7771297, "_runtime": 1.3158307075500488, "_step": 0, "_wandb": {"runtime": 1}}