{"CV_RMSE": 4488.798722815816, "RMSE": 1747.5603562619967, "RMSE_skane": 1527.578667837473, "RMSE_kronoberg": 219.98168842452375, "CV_RMSE_'skane": 2422.1649067190374, "CV_RMSE_kronoberg": 2066.6338160967784, "_timestamp": 1748520530.2809644, "_runtime": 1.2746663093566895, "_step": 0, "_wandb": {"runtime": 1}}