{"CV_RMSE": 874.5271107680786, "RMSE": 325.94098120730854, "RMSE_skane": 280.1336128836315, "RMSE_kronoberg": 45.807368323677075, "CV_RMSE_'skane": 444.18648977320004, "CV_RMSE_kronoberg": 430.3406209948786, "_timestamp": 1748574485.7774475, "_runtime": 1.2976744174957275, "_step": 0, "_wandb": {"runtime": 1}}