{"CV_RMSE": 1067.2828362566165, "RMSE": 2102.414945420677, "RMSE_STHLM": 2006.4034945959838, "RMSE_S\u00f6dermanland": 96.01145082469361, "CV_RMSE_STHLM": 714.5877107781503, "CV_RMSE_S\u00f6dermanland": 352.6951254784663, "_timestamp": 1748387706.2719314, "_runtime": 1.2881793975830078, "_step": 0, "_wandb": {"runtime": 1}}