{"CV_RMSE": 749.6366673855422, "RMSE": 437.52229296595567, "RMSE_STHLM": 258.51867054439236, "RMSE_S\u00f6dermanland": 179.0036224215633, "CV_RMSE_STHLM": 92.07234012265657, "CV_RMSE_S\u00f6dermanland": 657.5643272628856, "_timestamp": 1748374925.6086452, "_runtime": 1.3444061279296875, "_step": 0, "_wandb": {"runtime": 1}}