{"CV_RMSE": 270.98473456339565, "RMSE": 431.05298126908076, "RMSE_STHLM": 395.6437244917001, "RMSE_S\u00f6dermanland": 35.40925677738066, "CV_RMSE_STHLM": 140.9099137485279, "CV_RMSE_S\u00f6dermanland": 130.07482081486773, "_timestamp": 1748532820.651829, "_runtime": 1.3566999435424805, "_step": 0, "_wandb": {"runtime": 1}}