{"CV_RMSE": 304.3541894217056, "RMSE": 22.03114194282342, "RMSE_Kalmar": 14.796937476110857, "RMSE_Blekinge": 7.234204466712563, "CV_RMSE_'Kalmar": 143.19616912365345, "CV_RMSE_Blekinge": 161.15802029805215, "_timestamp": 1748470286.2459877, "_runtime": 1.3691985607147217, "_step": 0, "_wandb": {"runtime": 1}}