{"CV_RMSE": 1535.3063514718187, "RMSE": 2164.1227236389673, "RMSE_STHLM": 1933.6513382903051, "RMSE_S\u00f6dermanland": 230.4713853486623, "CV_RMSE_STHLM": 688.6767726399979, "CV_RMSE_S\u00f6dermanland": 846.6295788318207, "_timestamp": 1748350852.4655004, "_runtime": 1.3021903038024902, "_step": 0, "_wandb": {"runtime": 1}}