{"CV_RMSE": 2524.599240547027, "RMSE": 199.30469260502196, "RMSE_Kalmar": 152.0147550582393, "RMSE_Blekinge": 47.28993754678265, "CV_RMSE_'Kalmar": 1471.1105328216706, "CV_RMSE_Blekinge": 1053.4887077253563, "_timestamp": 1748539542.020276, "_runtime": 1.28957200050354, "_step": 0, "_wandb": {"runtime": 1}}