{"CV_RMSE": 266.82518201471794, "RMSE": 429.7689759069063, "RMSE_STHLM": 395.47575681275435, "RMSE_S\u00f6dermanland": 34.29321909415194, "CV_RMSE_STHLM": 140.85009146477202, "CV_RMSE_S\u00f6dermanland": 125.97509054994589, "_timestamp": 1748529295.5564651, "_runtime": 1.2821261882781982, "_step": 0, "_wandb": {"runtime": 1}}