{"CV_RMSE": 1083.7758261507397, "RMSE": 1511.2407466057555, "RMSE_STHLM": 1346.7878855770546, "RMSE_S\u00f6dermanland": 164.45286102870094, "CV_RMSE_STHLM": 479.6632754330626, "CV_RMSE_S\u00f6dermanland": 604.112550717677, "_timestamp": 1748301030.4110677, "_runtime": 1.2759616374969482, "_step": 0, "_wandb": {"runtime": 1}}