{"CV_RMSE": 272.9657730765894, "RMSE": 433.13015909517634, "RMSE_STHLM": 397.34673105066065, "RMSE_S\u00f6dermanland": 35.78342804451567, "CV_RMSE_STHLM": 141.5164455661237, "CV_RMSE_S\u00f6dermanland": 131.4493275104657, "_timestamp": 1748465869.0569816, "_runtime": 1.3289825916290283, "_step": 0, "_wandb": {"runtime": 1}}