{"CV_RMSE": 251.5211202431484, "RMSE": 384.6516828857918, "RMSE_STHLM": 350.12796963084014, "RMSE_S\u00f6dermanland": 34.523713254951666, "CV_RMSE_STHLM": 124.69931644944842, "CV_RMSE_S\u00f6dermanland": 126.8218037937, "_timestamp": 1748504108.5441823, "_runtime": 1.3164482116699219, "_step": 0, "_wandb": {"runtime": 1}}