{"CV_RMSE": 1134.0733586205606, "RMSE": 481.9537598813472, "RMSE_skane": 434.5880905835031, "RMSE_kronoberg": 47.36566929784406, "CV_RMSE_'skane": 689.0931668871614, "CV_RMSE_kronoberg": 444.98019173339935, "_timestamp": 1748551370.701857, "_runtime": 1.412405014038086, "_step": 0, "_wandb": {"runtime": 1}}