{"CV_RMSE": 271.04529738289114, "RMSE": 431.76354066579006, "RMSE_STHLM": 396.41231436702583, "RMSE_S\u00f6dermanland": 35.35122629876422, "CV_RMSE_STHLM": 141.1836497547777, "CV_RMSE_S\u00f6dermanland": 129.86164762811345, "_timestamp": 1748457294.080974, "_runtime": 1.2973430156707764, "_step": 0, "_wandb": {"runtime": 1}}