{"CV_RMSE": 961.9952226510825, "RMSE": 1287.5950376616524, "RMSE_STHLM": 1135.8417187078933, "RMSE_S\u00f6dermanland": 151.75331895375913, "CV_RMSE_STHLM": 404.5340509842121, "CV_RMSE_S\u00f6dermanland": 557.4611716668703, "_timestamp": 1748284056.7569962, "_runtime": 1.2714271545410156, "_step": 0, "_wandb": {"runtime": 1}}