{"CV_RMSE": 275.58364677259806, "RMSE": 437.14261009075705, "RMSE_STHLM": 401.00081247336243, "RMSE_S\u00f6dermanland": 36.14179761739463, "CV_RMSE_STHLM": 142.81785960665857, "CV_RMSE_S\u00f6dermanland": 132.76578716593946, "_timestamp": 1748342728.9601057, "_runtime": 1.2990386486053467, "_step": 0, "_wandb": {"runtime": 1}}