{"CV_RMSE": 3196.241403937162, "RMSE": 214.0030527449009, "RMSE_Kalmar": 124.69660565854461, "RMSE_Blekinge": 89.30644708635631, "CV_RMSE_'Kalmar": 1206.7413450826898, "CV_RMSE_Blekinge": 1989.5000588544722, "_timestamp": 1748513004.1956503, "_runtime": 1.4126553535461426, "_step": 0, "_wandb": {"runtime": 1}}