{"CV_RMSE": 4292.658232044248, "RMSE": 285.19132150732406, "RMSE_Kalmar": 163.54326364018542, "RMSE_Blekinge": 121.64805786713865, "CV_RMSE_'Kalmar": 1582.67674490502, "CV_RMSE_Blekinge": 2709.9814871392273, "_timestamp": 1748460446.953279, "_runtime": 1.3116469383239746, "_step": 0, "_wandb": {"runtime": 1}}