{"CV_RMSE": 5142.628999782335, "RMSE": 1978.9034233719685, "RMSE_skane": 1722.1681006378697, "RMSE_kronoberg": 256.7353227340989, "CV_RMSE_'skane": 2730.710518981823, "CV_RMSE_kronoberg": 2411.9184808005116, "_timestamp": 1748569065.6158319, "_runtime": 1.3235628604888916, "_step": 0, "_wandb": {"runtime": 1}}