{"CV_RMSE": 654.7971554770179, "RMSE": 927.2055662269239, "RMSE_STHLM": 829.3645332343651, "RMSE_S\u00f6dermanland": 97.84103299255878, "CV_RMSE_STHLM": 295.38111591251624, "CV_RMSE_S\u00f6dermanland": 359.41603956450166, "_timestamp": 1748306022.392079, "_runtime": 1.2679531574249268, "_step": 0, "_wandb": {"runtime": 1}}