{"CV_RMSE": 274.1870408641422, "RMSE": 436.4676104129168, "RMSE_STHLM": 400.67434830922844, "RMSE_S\u00f6dermanland": 35.793262103688406, "CV_RMSE_STHLM": 142.70158823834808, "CV_RMSE_S\u00f6dermanland": 131.48545262579415, "_timestamp": 1748439306.8154209, "_runtime": 1.2745027542114258, "_step": 0, "_wandb": {"runtime": 1}}