{"CV_RMSE": 306.45366932682737, "RMSE": 22.219557779139578, "RMSE_Kalmar": 14.963440213756375, "RMSE_Blekinge": 7.256117565383203, "CV_RMSE_'Kalmar": 144.80748593957782, "CV_RMSE_Blekinge": 161.64618338724955, "_timestamp": 1748488419.9035056, "_runtime": 1.31844162940979, "_step": 0, "_wandb": {"runtime": 1}}