{"CV_RMSE": 270.1868769136337, "RMSE": 429.527137440656, "RMSE_STHLM": 394.1945760935338, "RMSE_S\u00f6dermanland": 35.33256134712225, "CV_RMSE_STHLM": 140.39379441400095, "CV_RMSE_S\u00f6dermanland": 129.79308249963276, "_timestamp": 1748392259.5165799, "_runtime": 1.2814948558807373, "_step": 0, "_wandb": {"runtime": 1}}