{"CV_RMSE": 3953.1866178414, "RMSE": 1674.9606897548306, "RMSE_skane": 1508.8270146664884, "RMSE_kronoberg": 166.1336750883423, "CV_RMSE_'skane": 2392.4318414373492, "CV_RMSE_kronoberg": 1560.754776404051, "_timestamp": 1748539181.2250216, "_runtime": 1.3412744998931885, "_step": 0, "_wandb": {"runtime": 1}}