{"CV_RMSE": 288.88878617870137, "RMSE": 91.14160496301207, "RMSE_skane": 72.6535201614364, "RMSE_kronoberg": 18.488084801575663, "CV_RMSE_'skane": 115.201141905026, "CV_RMSE_kronoberg": 173.68764427367535, "_timestamp": 1748568860.53754, "_runtime": 1.3738000392913818, "_step": 0, "_wandb": {"runtime": 1}}