{"CV_RMSE": 274.8254853047464, "RMSE": 437.845814646672, "RMSE_STHLM": 402.00806111426533, "RMSE_S\u00f6dermanland": 35.837753532406694, "CV_RMSE_STHLM": 143.17659477753813, "CV_RMSE_S\u00f6dermanland": 131.64889052720827, "_timestamp": 1748567009.7927163, "_runtime": 1.2719483375549316, "_step": 0, "_wandb": {"runtime": 1}}