{"CV_RMSE": 274.12877543630054, "RMSE": 435.7333918003469, "RMSE_STHLM": 399.8788665728327, "RMSE_S\u00f6dermanland": 35.85452522751422, "CV_RMSE_STHLM": 142.418274600534, "CV_RMSE_S\u00f6dermanland": 131.71050083576654, "_timestamp": 1748448339.4178934, "_runtime": 1.4657633304595947, "_step": 0, "_wandb": {"runtime": 1}}