{"CV_RMSE": 270.0080964164449, "RMSE": 430.46100168289945, "RMSE_STHLM": 395.2825949530387, "RMSE_S\u00f6dermanland": 35.17840672986072, "CV_RMSE_STHLM": 140.78129618430347, "CV_RMSE_S\u00f6dermanland": 129.22680023214141, "_timestamp": 1748508176.0274043, "_runtime": 1.3468692302703857, "_step": 0, "_wandb": {"runtime": 1}}