{"CV_RMSE": 5036.7172159902075, "RMSE": 1931.5589358438135, "RMSE_skane": 1678.773087731131, "RMSE_kronoberg": 252.7858481126825, "CV_RMSE_'skane": 2661.9023589817084, "CV_RMSE_kronoberg": 2374.8148570084995, "_timestamp": 1748560559.3401303, "_runtime": 1.316765308380127, "_step": 0, "_wandb": {"runtime": 1}}