{"CV_RMSE": 306.8437465737398, "RMSE": 22.2459058038729, "RMSE_Kalmar": 14.979066141894942, "RMSE_Blekinge": 7.266839661977959, "CV_RMSE_'Kalmar": 144.9587045989833, "CV_RMSE_Blekinge": 161.8850419747565, "_timestamp": 1748494268.2805634, "_runtime": 1.2491693496704102, "_step": 0, "_wandb": {"runtime": 1}}