{"CV_RMSE": 271.8005233003872, "RMSE": 434.75773078756515, "RMSE_STHLM": 399.5003048724512, "RMSE_S\u00f6dermanland": 35.25742591511399, "CV_RMSE_STHLM": 142.28344851017255, "CV_RMSE_S\u00f6dermanland": 129.51707479021465, "_timestamp": 1748435153.4155474, "_runtime": 1.2911603450775146, "_step": 0, "_wandb": {"runtime": 1}}