{"CV_RMSE": 371.1420551158427, "RMSE": 134.22868572578884, "RMSE_skane": 113.95631796858012, "RMSE_kronoberg": 20.27236775720871, "CV_RMSE_'skane": 180.69183610239975, "CV_RMSE_kronoberg": 190.450219013443, "_timestamp": 1748572585.2856603, "_runtime": 1.3608741760253906, "_step": 0, "_wandb": {"runtime": 1}}