{"CV_RMSE": 306.8581755992024, "RMSE": 22.246905533529628, "RMSE_Kalmar": 14.979688546580196, "RMSE_Blekinge": 7.267216986949431, "CV_RMSE_'Kalmar": 144.96472787013093, "CV_RMSE_Blekinge": 161.89344772907148, "_timestamp": 1748552868.4667585, "_runtime": 1.3504436016082764, "_step": 0, "_wandb": {"runtime": 1}}