{"CV_RMSE": 269.3485295062477, "RMSE": 425.9853177306848, "RMSE_STHLM": 390.52521826352904, "RMSE_S\u00f6dermanland": 35.46009946715578, "CV_RMSE_STHLM": 139.08693962689992, "CV_RMSE_S\u00f6dermanland": 130.26158987934775, "_timestamp": 1748543600.379283, "_runtime": 1.3343758583068848, "_step": 0, "_wandb": {"runtime": 1}}