{"CV_RMSE": 3115.4621795529097, "RMSE": 1483.5742163836849, "RMSE_skane": 1385.856605871363, "RMSE_kronoberg": 97.71761051232181, "CV_RMSE_'skane": 2197.4470494789052, "CV_RMSE_kronoberg": 918.0151300740044, "_timestamp": 1748527131.9627213, "_runtime": 1.4250514507293701, "_step": 0, "_wandb": {"runtime": 1}}