{"CV_RMSE": 2652.1689566128784, "RMSE": 198.80439628124248, "RMSE_Kalmar": 141.00546609535462, "RMSE_Blekinge": 57.79893018588785, "CV_RMSE_'Kalmar": 1364.5690267292382, "CV_RMSE_Blekinge": 1287.5999298836402, "_timestamp": 1748496317.2393904, "_runtime": 1.2912054061889648, "_step": 0, "_wandb": {"runtime": 1}}