{"CV_RMSE": 1965.4151085630979, "RMSE": 998.1763676064071, "RMSE_skane": 949.1706618897398, "RMSE_kronoberg": 49.00570571666731, "CV_RMSE_'skane": 1505.0274765693548, "CV_RMSE_kronoberg": 460.387631993743, "_timestamp": 1748535666.1664863, "_runtime": 1.3901722431182861, "_step": 0, "_wandb": {"runtime": 1}}