{"CV_RMSE": 303.38344484279645, "RMSE": 21.936254719174514, "RMSE_Kalmar": 14.706215484401183, "RMSE_Blekinge": 7.230039234773333, "CV_RMSE_'Kalmar": 142.3182143651727, "CV_RMSE_Blekinge": 161.06523047762374, "_timestamp": 1748514332.5426629, "_runtime": 1.3062288761138916, "_step": 0, "_wandb": {"runtime": 1}}