{"CV_RMSE": 2686.374867127634, "RMSE": 164.25749302532537, "RMSE_Kalmar": 77.20964333434279, "RMSE_Blekinge": 87.04784969098259, "CV_RMSE_'Kalmar": 747.1900967839623, "CV_RMSE_Blekinge": 1939.1847703436715, "_timestamp": 1748559610.086009, "_runtime": 1.3774170875549316, "_step": 0, "_wandb": {"runtime": 1}}