{"CV_RMSE": 306.50810248090954, "RMSE": 22.22581652003602, "RMSE_Kalmar": 14.970185891122549, "RMSE_Blekinge": 7.255630628913469, "CV_RMSE_'Kalmar": 144.87276668828272, "CV_RMSE_Blekinge": 161.6353357926268, "_timestamp": 1748465169.8668337, "_runtime": 1.2832067012786865, "_step": 0, "_wandb": {"runtime": 1}}