{"CV_RMSE": 3287.840444403439, "RMSE": 188.40856786816593, "RMSE_Kalmar": 72.17412363440826, "RMSE_Blekinge": 116.23444423375767, "CV_RMSE_'Kalmar": 698.4592609781445, "CV_RMSE_Blekinge": 2589.3811834252947, "_timestamp": 1748476844.6756582, "_runtime": 1.2953343391418457, "_step": 0, "_wandb": {"runtime": 1}}