{"CV_RMSE": 524.6501715694651, "RMSE": 1137.3055003904021, "RMSE_STHLM": 1101.253826354398, "RMSE_S\u00f6dermanland": 36.05167403600431, "CV_RMSE_STHLM": 392.2154506208778, "CV_RMSE_S\u00f6dermanland": 132.43472094858726, "_timestamp": 1748283895.082293, "_runtime": 1.2684910297393799, "_step": 0, "_wandb": {"runtime": 1}}