{"CV_RMSE": 1481.9318048841533, "RMSE": 1993.3452762175966, "RMSE_STHLM": 1760.6285676895643, "RMSE_S\u00f6dermanland": 232.7167085280322, "CV_RMSE_STHLM": 627.0541000873003, "CV_RMSE_S\u00f6dermanland": 854.8777047968531, "_timestamp": 1748324389.5179777, "_runtime": 1.278794765472412, "_step": 0, "_wandb": {"runtime": 1}}