{"CV_RMSE": 3628.2712108694095, "RMSE": 1443.745659462546, "RMSE_skane": 1272.2713651168458, "RMSE_kronoberg": 171.47429434570012, "CV_RMSE_'skane": 2017.34360219373, "CV_RMSE_kronoberg": 1610.9276086756795, "_timestamp": 1748571613.121176, "_runtime": 1.2902379035949707, "_step": 0, "_wandb": {"runtime": 1}}