{"CV_RMSE": 1338.8980011914932, "RMSE": 1968.5302579413108, "RMSE_STHLM": 1776.2666908307779, "RMSE_S\u00f6dermanland": 192.26356711053288, "CV_RMSE_STHLM": 632.6236730303522, "CV_RMSE_S\u00f6dermanland": 706.2743281611412, "_timestamp": 1748321555.11869, "_runtime": 1.3062710762023926, "_step": 0, "_wandb": {"runtime": 1}}