{"CV_RMSE": 489.445990872557, "RMSE": 580.299954274012, "RMSE_STHLM": 495.05931997581183, "RMSE_S\u00f6dermanland": 85.24063429820016, "CV_RMSE_STHLM": 176.31713018529112, "CV_RMSE_S\u00f6dermanland": 313.1288606872659, "_timestamp": 1748564492.0785246, "_runtime": 1.3796606063842773, "_step": 0, "_wandb": {"runtime": 1}}