{"CV_RMSE": 1148.4337570827702, "RMSE": 1050.8910618731215, "RMSE_STHLM": 817.5231164191941, "RMSE_S\u00f6dermanland": 233.36794545392735, "CV_RMSE_STHLM": 291.16375337446567, "CV_RMSE_S\u00f6dermanland": 857.2700037083046, "_timestamp": 1748350273.2920806, "_runtime": 1.3611655235290527, "_step": 0, "_wandb": {"runtime": 1}}