{"CV_RMSE": 1519.3908880372144, "RMSE": 2075.065557291883, "RMSE_STHLM": 1839.830512855083, "RMSE_S\u00f6dermanland": 235.2350444368, "CV_RMSE_STHLM": 655.2621533714185, "CV_RMSE_S\u00f6dermanland": 864.1287346657958, "_timestamp": 1748318722.638779, "_runtime": 1.2744028568267822, "_step": 0, "_wandb": {"runtime": 1}}