{"CV_RMSE": 676.9613078457725, "RMSE": 138.2164245076305, "RMSE_skane": 79.59110749176112, "RMSE_kronoberg": 58.62531701586937, "CV_RMSE_'skane": 126.20154464866985, "CV_RMSE_kronoberg": 550.7597631971026, "_timestamp": 1748502452.9617777, "_runtime": 1.307166576385498, "_step": 0, "_wandb": {"runtime": 1}}