{"CV_RMSE": 3504.0267596291715, "RMSE": 1782.4172968553696, "RMSE_skane": 1695.6215263573556, "RMSE_kronoberg": 86.79577049801392, "CV_RMSE_'skane": 2688.6176422156796, "CV_RMSE_kronoberg": 815.4091174134919, "_timestamp": 1748503326.5491428, "_runtime": 1.4180989265441895, "_step": 0, "_wandb": {"runtime": 1}}