{"CV_RMSE": 2377.6070569266717, "RMSE": 149.75779439058056, "RMSE_Kalmar": 76.07904850457759, "RMSE_Blekinge": 73.67874588600299, "CV_RMSE_'Kalmar": 736.248856495912, "CV_RMSE_Blekinge": 1641.3582004307596, "_timestamp": 1748569196.9881392, "_runtime": 1.390188217163086, "_step": 0, "_wandb": {"runtime": 1}}