{"CV_RMSE": 397.2262768460734, "RMSE": 385.6890995736466, "RMSE_STHLM": 307.35415949497894, "RMSE_S\u00f6dermanland": 78.33494007866766, "CV_RMSE_STHLM": 109.46527247545748, "CV_RMSE_S\u00f6dermanland": 287.7610043706159, "_timestamp": 1748397761.7224488, "_runtime": 1.322455883026123, "_step": 0, "_wandb": {"runtime": 1}}