{"CV_RMSE": 306.67915596993953, "RMSE": 22.240399448891058, "RMSE_Kalmar": 14.982393516305976, "RMSE_Blekinge": 7.258005932585083, "CV_RMSE_'Kalmar": 144.99090499650944, "CV_RMSE_Blekinge": 161.68825097343006, "_timestamp": 1748524271.378301, "_runtime": 1.2873878479003906, "_step": 0, "_wandb": {"runtime": 1}}