{"CV_RMSE": 1470.2812377892062, "RMSE": 2157.3275323587272, "RMSE_STHLM": 1945.7283271543429, "RMSE_S\u00f6dermanland": 211.59920520438456, "CV_RMSE_STHLM": 692.9780349975895, "CV_RMSE_S\u00f6dermanland": 777.3032027916167, "_timestamp": 1748290786.1410053, "_runtime": 1.3211212158203125, "_step": 0, "_wandb": {"runtime": 1}}