{"CV_RMSE": 948.1555867168877, "RMSE": 1102.8301821819118, "RMSE_STHLM": 935.4120835846218, "RMSE_S\u00f6dermanland": 167.41809859729008, "CV_RMSE_STHLM": 333.1503265635772, "CV_RMSE_S\u00f6dermanland": 615.0052601533105, "_timestamp": 1748389502.9087121, "_runtime": 1.4537911415100098, "_step": 0, "_wandb": {"runtime": 1}}