{"CV_RMSE": 711.1604106100995, "RMSE": 1162.899412129625, "RMSE_STHLM": 1073.372312489792, "RMSE_S\u00f6dermanland": 89.52709963983317, "CV_RMSE_STHLM": 382.28535070867144, "CV_RMSE_S\u00f6dermanland": 328.87505990142796, "_timestamp": 1748343645.178214, "_runtime": 1.2928130626678467, "_step": 0, "_wandb": {"runtime": 1}}