{"CV_RMSE": 265.75744930643344, "RMSE": 420.10898862659155, "RMSE_STHLM": 385.1005207937017, "RMSE_S\u00f6dermanland": 35.008467832889814, "CV_RMSE_STHLM": 137.15491441010352, "CV_RMSE_S\u00f6dermanland": 128.60253489632993, "_timestamp": 1748450599.650874, "_runtime": 1.270265817642212, "_step": 0, "_wandb": {"runtime": 1}}