{"CV_RMSE": 3995.939096961244, "RMSE": 263.8994341051593, "RMSE_Kalmar": 149.44740725600013, "RMSE_Blekinge": 114.45202684915915, "CV_RMSE_'Kalmar": 1446.2652315096786, "CV_RMSE_Blekinge": 2549.6738654515652, "_timestamp": 1748564319.9718168, "_runtime": 1.3812847137451172, "_step": 0, "_wandb": {"runtime": 1}}