{"CV_RMSE": 305.520976973217, "RMSE": 22.142793525091022, "RMSE_Kalmar": 14.90174067102551, "RMSE_Blekinge": 7.2410528540655115, "CV_RMSE_'Kalmar": 144.21039359056942, "CV_RMSE_Blekinge": 161.31058338264754, "_timestamp": 1748496112.271226, "_runtime": 1.3560869693756104, "_step": 0, "_wandb": {"runtime": 1}}