{"CV_RMSE": 3990.2385158536285, "RMSE": 281.4664583551268, "RMSE_Kalmar": 180.9594087992999, "RMSE_Blekinge": 100.5070495558269, "CV_RMSE_'Kalmar": 1751.220085154515, "CV_RMSE_Blekinge": 2239.0184306991137, "_timestamp": 1748481953.0475407, "_runtime": 1.362257719039917, "_step": 0, "_wandb": {"runtime": 1}}