{"CV_RMSE": 982.2208004887277, "RMSE": 2017.8024554675196, "RMSE_STHLM": 1938.3486676283967, "RMSE_S\u00f6dermanland": 79.4537878391229, "CV_RMSE_STHLM": 690.3497431205212, "CV_RMSE_S\u00f6dermanland": 291.87105736820655, "_timestamp": 1748326883.2706084, "_runtime": 1.2633674144744873, "_step": 0, "_wandb": {"runtime": 1}}