{"CV_RMSE": 999.9061649578, "RMSE": 1354.3077403873158, "RMSE_STHLM": 1198.2886301709143, "RMSE_S\u00f6dermanland": 156.0191102164014, "CV_RMSE_STHLM": 426.7747396730601, "CV_RMSE_S\u00f6dermanland": 573.1314252847399, "_timestamp": 1748284999.4757504, "_runtime": 1.2722313404083252, "_step": 0, "_wandb": {"runtime": 1}}