{"CV_RMSE": 1593.3006464760374, "RMSE": 1730.5808350835055, "RMSE_STHLM": 1436.0812462203742, "RMSE_S\u00f6dermanland": 294.4995888631312, "CV_RMSE_STHLM": 511.46542208086146, "CV_RMSE_S\u00f6dermanland": 1081.8352243951758, "_timestamp": 1748324837.992463, "_runtime": 1.2822070121765137, "_step": 0, "_wandb": {"runtime": 1}}