{"CV_RMSE": 264.0932221913352, "RMSE": 427.5239273921473, "RMSE_STHLM": 393.81322076685757, "RMSE_S\u00f6dermanland": 33.71070662528972, "CV_RMSE_STHLM": 140.25797336374032, "CV_RMSE_S\u00f6dermanland": 123.83524882759488, "_timestamp": 1748503184.4065545, "_runtime": 1.3719935417175293, "_step": 0, "_wandb": {"runtime": 1}}