{"CV_RMSE": 2938.351809558314, "RMSE": 185.89619326038576, "RMSE_Kalmar": 95.46970758389922, "RMSE_Blekinge": 90.42648567648652, "CV_RMSE_'Kalmar": 923.9003959732182, "CV_RMSE_Blekinge": 2014.4514135850957, "_timestamp": 1748544195.1824367, "_runtime": 1.3298876285552979, "_step": 0, "_wandb": {"runtime": 1}}