{"CV_RMSE": 274.3537280112676, "RMSE": 434.7752904967191, "RMSE_STHLM": 398.75009000827356, "RMSE_S\u00f6dermanland": 36.02520048844551, "CV_RMSE_STHLM": 142.01625682922287, "CV_RMSE_S\u00f6dermanland": 132.33747118204474, "_timestamp": 1748346915.7139657, "_runtime": 1.279005765914917, "_step": 0, "_wandb": {"runtime": 1}}