{"CV_RMSE": 4448.999319200171, "RMSE": 1821.9647358733669, "RMSE_skane": 1622.1876566642568, "RMSE_kronoberg": 199.77707920911016, "CV_RMSE_'skane": 2572.179159615629, "CV_RMSE_kronoberg": 1876.8201595845424, "_timestamp": 1748505613.6843402, "_runtime": 1.3225462436676025, "_step": 0, "_wandb": {"runtime": 1}}