{"CV_RMSE": 233.5699501373321, "RMSE": 370.02307054585475, "RMSE_STHLM": 339.34015467093343, "RMSE_S\u00f6dermanland": 30.682915874921314, "CV_RMSE_STHLM": 120.8571979437436, "CV_RMSE_S\u00f6dermanland": 112.7127521935885, "_timestamp": 1748343797.5857735, "_runtime": 1.2945935726165771, "_step": 0, "_wandb": {"runtime": 1}}