{"CV_RMSE": 440.6182921270316, "RMSE": 153.77368492908062, "RMSE_skane": 128.57296808207033, "RMSE_kronoberg": 25.200716847010295, "CV_RMSE_'skane": 203.86834262484723, "CV_RMSE_kronoberg": 236.7499495021844, "_timestamp": 1748524567.2146623, "_runtime": 1.2712821960449219, "_step": 0, "_wandb": {"runtime": 1}}