{"CV_RMSE": 5118.074042380002, "RMSE": 344.01511807551583, "RMSE_Kalmar": 202.03712697276157, "RMSE_Blekinge": 141.97799110275423, "CV_RMSE_'Kalmar": 1955.1980029622086, "CV_RMSE_Blekinge": 3162.8760394177925, "_timestamp": 1748553818.8578224, "_runtime": 1.323230504989624, "_step": 0, "_wandb": {"runtime": 1}}