{"CV_RMSE": 3448.5377674697565, "RMSE": 1180.6361103107834, "RMSE_skane": 978.7532030149397, "RMSE_kronoberg": 201.88290729584364, "CV_RMSE_'skane": 1551.9342542520185, "CV_RMSE_kronoberg": 1896.603513217738, "_timestamp": 1748505397.073529, "_runtime": 1.363598108291626, "_step": 0, "_wandb": {"runtime": 1}}