{"CV_RMSE": 2753.977912260339, "RMSE": 706.1675271473357, "RMSE_skane": 496.886854817587, "RMSE_kronoberg": 209.2806723297487, "CV_RMSE_'skane": 787.8755626071675, "CV_RMSE_kronoberg": 1966.1023496531716, "_timestamp": 1748571602.0449996, "_runtime": 1.2971246242523193, "_step": 0, "_wandb": {"runtime": 1}}