{"CV_RMSE": 564.3573272707699, "RMSE": 1300.4159881911376, "RMSE_STHLM": 1269.906512450025, "RMSE_S\u00f6dermanland": 30.509475741112503, "CV_RMSE_STHLM": 452.2817020993362, "CV_RMSE_S\u00f6dermanland": 112.07562517143369, "_timestamp": 1748335029.021025, "_runtime": 1.3517749309539795, "_step": 0, "_wandb": {"runtime": 1}}