{"CV_RMSE": 1126.6770404882436, "RMSE": 1524.807588790462, "RMSE_STHLM": 1348.8787823859523, "RMSE_S\u00f6dermanland": 175.9288064045097, "CV_RMSE_STHLM": 480.40795573698347, "CV_RMSE_S\u00f6dermanland": 646.26908475126, "_timestamp": 1748378223.1060398, "_runtime": 1.3056278228759766, "_step": 0, "_wandb": {"runtime": 1}}