{"CV_RMSE": 893.7059517584759, "RMSE": 870.6320030564615, "RMSE_STHLM": 694.6984147572118, "RMSE_S\u00f6dermanland": 175.93358829924966, "CV_RMSE_STHLM": 247.41930086327292, "CV_RMSE_S\u00f6dermanland": 646.2866508952029, "_timestamp": 1748317116.258357, "_runtime": 1.3071601390838623, "_step": 0, "_wandb": {"runtime": 1}}