{"CV_RMSE": 3394.711644099769, "RMSE": 1652.8107138955954, "RMSE_skane": 1553.69674803336, "RMSE_kronoberg": 99.11396586223522, "CV_RMSE_'skane": 2463.5783531184356, "CV_RMSE_kronoberg": 931.133290981333, "_timestamp": 1748538895.5149326, "_runtime": 1.2703156471252441, "_step": 0, "_wandb": {"runtime": 1}}