{"CV_RMSE": 306.71370236705354, "RMSE": 22.22978281406618, "RMSE_Kalmar": 14.960880840807889, "RMSE_Blekinge": 7.2689019732582905, "CV_RMSE_'Kalmar": 144.7827178142699, "CV_RMSE_Blekinge": 161.93098455278368, "_timestamp": 1748493432.895737, "_runtime": 1.2407498359680176, "_step": 0, "_wandb": {"runtime": 1}}