{"CV_RMSE": 5295.724474114166, "RMSE": 356.3888935906199, "RMSE_Kalmar": 209.8152598097411, "RMSE_Blekinge": 146.5736337808788, "CV_RMSE_'Kalmar": 2030.470256223301, "CV_RMSE_Blekinge": 3265.2542178908643, "_timestamp": 1748569679.530345, "_runtime": 1.2906999588012695, "_step": 0, "_wandb": {"runtime": 1}}