{"CV_RMSE": 274.30056203539596, "RMSE": 435.10987987404604, "RMSE_STHLM": 399.1366283635207, "RMSE_S\u00f6dermanland": 35.97325151052538, "CV_RMSE_STHLM": 142.15392383346602, "CV_RMSE_S\u00f6dermanland": 132.14663820192996, "_timestamp": 1748476595.8304977, "_runtime": 1.270244836807251, "_step": 0, "_wandb": {"runtime": 1}}