{"CV_RMSE": 702.0727298176525, "RMSE": 1206.5528366350372, "RMSE_STHLM": 1124.4519224062758, "RMSE_S\u00f6dermanland": 82.10091422876144, "CV_RMSE_STHLM": 400.47753469159017, "CV_RMSE_S\u00f6dermanland": 301.5951951260624, "_timestamp": 1748366191.8836133, "_runtime": 1.3270902633666992, "_step": 0, "_wandb": {"runtime": 1}}