{"CV_RMSE": 271.9563698633759, "RMSE": 440.8384699210075, "RMSE_STHLM": 406.1869043788993, "RMSE_S\u00f6dermanland": 34.651565542108195, "CV_RMSE_STHLM": 144.66490460665193, "CV_RMSE_S\u00f6dermanland": 127.291465256724, "_timestamp": 1748442212.7895603, "_runtime": 1.3552134037017822, "_step": 0, "_wandb": {"runtime": 1}}