{"CV_RMSE": 396.83838725936823, "RMSE": 449.121613246989, "RMSE_STHLM": 377.7138411138102, "RMSE_S\u00f6dermanland": 71.40777213317884, "CV_RMSE_STHLM": 134.52412228034396, "CV_RMSE_S\u00f6dermanland": 262.3142649790243, "_timestamp": 1748428599.6196792, "_runtime": 1.278886318206787, "_step": 0, "_wandb": {"runtime": 1}}