{"CV_RMSE": 1487.070960242701, "RMSE": 2250.450273258543, "RMSE_STHLM": 2043.7876711078218, "RMSE_S\u00f6dermanland": 206.66260215072114, "CV_RMSE_STHLM": 727.9022176482151, "CV_RMSE_S\u00f6dermanland": 759.1687425944858, "_timestamp": 1748333251.8593674, "_runtime": 1.2954492568969727, "_step": 0, "_wandb": {"runtime": 1}}