{"CV_RMSE": 2808.7547849380862, "RMSE": 178.30646378799378, "RMSE_Kalmar": 92.33623872170895, "RMSE_Blekinge": 85.97022506628481, "CV_RMSE_'Kalmar": 893.5765037584738, "CV_RMSE_Blekinge": 1915.1782811796122, "_timestamp": 1748526739.801356, "_runtime": 1.3746609687805176, "_step": 0, "_wandb": {"runtime": 1}}