{"CV_RMSE": 1157.493785176552, "RMSE": 318.04208396088836, "RMSE_skane": 234.39461991502336, "RMSE_kronoberg": 83.64746404586502, "CV_RMSE_'skane": 371.66165948470933, "CV_RMSE_kronoberg": 785.8321256918426, "_timestamp": 1748562782.7444804, "_runtime": 1.2911622524261475, "_step": 0, "_wandb": {"runtime": 1}}