{"CV_RMSE": 1925.5138507186757, "RMSE": 880.8499540178565, "RMSE_skane": 813.1305527829471, "RMSE_kronoberg": 67.71940123490933, "CV_RMSE_'skane": 1289.3190583239118, "CV_RMSE_kronoberg": 636.194792394764, "_timestamp": 1748558895.9216375, "_runtime": 1.3266916275024414, "_step": 0, "_wandb": {"runtime": 1}}