{"CV_RMSE": 4554.99170002134, "RMSE": 297.699370586328, "RMSE_Kalmar": 164.83782219593306, "RMSE_Blekinge": 132.86154839039492, "CV_RMSE_'Kalmar": 1595.2047309283842, "CV_RMSE_Blekinge": 2959.786969092956, "_timestamp": 1748482094.5110648, "_runtime": 1.2857818603515625, "_step": 0, "_wandb": {"runtime": 1}}