{"CV_RMSE": 1714.2649929080421, "RMSE": 2300.1955956452516, "RMSE_STHLM": 2030.386440788652, "RMSE_S\u00f6dermanland": 269.8091548565997, "CV_RMSE_STHLM": 723.1293220062472, "CV_RMSE_S\u00f6dermanland": 991.1356709017949, "_timestamp": 1748297578.105801, "_runtime": 1.2733581066131592, "_step": 0, "_wandb": {"runtime": 1}}