{"CV_RMSE": 1376.5457942924359, "RMSE": 1872.267376871849, "RMSE_STHLM": 1658.3199658127785, "RMSE_S\u00f6dermanland": 213.94741105907042, "CV_RMSE_STHLM": 590.6165291774834, "CV_RMSE_S\u00f6dermanland": 785.9292651149526, "_timestamp": 1748314705.0674841, "_runtime": 1.3463730812072754, "_step": 0, "_wandb": {"runtime": 1}}