{"CV_RMSE": 2616.73699559054, "RMSE": 175.41473363150732, "RMSE_Kalmar": 102.46322275294435, "RMSE_Blekinge": 72.95151087856297, "CV_RMSE_'Kalmar": 991.5795750284937, "CV_RMSE_Blekinge": 1625.1574205620464, "_timestamp": 1748516097.6792936, "_runtime": 1.3631587028503418, "_step": 0, "_wandb": {"runtime": 1}}