{"CV_RMSE": 278.9895288716725, "RMSE": 100.49648181239554, "RMSE_skane": 85.1756060193956, "RMSE_kronoberg": 15.320875792999937, "CV_RMSE_'skane": 135.05645774745602, "CV_RMSE_kronoberg": 143.93307112421653, "_timestamp": 1748533398.162416, "_runtime": 1.325516939163208, "_step": 0, "_wandb": {"runtime": 1}}