{"CV_RMSE": 2574.984715837368, "RMSE": 1499.4785777228556, "RMSE_skane": 1474.2029620290932, "RMSE_kronoberg": 25.275615693762433, "CV_RMSE_'skane": 2337.5311237247774, "CV_RMSE_kronoberg": 237.4535921125907, "_timestamp": 1748521395.0860052, "_runtime": 1.3361351490020752, "_step": 0, "_wandb": {"runtime": 1}}