{"CV_RMSE": 4331.797801877652, "RMSE": 1863.7380782230914, "RMSE_skane": 1687.4517829135714, "RMSE_kronoberg": 176.2862953095201, "CV_RMSE_'skane": 2675.6635035627455, "CV_RMSE_kronoberg": 1656.134298314907, "_timestamp": 1748537627.062801, "_runtime": 1.3456058502197266, "_step": 0, "_wandb": {"runtime": 1}}