{"CV_RMSE": 263.4920741376564, "RMSE": 417.95762072624984, "RMSE_STHLM": 383.40107183658336, "RMSE_S\u00f6dermanland": 34.556548889666495, "CV_RMSE_STHLM": 136.54964964500397, "CV_RMSE_S\u00f6dermanland": 126.94242449265244, "_timestamp": 1748530087.4755533, "_runtime": 1.350494384765625, "_step": 0, "_wandb": {"runtime": 1}}