{"CV_RMSE": 4500.887025897175, "RMSE": 1783.2368840225433, "RMSE_skane": 1568.9513843976476, "RMSE_kronoberg": 214.28549962489564, "CV_RMSE_'skane": 2487.7664657467985, "CV_RMSE_kronoberg": 2013.1205601503766, "_timestamp": 1748542912.0440922, "_runtime": 1.3676881790161133, "_step": 0, "_wandb": {"runtime": 1}}