{"CV_RMSE": 274.57381274197894, "RMSE": 436.6685928650947, "RMSE_STHLM": 400.7803168163086, "RMSE_S\u00f6dermanland": 35.888276048786096, "CV_RMSE_STHLM": 142.73932929745854, "CV_RMSE_S\u00f6dermanland": 131.83448344452037, "_timestamp": 1748530757.1558378, "_runtime": 1.2569077014923096, "_step": 0, "_wandb": {"runtime": 1}}