{"CV_RMSE": 659.8996134379873, "RMSE": 1001.386131707082, "RMSE_STHLM": 909.9711413807368, "RMSE_S\u00f6dermanland": 91.41499032634526, "CV_RMSE_STHLM": 324.0894448922292, "CV_RMSE_S\u00f6dermanland": 335.81016854575813, "_timestamp": 1748379956.7190597, "_runtime": 1.318403720855713, "_step": 0, "_wandb": {"runtime": 1}}