{"CV_RMSE": 306.95347255801425, "RMSE": 22.254449174834033, "RMSE_Kalmar": 14.985462797605352, "RMSE_Blekinge": 7.268986377228681, "CV_RMSE_'Kalmar": 145.02060771876148, "CV_RMSE_Blekinge": 161.9328648392528, "_timestamp": 1748516386.3830686, "_runtime": 1.293217658996582, "_step": 0, "_wandb": {"runtime": 1}}