{"CV_RMSE": 306.95959808232476, "RMSE": 22.255073947060374, "RMSE_Kalmar": 14.986081272793472, "RMSE_Blekinge": 7.2689926742669035, "CV_RMSE_'Kalmar": 145.02659296251747, "CV_RMSE_Blekinge": 161.93300511980726, "_timestamp": 1748526393.2935455, "_runtime": 1.4630484580993652, "_step": 0, "_wandb": {"runtime": 1}}