{"CV_RMSE": 262.7171795715077, "RMSE": 412.8821009990686, "RMSE_STHLM": 378.0142251785801, "RMSE_S\u00f6dermanland": 34.867875820488536, "CV_RMSE_STHLM": 134.63110512889676, "CV_RMSE_S\u00f6dermanland": 128.08607444261094, "_timestamp": 1748306904.6364768, "_runtime": 1.3115127086639404, "_step": 0, "_wandb": {"runtime": 1}}