{"CV_RMSE": 304.8536345084385, "RMSE": 22.07462598272905, "RMSE_Kalmar": 14.83418080226693, "RMSE_Blekinge": 7.24044518046212, "CV_RMSE_'Kalmar": 143.55658840903482, "CV_RMSE_Blekinge": 161.29704609940367, "_timestamp": 1748513269.8071716, "_runtime": 1.3507466316223145, "_step": 0, "_wandb": {"runtime": 1}}