{"CV_RMSE": 275.6254220460211, "RMSE": 437.2137621742359, "RMSE_STHLM": 401.0670104892601, "RMSE_S\u00f6dermanland": 36.14675168497581, "CV_RMSE_STHLM": 142.84143626447727, "CV_RMSE_S\u00f6dermanland": 132.7839857815438, "_timestamp": 1748458004.4829593, "_runtime": 1.4184603691101074, "_step": 0, "_wandb": {"runtime": 1}}