{"CV_RMSE": 1765.1825262491118, "RMSE": 2582.5185344978545, "RMSE_STHLM": 2327.6711088079423, "RMSE_S\u00f6dermanland": 254.8474256899123, "CV_RMSE_STHLM": 829.0083094290258, "CV_RMSE_S\u00f6dermanland": 936.174216820086, "_timestamp": 1748290881.543414, "_runtime": 1.2305700778961182, "_step": 0, "_wandb": {"runtime": 1}}