{"CV_RMSE": 271.2424100237763, "RMSE": 430.4731512229921, "RMSE_STHLM": 394.92396686365794, "RMSE_S\u00f6dermanland": 35.54918435933416, "CV_RMSE_STHLM": 140.65356952009978, "CV_RMSE_S\u00f6dermanland": 130.58884050367652, "_timestamp": 1748507005.7789886, "_runtime": 1.2563107013702393, "_step": 0, "_wandb": {"runtime": 1}}