{"CV_RMSE": 5241.409474216343, "RMSE": 343.0727503972388, "RMSE_Kalmar": 190.58228837607186, "RMSE_Blekinge": 152.49046202116693, "CV_RMSE_'Kalmar": 1844.34472622005, "CV_RMSE_Blekinge": 3397.064747996293, "_timestamp": 1748471663.7276402, "_runtime": 1.3261890411376953, "_step": 0, "_wandb": {"runtime": 1}}