{"CV_RMSE": 271.50016672865263, "RMSE": 427.1370789553307, "RMSE_STHLM": 391.1520269470732, "RMSE_S\u00f6dermanland": 35.985052008257554, "CV_RMSE_STHLM": 139.31017975954327, "CV_RMSE_S\u00f6dermanland": 132.18998696910938, "_timestamp": 1748442144.7853887, "_runtime": 1.3675496578216553, "_step": 0, "_wandb": {"runtime": 1}}