{"CV_RMSE": 4380.295789860149, "RMSE": 1750.7323293729992, "RMSE_skane": 1545.2894089863978, "RMSE_kronoberg": 205.44292038660137, "CV_RMSE_'skane": 2450.247477251159, "CV_RMSE_kronoberg": 1930.04831260899, "_timestamp": 1748578594.5759473, "_runtime": 1.342280387878418, "_step": 0, "_wandb": {"runtime": 1}}