{"CV_RMSE": 890.8950741847458, "RMSE": 775.6041266761289, "RMSE_STHLM": 590.3154939359388, "RMSE_S\u00f6dermanland": 185.2886327401901, "CV_RMSE_STHLM": 210.24295391465964, "CV_RMSE_S\u00f6dermanland": 680.6521202700861, "_timestamp": 1748297119.9757578, "_runtime": 1.2745778560638428, "_step": 0, "_wandb": {"runtime": 1}}