{"CV_RMSE": 1016.9504264360002, "RMSE": 1215.7645100489478, "RMSE_STHLM": 1039.7331589937667, "RMSE_S\u00f6dermanland": 176.03135105518123, "CV_RMSE_STHLM": 370.30464704962014, "CV_RMSE_S\u00f6dermanland": 646.64577938638, "_timestamp": 1748324274.450342, "_runtime": 1.2479619979858398, "_step": 0, "_wandb": {"runtime": 1}}