{"CV_RMSE": 4786.04430818877, "RMSE": 1902.0790515306337, "RMSE_skane": 1675.4079753621866, "RMSE_kronoberg": 226.6710761684471, "CV_RMSE_'skane": 2656.5665571282025, "CV_RMSE_kronoberg": 2129.4777510605677, "_timestamp": 1748571829.4203408, "_runtime": 1.3120667934417725, "_step": 0, "_wandb": {"runtime": 1}}