{"CV_RMSE": 2359.570513572099, "RMSE": 989.7810650358434, "RMSE_skane": 888.5958368689008, "RMSE_kronoberg": 101.18522816694254, "CV_RMSE_'skane": 1408.9785996864177, "CV_RMSE_kronoberg": 950.5919138856816, "_timestamp": 1748529360.715865, "_runtime": 1.3738880157470703, "_step": 0, "_wandb": {"runtime": 1}}