{"CV_RMSE": 844.1696020974548, "RMSE": 518.69729401892, "RMSE_STHLM": 319.91196444866307, "RMSE_S\u00f6dermanland": 198.78532957025703, "CV_RMSE_STHLM": 113.93777918630659, "CV_RMSE_S\u00f6dermanland": 730.2318229111482, "_timestamp": 1748373819.930366, "_runtime": 1.3372399806976318, "_step": 0, "_wandb": {"runtime": 1}}