{"CV_RMSE": 275.17811348001464, "RMSE": 436.2087123410505, "RMSE_STHLM": 400.0888970445379, "RMSE_S\u00f6dermanland": 36.11981529651263, "CV_RMSE_STHLM": 142.49307769690705, "CV_RMSE_S\u00f6dermanland": 132.6850357831076, "_timestamp": 1748482354.9681096, "_runtime": 1.2610995769500732, "_step": 0, "_wandb": {"runtime": 1}}