{"CV_RMSE": 1238.969965044134, "RMSE": 1077.6585263316051, "RMSE_STHLM": 819.8723812093051, "RMSE_S\u00f6dermanland": 257.7861451223001, "CV_RMSE_STHLM": 292.0004523499702, "CV_RMSE_S\u00f6dermanland": 946.9695126941637, "_timestamp": 1748350868.7569203, "_runtime": 1.33097243309021, "_step": 0, "_wandb": {"runtime": 1}}