{"CV_RMSE": 290.86233967330236, "RMSE": 407.7353831414307, "RMSE_STHLM": 363.8306283239455, "RMSE_S\u00f6dermanland": 43.904754817485205, "CV_RMSE_STHLM": 129.57956687437712, "CV_RMSE_S\u00f6dermanland": 161.28277279892527, "_timestamp": 1748457083.8778183, "_runtime": 1.2604162693023682, "_step": 0, "_wandb": {"runtime": 1}}