{"CV_RMSE": 4579.657233136635, "RMSE": 1779.50328496689, "RMSE_skane": 1554.3724977883044, "RMSE_kronoberg": 225.1307871785857, "CV_RMSE_'skane": 2464.649837930715, "CV_RMSE_kronoberg": 2115.00739520592, "_timestamp": 1748506074.8734257, "_runtime": 1.3392608165740967, "_step": 0, "_wandb": {"runtime": 1}}