{"CV_RMSE": 2945.279095343751, "RMSE": 631.425177000529, "RMSE_skane": 382.47022210025614, "RMSE_kronoberg": 248.95495490027278, "CV_RMSE_'skane": 606.4538405395182, "CV_RMSE_kronoberg": 2338.825254804233, "_timestamp": 1748567557.7808392, "_runtime": 1.2634921073913574, "_step": 0, "_wandb": {"runtime": 1}}