{"CV_RMSE": 3677.9133175436446, "RMSE": 248.78048664756898, "RMSE_Kalmar": 147.95671347119864, "RMSE_Blekinge": 100.82377317637035, "CV_RMSE_'Kalmar": 1431.839162624503, "CV_RMSE_Blekinge": 2246.0741549191416, "_timestamp": 1748459775.856586, "_runtime": 1.3049020767211914, "_step": 0, "_wandb": {"runtime": 1}}