{"CV_RMSE": 275.20726282353473, "RMSE": 436.5455417652617, "RMSE_STHLM": 400.45310211010906, "RMSE_S\u00f6dermanland": 36.092439655152646, "CV_RMSE_STHLM": 142.6227906209332, "CV_RMSE_S\u00f6dermanland": 132.58447220260157, "_timestamp": 1748517441.611495, "_runtime": 1.2626049518585205, "_step": 0, "_wandb": {"runtime": 1}}