{"CV_RMSE": 1765.7358459619313, "RMSE": 2470.873518942474, "RMSE_STHLM": 2203.87286778564, "RMSE_S\u00f6dermanland": 267.00065115683395, "CV_RMSE_STHLM": 784.917127426623, "CV_RMSE_S\u00f6dermanland": 980.8187185353084, "_timestamp": 1748324371.787313, "_runtime": 1.2570209503173828, "_step": 0, "_wandb": {"runtime": 1}}