{"CV_RMSE": 1018.0213678318643, "RMSE": 1247.7476176283678, "RMSE_STHLM": 1074.8272020775987, "RMSE_S\u00f6dermanland": 172.92041555076906, "CV_RMSE_STHLM": 382.80351478822274, "CV_RMSE_S\u00f6dermanland": 635.2178530436415, "_timestamp": 1748311124.5272894, "_runtime": 1.3066225051879883, "_step": 0, "_wandb": {"runtime": 1}}