{"CV_RMSE": 273.5614850970157, "RMSE": 433.16198185266853, "RMSE_STHLM": 397.2023938463751, "RMSE_S\u00f6dermanland": 35.95958800629343, "CV_RMSE_STHLM": 141.46503935961124, "CV_RMSE_S\u00f6dermanland": 132.09644573740445, "_timestamp": 1748478464.411321, "_runtime": 1.2507729530334473, "_step": 0, "_wandb": {"runtime": 1}}