{"CV_RMSE": 306.9506387429501, "RMSE": 22.25434369808663, "RMSE_Kalmar": 14.985501217677198, "RMSE_Blekinge": 7.26884248040943, "CV_RMSE_'Kalmar": 145.02097952590836, "CV_RMSE_Blekinge": 161.92965921704177, "_timestamp": 1748466089.7250307, "_runtime": 5.768671751022339, "_step": 0, "_wandb": {"runtime": 1}}