{"CV_RMSE": 3248.3321488102647, "RMSE": 1379.160941146474, "RMSE_skane": 1243.226900251957, "RMSE_kronoberg": 135.9340408945171, "CV_RMSE_'skane": 1971.2900109703335, "CV_RMSE_kronoberg": 1277.042137839931, "_timestamp": 1748547874.455745, "_runtime": 1.3500468730926514, "_step": 0, "_wandb": {"runtime": 1}}