{"CV_RMSE": 304.57814444937605, "RMSE": 22.105112745523964, "RMSE_Kalmar": 14.90994787653485, "RMSE_Blekinge": 7.195164868989113, "CV_RMSE_'Kalmar": 144.28981816001468, "CV_RMSE_Blekinge": 160.2883262893614, "_timestamp": 1748540874.7122529, "_runtime": 1.4101788997650146, "_step": 0, "_wandb": {"runtime": 1}}