{"CV_RMSE": 4579.266786382532, "RMSE": 277.6310947954027, "RMSE_Kalmar": 127.42926625641645, "RMSE_Blekinge": 150.20182853898623, "CV_RMSE_'Kalmar": 1233.1864476427397, "CV_RMSE_Blekinge": 3346.0803387397923, "_timestamp": 1748518283.0990605, "_runtime": 1.3718576431274414, "_step": 0, "_wandb": {"runtime": 1}}