{"CV_RMSE": 305.68002385558555, "RMSE": 22.13512113362857, "RMSE_Kalmar": 14.875552455735216, "RMSE_Blekinge": 7.259568677893354, "CV_RMSE_'Kalmar": 143.95695924905044, "CV_RMSE_Blekinge": 161.7230646065351, "_timestamp": 1748501010.2389565, "_runtime": 1.3649334907531738, "_step": 0, "_wandb": {"runtime": 1}}