{"CV_RMSE": 1149.769309292611, "RMSE": 1007.0827667244544, "RMSE_STHLM": 768.608876443048, "RMSE_S\u00f6dermanland": 238.47389028140645, "CV_RMSE_STHLM": 273.74277356499533, "CV_RMSE_S\u00f6dermanland": 876.0265357276156, "_timestamp": 1748387339.1415894, "_runtime": 1.311861515045166, "_step": 0, "_wandb": {"runtime": 1}}