{"CV_RMSE": 453.56081496717616, "RMSE": 29.21138071412448, "RMSE_Kalmar": 15.650060662812523, "RMSE_Blekinge": 13.561320051311958, "CV_RMSE_'Kalmar": 151.45219996270183, "CV_RMSE_Blekinge": 302.1086150044743, "_timestamp": 1748469295.601228, "_runtime": 1.34226393699646, "_step": 0, "_wandb": {"runtime": 1}}