{"CV_RMSE": 869.2145167421681, "RMSE": 1034.7054758161544, "RMSE_STHLM": 883.7700448514229, "RMSE_S\u00f6dermanland": 150.9354309647314, "CV_RMSE_STHLM": 314.75783156560374, "CV_RMSE_S\u00f6dermanland": 554.4566851765644, "_timestamp": 1748378112.229902, "_runtime": 1.3030340671539307, "_step": 0, "_wandb": {"runtime": 1}}