{"CV_RMSE": 279.91919579864276, "RMSE": 461.3207462973721, "RMSE_STHLM": 426.4678159495748, "RMSE_S\u00f6dermanland": 34.852930347797326, "CV_RMSE_STHLM": 151.8880230924485, "CV_RMSE_S\u00f6dermanland": 128.03117270619427, "_timestamp": 1748325701.8120928, "_runtime": 1.2939207553863525, "_step": 0, "_wandb": {"runtime": 1}}