{"CV_RMSE": 3295.212974901744, "RMSE": 1187.6987681789872, "RMSE_skane": 1006.8844482037083, "RMSE_kronoberg": 180.81431997527892, "CV_RMSE_'skane": 1596.5398227331527, "CV_RMSE_kronoberg": 1698.6731521685913, "_timestamp": 1748552488.2471576, "_runtime": 1.3129684925079346, "_step": 0, "_wandb": {"runtime": 1}}