{"CV_RMSE": 306.5172723280675, "RMSE": 22.22319265789486, "RMSE_Kalmar": 14.964818966514246, "RMSE_Blekinge": 7.258373691380614, "CV_RMSE_'Kalmar": 144.82082870820238, "CV_RMSE_Blekinge": 161.69644361986516, "_timestamp": 1748478088.9243047, "_runtime": 1.2811667919158936, "_step": 0, "_wandb": {"runtime": 1}}