{"CV_RMSE": 4023.4768393420654, "RMSE": 1401.2542779938003, "RMSE_skane": 1170.5426896428376, "RMSE_kronoberg": 230.7115883509628, "CV_RMSE_'skane": 1856.0402055647528, "CV_RMSE_kronoberg": 2167.4366337773126, "_timestamp": 1748542885.4702432, "_runtime": 1.3255352973937988, "_step": 0, "_wandb": {"runtime": 1}}