{"CV_RMSE": 682.2030554163889, "RMSE": 964.7700710928209, "RMSE_STHLM": 862.700568717638, "RMSE_S\u00f6dermanland": 102.06950237518289, "CV_RMSE_STHLM": 307.2538630177579, "CV_RMSE_S\u00f6dermanland": 374.94919239863106, "_timestamp": 1748310768.9214838, "_runtime": 1.3092308044433594, "_step": 0, "_wandb": {"runtime": 1}}