{"CV_RMSE": 3953.1778855436924, "RMSE": 1538.3786199287558, "RMSE_skane": 1344.5127814183293, "RMSE_kronoberg": 193.86583851042658, "CV_RMSE_'skane": 2131.891302460353, "CV_RMSE_kronoberg": 1821.2865830833396, "_timestamp": 1748575406.6067605, "_runtime": 1.3237104415893555, "_step": 0, "_wandb": {"runtime": 1}}