{"CV_RMSE": 1056.9258609564185, "RMSE": 793.662326413777, "RMSE_STHLM": 560.2627201075178, "RMSE_S\u00f6dermanland": 233.39960630625922, "CV_RMSE_STHLM": 199.53955207628258, "CV_RMSE_S\u00f6dermanland": 857.386308880136, "_timestamp": 1748318450.2211626, "_runtime": 1.3745014667510986, "_step": 0, "_wandb": {"runtime": 1}}