{"CV_RMSE": 1001.1988473530962, "RMSE": 1028.8789450933266, "RMSE_STHLM": 837.5314833220082, "RMSE_S\u00f6dermanland": 191.34746177131836, "CV_RMSE_STHLM": 298.28980411151855, "CV_RMSE_S\u00f6dermanland": 702.9090432415777, "_timestamp": 1748349726.6178973, "_runtime": 1.3422412872314453, "_step": 0, "_wandb": {"runtime": 1}}