{"CV_RMSE": 362.8092070853501, "RMSE": 683.636489514331, "RMSE_STHLM": 647.6647413856249, "RMSE_S\u00f6dermanland": 35.97174812870609, "CV_RMSE_STHLM": 230.66809151051143, "CV_RMSE_S\u00f6dermanland": 132.1411155748387, "_timestamp": 1748339325.2911854, "_runtime": 1.4089362621307373, "_step": 0, "_wandb": {"runtime": 1}}