{"CV_RMSE": 292.756194414335, "RMSE": 21.303645894257016, "RMSE_Kalmar": 14.431169997798321, "RMSE_Blekinge": 6.8724758964586945, "CV_RMSE_'Kalmar": 139.65648384966116, "CV_RMSE_Blekinge": 153.09971056467387, "_timestamp": 1748491081.9466121, "_runtime": 1.358889102935791, "_step": 0, "_wandb": {"runtime": 1}}