{"CV_RMSE": 1027.0136348519945, "RMSE": 1241.3494299283204, "RMSE_STHLM": 1065.0313866708475, "RMSE_S\u00f6dermanland": 176.31804325747297, "CV_RMSE_STHLM": 379.31470043678775, "CV_RMSE_S\u00f6dermanland": 647.6989344152068, "_timestamp": 1748331411.2156804, "_runtime": 1.2553362846374512, "_step": 0, "_wandb": {"runtime": 1}}