{"CV_RMSE": 3394.7212106710526, "RMSE": 220.7566716729466, "RMSE_Kalmar": 120.88480959637414, "RMSE_Blekinge": 99.87186207657247, "CV_RMSE_'Kalmar": 1169.8529960939431, "CV_RMSE_Blekinge": 2224.8682145771095, "_timestamp": 1748493855.2105906, "_runtime": 1.3269786834716797, "_step": 0, "_wandb": {"runtime": 1}}