{"CV_RMSE": 274.68943462378166, "RMSE": 435.80163454853005, "RMSE_STHLM": 399.7854261060567, "RMSE_S\u00f6dermanland": 36.01620844247332, "CV_RMSE_STHLM": 142.38499544734904, "CV_RMSE_S\u00f6dermanland": 132.30443917643262, "_timestamp": 1748305299.8946857, "_runtime": 1.3047447204589844, "_step": 0, "_wandb": {"runtime": 1}}