{"CV_RMSE": 826.055021318092, "RMSE": 1063.107207966331, "RMSE_STHLM": 928.2314093653113, "RMSE_S\u00f6dermanland": 134.87579860101982, "CV_RMSE_STHLM": 330.59290400822323, "CV_RMSE_S\u00f6dermanland": 495.46211730986874, "_timestamp": 1748303632.3460894, "_runtime": 1.340522289276123, "_step": 0, "_wandb": {"runtime": 1}}