{"CV_RMSE": 4285.751933512066, "RMSE": 291.0936769761206, "RMSE_Kalmar": 174.52711445521254, "RMSE_Blekinge": 116.56656252090808, "CV_RMSE_'Kalmar": 1688.9720753730244, "CV_RMSE_Blekinge": 2596.7798581390416, "_timestamp": 1748506976.6819139, "_runtime": 1.3251378536224365, "_step": 0, "_wandb": {"runtime": 1}}