{"CV_RMSE": 1961.1482322586212, "RMSE": 1164.7403328896971, "RMSE_skane": 1150.1022054642258, "RMSE_kronoberg": 14.63812742547141, "CV_RMSE_'skane": 1823.6292898481381, "CV_RMSE_kronoberg": 137.51894241048296, "_timestamp": 1748545669.203352, "_runtime": 1.339721918106079, "_step": 0, "_wandb": {"runtime": 1}}