{"CV_RMSE": 1731.6708797694625, "RMSE": 2387.297849258851, "RMSE_STHLM": 2121.5931842637715, "RMSE_S\u00f6dermanland": 265.70466499507944, "CV_RMSE_STHLM": 755.6129267263135, "CV_RMSE_S\u00f6dermanland": 976.057953043149, "_timestamp": 1748294445.9404988, "_runtime": 1.270075798034668, "_step": 0, "_wandb": {"runtime": 1}}