{"CV_RMSE": 3126.405243403163, "RMSE": 741.3028171850157, "RMSE_skane": 491.464060814572, "RMSE_kronoberg": 249.8387563704437, "CV_RMSE_'skane": 779.2770520315623, "CV_RMSE_kronoberg": 2347.1281913716007, "_timestamp": 1748571934.2443833, "_runtime": 1.3047044277191162, "_step": 0, "_wandb": {"runtime": 1}}