{"CV_RMSE": 5049.487472481254, "RMSE": 1926.8388488748417, "RMSE_skane": 1671.4592407248495, "RMSE_kronoberg": 255.37960814999215, "CV_RMSE_'skane": 2650.3053499865478, "CV_RMSE_kronoberg": 2399.182122494707, "_timestamp": 1748552063.5501227, "_runtime": 1.2511496543884277, "_step": 0, "_wandb": {"runtime": 1}}