{"CV_RMSE": 1189.2227212893386, "RMSE": 2029.2112925141214, "RMSE_STHLM": 1888.5819541697426, "RMSE_S\u00f6dermanland": 140.6293383443787, "CV_RMSE_STHLM": 672.6251518610085, "CV_RMSE_S\u00f6dermanland": 516.59756942833, "_timestamp": 1748373226.7173748, "_runtime": 1.365952730178833, "_step": 0, "_wandb": {"runtime": 1}}