{"CV_RMSE": 720.4736262989776, "RMSE": 1545.7258904884518, "RMSE_STHLM": 1494.49233790622, "RMSE_S\u00f6dermanland": 51.23355258223187, "CV_RMSE_STHLM": 532.2687392622074, "CV_RMSE_S\u00f6dermanland": 188.20488703677015, "_timestamp": 1748306567.8070445, "_runtime": 1.3190245628356934, "_step": 0, "_wandb": {"runtime": 1}}