{"CV_RMSE": 272.03378153755534, "RMSE": 432.17611700971156, "RMSE_STHLM": 396.5712086174717, "RMSE_S\u00f6dermanland": 35.60490839223984, "CV_RMSE_STHLM": 141.24024050483757, "CV_RMSE_S\u00f6dermanland": 130.7935410327178, "_timestamp": 1748477571.7863154, "_runtime": 1.2655823230743408, "_step": 0, "_wandb": {"runtime": 1}}