{"CV_RMSE": 4717.40055385075, "RMSE": 1839.1345172089552, "RMSE_skane": 1608.4728153708963, "RMSE_kronoberg": 230.6617018380588, "CV_RMSE_'skane": 2550.432582511992, "CV_RMSE_kronoberg": 2166.9679713387573, "_timestamp": 1748514522.5370073, "_runtime": 1.3208563327789307, "_step": 0, "_wandb": {"runtime": 1}}