{"CV_RMSE": 306.9110651610928, "RMSE": 22.25048499667252, "RMSE_Kalmar": 14.981819607060242, "RMSE_Blekinge": 7.268665389612275, "CV_RMSE_'Kalmar": 144.98535103606685, "CV_RMSE_Blekinge": 161.92571412502593, "_timestamp": 1748500662.4032533, "_runtime": 1.5109093189239502, "_step": 0, "_wandb": {"runtime": 1}}