{"CV_RMSE": 694.7990247665651, "RMSE": 1159.7708241143496, "RMSE_STHLM": 1074.839948906862, "RMSE_S\u00f6dermanland": 84.93087520748753, "CV_RMSE_STHLM": 382.80805461661095, "CV_RMSE_S\u00f6dermanland": 311.9909701499542, "_timestamp": 1748402806.7151735, "_runtime": 1.3144583702087402, "_step": 0, "_wandb": {"runtime": 1}}