{"CV_RMSE": 1417.171983324701, "RMSE": 1533.6524581340464, "RMSE_STHLM": 1271.1039794907924, "RMSE_S\u00f6dermanland": 262.548478643254, "CV_RMSE_STHLM": 452.7081842270333, "CV_RMSE_S\u00f6dermanland": 964.4637990976677, "_timestamp": 1748356047.7128832, "_runtime": 1.3529131412506104, "_step": 0, "_wandb": {"runtime": 1}}