{"CV_RMSE": 4619.474942176618, "RMSE": 308.0069502333177, "RMSE_Kalmar": 177.94445462151884, "RMSE_Blekinge": 130.06249561179885, "CV_RMSE_'Kalmar": 1722.043109240505, "CV_RMSE_Blekinge": 2897.431832936113, "_timestamp": 1748543581.1596944, "_runtime": 1.371049404144287, "_step": 0, "_wandb": {"runtime": 1}}