{"CV_RMSE": 275.48624868183094, "RMSE": 436.8531462471966, "RMSE_STHLM": 400.7096317350022, "RMSE_S\u00f6dermanland": 36.143514512194415, "CV_RMSE_STHLM": 142.71415455540244, "CV_RMSE_S\u00f6dermanland": 132.77209412642847, "_timestamp": 1748482334.3951926, "_runtime": 1.2596006393432617, "_step": 0, "_wandb": {"runtime": 1}}