{"CV_RMSE": 1364.3444267178606, "RMSE": 2110.6647012144344, "RMSE_STHLM": 1925.9901792893952, "RMSE_S\u00f6dermanland": 184.67452192503916, "CV_RMSE_STHLM": 685.9482237279208, "CV_RMSE_S\u00f6dermanland": 678.3962029899398, "_timestamp": 1748388826.8354506, "_runtime": 1.3169715404510498, "_step": 0, "_wandb": {"runtime": 1}}