{"CV_RMSE": 2815.681745015914, "RMSE": 183.35602934888738, "RMSE_Kalmar": 100.7144107335885, "RMSE_Blekinge": 82.64161861529887, "CV_RMSE_'Kalmar": 974.6555877444048, "CV_RMSE_Blekinge": 1841.0261572715094, "_timestamp": 1748534501.1099968, "_runtime": 1.372607707977295, "_step": 0, "_wandb": {"runtime": 1}}