{"CV_RMSE": 4567.379206745038, "RMSE": 1881.3338438160013, "RMSE_skane": 1678.452271769256, "RMSE_kronoberg": 202.88157204674542, "CV_RMSE_'skane": 2661.393665596072, "CV_RMSE_kronoberg": 1905.9855411489655, "_timestamp": 1748522098.6927884, "_runtime": 1.255197286605835, "_step": 0, "_wandb": {"runtime": 1}}