{"CV_RMSE": 872.8246268487067, "RMSE": 797.4526345467613, "RMSE_STHLM": 619.9570103701734, "RMSE_S\u00f6dermanland": 177.49562417658785, "CV_RMSE_STHLM": 220.79988497552674, "CV_RMSE_S\u00f6dermanland": 652.0247418731799, "_timestamp": 1748387695.9240198, "_runtime": 1.32039475440979, "_step": 0, "_wandb": {"runtime": 1}}