{"CV_RMSE": 273.5284547673739, "RMSE": 435.6106820317792, "RMSE_STHLM": 399.92394822844136, "RMSE_S\u00f6dermanland": 35.68673380333787, "CV_RMSE_STHLM": 142.43433059184696, "CV_RMSE_S\u00f6dermanland": 131.0941241755269, "_timestamp": 1748539418.8891463, "_runtime": 1.2597193717956543, "_step": 0, "_wandb": {"runtime": 1}}