{"CV_RMSE": 4074.9824957023898, "RMSE": 288.23315676688105, "RMSE_Kalmar": 186.19752827492454, "RMSE_Blekinge": 102.03562849195654, "CV_RMSE_'Kalmar": 1801.9115639508827, "CV_RMSE_Blekinge": 2273.070931751507, "_timestamp": 1748486391.9604383, "_runtime": 1.3707983493804932, "_step": 0, "_wandb": {"runtime": 1}}