{"CV_RMSE": 306.4639243863178, "RMSE": 22.22580503531913, "RMSE_Kalmar": 14.973671836754077, "RMSE_Blekinge": 7.252133198565054, "CV_RMSE_'Kalmar": 144.90650164600717, "CV_RMSE_Blekinge": 161.55742274031059, "_timestamp": 1748463475.3658834, "_runtime": 1.3453643321990967, "_step": 0, "_wandb": {"runtime": 1}}