{"CV_RMSE": 4967.535109757209, "RMSE": 1941.6860616544434, "RMSE_skane": 1699.815885272924, "RMSE_kronoberg": 241.87017638151926, "CV_RMSE_'skane": 2695.2683170289492, "CV_RMSE_kronoberg": 2272.2667927282605, "_timestamp": 1748539422.1719186, "_runtime": 1.280043601989746, "_step": 0, "_wandb": {"runtime": 1}}