{"CV_RMSE": 3863.476108834272, "RMSE": 257.281483320496, "RMSE_Kalmar": 148.25956311392883, "RMSE_Blekinge": 109.02192020656722, "CV_RMSE_'Kalmar": 1434.769965618666, "CV_RMSE_Blekinge": 2428.706143215606, "_timestamp": 1748537508.4191055, "_runtime": 1.4022774696350098, "_step": 0, "_wandb": {"runtime": 1}}