{"CV_RMSE": 1988.6499268827688, "RMSE": 2771.3624224084765, "RMSE_STHLM": 2469.4257268485603, "RMSE_S\u00f6dermanland": 301.9366955599163, "CV_RMSE_STHLM": 879.4947187034842, "CV_RMSE_S\u00f6dermanland": 1109.1552081792845, "_timestamp": 1748318548.025484, "_runtime": 1.254945993423462, "_step": 0, "_wandb": {"runtime": 1}}