{"CV_RMSE": 1476.2330777535992, "RMSE": 2103.447721635665, "RMSE_STHLM": 1884.2697007413444, "RMSE_S\u00f6dermanland": 219.1780208943205, "CV_RMSE_STHLM": 671.0893275295647, "CV_RMSE_S\u00f6dermanland": 805.1437502240345, "_timestamp": 1748361060.9807668, "_runtime": 1.3530337810516357, "_step": 0, "_wandb": {"runtime": 1}}