{"CV_RMSE": 275.9731208386411, "RMSE": 98.56721094862267, "RMSE_skane": 83.24086841039704, "RMSE_kronoberg": 15.32634253822563, "CV_RMSE_'skane": 131.98869198265913, "CV_RMSE_kronoberg": 143.98442885598192, "_timestamp": 1748510189.8893957, "_runtime": 1.3103506565093994, "_step": 0, "_wandb": {"runtime": 1}}