{"CV_RMSE": 4925.128673204887, "RMSE": 1849.3401950407256, "RMSE_skane": 1594.1494853989957, "RMSE_kronoberg": 255.19070964172997, "CV_RMSE_'skane": 2527.721171351473, "CV_RMSE_kronoberg": 2397.407501853413, "_timestamp": 1748517844.7234676, "_runtime": 1.2558636665344238, "_step": 0, "_wandb": {"runtime": 1}}