{"CV_RMSE": 3489.6724320882486, "RMSE": 229.56568921602133, "RMSE_Kalmar": 128.92376268565732, "RMSE_Blekinge": 100.641926530364, "CV_RMSE_'Kalmar": 1247.6493163128127, "CV_RMSE_Blekinge": 2242.0231157754356, "_timestamp": 1748468952.8375015, "_runtime": 1.330601453781128, "_step": 0, "_wandb": {"runtime": 1}}