{"CV_RMSE": 257.9309675542053, "RMSE": 404.26740674620254, "RMSE_STHLM": 369.91743703650144, "RMSE_S\u00f6dermanland": 34.34996970970112, "CV_RMSE_STHLM": 131.74740535530324, "CV_RMSE_S\u00f6dermanland": 126.18356219890208, "_timestamp": 1748476853.2851107, "_runtime": 1.2982406616210938, "_step": 0, "_wandb": {"runtime": 1}}