{"CV_RMSE": 617.2757222675612, "RMSE": 628.1613330675057, "RMSE_STHLM": 509.5251051727271, "RMSE_S\u00f6dermanland": 118.63622789477853, "CV_RMSE_STHLM": 181.46917081735432, "CV_RMSE_S\u00f6dermanland": 435.8065514502069, "_timestamp": 1748395852.0317023, "_runtime": 1.3247551918029785, "_step": 0, "_wandb": {"runtime": 1}}