{"CV_RMSE": 306.94293342316854, "RMSE": 22.253329873574142, "RMSE_Kalmar": 14.984320256878469, "RMSE_Blekinge": 7.269009616695673, "CV_RMSE_'Kalmar": 145.00955087301742, "CV_RMSE_Blekinge": 161.93338255015112, "_timestamp": 1748475630.0269878, "_runtime": 1.3595046997070312, "_step": 0, "_wandb": {"runtime": 1}}