{"CV_RMSE": 272.9956571070153, "RMSE": 97.48676794388217, "RMSE_skane": 82.32232783653417, "RMSE_kronoberg": 15.164440107348005, "CV_RMSE_'skane": 130.53223229894422, "CV_RMSE_kronoberg": 142.46342480807104, "_timestamp": 1748549534.7414243, "_runtime": 1.3182144165039062, "_step": 0, "_wandb": {"runtime": 1}}