{"CV_RMSE": 4399.478249473151, "RMSE": 1844.2334264820108, "RMSE_skane": 1655.3196324536254, "RMSE_kronoberg": 188.91379402838547, "CV_RMSE_'skane": 2624.714004947609, "CV_RMSE_kronoberg": 1774.764244525542, "_timestamp": 1748520341.093861, "_runtime": 1.3539202213287354, "_step": 0, "_wandb": {"runtime": 1}}