{"CV_RMSE": 280.81776784791236, "RMSE": 439.4585958930488, "RMSE_STHLM": 401.98762893095756, "RMSE_S\u00f6dermanland": 37.47096696209124, "CV_RMSE_STHLM": 143.1693177830874, "CV_RMSE_S\u00f6dermanland": 137.64845006482497, "_timestamp": 1748501048.6043172, "_runtime": 1.3176581859588623, "_step": 0, "_wandb": {"runtime": 1}}