{"CV_RMSE": 3990.2114340398994, "RMSE": 239.88166012755465, "RMSE_Kalmar": 107.43710504228167, "RMSE_Blekinge": 132.44455508527298, "CV_RMSE_'Kalmar": 1039.713919764016, "CV_RMSE_Blekinge": 2950.4975142758835, "_timestamp": 1748474590.1641645, "_runtime": 1.3107576370239258, "_step": 0, "_wandb": {"runtime": 1}}