{"CV_RMSE": 3845.0742626300907, "RMSE": 227.9166352866476, "RMSE_Kalmar": 97.8012115322904, "RMSE_Blekinge": 130.1154237543572, "CV_RMSE_'Kalmar": 946.4633374092618, "CV_RMSE_Blekinge": 2898.610925220829, "_timestamp": 1748531724.0246515, "_runtime": 1.3908944129943848, "_step": 0, "_wandb": {"runtime": 1}}