{"CV_RMSE": 4822.246980039297, "RMSE": 1968.9010818431566, "RMSE_skane": 1751.162312379028, "RMSE_kronoberg": 217.7387694641286, "CV_RMSE_'skane": 2776.6844276623065, "CV_RMSE_kronoberg": 2045.562552376991, "_timestamp": 1748511184.1526847, "_runtime": 1.4303257465362549, "_step": 0, "_wandb": {"runtime": 1}}