{"CV_RMSE": 4937.33478786454, "RMSE": 1911.175637717212, "RMSE_skane": 1666.9776538075348, "RMSE_kronoberg": 244.1979839096774, "CV_RMSE_'skane": 2643.1992396525393, "CV_RMSE_kronoberg": 2294.1355482120007, "_timestamp": 1748541052.5145776, "_runtime": 1.2544655799865723, "_step": 0, "_wandb": {"runtime": 1}}