{"CV_RMSE": 2688.3779945358947, "RMSE": 186.53362870198242, "RMSE_Kalmar": 116.43622562918596, "RMSE_Blekinge": 70.09740307279645, "CV_RMSE_'Kalmar": 1126.8021835082511, "CV_RMSE_Blekinge": 1561.5758110276438, "_timestamp": 1748544273.4173288, "_runtime": 1.30808687210083, "_step": 0, "_wandb": {"runtime": 1}}