{"CV_RMSE": 1670.1069189894447, "RMSE": 887.4064757313222, "RMSE_skane": 853.7253464911333, "RMSE_kronoberg": 33.68112924018882, "CV_RMSE_'skane": 1353.6871244573995, "CV_RMSE_kronoberg": 316.4197945320453, "_timestamp": 1748506719.7935421, "_runtime": 1.2923641204833984, "_step": 0, "_wandb": {"runtime": 1}}