{"CV_RMSE": 2716.0474474252514, "RMSE": 205.4378990622808, "RMSE_Kalmar": 147.6641039722591, "RMSE_Blekinge": 57.773795090021665, "CV_RMSE_'Kalmar": 1429.0074577960559, "CV_RMSE_Blekinge": 1287.0399896291956, "_timestamp": 1748550421.9458942, "_runtime": 1.4050562381744385, "_step": 0, "_wandb": {"runtime": 1}}