{"CV_RMSE": 1411.1742755749215, "RMSE": 2038.9100043796186, "RMSE_STHLM": 1832.414968029019, "RMSE_S\u00f6dermanland": 206.49503635059963, "CV_RMSE_STHLM": 652.6210808176166, "CV_RMSE_S\u00f6dermanland": 758.5531947573047, "_timestamp": 1748355853.9489117, "_runtime": 1.3378877639770508, "_step": 0, "_wandb": {"runtime": 1}}