{"CV_RMSE": 4642.182395954884, "RMSE": 1793.2322295132592, "RMSE_skane": 1562.882273061841, "RMSE_kronoberg": 230.34995645141822, "CV_RMSE_'skane": 2478.143139104399, "CV_RMSE_kronoberg": 2164.0392568504844, "_timestamp": 1748574403.176495, "_runtime": 1.3287010192871094, "_step": 0, "_wandb": {"runtime": 1}}