{"CV_RMSE": 1166.6110680431584, "RMSE": 1181.2962060232871, "RMSE_STHLM": 956.4492891066424, "RMSE_S\u00f6dermanland": 224.84691691664483, "CV_RMSE_STHLM": 340.6428018187488, "CV_RMSE_S\u00f6dermanland": 825.9682662244096, "_timestamp": 1748290812.7226098, "_runtime": 1.3714897632598877, "_step": 0, "_wandb": {"runtime": 1}}