{"CV_RMSE": 279.1165262949113, "RMSE": 100.58670066506517, "RMSE_skane": 85.26788093968182, "RMSE_kronoberg": 15.318819725383353, "CV_RMSE_'skane": 135.20277104600711, "CV_RMSE_kronoberg": 143.91375524890415, "_timestamp": 1748524861.0354283, "_runtime": 1.3406322002410889, "_step": 0, "_wandb": {"runtime": 1}}