{"CV_RMSE": 274.9486143940069, "RMSE": 436.18967600481756, "RMSE_STHLM": 400.1369990930037, "RMSE_S\u00f6dermanland": 36.05267691181386, "CV_RMSE_STHLM": 142.51020941183353, "CV_RMSE_S\u00f6dermanland": 132.43840498217338, "_timestamp": 1748396212.9969172, "_runtime": 1.248960256576538, "_step": 0, "_wandb": {"runtime": 1}}