{"CV_RMSE": 306.7482723540039, "RMSE": 22.234753312589174, "RMSE_Kalmar": 14.96692529309781, "RMSE_Blekinge": 7.267828019491362, "CV_RMSE_'Kalmar": 144.84121251384977, "CV_RMSE_Blekinge": 161.90705984015412, "_timestamp": 1748579339.7635942, "_runtime": 1.2657780647277832, "_step": 0, "_wandb": {"runtime": 1}}