{"CV_RMSE": 275.51633214878973, "RMSE": 436.78755675159283, "RMSE_STHLM": 400.6279318053606, "RMSE_S\u00f6dermanland": 36.15962494623221, "CV_RMSE_STHLM": 142.68505683609996, "CV_RMSE_S\u00f6dermanland": 132.83127531268977, "_timestamp": 1748532216.4773693, "_runtime": 1.3010404109954834, "_step": 0, "_wandb": {"runtime": 1}}