{"CV_RMSE": 935.5226233852738, "RMSE": 950.0543564857571, "RMSE_STHLM": 770.0421335954735, "RMSE_S\u00f6dermanland": 180.01222289028357, "CV_RMSE_STHLM": 274.25323317606893, "CV_RMSE_S\u00f6dermanland": 661.269390209205, "_timestamp": 1748291969.0113237, "_runtime": 1.2672927379608154, "_step": 0, "_wandb": {"runtime": 1}}