{"CV_RMSE": 618.6122863114415, "RMSE": 139.13161731526884, "RMSE_skane": 88.16420380546862, "RMSE_kronoberg": 50.96741350980021, "CV_RMSE_'skane": 139.79524916300522, "CV_RMSE_kronoberg": 478.8170371484362, "_timestamp": 1748500321.5888233, "_runtime": 1.305847406387329, "_step": 0, "_wandb": {"runtime": 1}}