{"CV_RMSE": 272.8090684230827, "RMSE": 431.32091504801986, "RMSE_STHLM": 395.39048139884835, "RMSE_S\u00f6dermanland": 35.93043364917151, "CV_RMSE_STHLM": 140.8197203240853, "CV_RMSE_S\u00f6dermanland": 131.9893480989974, "_timestamp": 1748566894.8607671, "_runtime": 1.3382420539855957, "_step": 0, "_wandb": {"runtime": 1}}