{"CV_RMSE": 693.4137237715586, "RMSE": 890.5285599784735, "RMSE_STHLM": 777.1089036742691, "RMSE_S\u00f6dermanland": 113.41965630420445, "CV_RMSE_STHLM": 276.7700883683586, "CV_RMSE_S\u00f6dermanland": 416.64363540320005, "_timestamp": 1748295025.145094, "_runtime": 1.3240609169006348, "_step": 0, "_wandb": {"runtime": 1}}