{"CV_RMSE": 275.02141305627276, "RMSE": 436.2016445674356, "RMSE_STHLM": 400.1283075739529, "RMSE_S\u00f6dermanland": 36.073336993482705, "CV_RMSE_STHLM": 142.5071138965404, "CV_RMSE_S\u00f6dermanland": 132.5142991597324, "_timestamp": 1748450505.044718, "_runtime": 1.2628920078277588, "_step": 0, "_wandb": {"runtime": 1}}