{"CV_RMSE": 1026.4165140021419, "RMSE": 525.7709114023182, "RMSE_STHLM": 272.8069547842323, "RMSE_S\u00f6dermanland": 252.96395661808592, "CV_RMSE_STHLM": 97.16116316019354, "CV_RMSE_S\u00f6dermanland": 929.2553508419483, "_timestamp": 1748324576.2809567, "_runtime": 1.2713987827301025, "_step": 0, "_wandb": {"runtime": 1}}