{"CV_RMSE": 1628.7189829365084, "RMSE": 2270.659646342923, "RMSE_STHLM": 2023.467173316279, "RMSE_S\u00f6dermanland": 247.19247302664417, "CV_RMSE_STHLM": 720.6650003896523, "CV_RMSE_S\u00f6dermanland": 908.0539825468561, "_timestamp": 1748395463.878496, "_runtime": 1.268791913986206, "_step": 0, "_wandb": {"runtime": 1}}