{"CV_RMSE": 4639.827467171297, "RMSE": 1912.7037522040941, "RMSE_skane": 1706.91431217285, "RMSE_kronoberg": 205.78944003124406, "CV_RMSE_'skane": 2706.523750802616, "CV_RMSE_kronoberg": 1933.303716368681, "_timestamp": 1748546055.279271, "_runtime": 1.3375067710876465, "_step": 0, "_wandb": {"runtime": 1}}