{"CV_RMSE": 1903.1161079462709, "RMSE": 795.2905605396752, "RMSE_skane": 713.0663562976606, "RMSE_kronoberg": 82.22420424201464, "CV_RMSE_'skane": 1130.6548989920623, "CV_RMSE_kronoberg": 772.4612089542086, "_timestamp": 1748515743.1330316, "_runtime": 1.7529447078704834, "_step": 0, "_wandb": {"runtime": 1}}