{"CV_RMSE": 3371.04275074204, "RMSE": 210.78726469350627, "RMSE_Kalmar": 105.13756298602625, "RMSE_Blekinge": 105.64970170748002, "CV_RMSE_'Kalmar": 1017.4602869615444, "CV_RMSE_Blekinge": 2353.5824637804953, "_timestamp": 1748551735.7251902, "_runtime": 1.4230482578277588, "_step": 0, "_wandb": {"runtime": 1}}