{"CV_RMSE": 5153.698755591464, "RMSE": 336.57720761292694, "RMSE_Kalmar": 186.0590475854191, "RMSE_Blekinge": 150.51816002750786, "CV_RMSE_'Kalmar": 1800.5714282459912, "CV_RMSE_Blekinge": 3353.127327345472, "_timestamp": 1748513958.048797, "_runtime": 1.4139339923858643, "_step": 0, "_wandb": {"runtime": 1}}