{"CV_RMSE": 3085.812651184713, "RMSE": 213.7868014917016, "RMSE_Kalmar": 133.07858030891887, "RMSE_Blekinge": 80.70822118278272, "CV_RMSE_'Kalmar": 1287.8572287959892, "CV_RMSE_Blekinge": 1797.9554223887242, "_timestamp": 1748458227.2140768, "_runtime": 1.2878236770629883, "_step": 0, "_wandb": {"runtime": 1}}