{"CV_RMSE": 1432.5527103767463, "RMSE": 1649.203488216804, "RMSE_STHLM": 1394.4242973836683, "RMSE_S\u00f6dermanland": 254.77919083313566, "CV_RMSE_STHLM": 496.6291522142072, "CV_RMSE_S\u00f6dermanland": 935.9235581625392, "_timestamp": 1748298194.9317544, "_runtime": 1.3096842765808105, "_step": 0, "_wandb": {"runtime": 1}}