{"CV_RMSE": 5045.264515222592, "RMSE": 1938.0580362607316, "RMSE_skane": 1685.4972925027723, "RMSE_kronoberg": 252.56074375795916, "CV_RMSE_'skane": 2672.5644172876937, "CV_RMSE_kronoberg": 2372.700097934898, "_timestamp": 1748528047.168422, "_runtime": 1.2903978824615479, "_step": 0, "_wandb": {"runtime": 1}}