{"CV_RMSE": 4412.057762249881, "RMSE": 1546.2213218642144, "RMSE_skane": 1295.1846220535886, "RMSE_kronoberg": 251.0366998106259, "CV_RMSE_'skane": 2053.6754049475503, "CV_RMSE_kronoberg": 2358.382357302331, "_timestamp": 1748539864.0181494, "_runtime": 1.323432445526123, "_step": 0, "_wandb": {"runtime": 1}}