{"CV_RMSE": 306.1177695672934, "RMSE": 22.189394142328798, "RMSE_Kalmar": 14.936768185354573, "RMSE_Blekinge": 7.252625956974225, "CV_RMSE_'Kalmar": 144.5493695356894, "CV_RMSE_Blekinge": 161.56840003160403, "_timestamp": 1748515515.035232, "_runtime": 1.3238210678100586, "_step": 0, "_wandb": {"runtime": 1}}