{"CV_RMSE": 272.1200771724697, "RMSE": 431.28995042945735, "RMSE_STHLM": 395.5638877607758, "RMSE_S\u00f6dermanland": 35.72606266868158, "CV_RMSE_STHLM": 140.88147961404758, "CV_RMSE_S\u00f6dermanland": 131.23859755842213, "_timestamp": 1748440552.6853962, "_runtime": 1.2994661331176758, "_step": 0, "_wandb": {"runtime": 1}}