{"CV_RMSE": 3300.717456372701, "RMSE": 266.3058771686358, "RMSE_Kalmar": 208.87930485701952, "RMSE_Blekinge": 57.426572311616276, "CV_RMSE_'Kalmar": 2021.4126276485758, "CV_RMSE_Blekinge": 1279.304828724125, "_timestamp": 1748489987.9928544, "_runtime": 1.360713243484497, "_step": 0, "_wandb": {"runtime": 1}}