{"CV_RMSE": 1388.5100319309145, "RMSE": 2176.5581732646842, "RMSE_STHLM": 1991.6734175854335, "RMSE_S\u00f6dermanland": 184.8847556792507, "CV_RMSE_STHLM": 709.3415416806056, "CV_RMSE_S\u00f6dermanland": 679.1684902503088, "_timestamp": 1748300963.1076405, "_runtime": 1.3116273880004883, "_step": 0, "_wandb": {"runtime": 1}}