{"CV_RMSE": 274.0158057513283, "RMSE": 434.1343653729193, "RMSE_STHLM": 398.1422200749327, "RMSE_S\u00f6dermanland": 35.99214529798661, "CV_RMSE_STHLM": 141.79976179954073, "CV_RMSE_S\u00f6dermanland": 132.21604395178755, "_timestamp": 1748333424.903693, "_runtime": 1.3145699501037598, "_step": 0, "_wandb": {"runtime": 1}}