{"CV_RMSE": 565.6982135980695, "RMSE": 733.5045694853524, "RMSE_STHLM": 641.7261626588607, "RMSE_S\u00f6dermanland": 91.77840682649166, "CV_RMSE_STHLM": 228.5530456640185, "CV_RMSE_S\u00f6dermanland": 337.145167934051, "_timestamp": 1748336344.1937394, "_runtime": 1.3126003742218018, "_step": 0, "_wandb": {"runtime": 1}}