{"CV_RMSE": 841.463132757917, "RMSE": 1705.0412336469542, "RMSE_STHLM": 1634.4399796698074, "RMSE_S\u00f6dermanland": 70.60125397714691, "CV_RMSE_STHLM": 582.1115875357447, "CV_RMSE_S\u00f6dermanland": 259.3515452221723, "_timestamp": 1748285124.0817037, "_runtime": 1.3285877704620361, "_step": 0, "_wandb": {"runtime": 1}}