{"CV_RMSE": 1321.408790114276, "RMSE": 1277.66717994106, "RMSE_STHLM": 1016.5032935282661, "RMSE_S\u00f6dermanland": 261.16388641279394, "CV_RMSE_STHLM": 362.03124818972674, "CV_RMSE_S\u00f6dermanland": 959.3775419245492, "_timestamp": 1748391837.3935244, "_runtime": 1.2682793140411377, "_step": 0, "_wandb": {"runtime": 1}}