{"CV_RMSE": 3126.7999541718605, "RMSE": 152.82735651056862, "RMSE_Kalmar": 22.04556299366452, "RMSE_Blekinge": 130.7817935169041, "CV_RMSE_'Kalmar": 213.34415800320502, "CV_RMSE_Blekinge": 2913.4557961686555, "_timestamp": 1748500672.7085004, "_runtime": 1.2991714477539062, "_step": 0, "_wandb": {"runtime": 1}}