{"CV_RMSE": 306.81600156105264, "RMSE": 22.24149067146243, "RMSE_Kalmar": 14.97346193781619, "RMSE_Blekinge": 7.268028733646242, "CV_RMSE_'Kalmar": 144.9044703659631, "CV_RMSE_Blekinge": 161.91153119508954, "_timestamp": 1748465365.689675, "_runtime": 1.2930660247802734, "_step": 0, "_wandb": {"runtime": 1}}