{"CV_RMSE": 894.4370229013505, "RMSE": 828.5057692864098, "RMSE_STHLM": 647.8290455032195, "RMSE_S\u00f6dermanland": 180.67672378319028, "CV_RMSE_STHLM": 230.72660900391674, "CV_RMSE_S\u00f6dermanland": 663.7104138974337, "_timestamp": 1748334940.748396, "_runtime": 1.9283618927001953, "_step": 0, "_wandb": {"runtime": 1}}