{"CV_RMSE": 611.2094073995654, "RMSE": 883.2248105162913, "RMSE_STHLM": 793.8013800248415, "RMSE_S\u00f6dermanland": 89.42343049144986, "CV_RMSE_STHLM": 282.7151729411782, "CV_RMSE_S\u00f6dermanland": 328.49423445838727, "_timestamp": 1748388905.2067688, "_runtime": 1.3193838596343994, "_step": 0, "_wandb": {"runtime": 1}}