{"CV_RMSE": 905.868224557757, "RMSE": 1336.329826941443, "RMSE_STHLM": 1206.7281719572734, "RMSE_S\u00f6dermanland": 129.60165498416958, "CV_RMSE_STHLM": 429.7805123710115, "CV_RMSE_S\u00f6dermanland": 476.0877121867454, "_timestamp": 1748309560.8335423, "_runtime": 1.284611463546753, "_step": 0, "_wandb": {"runtime": 1}}