{"CV_RMSE": 237.71161968494488, "RMSE": 352.01079702646075, "RMSE_STHLM": 318.1455478897824, "RMSE_S\u00f6dermanland": 33.86524913667838, "CV_RMSE_STHLM": 113.30866367265696, "CV_RMSE_S\u00f6dermanland": 124.40295601228793, "_timestamp": 1748324015.9503222, "_runtime": 1.3571481704711914, "_step": 0, "_wandb": {"runtime": 1}}