{"CV_RMSE": 272.96868142725185, "RMSE": 436.33349769866703, "RMSE_STHLM": 400.89310965734023, "RMSE_S\u00f6dermanland": 35.440388041326784, "CV_RMSE_STHLM": 142.7795008672759, "CV_RMSE_S\u00f6dermanland": 130.18918055997594, "_timestamp": 1748518561.6214519, "_runtime": 1.3516497611999512, "_step": 0, "_wandb": {"runtime": 1}}