{"CV_RMSE": 1556.7578560666966, "RMSE": 2181.9161324011675, "RMSE_STHLM": 1946.888557727745, "RMSE_S\u00f6dermanland": 235.02757467342263, "CV_RMSE_STHLM": 693.3912552255522, "CV_RMSE_S\u00f6dermanland": 863.3666008411444, "_timestamp": 1748302633.7615364, "_runtime": 1.260890245437622, "_step": 0, "_wandb": {"runtime": 1}}