{"CV_RMSE": 274.1584590224693, "RMSE": 434.95853925542644, "RMSE_STHLM": 399.0118762639596, "RMSE_S\u00f6dermanland": 35.94666299146682, "CV_RMSE_STHLM": 142.1094929313667, "CV_RMSE_S\u00f6dermanland": 132.0489660911026, "_timestamp": 1748512577.437901, "_runtime": 1.307697057723999, "_step": 0, "_wandb": {"runtime": 1}}