{"CV_RMSE": 1246.0701252078086, "RMSE": 1203.3813769269063, "RMSE_STHLM": 956.9527509868686, "RMSE_S\u00f6dermanland": 246.42862594003773, "CV_RMSE_STHLM": 340.82211155052704, "CV_RMSE_S\u00f6dermanland": 905.2480136572815, "_timestamp": 1748310261.6335232, "_runtime": 1.2840542793273926, "_step": 0, "_wandb": {"runtime": 1}}