{"CV_RMSE": 273.7625507437856, "RMSE": 435.89218791405955, "RMSE_STHLM": 400.16510924588897, "RMSE_S\u00f6dermanland": 35.72707866817057, "CV_RMSE_STHLM": 142.52022094234272, "CV_RMSE_S\u00f6dermanland": 131.2423298014429, "_timestamp": 1748449090.4182467, "_runtime": 1.2556798458099365, "_step": 0, "_wandb": {"runtime": 1}}