{"CV_RMSE": 2540.483342817187, "RMSE": 1178.954670777449, "RMSE_skane": 1093.014173925527, "RMSE_kronoberg": 85.94049685192202, "CV_RMSE_'skane": 1733.1091552730345, "CV_RMSE_kronoberg": 807.3741875441526, "_timestamp": 1748573825.4203854, "_runtime": 1.3396544456481934, "_step": 0, "_wandb": {"runtime": 1}}