{"CV_RMSE": 277.41932518863996, "RMSE": 100.06654833854628, "RMSE_skane": 84.8594511169033, "RMSE_kronoberg": 15.207097221642977, "CV_RMSE_'skane": 134.5551550479439, "CV_RMSE_kronoberg": 142.86417014069605, "_timestamp": 1748514869.4323864, "_runtime": 1.3203184604644775, "_step": 0, "_wandb": {"runtime": 1}}