{"CV_RMSE": 271.37791970496403, "RMSE": 437.6302338724499, "RMSE_STHLM": 402.8085987622816, "RMSE_S\u00f6dermanland": 34.82163511016829, "CV_RMSE_STHLM": 143.46170909618257, "CV_RMSE_S\u00f6dermanland": 127.91621060878145, "_timestamp": 1748557414.7815642, "_runtime": 1.2918603420257568, "_step": 0, "_wandb": {"runtime": 1}}