{"CV_RMSE": 260.65642044621706, "RMSE": 408.99704354103665, "RMSE_STHLM": 374.33327314286686, "RMSE_S\u00f6dermanland": 34.663770398169774, "CV_RMSE_STHLM": 133.3201210243689, "CV_RMSE_S\u00f6dermanland": 127.33629942184815, "_timestamp": 1748477897.7218506, "_runtime": 1.2732267379760742, "_step": 0, "_wandb": {"runtime": 1}}