{"CV_RMSE": 1871.4689738006036, "RMSE": 2517.6767466241304, "RMSE_STHLM": 2223.8278854478035, "RMSE_S\u00f6dermanland": 293.84886117632686, "CV_RMSE_STHLM": 792.0241776426684, "CV_RMSE_S\u00f6dermanland": 1079.4447961579353, "_timestamp": 1748336444.7736475, "_runtime": 1.290508508682251, "_step": 0, "_wandb": {"runtime": 1}}