{"CV_RMSE": 1438.5240443547666, "RMSE": 1987.5331241632246, "RMSE_STHLM": 1767.2776173744865, "RMSE_S\u00f6dermanland": 220.2555067887381, "CV_RMSE_STHLM": 629.4221826818512, "CV_RMSE_S\u00f6dermanland": 809.1018616729154, "_timestamp": 1748294738.822563, "_runtime": 1.257375955581665, "_step": 0, "_wandb": {"runtime": 1}}