{"CV_RMSE": 3810.733523065437, "RMSE": 1768.1419171758444, "RMSE_skane": 1639.1711790806373, "RMSE_kronoberg": 128.97073809520697, "CV_RMSE_'skane": 2599.108634905873, "CV_RMSE_kronoberg": 1211.6248881595643, "_timestamp": 1748528900.9361582, "_runtime": 1.5016601085662842, "_step": 0, "_wandb": {"runtime": 1}}