{"CV_RMSE": 208.97438704186217, "RMSE": 315.25724344567925, "RMSE_STHLM": 286.1088573060112, "RMSE_S\u00f6dermanland": 29.14838613966804, "CV_RMSE_STHLM": 101.89868285532651, "CV_RMSE_S\u00f6dermanland": 107.07570418653566, "_timestamp": 1748306726.1219957, "_runtime": 1.2786235809326172, "_step": 0, "_wandb": {"runtime": 1}}