{"CV_RMSE": 3002.401988465379, "RMSE": 150.4263587157492, "RMSE_Kalmar": 27.673457402747847, "RMSE_Blekinge": 122.75290131300133, "CV_RMSE_'Kalmar": 267.80765228465657, "CV_RMSE_Blekinge": 2734.5943361807226, "_timestamp": 1748578492.4789534, "_runtime": 1.37943434715271, "_step": 0, "_wandb": {"runtime": 1}}