{"CV_RMSE": 779.5263443926799, "RMSE": 405.45103132468967, "RMSE_skane": 387.95397762022645, "RMSE_kronoberg": 17.49705370446322, "CV_RMSE_'skane": 615.1490131398939, "CV_RMSE_kronoberg": 164.37733125278598, "_timestamp": 1748525848.598404, "_runtime": 1.3724818229675293, "_step": 0, "_wandb": {"runtime": 1}}