{"CV_RMSE": 1202.1648424524633, "RMSE": 1538.7993694352017, "RMSE_STHLM": 1341.6170608002349, "RMSE_S\u00f6dermanland": 197.1823086349668, "CV_RMSE_STHLM": 477.8216678750342, "CV_RMSE_S\u00f6dermanland": 724.3431745774291, "_timestamp": 1748299171.5711677, "_runtime": 1.2775547504425049, "_step": 0, "_wandb": {"runtime": 1}}