{"CV_RMSE": 275.0802509630736, "RMSE": 436.8655651408531, "RMSE_STHLM": 400.8457713627612, "RMSE_S\u00f6dermanland": 36.019793778091916, "CV_RMSE_STHLM": 142.7626411660012, "CV_RMSE_S\u00f6dermanland": 132.31760979707235, "_timestamp": 1748510194.9976823, "_runtime": 1.4448482990264893, "_step": 0, "_wandb": {"runtime": 1}}