{"CV_RMSE": 259.5233588858663, "RMSE": 421.21842596456753, "RMSE_STHLM": 388.20832692306595, "RMSE_S\u00f6dermanland": 33.01009904150159, "CV_RMSE_STHLM": 138.26177057014618, "CV_RMSE_S\u00f6dermanland": 121.26158831572013, "_timestamp": 1748451187.6530015, "_runtime": 1.3115346431732178, "_step": 0, "_wandb": {"runtime": 1}}