{"CV_RMSE": 4268.932417560058, "RMSE": 1871.0957226031687, "RMSE_skane": 1704.353841747359, "RMSE_kronoberg": 166.7418808558097, "CV_RMSE_'skane": 2702.4638082674824, "CV_RMSE_kronoberg": 1566.4686092925758, "_timestamp": 1748570759.209208, "_runtime": 1.4353270530700684, "_step": 0, "_wandb": {"runtime": 1}}