{"CV_RMSE": 250.81198075027788, "RMSE": 400.42080453577313, "RMSE_STHLM": 367.8038641997763, "RMSE_S\u00f6dermanland": 32.61694033599684, "CV_RMSE_STHLM": 130.99464890375887, "CV_RMSE_S\u00f6dermanland": 119.817331846519, "_timestamp": 1748508910.215409, "_runtime": 1.3080761432647705, "_step": 0, "_wandb": {"runtime": 1}}