{"CV_RMSE": 2665.8116501650475, "RMSE": 1091.4845751547948, "RMSE_skane": 971.7337685878402, "RMSE_kronoberg": 119.75080656695455, "CV_RMSE_'skane": 1540.8040728137003, "CV_RMSE_kronoberg": 1125.0075773513474, "_timestamp": 1748541104.3814874, "_runtime": 1.407224416732788, "_step": 0, "_wandb": {"runtime": 1}}