{"CV_RMSE": 305.9349409724755, "RMSE": 22.18770612564253, "RMSE_Kalmar": 14.948294095785698, "RMSE_Blekinge": 7.239412029856834, "CV_RMSE_'Kalmar": 144.6609106043777, "CV_RMSE_Blekinge": 161.27403036809778, "_timestamp": 1748468274.0685334, "_runtime": 1.3300864696502686, "_step": 0, "_wandb": {"runtime": 1}}