{"CV_RMSE": 1539.3663438138003, "RMSE": 2220.1268332650207, "RMSE_STHLM": 1994.4442803312668, "RMSE_S\u00f6dermanland": 225.68255293375393, "CV_RMSE_STHLM": 710.3283942612347, "CV_RMSE_S\u00f6dermanland": 829.0379495525656, "_timestamp": 1748324237.7838275, "_runtime": 1.2579154968261719, "_step": 0, "_wandb": {"runtime": 1}}