{"CV_RMSE": 306.9310113256315, "RMSE": 22.251596796864906, "RMSE_Kalmar": 14.982202284430286, "RMSE_Blekinge": 7.269394512434619, "CV_RMSE_'Kalmar": 144.98905436545436, "CV_RMSE_Blekinge": 161.94195696017715, "_timestamp": 1748489638.813723, "_runtime": 1.2864501476287842, "_step": 0, "_wandb": {"runtime": 1}}