{"CV_RMSE": 1623.642993523147, "RMSE": 957.6638501696099, "RMSE_skane": 944.1987186505331, "RMSE_kronoberg": 13.465131519076747, "CV_RMSE_'skane": 1497.14384564038, "CV_RMSE_kronoberg": 126.49914788276693, "_timestamp": 1748576045.9439871, "_runtime": 1.453017234802246, "_step": 0, "_wandb": {"runtime": 1}}