{"CV_RMSE": 4149.1508308587345, "RMSE": 272.64348977669965, "RMSE_Kalmar": 152.7475832827909, "RMSE_Blekinge": 119.89590649390874, "CV_RMSE_'Kalmar": 1478.2024188657183, "CV_RMSE_Blekinge": 2670.948411993016, "_timestamp": 1748551250.0365787, "_runtime": 1.3027565479278564, "_step": 0, "_wandb": {"runtime": 1}}