{"CV_RMSE": 3243.6452368227524, "RMSE": 868.6632448793039, "RMSE_skane": 629.6717515073493, "RMSE_kronoberg": 238.99149337195453, "CV_RMSE_'skane": 998.4224389651416, "CV_RMSE_kronoberg": 2245.2227978576107, "_timestamp": 1748514254.3553739, "_runtime": 1.373924970626831, "_step": 0, "_wandb": {"runtime": 1}}