{"CV_RMSE": 4054.0220422780776, "RMSE": 1807.2240257886726, "RMSE_skane": 1655.0338995836498, "RMSE_kronoberg": 152.19012620502278, "CV_RMSE_'skane": 2624.260940143208, "CV_RMSE_kronoberg": 1429.7611021348696, "_timestamp": 1748551980.001792, "_runtime": 1.381415843963623, "_step": 0, "_wandb": {"runtime": 1}}