{"CV_RMSE": 3689.149327874763, "RMSE": 1619.5507926386622, "RMSE_skane": 1475.9781638337097, "RMSE_kronoberg": 143.57262880495242, "CV_RMSE_'skane": 2340.3459257405543, "CV_RMSE_kronoberg": 1348.8034021342087, "_timestamp": 1748505634.2670543, "_runtime": 1.2769153118133545, "_step": 0, "_wandb": {"runtime": 1}}