{"CV_RMSE": 275.171640391927, "RMSE": 436.7168644149255, "RMSE_STHLM": 400.6535566255805, "RMSE_S\u00f6dermanland": 36.06330778934501, "CV_RMSE_STHLM": 142.69418320657795, "CV_RMSE_S\u00f6dermanland": 132.47745718534904, "_timestamp": 1748343132.378893, "_runtime": 1.267632007598877, "_step": 0, "_wandb": {"runtime": 1}}