{"CV_RMSE": 274.75919360783627, "RMSE": 436.44011841419234, "RMSE_STHLM": 400.4714301094956, "RMSE_S\u00f6dermanland": 35.96868830469672, "CV_RMSE_STHLM": 142.6293182028279, "CV_RMSE_S\u00f6dermanland": 132.12987540500836, "_timestamp": 1748484590.686889, "_runtime": 1.3334808349609375, "_step": 0, "_wandb": {"runtime": 1}}