{"CV_RMSE": 306.1366378008034, "RMSE": 22.207145594539714, "RMSE_Kalmar": 14.966656331174384, "RMSE_Blekinge": 7.240489263365329, "CV_RMSE_'Kalmar": 144.83860965652627, "CV_RMSE_Blekinge": 161.2980281442771, "_timestamp": 1748467662.1935852, "_runtime": 1.2630102634429932, "_step": 0, "_wandb": {"runtime": 1}}