{"CV_RMSE": 3745.806272740392, "RMSE": 249.17807608276883, "RMSE_Kalmar": 143.27126405127902, "RMSE_Blekinge": 105.9068120314898, "CV_RMSE_'Kalmar": 1386.4961037220548, "CV_RMSE_Blekinge": 2359.310169018337, "_timestamp": 1748502495.3586588, "_runtime": 1.3492066860198975, "_step": 0, "_wandb": {"runtime": 1}}