{"CV_RMSE": 4134.705537044121, "RMSE": 1402.8711549162813, "RMSE_skane": 1158.2441282056404, "RMSE_kronoberg": 244.62702671064093, "CV_RMSE_'skane": 1836.539315336639, "CV_RMSE_kronoberg": 2298.1662217074827, "_timestamp": 1748569554.3695424, "_runtime": 1.2956113815307617, "_step": 0, "_wandb": {"runtime": 1}}