{"CV_RMSE": 1749.693431692839, "RMSE": 94.98450995343958, "RMSE_Kalmar": 29.07172204365354, "RMSE_Blekinge": 65.91278790978605, "CV_RMSE_'Kalmar": 281.33924558374395, "CV_RMSE_Blekinge": 1468.354186109095, "_timestamp": 1748535907.04847, "_runtime": 1.3163580894470215, "_step": 0, "_wandb": {"runtime": 1}}