{"CV_RMSE": 639.2392897311767, "RMSE": 669.6021881313026, "RMSE_STHLM": 548.7942465698237, "RMSE_S\u00f6dermanland": 120.80794156147883, "CV_RMSE_STHLM": 195.45501460737688, "CV_RMSE_S\u00f6dermanland": 443.7842751237998, "_timestamp": 1748492816.9205043, "_runtime": 1.2762823104858398, "_step": 0, "_wandb": {"runtime": 1}}