{"CV_RMSE": 278.3259642752756, "RMSE": 100.66122083180764, "RMSE_skane": 85.45877054828102, "RMSE_kronoberg": 15.202450283526622, "CV_RMSE_'skane": 135.50545012940967, "CV_RMSE_kronoberg": 142.82051414586596, "_timestamp": 1748558227.1848, "_runtime": 1.3479650020599365, "_step": 0, "_wandb": {"runtime": 1}}