{"CV_RMSE": 661.6252619756125, "RMSE": 797.9319102822491, "RMSE_STHLM": 684.1534811018054, "RMSE_S\u00f6dermanland": 113.77842918044375, "CV_RMSE_STHLM": 243.6636853943905, "CV_RMSE_S\u00f6dermanland": 417.96157658122195, "_timestamp": 1748289282.6416218, "_runtime": 1.3178417682647705, "_step": 0, "_wandb": {"runtime": 1}}