{"CV_RMSE": 1753.451533144617, "RMSE": 2532.3328140531576, "RMSE_STHLM": 2275.633641570877, "RMSE_S\u00f6dermanland": 256.6991724822808, "CV_RMSE_STHLM": 810.4749811688916, "CV_RMSE_S\u00f6dermanland": 942.9765519757254, "_timestamp": 1748305541.4289007, "_runtime": 1.2568488121032715, "_step": 0, "_wandb": {"runtime": 1}}