{"CV_RMSE": 1526.7135748424253, "RMSE": 2388.4676915417554, "RMSE_STHLM": 2184.6727023005387, "RMSE_S\u00f6dermanland": 203.79498924121674, "CV_RMSE_STHLM": 778.0789204869351, "CV_RMSE_S\u00f6dermanland": 748.6346543554902, "_timestamp": 1748330201.3370013, "_runtime": 1.3249824047088623, "_step": 0, "_wandb": {"runtime": 1}}