{"CV_RMSE": 1068.4387151512444, "RMSE": 1937.5960804923868, "RMSE_STHLM": 1823.5409147594569, "RMSE_S\u00f6dermanland": 114.05516573292986, "CV_RMSE_STHLM": 649.4605553159918, "CV_RMSE_S\u00f6dermanland": 418.9781598352526, "_timestamp": 1748294435.7239869, "_runtime": 1.2847609519958496, "_step": 0, "_wandb": {"runtime": 1}}