{"CV_RMSE": 976.7320308431899, "RMSE": 1750.9600429390084, "RMSE_STHLM": 1644.5121113938578, "RMSE_S\u00f6dermanland": 106.44793154515052, "CV_RMSE_STHLM": 585.6988129222287, "CV_RMSE_S\u00f6dermanland": 391.03321792096114, "_timestamp": 1748390918.2980359, "_runtime": 1.286242961883545, "_step": 0, "_wandb": {"runtime": 1}}