{"CV_RMSE": 1055.9702480617095, "RMSE": 1053.0963322072748, "RMSE_STHLM": 847.8381381878858, "RMSE_S\u00f6dermanland": 205.25819401938904, "CV_RMSE_STHLM": 301.96055574558653, "CV_RMSE_S\u00f6dermanland": 754.009692316123, "_timestamp": 1748369068.9530358, "_runtime": 1.3376679420471191, "_step": 0, "_wandb": {"runtime": 1}}