{"CV_RMSE": 401.16356527850496, "RMSE": 452.80490508610177, "RMSE_STHLM": 380.48875982078084, "RMSE_S\u00f6dermanland": 72.31614526532093, "CV_RMSE_STHLM": 135.51241940589742, "CV_RMSE_S\u00f6dermanland": 265.6511458726075, "_timestamp": 1748326836.329233, "_runtime": 1.2908799648284912, "_step": 0, "_wandb": {"runtime": 1}}