{"CV_RMSE": 274.94033682046904, "RMSE": 436.06410376614895, "RMSE_STHLM": 400.000440434681, "RMSE_S\u00f6dermanland": 36.06366333146793, "CV_RMSE_STHLM": 142.4615735620154, "CV_RMSE_S\u00f6dermanland": 132.47876325845363, "_timestamp": 1748308065.5028918, "_runtime": 1.3036017417907715, "_step": 0, "_wandb": {"runtime": 1}}