{"CV_RMSE": 4870.209626584263, "RMSE": 1875.9838685743046, "RMSE_skane": 1633.2360490569963, "RMSE_kronoberg": 242.74781951730827, "CV_RMSE_'skane": 2589.6977522045395, "CV_RMSE_kronoberg": 2280.511874379723, "_timestamp": 1748534757.5050337, "_runtime": 1.321382761001587, "_step": 0, "_wandb": {"runtime": 1}}