{"CV_RMSE": 4217.006426698221, "RMSE": 257.4377962105914, "RMSE_Kalmar": 120.47754534085219, "RMSE_Blekinge": 136.96025086973918, "CV_RMSE_'Kalmar": 1165.911729105021, "CV_RMSE_Blekinge": 3051.0946975931993, "_timestamp": 1748519258.8271935, "_runtime": 1.3964815139770508, "_step": 0, "_wandb": {"runtime": 1}}