{"CV_RMSE": 1281.760838897208, "RMSE": 1518.2613523436933, "RMSE_STHLM": 1294.8799453994627, "RMSE_S\u00f6dermanland": 223.38140694423046, "CV_RMSE_STHLM": 461.17607869391236, "CV_RMSE_S\u00f6dermanland": 820.5847602032957, "_timestamp": 1748287654.467123, "_runtime": 1.286898136138916, "_step": 0, "_wandb": {"runtime": 1}}