{"CV_RMSE": 1508.7711234231767, "RMSE": 118.71977690047005, "RMSE_Kalmar": 90.15822690417794, "RMSE_Blekinge": 28.561549996292115, "CV_RMSE_'Kalmar": 872.4989700404316, "CV_RMSE_Blekinge": 636.2721533827452, "_timestamp": 1748532442.4755607, "_runtime": 1.3330557346343994, "_step": 0, "_wandb": {"runtime": 1}}