{"CV_RMSE": 461.5261752337656, "RMSE": 174.62256369512775, "RMSE_skane": 150.97783008669822, "RMSE_kronoberg": 23.644733608429522, "CV_RMSE_'skane": 239.39402233620223, "CV_RMSE_kronoberg": 222.1321528975634, "_timestamp": 1748574046.5562897, "_runtime": 1.3284587860107422, "_step": 0, "_wandb": {"runtime": 1}}