{"CV_RMSE": 675.1815355441158, "RMSE": 869.859343383825, "RMSE_STHLM": 759.716665828921, "RMSE_S\u00f6dermanland": 110.14267755490404, "CV_RMSE_STHLM": 270.57578126079494, "CV_RMSE_S\u00f6dermanland": 404.60575428332095, "_timestamp": 1748373110.948464, "_runtime": 1.3170239925384521, "_step": 0, "_wandb": {"runtime": 1}}