{"CV_RMSE": 270.4250759796655, "RMSE": 428.2231787833061, "RMSE_STHLM": 392.67881711545544, "RMSE_S\u00f6dermanland": 35.544361667850616, "CV_RMSE_STHLM": 139.85395148552035, "CV_RMSE_S\u00f6dermanland": 130.57112449414512, "_timestamp": 1748433576.6252937, "_runtime": 1.3845436573028564, "_step": 0, "_wandb": {"runtime": 1}}