{"CV_RMSE": 306.68065234833693, "RMSE": 22.228552775187474, "RMSE_Kalmar": 14.961329114491335, "RMSE_Blekinge": 7.267223660696138, "CV_RMSE_'Kalmar": 144.78705594669032, "CV_RMSE_Blekinge": 161.89359640164665, "_timestamp": 1748506888.6062465, "_runtime": 1.3233654499053955, "_step": 0, "_wandb": {"runtime": 1}}