{"CV_RMSE": 3996.70725937491, "RMSE": 1284.519720307821, "RMSE_skane": 1033.5329947946316, "RMSE_kronoberg": 250.98672551318953, "CV_RMSE_'skane": 1638.7943892092464, "CV_RMSE_kronoberg": 2357.9128701656637, "_timestamp": 1748533623.1089513, "_runtime": 1.3026454448699951, "_step": 0, "_wandb": {"runtime": 1}}