{"CV_RMSE": 4756.742297770768, "RMSE": 1881.1356716131825, "RMSE_skane": 1653.9643605197848, "RMSE_kronoberg": 227.17131109339772, "CV_RMSE_'skane": 2622.5650536783055, "CV_RMSE_kronoberg": 2134.177244092463, "_timestamp": 1748525959.1807897, "_runtime": 1.4750957489013672, "_step": 0, "_wandb": {"runtime": 1}}