{"CV_RMSE": 306.4811453117234, "RMSE": 22.21632178313601, "RMSE_Kalmar": 14.955538109067954, "RMSE_Blekinge": 7.260783674068058, "CV_RMSE_'Kalmar": 144.73101395872214, "CV_RMSE_Blekinge": 161.75013135300128, "_timestamp": 1748462885.6068099, "_runtime": 1.3191957473754883, "_step": 0, "_wandb": {"runtime": 1}}