{"CV_RMSE": 414.4296199506655, "RMSE": 604.7042410262201, "RMSE_STHLM": 544.6972739362042, "RMSE_S\u00f6dermanland": 60.00696709001594, "CV_RMSE_STHLM": 193.99586329346408, "CV_RMSE_S\u00f6dermanland": 220.43375665720143, "_timestamp": 1748478128.712673, "_runtime": 1.2866039276123047, "_step": 0, "_wandb": {"runtime": 1}}