{"CV_RMSE": 5206.299633700248, "RMSE": 2006.5130263179149, "RMSE_skane": 1747.2303447274933, "RMSE_kronoberg": 259.28268159042153, "CV_RMSE_'skane": 2770.4498066503593, "CV_RMSE_kronoberg": 2435.849827049889, "_timestamp": 1748529967.1013372, "_runtime": 1.254526138305664, "_step": 0, "_wandb": {"runtime": 1}}