{"CV_RMSE": 4503.771289108267, "RMSE": 1619.937366534453, "RMSE_skane": 1372.1241966987088, "RMSE_kronoberg": 247.8131698357443, "CV_RMSE_'skane": 2175.6726163298763, "CV_RMSE_kronoberg": 2328.098672778391, "_timestamp": 1748533707.4894247, "_runtime": 1.3467857837677002, "_step": 0, "_wandb": {"runtime": 1}}