{"CV_RMSE": 5057.764020859095, "RMSE": 1914.4809002787747, "RMSE_skane": 1655.532104185044, "RMSE_kronoberg": 258.94879609373055, "CV_RMSE_'skane": 2625.0509051559893, "CV_RMSE_kronoberg": 2432.713115703106, "_timestamp": 1748529442.744385, "_runtime": 1.3409030437469482, "_step": 0, "_wandb": {"runtime": 1}}