{"CV_RMSE": 265.13359316341524, "RMSE": 428.58964551820696, "RMSE_STHLM": 394.6797381783476, "RMSE_S\u00f6dermanland": 33.90990733985937, "CV_RMSE_STHLM": 140.56658660882977, "CV_RMSE_S\u00f6dermanland": 124.56700655458546, "_timestamp": 1748488209.7794552, "_runtime": 1.3515632152557373, "_step": 0, "_wandb": {"runtime": 1}}