{"CV_RMSE": 304.9514808290379, "RMSE": 22.089040492841555, "RMSE_Kalmar": 14.851900833966559, "RMSE_Blekinge": 7.237139658874997, "CV_RMSE_'Kalmar": 143.72807258677312, "CV_RMSE_Blekinge": 161.22340824226478, "_timestamp": 1748508647.622751, "_runtime": 1.3444879055023193, "_step": 0, "_wandb": {"runtime": 1}}