{"CV_RMSE": 273.3673792973258, "RMSE": 435.22480678265237, "RMSE_STHLM": 399.54520061939934, "RMSE_S\u00f6dermanland": 35.67960616325301, "CV_RMSE_STHLM": 142.2994382894576, "CV_RMSE_S\u00f6dermanland": 131.0679410078682, "_timestamp": 1748564130.653383, "_runtime": 1.3327629566192627, "_step": 0, "_wandb": {"runtime": 1}}