{"CV_RMSE": 287.1056678464384, "RMSE": 404.9926908074082, "RMSE_STHLM": 361.92591837303576, "RMSE_S\u00f6dermanland": 43.06677243437248, "CV_RMSE_STHLM": 128.90119767935582, "CV_RMSE_S\u00f6dermanland": 158.20447016708258, "_timestamp": 1748291163.680042, "_runtime": 1.2732830047607422, "_step": 0, "_wandb": {"runtime": 1}}