{"CV_RMSE": 2104.002522128682, "RMSE": 168.5155132759203, "RMSE_Kalmar": 130.9588125275168, "RMSE_Blekinge": 37.55670074840349, "CV_RMSE_'Kalmar": 1267.3433470404852, "CV_RMSE_Blekinge": 836.6591750881965, "_timestamp": 1748536305.120363, "_runtime": 1.3703138828277588, "_step": 0, "_wandb": {"runtime": 1}}