{"CV_RMSE": 306.8972967619551, "RMSE": 22.251609019774225, "RMSE_Kalmar": 14.984899694995457, "RMSE_Blekinge": 7.266709324778768, "CV_RMSE_'Kalmar": 145.01515833866569, "CV_RMSE_Blekinge": 161.88213842328938, "_timestamp": 1748501797.1926556, "_runtime": 1.3484976291656494, "_step": 0, "_wandb": {"runtime": 1}}