{"CV_RMSE": 3942.5328069954576, "RMSE": 265.2912147088898, "RMSE_Kalmar": 156.14681894150283, "RMSE_Blekinge": 109.144395767387, "CV_RMSE_'Kalmar": 1511.098247820995, "CV_RMSE_Blekinge": 2431.4345591744627, "_timestamp": 1748528194.8291943, "_runtime": 1.3319003582000732, "_step": 0, "_wandb": {"runtime": 1}}