{"CV_RMSE": 4900.97789310436, "RMSE": 1857.545717321891, "RMSE_skane": 1607.113862378222, "RMSE_kronoberg": 250.43185494366904, "CV_RMSE_'skane": 2548.277794468639, "CV_RMSE_kronoberg": 2352.7000986357216, "_timestamp": 1748527879.339182, "_runtime": 1.370633840560913, "_step": 0, "_wandb": {"runtime": 1}}