{"CV_RMSE": 295.8919446996818, "RMSE": 454.4174989164269, "RMSE_STHLM": 414.00846063048306, "RMSE_S\u00f6dermanland": 40.40903828594381, "CV_RMSE_STHLM": 147.45057956764333, "CV_RMSE_S\u00f6dermanland": 148.44136513203847, "_timestamp": 1748435011.791907, "_runtime": 1.2924799919128418, "_step": 0, "_wandb": {"runtime": 1}}