{"CV_RMSE": 267.2396963185585, "RMSE": 419.0125631185147, "RMSE_STHLM": 383.43955970112654, "RMSE_S\u00f6dermanland": 35.57300341738818, "CV_RMSE_STHLM": 136.5633572342754, "CV_RMSE_S\u00f6dermanland": 130.67633908428311, "_timestamp": 1748565935.1370556, "_runtime": 1.3565046787261963, "_step": 0, "_wandb": {"runtime": 1}}