{"CV_RMSE": 2168.7832210075308, "RMSE": 160.72125763826332, "RMSE_Kalmar": 112.03669088198448, "RMSE_Blekinge": 48.68456675627884, "CV_RMSE_'Kalmar": 1084.2260407933982, "CV_RMSE_Blekinge": 1084.5571802141326, "_timestamp": 1748464581.5465956, "_runtime": 1.439042568206787, "_step": 0, "_wandb": {"runtime": 1}}