{"CV_RMSE": 697.9606983270485, "RMSE": 1626.8198657838411, "RMSE_STHLM": 1591.0792107349496, "RMSE_S\u00f6dermanland": 35.74065504889164, "CV_RMSE_STHLM": 566.6684961066302, "CV_RMSE_S\u00f6dermanland": 131.29220222041826, "_timestamp": 1748366860.6248496, "_runtime": 1.3076324462890625, "_step": 0, "_wandb": {"runtime": 1}}