{"CV_RMSE": 4421.226878987336, "RMSE": 1722.540739166047, "RMSE_skane": 1506.1318937535154, "RMSE_kronoberg": 216.40884541253152, "CV_RMSE_'skane": 2388.158393900923, "CV_RMSE_kronoberg": 2033.0684850864131, "_timestamp": 1748550195.1669228, "_runtime": 1.2861099243164062, "_step": 0, "_wandb": {"runtime": 1}}