{"CV_RMSE": 911.7881071454854, "RMSE": 1708.9801836185836, "RMSE_STHLM": 1617.6024625807613, "RMSE_S\u00f6dermanland": 91.37772103782228, "CV_RMSE_STHLM": 576.1148461902197, "CV_RMSE_S\u00f6dermanland": 335.67326095526556, "_timestamp": 1748376569.6042547, "_runtime": 1.3598287105560303, "_step": 0, "_wandb": {"runtime": 1}}