{"CV_RMSE": 3940.9335164377508, "RMSE": 1679.1261044053094, "RMSE_skane": 1515.4073359943193, "RMSE_kronoberg": 163.71876841099024, "CV_RMSE_'skane": 2402.8657547478633, "CV_RMSE_kronoberg": 1538.0677616898874, "_timestamp": 1748548955.5382326, "_runtime": 1.2935254573822021, "_step": 0, "_wandb": {"runtime": 1}}