{"CV_RMSE": 272.2490730115859, "RMSE": 431.31843370341295, "RMSE_STHLM": 395.556543448293, "RMSE_S\u00f6dermanland": 35.76189025511998, "CV_RMSE_STHLM": 140.87886391114512, "CV_RMSE_S\u00f6dermanland": 131.37020910044075, "_timestamp": 1748429093.023824, "_runtime": 1.2674229145050049, "_step": 0, "_wandb": {"runtime": 1}}