{"CV_RMSE": 4051.4939467124045, "RMSE": 1742.6069933326187, "RMSE_skane": 1577.6199837692184, "RMSE_kronoberg": 164.98700956340033, "CV_RMSE_'skane": 2501.511602171065, "CV_RMSE_kronoberg": 1549.9823445413394, "_timestamp": 1748520902.3725884, "_runtime": 1.2963283061981201, "_step": 0, "_wandb": {"runtime": 1}}