{"CV_RMSE": 4710.515833594491, "RMSE": 1740.3866508415651, "RMSE_skane": 1490.555628343235, "RMSE_kronoberg": 249.83102249833019, "CV_RMSE_'skane": 2363.460298641493, "CV_RMSE_kronoberg": 2347.0555349529977, "_timestamp": 1748541693.838977, "_runtime": 1.2566821575164795, "_step": 0, "_wandb": {"runtime": 1}}