{"CV_RMSE": 1283.188243292735, "RMSE": 1214.0545894550996, "RMSE_STHLM": 957.582658268357, "RMSE_S\u00f6dermanland": 256.4719311867427, "CV_RMSE_STHLM": 341.04645525980266, "CV_RMSE_S\u00f6dermanland": 942.1417880329325, "_timestamp": 1748370849.3367002, "_runtime": 1.3527512550354004, "_step": 0, "_wandb": {"runtime": 1}}