{"CV_RMSE": 343.37712622598593, "RMSE": 425.97509297602716, "RMSE_STHLM": 368.1980837725082, "RMSE_S\u00f6dermanland": 57.77700920351898, "CV_RMSE_STHLM": 131.13505160081417, "CV_RMSE_S\u00f6dermanland": 212.24207462517177, "_timestamp": 1748426926.0250695, "_runtime": 1.2863984107971191, "_step": 0, "_wandb": {"runtime": 1}}