{"CV_RMSE": 331.1396963023335, "RMSE": 24.803468369367202, "RMSE_Kalmar": 17.57271304539306, "RMSE_Blekinge": 7.2307553239741456, "CV_RMSE_'Kalmar": 170.05851334251346, "CV_RMSE_Blekinge": 161.08118295982007, "_timestamp": 1748469118.9758248, "_runtime": 1.3306608200073242, "_step": 0, "_wandb": {"runtime": 1}}