{"CV_RMSE": 1763.8799139242442, "RMSE": 143.84403364554748, "RMSE_Kalmar": 114.33240396147347, "RMSE_Blekinge": 29.511629684074, "CV_RMSE_'Kalmar": 1106.4426189820015, "CV_RMSE_Blekinge": 657.4372949422426, "_timestamp": 1748567864.0585947, "_runtime": 1.284517765045166, "_step": 0, "_wandb": {"runtime": 1}}