{"CV_RMSE": 1194.1823689750593, "RMSE": 1809.7830346735605, "RMSE_STHLM": 1644.1003692618972, "RMSE_S\u00f6dermanland": 165.68266541166315, "CV_RMSE_STHLM": 585.5521695036437, "CV_RMSE_S\u00f6dermanland": 608.6301994714156, "_timestamp": 1748340746.3646512, "_runtime": 1.337888240814209, "_step": 0, "_wandb": {"runtime": 1}}