{"CV_RMSE": 1000.2518785917362, "RMSE": 1646.0998418119361, "RMSE_STHLM": 1521.3038895795908, "RMSE_S\u00f6dermanland": 124.79595223234531, "CV_RMSE_STHLM": 541.8177683504676, "CV_RMSE_S\u00f6dermanland": 458.4341102412685, "_timestamp": 1748388397.053168, "_runtime": 1.293614149093628, "_step": 0, "_wandb": {"runtime": 1}}