{"CV_RMSE": 4621.103423172017, "RMSE": 1815.7186412110877, "RMSE_skane": 1592.6339344580956, "RMSE_kronoberg": 223.08470675299205, "CV_RMSE_'skane": 2525.318077893386, "CV_RMSE_kronoberg": 2095.785345278631, "_timestamp": 1748565927.6346374, "_runtime": 1.3014233112335205, "_step": 0, "_wandb": {"runtime": 1}}