{"CV_RMSE": 262.76866401687937, "RMSE": 423.57926293954483, "RMSE_STHLM": 389.8443355149462, "RMSE_S\u00f6dermanland": 33.734927424598624, "CV_RMSE_STHLM": 138.8444408244763, "CV_RMSE_S\u00f6dermanland": 123.9242231924031, "_timestamp": 1748474469.2817733, "_runtime": 1.3053662776947021, "_step": 0, "_wandb": {"runtime": 1}}