{"CV_RMSE": 1221.1778184835946, "RMSE": 1486.3254059879996, "RMSE_STHLM": 1277.7779558613481, "RMSE_S\u00f6dermanland": 208.54745012665146, "CV_RMSE_STHLM": 455.08514454895663, "CV_RMSE_S\u00f6dermanland": 766.092673934638, "_timestamp": 1748288455.6834989, "_runtime": 1.3447937965393066, "_step": 0, "_wandb": {"runtime": 1}}