{"CV_RMSE": 733.3540315423506, "RMSE": 1033.498948787722, "RMSE_STHLM": 923.3889268621939, "RMSE_S\u00f6dermanland": 110.11002192552813, "CV_RMSE_STHLM": 328.8682367138799, "CV_RMSE_S\u00f6dermanland": 404.48579482847066, "_timestamp": 1748392011.5127292, "_runtime": 1.2772462368011475, "_step": 0, "_wandb": {"runtime": 1}}