{"CV_RMSE": 653.2356643327957, "RMSE": 1114.3353134558554, "RMSE_STHLM": 1037.0556067140194, "RMSE_S\u00f6dermanland": 77.27970674183597, "CV_RMSE_STHLM": 369.3510273219697, "CV_RMSE_S\u00f6dermanland": 283.884637010826, "_timestamp": 1748396630.4411564, "_runtime": 1.36859130859375, "_step": 0, "_wandb": {"runtime": 1}}