{"CV_RMSE": 4681.5131266679955, "RMSE": 313.74688013410923, "RMSE_Kalmar": 183.16925956290558, "RMSE_Blekinge": 130.57762057120365, "CV_RMSE_'Kalmar": 1772.6057377055376, "CV_RMSE_Blekinge": 2908.907388962458, "_timestamp": 1748526440.8118443, "_runtime": 1.3405382633209229, "_step": 0, "_wandb": {"runtime": 1}}