{"CV_RMSE": 300.8643927745328, "RMSE": 21.88979557383875, "RMSE_Kalmar": 14.824000697039047, "RMSE_Blekinge": 7.0657948767997025, "CV_RMSE_'Kalmar": 143.45807126166818, "CV_RMSE_Blekinge": 157.40632151286465, "_timestamp": 1748555558.0627832, "_runtime": 1.315904140472412, "_step": 0, "_wandb": {"runtime": 1}}