{"CV_RMSE": 306.976473972342, "RMSE": 22.256498447754257, "RMSE_Kalmar": 14.987260499960884, "RMSE_Blekinge": 7.269237947793374, "CV_RMSE_'Kalmar": 145.03800483833115, "CV_RMSE_Blekinge": 161.9384691340108, "_timestamp": 1748486020.7839036, "_runtime": 1.3301005363464355, "_step": 0, "_wandb": {"runtime": 1}}