{"CV_RMSE": 2556.907557991291, "RMSE": 184.71175826663978, "RMSE_Kalmar": 123.64936818827357, "RMSE_Blekinge": 61.062390078366214, "CV_RMSE_'Kalmar": 1196.6067889187764, "CV_RMSE_Blekinge": 1360.3007690725146, "_timestamp": 1748569554.0622313, "_runtime": 1.3644702434539795, "_step": 0, "_wandb": {"runtime": 1}}