{"CV_RMSE": 3422.180752343299, "RMSE": 225.44548392074051, "RMSE_Kalmar": 126.9955530515788, "RMSE_Blekinge": 98.44993086916172, "CV_RMSE_'Kalmar": 1228.9892230797948, "CV_RMSE_Blekinge": 2193.191529263504, "_timestamp": 1748550037.2187223, "_runtime": 1.6579432487487793, "_step": 0, "_wandb": {"runtime": 1}}