{"CV_RMSE": 1761.930686742649, "RMSE": 2394.4295899771882, "RMSE_STHLM": 2120.368828202573, "RMSE_S\u00f6dermanland": 274.0607617746154, "CV_RMSE_STHLM": 755.1768679787557, "CV_RMSE_S\u00f6dermanland": 1006.7538187638933, "_timestamp": 1748286992.4607449, "_runtime": 1.261643886566162, "_step": 0, "_wandb": {"runtime": 1}}