{"CV_RMSE": 532.7685147679332, "RMSE": 495.81666988488416, "RMSE_STHLM": 388.44623298210297, "RMSE_S\u00f6dermanland": 107.3704369027812, "CV_RMSE_STHLM": 138.34650165567578, "CV_RMSE_S\u00f6dermanland": 394.42201311225745, "_timestamp": 1748295966.782533, "_runtime": 1.3388428688049316, "_step": 0, "_wandb": {"runtime": 1}}