{"CV_RMSE": 2786.0261193508722, "RMSE": 171.6942582472963, "RMSE_Kalmar": 82.44934684566124, "RMSE_Blekinge": 89.24491140163505, "CV_RMSE_'Kalmar": 797.896904958012, "CV_RMSE_Blekinge": 1988.1292143928601, "_timestamp": 1748567711.8355653, "_runtime": 1.4762072563171387, "_step": 0, "_wandb": {"runtime": 1}}