{"CV_RMSE": 272.549120368064, "RMSE": 432.77589795706007, "RMSE_STHLM": 397.08003508962304, "RMSE_S\u00f6dermanland": 35.69586286743703, "CV_RMSE_STHLM": 141.42146085502998, "CV_RMSE_S\u00f6dermanland": 131.127659513034, "_timestamp": 1748567109.4722853, "_runtime": 1.268958330154419, "_step": 0, "_wandb": {"runtime": 1}}