{"CV_RMSE": 1109.1027217683088, "RMSE": 1556.5968542377934, "RMSE_STHLM": 1389.3787584017075, "RMSE_S\u00f6dermanland": 167.21809583608587, "CV_RMSE_STHLM": 494.8321656357486, "CV_RMSE_S\u00f6dermanland": 614.2705561325603, "_timestamp": 1748293643.3575475, "_runtime": 1.2628896236419678, "_step": 0, "_wandb": {"runtime": 1}}