{"CV_RMSE": 3565.048387081288, "RMSE": 200.11073367686964, "RMSE_Kalmar": 70.86329972142319, "RMSE_Blekinge": 129.24743395544647, "CV_RMSE_'Kalmar": 685.7738682718373, "CV_RMSE_Blekinge": 2879.274518809451, "_timestamp": 1748520942.80439, "_runtime": 1.3551690578460693, "_step": 0, "_wandb": {"runtime": 1}}