{"CV_RMSE": 619.4401721229104, "RMSE": 1441.214833004263, "RMSE_STHLM": 1409.2171548046158, "RMSE_S\u00f6dermanland": 31.997678199647325, "CV_RMSE_STHLM": 501.89768077726717, "CV_RMSE_S\u00f6dermanland": 117.54249134564324, "_timestamp": 1748313725.0109074, "_runtime": 1.298527479171753, "_step": 0, "_wandb": {"runtime": 1}}