{"CV_RMSE": 3126.6027031438166, "RMSE": 222.2065959917033, "RMSE_Kalmar": 144.72793426813726, "RMSE_Blekinge": 77.47866172356603, "CV_RMSE_'Kalmar": 1400.592912272296, "CV_RMSE_Blekinge": 1726.0097908715206, "_timestamp": 1748523963.5882545, "_runtime": 1.2904634475708008, "_step": 0, "_wandb": {"runtime": 1}}