{"CV_RMSE": 4185.136891351992, "RMSE": 298.5618728838437, "RMSE_Kalmar": 195.7167814150827, "RMSE_Blekinge": 102.84509146876103, "CV_RMSE_'Kalmar": 1894.0333685330581, "CV_RMSE_Blekinge": 2291.1035228189335, "_timestamp": 1748560772.6344147, "_runtime": 1.332343578338623, "_step": 0, "_wandb": {"runtime": 1}}