{"CV_RMSE": 310.2365681631313, "RMSE": 22.174495686770037, "RMSE_Kalmar": 14.583533060416874, "RMSE_Blekinge": 7.590962626353161, "CV_RMSE_'Kalmar": 141.13096510080845, "CV_RMSE_Blekinge": 169.10560306232287, "_timestamp": 1748479139.366402, "_runtime": 1.2954139709472656, "_step": 0, "_wandb": {"runtime": 1}}