{"CV_RMSE": 1975.8233990479328, "RMSE": 2691.5797535218016, "RMSE_STHLM": 2384.9439720192195, "RMSE_S\u00f6dermanland": 306.63578150258235, "CV_RMSE_STHLM": 849.4062425078343, "CV_RMSE_S\u00f6dermanland": 1126.4171565400984, "_timestamp": 1748342957.5710278, "_runtime": 1.2708497047424316, "_step": 0, "_wandb": {"runtime": 1}}