{"CV_RMSE": 273.8018774036352, "RMSE": 436.4784673981574, "RMSE_STHLM": 400.8024778824023, "RMSE_S\u00f6dermanland": 35.675989515755134, "CV_RMSE_STHLM": 142.74722203963677, "CV_RMSE_S\u00f6dermanland": 131.05465536399848, "_timestamp": 1748525410.5968993, "_runtime": 1.3398313522338867, "_step": 0, "_wandb": {"runtime": 1}}