{"CV_RMSE": 1346.6987755268021, "RMSE": 510.6039170172608, "RMSE_skane": 441.8272917317839, "RMSE_kronoberg": 68.77662528547692, "CV_RMSE_'skane": 700.5718156423634, "CV_RMSE_kronoberg": 646.1269598844387, "_timestamp": 1748536991.927364, "_runtime": 1.3558061122894287, "_step": 0, "_wandb": {"runtime": 1}}