{"CV_RMSE": 398.36589188099873, "RMSE": 388.9143536229632, "RMSE_STHLM": 310.58214786873145, "RMSE_S\u00f6dermanland": 78.33220575423174, "CV_RMSE_STHLM": 110.61493196749439, "CV_RMSE_S\u00f6dermanland": 287.75095991350435, "_timestamp": 1748536584.6483853, "_runtime": 1.2525193691253662, "_step": 0, "_wandb": {"runtime": 1}}