{"CV_RMSE": 306.44369029626034, "RMSE": 22.228378692039612, "RMSE_Kalmar": 14.97982812299548, "RMSE_Blekinge": 7.248550569044132, "CV_RMSE_'Kalmar": 144.96607860963366, "CV_RMSE_Blekinge": 161.4776116866267, "_timestamp": 1748498499.585298, "_runtime": 1.2817730903625488, "_step": 0, "_wandb": {"runtime": 1}}