{"CV_RMSE": 306.60527039765975, "RMSE": 401.90821643232994, "RMSE_STHLM": 352.63216216272315, "RMSE_S\u00f6dermanland": 49.27605426960676, "CV_RMSE_STHLM": 125.59119348890023, "CV_RMSE_S\u00f6dermanland": 181.0140769087595, "_timestamp": 1748479737.029707, "_runtime": 1.2727348804473877, "_step": 0, "_wandb": {"runtime": 1}}