{"CV_RMSE": 3850.607844367462, "RMSE": 1500.7268262262817, "RMSE_skane": 1312.3506469678325, "RMSE_kronoberg": 188.37617925844907, "CV_RMSE_'skane": 2080.894260519819, "CV_RMSE_kronoberg": 1769.713583847643, "_timestamp": 1748529578.9652822, "_runtime": 1.2900443077087402, "_step": 0, "_wandb": {"runtime": 1}}