{"CV_RMSE": 254.30972899778402, "RMSE": 403.8849701620213, "RMSE_STHLM": 370.58555836547964, "RMSE_S\u00f6dermanland": 33.2994117965417, "CV_RMSE_STHLM": 131.98535913293696, "CV_RMSE_S\u00f6dermanland": 122.32436986484706, "_timestamp": 1748334074.9437618, "_runtime": 1.2645797729492188, "_step": 0, "_wandb": {"runtime": 1}}