{"CV_RMSE": 1125.3633684695021, "RMSE": 1567.6697959473097, "RMSE_STHLM": 1396.738764754587, "RMSE_S\u00f6dermanland": 170.93103119272277, "CV_RMSE_STHLM": 497.4534579656226, "CV_RMSE_S\u00f6dermanland": 627.9099105038796, "_timestamp": 1748290074.789525, "_runtime": 1.4930949211120605, "_step": 0, "_wandb": {"runtime": 1}}