{"CV_RMSE": 4918.660043743896, "RMSE": 329.08671463339005, "RMSE_Kalmar": 191.46955003084454, "RMSE_Blekinge": 137.6171646025455, "CV_RMSE_'Kalmar": 1852.9311293307535, "CV_RMSE_Blekinge": 3065.7289144131423, "_timestamp": 1748524533.1220255, "_runtime": 1.320833444595337, "_step": 0, "_wandb": {"runtime": 1}}