{"CV_RMSE": 2564.7581566501544, "RMSE": 129.66699819411923, "RMSE_Kalmar": 25.703810787533172, "RMSE_Blekinge": 103.96318740658607, "CV_RMSE_'Kalmar": 248.7465560083855, "CV_RMSE_Blekinge": 2316.011600641769, "_timestamp": 1748475441.1114452, "_runtime": 1.4683351516723633, "_step": 0, "_wandb": {"runtime": 1}}