{"CV_RMSE": 953.6718764122064, "RMSE": 714.9297259839201, "RMSE_STHLM": 504.2029954427336, "RMSE_S\u00f6dermanland": 210.7267305411865, "CV_RMSE_STHLM": 179.57368258743975, "CV_RMSE_S\u00f6dermanland": 774.0981938247667, "_timestamp": 1748307052.3210382, "_runtime": 1.3657331466674805, "_step": 0, "_wandb": {"runtime": 1}}