{"CV_RMSE": 297.2126874275128, "RMSE": 21.719948249314236, "RMSE_Kalmar": 14.813522586923334, "RMSE_Blekinge": 6.906425662390902, "CV_RMSE_'Kalmar": 143.35667019603227, "CV_RMSE_Blekinge": 153.8560172314805, "_timestamp": 1748554429.9367485, "_runtime": 1.3132004737854004, "_step": 0, "_wandb": {"runtime": 1}}