{"CV_RMSE": 306.9168521474252, "RMSE": 22.250322504594976, "RMSE_Kalmar": 14.981073019566825, "RMSE_Blekinge": 7.26924948502815, "CV_RMSE_'Kalmar": 144.97812599580797, "CV_RMSE_Blekinge": 161.9387261516172, "_timestamp": 1748498951.5815713, "_runtime": 1.3196792602539062, "_step": 0, "_wandb": {"runtime": 1}}