{"CV_RMSE": 3107.2980565363755, "RMSE": 968.7340303486529, "RMSE_skane": 767.5225009590679, "RMSE_kronoberg": 201.21152938958508, "CV_RMSE_'skane": 1217.0018514150124, "CV_RMSE_kronoberg": 1890.296205121363, "_timestamp": 1748550457.6104407, "_runtime": 1.362745761871338, "_step": 0, "_wandb": {"runtime": 1}}