{"CV_RMSE": 4944.236111346236, "RMSE": 1849.154323334152, "RMSE_skane": 1591.4790075892947, "RMSE_kronoberg": 257.67531574485724, "CV_RMSE_'skane": 2523.4867985031096, "CV_RMSE_kronoberg": 2420.7493128431265, "_timestamp": 1748539942.4490826, "_runtime": 1.3086965084075928, "_step": 0, "_wandb": {"runtime": 1}}