{"CV_RMSE": 274.95257958289085, "RMSE": 435.9692627811853, "RMSE_STHLM": 399.89172657259144, "RMSE_S\u00f6dermanland": 36.077536208593884, "CV_RMSE_STHLM": 142.42285473499498, "CV_RMSE_S\u00f6dermanland": 132.5297248478959, "_timestamp": 1748563742.5429928, "_runtime": 1.4299647808074951, "_step": 0, "_wandb": {"runtime": 1}}