{"CV_RMSE": 4970.833080848227, "RMSE": 1919.0515030195288, "RMSE_skane": 1672.1629987557026, "RMSE_kronoberg": 246.88850426382626, "CV_RMSE_'skane": 2651.421245384306, "CV_RMSE_kronoberg": 2319.411835463921, "_timestamp": 1748548132.669637, "_runtime": 1.3064908981323242, "_step": 0, "_wandb": {"runtime": 1}}