{"CV_RMSE": 279.57789656211025, "RMSE": 100.78377435436164, "RMSE_skane": 85.4458886097901, "RMSE_kronoberg": 15.337885744571544, "CV_RMSE_'skane": 135.4850242227116, "CV_RMSE_kronoberg": 144.09287233939867, "_timestamp": 1748556881.8200977, "_runtime": 1.2560656070709229, "_step": 0, "_wandb": {"runtime": 1}}