{"CV_RMSE": 263.00137770446406, "RMSE": 415.8652586529139, "RMSE_STHLM": 381.2319893839823, "RMSE_S\u00f6dermanland": 34.633269268931606, "CV_RMSE_STHLM": 135.77712324716424, "CV_RMSE_S\u00f6dermanland": 127.22425445729979, "_timestamp": 1748500236.8268113, "_runtime": 1.250291347503662, "_step": 0, "_wandb": {"runtime": 1}}