{"CV_RMSE": 4902.921070816065, "RMSE": 326.80499993429765, "RMSE_Kalmar": 188.68448346494705, "RMSE_Blekinge": 138.1205164693506, "CV_RMSE_'Kalmar": 1825.978872241423, "CV_RMSE_Blekinge": 3076.942198574642, "_timestamp": 1748514908.8817005, "_runtime": 1.3346295356750488, "_step": 0, "_wandb": {"runtime": 1}}