{"CV_RMSE": 856.7860457898325, "RMSE": 564.9769221225923, "RMSE_STHLM": 367.3570558205471, "RMSE_S\u00f6dermanland": 197.61986630204524, "CV_RMSE_STHLM": 130.83551651701322, "CV_RMSE_S\u00f6dermanland": 725.9505292728193, "_timestamp": 1748324225.0298707, "_runtime": 1.4271347522735596, "_step": 0, "_wandb": {"runtime": 1}}