{"CV_RMSE": 5130.097763364439, "RMSE": 1961.3380177498912, "RMSE_skane": 1702.6407295907602, "RMSE_kronoberg": 258.69728815913095, "CV_RMSE_'skane": 2699.7474570678014, "CV_RMSE_kronoberg": 2430.3503062966374, "_timestamp": 1748556023.0272076, "_runtime": 1.3142507076263428, "_step": 0, "_wandb": {"runtime": 1}}