{"CV_RMSE": 2667.587068170245, "RMSE": 1334.7637922914334, "RMSE_skane": 1264.1839946972946, "RMSE_kronoberg": 70.57979759413898, "CV_RMSE_'skane": 2004.5200761585008, "CV_RMSE_kronoberg": 663.0669920117441, "_timestamp": 1748507750.105745, "_runtime": 1.3338911533355713, "_step": 0, "_wandb": {"runtime": 1}}