{"CV_RMSE": 850.2206712143586, "RMSE": 1911.33611881659, "RMSE_STHLM": 1860.2431415744927, "RMSE_S\u00f6dermanland": 51.09297724209733, "CV_RMSE_STHLM": 662.532183386246, "CV_RMSE_S\u00f6dermanland": 187.6884878281126, "_timestamp": 1748303863.9314857, "_runtime": 1.2615246772766113, "_step": 0, "_wandb": {"runtime": 1}}