{"CV_RMSE": 1567.427524659175, "RMSE": 2440.77383978343, "RMSE_STHLM": 2230.321380801485, "RMSE_S\u00f6dermanland": 210.45245898194509, "CV_RMSE_STHLM": 794.3368590112135, "CV_RMSE_S\u00f6dermanland": 773.0906656479616, "_timestamp": 1748378038.3890374, "_runtime": 1.2695214748382568, "_step": 0, "_wandb": {"runtime": 1}}