{"CV_RMSE": 1944.2885071087726, "RMSE": 2660.170931011339, "RMSE_STHLM": 2359.66918362082, "RMSE_S\u00f6dermanland": 300.50174739051874, "CV_RMSE_STHLM": 840.4045371027852, "CV_RMSE_S\u00f6dermanland": 1103.8839700059873, "_timestamp": 1748301528.5404115, "_runtime": 1.250544548034668, "_step": 0, "_wandb": {"runtime": 1}}