{"CV_RMSE": 3969.7364398860364, "RMSE": 250.9677885018279, "RMSE_Kalmar": 128.66307870010937, "RMSE_Blekinge": 122.30470980171853, "CV_RMSE_'Kalmar": 1245.1265680655745, "CV_RMSE_Blekinge": 2724.609871820462, "_timestamp": 1748475882.1075044, "_runtime": 1.3053693771362305, "_step": 0, "_wandb": {"runtime": 1}}