{"CV_RMSE": 553.2937071348261, "RMSE": 762.5827324783719, "RMSE_STHLM": 677.6655346103727, "RMSE_S\u00f6dermanland": 84.91719786799926, "CV_RMSE_STHLM": 241.35298027278807, "CV_RMSE_S\u00f6dermanland": 311.9407268620381, "_timestamp": 1748389601.9511604, "_runtime": 1.3043153285980225, "_step": 0, "_wandb": {"runtime": 1}}