{"CV_RMSE": 2609.9923859576156, "RMSE": 1078.0842787355668, "RMSE_skane": 962.7606287293456, "RMSE_kronoberg": 115.32365000622111, "CV_RMSE_'skane": 1526.5760497822605, "CV_RMSE_kronoberg": 1083.4163361753551, "_timestamp": 1748551517.3784773, "_runtime": 1.3944802284240723, "_step": 0, "_wandb": {"runtime": 1}}