{"CV_RMSE": 713.8691988690598, "RMSE": 889.2147503611245, "RMSE_STHLM": 769.487767888055, "RMSE_S\u00f6dermanland": 119.72698247306943, "CV_RMSE_STHLM": 274.05579386594763, "CV_RMSE_S\u00f6dermanland": 439.81340500311217, "_timestamp": 1748319968.68534, "_runtime": 1.2976698875427246, "_step": 0, "_wandb": {"runtime": 1}}