{"CV_RMSE": 2860.0160686622685, "RMSE": 1115.578352144455, "RMSE_skane": 975.8503670543272, "RMSE_kronoberg": 139.72798509012785, "CV_RMSE_'skane": 1547.3314488176436, "CV_RMSE_kronoberg": 1312.6846198446249, "_timestamp": 1748508630.4633884, "_runtime": 1.3556854724884033, "_step": 0, "_wandb": {"runtime": 1}}