{"CV_RMSE": 947.9949445561618, "RMSE": 1530.5609087451573, "RMSE_STHLM": 1409.1132460123786, "RMSE_S\u00f6dermanland": 121.44766273277871, "CV_RMSE_STHLM": 501.86067329289307, "CV_RMSE_S\u00f6dermanland": 446.1342712632688, "_timestamp": 1748383736.1916578, "_runtime": 1.2805778980255127, "_step": 0, "_wandb": {"runtime": 1}}