{"CV_RMSE": 957.6100467156062, "RMSE": 511.1073838117201, "RMSE_skane": 492.25899730904706, "RMSE_kronoberg": 18.84838650267306, "CV_RMSE_'skane": 780.5375221602226, "CV_RMSE_kronoberg": 177.07252455538364, "_timestamp": 1748572152.8641574, "_runtime": 1.3311083316802979, "_step": 0, "_wandb": {"runtime": 1}}