{"CV_RMSE": 274.1556398792137, "RMSE": 436.6390743840858, "RMSE_STHLM": 400.87368676984465, "RMSE_S\u00f6dermanland": 35.76538761424114, "CV_RMSE_STHLM": 142.77258333710336, "CV_RMSE_S\u00f6dermanland": 131.38305654211032, "_timestamp": 1748510436.178854, "_runtime": 1.3059580326080322, "_step": 0, "_wandb": {"runtime": 1}}