{"CV_RMSE": 1468.076871596219, "RMSE": 1882.569309203494, "RMSE_STHLM": 1642.1360247167265, "RMSE_S\u00f6dermanland": 240.43328448676732, "CV_RMSE_STHLM": 584.8525612366656, "CV_RMSE_S\u00f6dermanland": 883.2243103595534, "_timestamp": 1748285266.6015615, "_runtime": 1.3437035083770752, "_step": 0, "_wandb": {"runtime": 1}}