{"CV_RMSE": 306.8815270207918, "RMSE": 22.252184454172497, "RMSE_Kalmar": 14.987168683813245, "RMSE_Blekinge": 7.265015770359252, "CV_RMSE_'Kalmar": 145.0371162949669, "CV_RMSE_Blekinge": 161.8444107258249, "_timestamp": 1748500967.2010314, "_runtime": 1.2599124908447266, "_step": 0, "_wandb": {"runtime": 1}}