{"CV_RMSE": 1352.019481449863, "RMSE": 513.4110123828705, "RMSE_skane": 444.5230137082316, "RMSE_kronoberg": 68.8879986746389, "CV_RMSE_'skane": 704.8462162392678, "CV_RMSE_kronoberg": 647.1732652105951, "_timestamp": 1748516369.849153, "_runtime": 1.4422600269317627, "_step": 0, "_wandb": {"runtime": 1}}