{"CV_RMSE": 274.7183613206836, "RMSE": 436.31197042171806, "RMSE_STHLM": 400.3418327300898, "RMSE_S\u00f6dermanland": 35.970137691628274, "CV_RMSE_STHLM": 142.5831616371511, "CV_RMSE_S\u00f6dermanland": 132.13519968353245, "_timestamp": 1748530568.8937833, "_runtime": 1.3243012428283691, "_step": 0, "_wandb": {"runtime": 1}}