{"CV_RMSE": 1332.5649258402377, "RMSE": 1965.419247472093, "RMSE_STHLM": 1774.7307724531124, "RMSE_S\u00f6dermanland": 190.68847501898063, "CV_RMSE_STHLM": 632.0766502603091, "CV_RMSE_S\u00f6dermanland": 700.4882755799288, "_timestamp": 1748294541.8286567, "_runtime": 1.2802507877349854, "_step": 0, "_wandb": {"runtime": 1}}