{"CV_RMSE": 1436.3796569707029, "RMSE": 1502.6407723726597, "RMSE_STHLM": 1230.9726931939447, "RMSE_S\u00f6dermanland": 271.6680791787152, "CV_RMSE_STHLM": 438.4152844774635, "CV_RMSE_S\u00f6dermanland": 997.9643724932394, "_timestamp": 1748318343.9863477, "_runtime": 1.3503496646881104, "_step": 0, "_wandb": {"runtime": 1}}