{"CV_RMSE": 303.37837475160836, "RMSE": 21.94492399391311, "RMSE_Kalmar": 14.721945683856875, "RMSE_Blekinge": 7.222978310056235, "CV_RMSE_'Kalmar": 142.47044210184072, "CV_RMSE_Blekinge": 160.90793264976762, "_timestamp": 1748494442.407083, "_runtime": 1.2688169479370117, "_step": 0, "_wandb": {"runtime": 1}}