{"CV_RMSE": 1306.155613098303, "RMSE": 1554.5842205334152, "RMSE_STHLM": 1327.7487390962071, "RMSE_S\u00f6dermanland": 226.835481437208, "CV_RMSE_STHLM": 472.88241598202865, "CV_RMSE_S\u00f6dermanland": 833.2731971162743, "_timestamp": 1748290503.5825596, "_runtime": 1.282956600189209, "_step": 0, "_wandb": {"runtime": 1}}