{"CV_RMSE": 1463.5703957042922, "RMSE": 2174.000136869561, "RMSE_STHLM": 1966.2139087282014, "RMSE_S\u00f6dermanland": 207.78622814135971, "CV_RMSE_STHLM": 700.2740474299095, "CV_RMSE_S\u00f6dermanland": 763.2963482743827, "_timestamp": 1748329147.1178875, "_runtime": 1.2771954536437988, "_step": 0, "_wandb": {"runtime": 1}}