{"CV_RMSE": 273.3532830431417, "RMSE": 431.86420950115587, "RMSE_STHLM": 395.8280523114345, "RMSE_S\u00f6dermanland": 36.03615718972141, "CV_RMSE_STHLM": 140.9755627543692, "CV_RMSE_S\u00f6dermanland": 132.3777202887725, "_timestamp": 1748527688.9853756, "_runtime": 1.3321475982666016, "_step": 0, "_wandb": {"runtime": 1}}