{"CV_RMSE": 259.590349591046, "RMSE": 379.7745955765754, "RMSE_STHLM": 342.2948112926015, "RMSE_S\u00f6dermanland": 37.47978428397389, "CV_RMSE_STHLM": 121.90950936420316, "CV_RMSE_S\u00f6dermanland": 137.68084022684286, "_timestamp": 1748461437.9840438, "_runtime": 1.8805558681488037, "_step": 0, "_wandb": {"runtime": 1}}