{"CV_RMSE": 246.10490426218314, "RMSE": 387.6495395831936, "RMSE_STHLM": 355.0803924782236, "RMSE_S\u00f6dermanland": 32.56914710496997, "CV_RMSE_STHLM": 126.46313938678324, "CV_RMSE_S\u00f6dermanland": 119.6417648753999, "_timestamp": 1748351723.7270777, "_runtime": 1.3419406414031982, "_step": 0, "_wandb": {"runtime": 1}}