{"CV_RMSE": 4084.3571411360354, "RMSE": 257.10725528775913, "RMSE_Kalmar": 130.42101007412603, "RMSE_Blekinge": 126.68624521363309, "CV_RMSE_'Kalmar": 1262.1388071689614, "CV_RMSE_Blekinge": 2822.2183339670737, "_timestamp": 1748522798.7401648, "_runtime": 1.331939697265625, "_step": 0, "_wandb": {"runtime": 1}}