{"CV_RMSE": 987.7533553501554, "RMSE": 1444.7806570099308, "RMSE_STHLM": 1302.1383433830335, "RMSE_S\u00f6dermanland": 142.6423136268973, "CV_RMSE_STHLM": 463.7611828431857, "CV_RMSE_S\u00f6dermanland": 523.9921725069697, "_timestamp": 1748316158.3712056, "_runtime": 1.2698466777801514, "_step": 0, "_wandb": {"runtime": 1}}