{"CV_RMSE": 254.54689595859972, "RMSE": 395.0403930846497, "RMSE_STHLM": 360.71991649674277, "RMSE_S\u00f6dermanland": 34.32047658790691, "CV_RMSE_STHLM": 128.471675839758, "CV_RMSE_S\u00f6dermanland": 126.07522011884171, "_timestamp": 1748339047.249156, "_runtime": 1.2850310802459717, "_step": 0, "_wandb": {"runtime": 1}}