{"CV_RMSE": 3531.7862497442648, "RMSE": 271.0849640599546, "RMSE_Kalmar": 198.98994918206685, "RMSE_Blekinge": 72.09501487788772, "CV_RMSE_'Kalmar": 1925.7091856329048, "CV_RMSE_Blekinge": 1606.0770641113602, "_timestamp": 1748462978.9717422, "_runtime": 1.3184010982513428, "_step": 0, "_wandb": {"runtime": 1}}