{"CV_RMSE": 480.989417958884, "RMSE": 469.0687042455291, "RMSE_STHLM": 374.43528608724915, "RMSE_S\u00f6dermanland": 94.63341815827992, "CV_RMSE_STHLM": 133.3564532958149, "CV_RMSE_S\u00f6dermanland": 347.6329646630691, "_timestamp": 1748511698.775671, "_runtime": 1.3134350776672363, "_step": 0, "_wandb": {"runtime": 1}}