{"CV_RMSE": 263.25268009831933, "RMSE": 420.3401336698645, "RMSE_STHLM": 386.11154102945846, "RMSE_S\u00f6dermanland": 34.22859264040601, "CV_RMSE_STHLM": 137.51499284784828, "CV_RMSE_S\u00f6dermanland": 125.73768725047107, "_timestamp": 1748284360.2620213, "_runtime": 1.3010032176971436, "_step": 0, "_wandb": {"runtime": 1}}