{"CV_RMSE": 2997.398545475786, "RMSE": 180.92275140613313, "RMSE_Kalmar": 81.99003966268945, "RMSE_Blekinge": 98.93271174344368, "CV_RMSE_'Kalmar": 793.4519967357044, "CV_RMSE_Blekinge": 2203.9465487400817, "_timestamp": 1748500263.8326766, "_runtime": 1.3060145378112793, "_step": 0, "_wandb": {"runtime": 1}}