{"CV_RMSE": 273.33254854048585, "RMSE": 433.4451230371587, "RMSE_STHLM": 397.5849462137341, "RMSE_S\u00f6dermanland": 35.860176823424574, "CV_RMSE_STHLM": 141.60128674015064, "CV_RMSE_S\u00f6dermanland": 131.73126180033518, "_timestamp": 1748506194.1433284, "_runtime": 1.4650013446807861, "_step": 0, "_wandb": {"runtime": 1}}