{"CV_RMSE": 3060.136526648007, "RMSE": 1492.8428035325812, "RMSE_skane": 1404.0921039344582, "RMSE_kronoberg": 88.75069959812305, "CV_RMSE_'skane": 2226.3616869996695, "CV_RMSE_kronoberg": 833.7748396483377, "_timestamp": 1748567646.6068366, "_runtime": 1.3888566493988037, "_step": 0, "_wandb": {"runtime": 1}}