{"CV_RMSE": 737.631107539539, "RMSE": 1345.0634607121106, "RMSE_STHLM": 1267.1142981562039, "RMSE_S\u00f6dermanland": 77.94916255590678, "CV_RMSE_STHLM": 451.2872450892693, "CV_RMSE_S\u00f6dermanland": 286.3438624502698, "_timestamp": 1748294315.011837, "_runtime": 1.2936139106750488, "_step": 0, "_wandb": {"runtime": 1}}