{"CV_RMSE": 1014.2918644051695, "RMSE": 62.35705912050322, "RMSE_Kalmar": 29.750495467744337, "RMSE_Blekinge": 32.60656365275889, "CV_RMSE_'Kalmar": 287.90802065559035, "CV_RMSE_Blekinge": 726.3838437495791, "_timestamp": 1748524543.4460468, "_runtime": 1.3714337348937988, "_step": 0, "_wandb": {"runtime": 1}}