{"CV_RMSE": 271.1513887574399, "RMSE": 432.8598984306876, "RMSE_STHLM": 397.59439816454886, "RMSE_S\u00f6dermanland": 35.26550026613876, "CV_RMSE_STHLM": 141.60465308590975, "CV_RMSE_S\u00f6dermanland": 129.54673567153014, "_timestamp": 1748346196.2691886, "_runtime": 1.2668695449829102, "_step": 0, "_wandb": {"runtime": 1}}