{"CV_RMSE": 4701.148636537511, "RMSE": 1825.9690826096798, "RMSE_skane": 1594.7153026425374, "RMSE_kronoberg": 231.2537799671425, "CV_RMSE_'skane": 2528.6183445706192, "CV_RMSE_kronoberg": 2172.530291966892, "_timestamp": 1748554178.7971423, "_runtime": 1.2776751518249512, "_step": 0, "_wandb": {"runtime": 1}}