{"CV_RMSE": 1663.4848065175765, "RMSE": 2490.8543652740486, "RMSE_STHLM": 2256.8223229894047, "RMSE_S\u00f6dermanland": 234.03204228464386, "CV_RMSE_STHLM": 803.7752634311296, "CV_RMSE_S\u00f6dermanland": 859.7095430864468, "_timestamp": 1748354508.1488574, "_runtime": 1.321458339691162, "_step": 0, "_wandb": {"runtime": 1}}