{"CV_RMSE": 1108.2368763286927, "RMSE": 1812.3272409296399, "RMSE_STHLM": 1672.8258692949855, "RMSE_S\u00f6dermanland": 139.5013716346543, "CV_RMSE_STHLM": 595.7828580789422, "CV_RMSE_S\u00f6dermanland": 512.4540182497504, "_timestamp": 1748403819.531986, "_runtime": 1.314337968826294, "_step": 0, "_wandb": {"runtime": 1}}