{"CV_RMSE": 807.6674204796777, "RMSE": 1973.6732591876416, "RMSE_STHLM": 1942.1005347843889, "RMSE_S\u00f6dermanland": 31.572724403252828, "CV_RMSE_STHLM": 691.6859838963, "CV_RMSE_S\u00f6dermanland": 115.98143658337774, "_timestamp": 1748343633.9459403, "_runtime": 1.2987923622131348, "_step": 0, "_wandb": {"runtime": 1}}