{"CV_RMSE": 5181.734938133222, "RMSE": 1999.5514064392937, "RMSE_skane": 1742.0008641390457, "RMSE_kronoberg": 257.55054230024797, "CV_RMSE_'skane": 2762.157818402292, "CV_RMSE_kronoberg": 2419.577119730931, "_timestamp": 1748526188.020639, "_runtime": 1.3229880332946777, "_step": 0, "_wandb": {"runtime": 1}}