{"CV_RMSE": 948.0355591947535, "RMSE": 651.5362826281073, "RMSE_STHLM": 435.702567119605, "RMSE_S\u00f6dermanland": 215.83371550850234, "CV_RMSE_STHLM": 155.1770124288265, "CV_RMSE_S\u00f6dermanland": 792.858546765927, "_timestamp": 1748305819.5810463, "_runtime": 1.3139784336090088, "_step": 0, "_wandb": {"runtime": 1}}