{"CV_RMSE": 4848.071639217362, "RMSE": 1822.7942118543535, "RMSE_skane": 1572.0810698597888, "RMSE_kronoberg": 250.7131419945646, "CV_RMSE_'skane": 2492.728969122287, "CV_RMSE_kronoberg": 2355.342670095075, "_timestamp": 1748522706.9666064, "_runtime": 1.3226563930511475, "_step": 0, "_wandb": {"runtime": 1}}