{"CV_RMSE": 3138.2266212258855, "RMSE": 220.67227188584042, "RMSE_Kalmar": 141.09260869402084, "RMSE_Blekinge": 79.57966319181959, "CV_RMSE_'Kalmar": 1365.4123422002015, "CV_RMSE_Blekinge": 1772.8142790256838, "_timestamp": 1748533062.1395218, "_runtime": 1.2842419147491455, "_step": 0, "_wandb": {"runtime": 1}}