{"CV_RMSE": 4298.1038389440055, "RMSE": 308.54286425683955, "RMSE_Kalmar": 204.39801425046588, "RMSE_Blekinge": 104.14485000637367, "CV_RMSE_'Kalmar": 1978.045299198057, "CV_RMSE_Blekinge": 2320.058539745948, "_timestamp": 1748493844.9389224, "_runtime": 1.3199353218078613, "_step": 0, "_wandb": {"runtime": 1}}