{"CV_RMSE": 265.8861875711723, "RMSE": 422.94905520477334, "RMSE_STHLM": 388.20669453407817, "RMSE_S\u00f6dermanland": 34.7423606706952, "CV_RMSE_STHLM": 138.26118918902665, "CV_RMSE_S\u00f6dermanland": 127.62499838214563, "_timestamp": 1748435132.8506584, "_runtime": 1.2697563171386719, "_step": 0, "_wandb": {"runtime": 1}}