{"CV_RMSE": 4944.558092857943, "RMSE": 1846.2944715108856, "RMSE_skane": 1587.9972243529035, "RMSE_kronoberg": 258.29724715798216, "CV_RMSE_'skane": 2517.966000559572, "CV_RMSE_kronoberg": 2426.592092298371, "_timestamp": 1748550389.2792292, "_runtime": 1.317305088043213, "_step": 0, "_wandb": {"runtime": 1}}