{"CV_RMSE": 261.7562016669665, "RMSE": 423.8632480968558, "RMSE_STHLM": 390.46401516780367, "RMSE_S\u00f6dermanland": 33.399232929052125, "CV_RMSE_STHLM": 139.06514192759133, "CV_RMSE_S\u00f6dermanland": 122.69105973937516, "_timestamp": 1748566076.219672, "_runtime": 1.281585931777954, "_step": 0, "_wandb": {"runtime": 1}}