{"CV_RMSE": 275.1970255198439, "RMSE": 436.61295317776046, "RMSE_STHLM": 400.53083696438915, "RMSE_S\u00f6dermanland": 36.08211621337129, "CV_RMSE_STHLM": 142.6504761646024, "CV_RMSE_S\u00f6dermanland": 132.5465493552415, "_timestamp": 1748440819.6634185, "_runtime": 1.263425588607788, "_step": 0, "_wandb": {"runtime": 1}}