{"CV_RMSE": 4971.79112967917, "RMSE": 1929.6209507054605, "RMSE_skane": 1684.7559093958187, "RMSE_kronoberg": 244.86504130964178, "CV_RMSE_'skane": 2671.388862678359, "CV_RMSE_kronoberg": 2300.4022670008103, "_timestamp": 1748572389.771304, "_runtime": 1.2687408924102783, "_step": 0, "_wandb": {"runtime": 1}}