{"CV_RMSE": 275.0889947066933, "RMSE": 436.3155524943277, "RMSE_STHLM": 400.2340724900258, "RMSE_S\u00f6dermanland": 36.081480004301866, "CV_RMSE_STHLM": 142.54478244599258, "CV_RMSE_S\u00f6dermanland": 132.54421226070073, "_timestamp": 1748503404.876231, "_runtime": 1.276176929473877, "_step": 0, "_wandb": {"runtime": 1}}