{"CV_RMSE": 4742.097261216462, "RMSE": 1776.7961599187838, "RMSE_skane": 1530.3139048778303, "RMSE_kronoberg": 246.48225504095356, "CV_RMSE_'skane": 2426.50196333694, "CV_RMSE_kronoberg": 2315.595297879522, "_timestamp": 1748577679.3665254, "_runtime": 1.2704603672027588, "_step": 0, "_wandb": {"runtime": 1}}