{"CV_RMSE": 4878.955034584389, "RMSE": 1868.4492223214515, "RMSE_skane": 1623.0515553994792, "RMSE_kronoberg": 245.39766692197244, "CV_RMSE_'skane": 2573.548977906151, "CV_RMSE_kronoberg": 2305.406056678238, "_timestamp": 1748553927.9054437, "_runtime": 1.3648955821990967, "_step": 0, "_wandb": {"runtime": 1}}