{"CV_RMSE": 302.50671145529225, "RMSE": 21.804229578677592, "RMSE_Kalmar": 14.542370077217793, "RMSE_Blekinge": 7.261859501459798, "CV_RMSE_'Kalmar": 140.73261365049476, "CV_RMSE_Blekinge": 161.7740978047975, "_timestamp": 1748476164.7238517, "_runtime": 1.2905406951904297, "_step": 0, "_wandb": {"runtime": 1}}