{"CV_RMSE": 2991.0853661856354, "RMSE": 188.7061938217931, "RMSE_Kalmar": 96.25269296686552, "RMSE_Blekinge": 92.45350085492758, "CV_RMSE_'Kalmar": 931.4776738728921, "CV_RMSE_Blekinge": 2059.6076923127434, "_timestamp": 1748563486.93346, "_runtime": 1.3136200904846191, "_step": 0, "_wandb": {"runtime": 1}}