{"CV_RMSE": 3447.5023695626287, "RMSE": 221.5195135196447, "RMSE_Kalmar": 118.04451581481942, "RMSE_Blekinge": 103.47499770482527, "CV_RMSE_'Kalmar": 1142.3662820788975, "CV_RMSE_Blekinge": 2305.1360874837314, "_timestamp": 1748534915.8206248, "_runtime": 1.3415937423706055, "_step": 0, "_wandb": {"runtime": 1}}