{"CV_RMSE": 268.3627682670553, "RMSE": 96.15353144157281, "RMSE_skane": 81.31165429160707, "RMSE_kronoberg": 14.841877149965738, "CV_RMSE_'skane": 128.9296843947258, "CV_RMSE_kronoberg": 139.4330838723295, "_timestamp": 1748557530.2380974, "_runtime": 1.343416452407837, "_step": 0, "_wandb": {"runtime": 1}}