{"CV_RMSE": 296.9927031965757, "RMSE": 21.65968172511362, "RMSE_Kalmar": 14.724427037216644, "RMSE_Blekinge": 6.935254687896977, "CV_RMSE_'Kalmar": 142.49445519887075, "CV_RMSE_Blekinge": 154.49824799770494, "_timestamp": 1748504514.7156253, "_runtime": 1.3227741718292236, "_step": 0, "_wandb": {"runtime": 1}}