{"CV_RMSE": 1625.2109583846131, "RMSE": 1915.405711354004, "RMSE_STHLM": 1631.1299672958037, "RMSE_S\u00f6dermanland": 284.27574405820036, "CV_RMSE_STHLM": 580.9327149055098, "CV_RMSE_S\u00f6dermanland": 1044.2782434791034, "_timestamp": 1748318060.6307137, "_runtime": 1.2802467346191406, "_step": 0, "_wandb": {"runtime": 1}}