{"CV_RMSE": 273.52039892703715, "RMSE": 434.23933362517, "RMSE_STHLM": 398.40779758594385, "RMSE_S\u00f6dermanland": 35.83153603922613, "CV_RMSE_STHLM": 141.89434817069628, "CV_RMSE_S\u00f6dermanland": 131.6260507563409, "_timestamp": 1748529285.27536, "_runtime": 1.343696117401123, "_step": 0, "_wandb": {"runtime": 1}}