{"CV_RMSE": 274.77106334750647, "RMSE": 436.0345773420043, "RMSE_STHLM": 400.01877123601565, "RMSE_S\u00f6dermanland": 36.01580610598865, "CV_RMSE_STHLM": 142.46810214183384, "CV_RMSE_S\u00f6dermanland": 132.3029612056726, "_timestamp": 1748462023.8515203, "_runtime": 1.2753403186798096, "_step": 0, "_wandb": {"runtime": 1}}