{"CV_RMSE": 4947.011147156205, "RMSE": 1892.6873995622761, "RMSE_skane": 1643.4962020011671, "RMSE_kronoberg": 249.19119756110905, "CV_RMSE_'skane": 2605.966493659356, "CV_RMSE_kronoberg": 2341.044653496849, "_timestamp": 1748517462.0780222, "_runtime": 1.3203163146972656, "_step": 0, "_wandb": {"runtime": 1}}