{"CV_RMSE": 2391.555844469124, "RMSE": 186.82473363456234, "RMSE_Kalmar": 140.50858864329263, "RMSE_Blekinge": 46.3161449912697, "CV_RMSE_'Kalmar": 1359.7605352576704, "CV_RMSE_Blekinge": 1031.7953092114537, "_timestamp": 1748476075.6813424, "_runtime": 1.3230304718017578, "_step": 0, "_wandb": {"runtime": 2}}