{"CV_RMSE": 2078.0937098618847, "RMSE": 1228.9618216167257, "RMSE_skane": 1212.3881756387866, "RMSE_kronoberg": 16.573645977939165, "CV_RMSE_'skane": 1922.3913990044184, "CV_RMSE_kronoberg": 155.70231085746607, "_timestamp": 1748578205.8291118, "_runtime": 1.3279478549957275, "_step": 0, "_wandb": {"runtime": 1}}