{"CV_RMSE": 1916.3774801727232, "RMSE": 162.60193978462954, "RMSE_Kalmar": 135.39435765670757, "RMSE_Blekinge": 27.207582127921963, "CV_RMSE_'Kalmar": 1310.2679773229763, "CV_RMSE_Blekinge": 606.1095028497467, "_timestamp": 1748534858.131072, "_runtime": 1.3748819828033447, "_step": 0, "_wandb": {"runtime": 1}}