{"CV_RMSE": 279.59469581436105, "RMSE": 100.7769905095254, "RMSE_skane": 85.4355760084513, "RMSE_kronoberg": 15.341414501074096, "CV_RMSE_'skane": 135.46867231784032, "CV_RMSE_kronoberg": 144.12602349652073, "_timestamp": 1748523048.5107005, "_runtime": 1.356201410293579, "_step": 0, "_wandb": {"runtime": 1}}