{"CV_RMSE": 4306.34917299946, "RMSE": 1812.6110605731405, "RMSE_skane": 1629.2022209133593, "RMSE_kronoberg": 183.4088396597813, "CV_RMSE_'skane": 2583.301618784396, "CV_RMSE_kronoberg": 1723.0475542150646, "_timestamp": 1748563154.6971483, "_runtime": 1.31288743019104, "_step": 0, "_wandb": {"runtime": 1}}