{"CV_RMSE": 306.7424051367128, "RMSE": 22.237000270656445, "RMSE_Kalmar": 14.971363710905937, "RMSE_Blekinge": 7.265636559750509, "CV_RMSE_'Kalmar": 144.88416494425098, "CV_RMSE_Blekinge": 161.85824019246184, "_timestamp": 1748552763.5271785, "_runtime": 1.3383095264434814, "_step": 0, "_wandb": {"runtime": 1}}