{"CV_RMSE": 583.2297763683163, "RMSE": 759.035039766532, "RMSE_STHLM": 664.7127704473432, "RMSE_S\u00f6dermanland": 94.32226931918875, "CV_RMSE_STHLM": 236.73980744068416, "CV_RMSE_S\u00f6dermanland": 346.4899689276321, "_timestamp": 1748365971.0276518, "_runtime": 1.3664488792419434, "_step": 0, "_wandb": {"runtime": 1}}