{"CV_RMSE": 3585.9851883855054, "RMSE": 1487.848062254165, "RMSE_skane": 1330.743927840074, "RMSE_kronoberg": 157.10413441409077, "CV_RMSE_'skane": 2110.059082198849, "CV_RMSE_kronoberg": 1475.9261061866566, "_timestamp": 1748557039.0292792, "_runtime": 1.3135321140289307, "_step": 0, "_wandb": {"runtime": 1}}