{"CV_RMSE": 275.59837889147434, "RMSE": 437.14613313893244, "RMSE_STHLM": 401.0002727872621, "RMSE_S\u00f6dermanland": 36.145860351670336, "CV_RMSE_STHLM": 142.8176673955425, "CV_RMSE_S\u00f6dermanland": 132.78071149593185, "_timestamp": 1748345734.12215, "_runtime": 1.3223249912261963, "_step": 0, "_wandb": {"runtime": 1}}