{"CV_RMSE": 306.3625051358391, "RMSE": 22.20531018141101, "RMSE_Kalmar": 14.945484957493173, "RMSE_Blekinge": 7.259825223917838, "CV_RMSE_'Kalmar": 144.6337253950952, "CV_RMSE_Blekinge": 161.72877974074393, "_timestamp": 1748547442.2313771, "_runtime": 1.294802188873291, "_step": 0, "_wandb": {"runtime": 1}}