{"CV_RMSE": 273.6949753217881, "RMSE": 435.526765445318, "RMSE_STHLM": 399.7808248154338, "RMSE_S\u00f6dermanland": 35.74594062988421, "CV_RMSE_STHLM": 142.3833566813971, "CV_RMSE_S\u00f6dermanland": 131.31161864039098, "_timestamp": 1748371694.8796916, "_runtime": 1.3863506317138672, "_step": 0, "_wandb": {"runtime": 1}}