{"CV_RMSE": 1152.4559650948959, "RMSE": 1400.4458406031272, "RMSE_STHLM": 1203.39429372576, "RMSE_S\u00f6dermanland": 197.0515468773673, "CV_RMSE_STHLM": 428.5931398310978, "CV_RMSE_S\u00f6dermanland": 723.8628252637982, "_timestamp": 1748315766.1416612, "_runtime": 6.939686059951782, "_step": 0, "_wandb": {"runtime": 1}}