{"CV_RMSE": 338.2865320401411, "RMSE": 108.66079185388293, "RMSE_skane": 87.40422820757449, "RMSE_kronoberg": 21.256563646308436, "CV_RMSE_'skane": 138.5902138597904, "CV_RMSE_kronoberg": 199.69631818035066, "_timestamp": 1748528854.5662868, "_runtime": 1.3017578125, "_step": 0, "_wandb": {"runtime": 1}}