{"CV_RMSE": 2887.069329670547, "RMSE": 188.18759331267165, "RMSE_Kalmar": 103.591142265155, "RMSE_Blekinge": 84.59645104751665, "CV_RMSE_'Kalmar": 1002.4949251466612, "CV_RMSE_Blekinge": 1884.574404523886, "_timestamp": 1748489274.7974246, "_runtime": 1.3293635845184326, "_step": 0, "_wandb": {"runtime": 1}}