{"CV_RMSE": 2250.1133751669786, "RMSE": 1227.6896282719788, "RMSE_skane": 1188.82912912559, "RMSE_kronoberg": 38.860499146388825, "CV_RMSE_'skane": 1885.0356170067494, "CV_RMSE_kronoberg": 365.07775816022905, "_timestamp": 1748578452.6117752, "_runtime": 1.3613152503967285, "_step": 0, "_wandb": {"runtime": 1}}