{"CV_RMSE": 2982.880922261551, "RMSE": 812.6560588350029, "RMSE_skane": 595.6851995570274, "RMSE_kronoberg": 216.97085927797545, "CV_RMSE_'skane": 944.532557437147, "CV_RMSE_kronoberg": 2038.348364824404, "_timestamp": 1748530422.9587533, "_runtime": 1.3700964450836182, "_step": 0, "_wandb": {"runtime": 1}}