{"CV_RMSE": 1113.4977588542401, "RMSE": 2284.155337050196, "RMSE_STHLM": 2193.7244707762284, "RMSE_S\u00f6dermanland": 90.43086627396757, "CV_RMSE_STHLM": 781.3027398886449, "CV_RMSE_S\u00f6dermanland": 332.1950189655952, "_timestamp": 1748329708.1730003, "_runtime": 1.3029022216796875, "_step": 0, "_wandb": {"runtime": 1}}