{"CV_RMSE": 306.89212060346887, "RMSE": 22.250899497064005, "RMSE_Kalmar": 14.984056028155972, "RMSE_Blekinge": 7.26684346890803, "CV_RMSE_'Kalmar": 145.00699382086424, "CV_RMSE_Blekinge": 161.88512678260463, "_timestamp": 1748495691.6531317, "_runtime": 1.2876806259155273, "_step": 0, "_wandb": {"runtime": 1}}