{"CV_RMSE": 4152.857059483924, "RMSE": 1792.1162063249624, "RMSE_skane": 1624.2017689792783, "RMSE_kronoberg": 167.91443734568404, "CV_RMSE_'skane": 2575.3727837937813, "CV_RMSE_kronoberg": 1577.484275690142, "_timestamp": 1748508200.3214717, "_runtime": 1.2950255870819092, "_step": 0, "_wandb": {"runtime": 1}}