{"CV_RMSE": 733.9941088382083, "RMSE": 604.8612727917168, "RMSE_STHLM": 448.53891811122514, "RMSE_S\u00f6dermanland": 156.32235468049163, "CV_RMSE_STHLM": 159.7487242976267, "CV_RMSE_S\u00f6dermanland": 574.2453845405815, "_timestamp": 1748331668.76714, "_runtime": 1.3049938678741455, "_step": 0, "_wandb": {"runtime": 1}}