{"CV_RMSE": 649.1008753772107, "RMSE": 586.9534160048058, "RMSE_STHLM": 454.2993794724744, "RMSE_S\u00f6dermanland": 132.65403653233136, "CV_RMSE_STHLM": 161.8003330135445, "CV_RMSE_S\u00f6dermanland": 487.30054236366624, "_timestamp": 1748519332.2183108, "_runtime": 1.2798867225646973, "_step": 0, "_wandb": {"runtime": 1}}