{"CV_RMSE": 319.6798010779508, "RMSE": 397.3623354965762, "RMSE_STHLM": 343.65692841342275, "RMSE_S\u00f6dermanland": 53.70540708315342, "CV_RMSE_STHLM": 122.39463220106073, "CV_RMSE_S\u00f6dermanland": 197.28516887689008, "_timestamp": 1748432894.4976165, "_runtime": 1.3155574798583984, "_step": 0, "_wandb": {"runtime": 1}}