{"CV_RMSE": 564.5192388369533, "RMSE": 615.2656372937455, "RMSE_STHLM": 511.1482667955133, "RMSE_S\u00f6dermanland": 104.11737049823226, "CV_RMSE_STHLM": 182.04726557814087, "CV_RMSE_S\u00f6dermanland": 382.4719732588124, "_timestamp": 1748330458.2311368, "_runtime": 1.2748746871948242, "_step": 0, "_wandb": {"runtime": 1}}