{"CV_RMSE": 239.02324027702412, "RMSE": 387.34906038058756, "RMSE_STHLM": 356.8824104681374, "RMSE_S\u00f6dermanland": 30.4666499124502, "CV_RMSE_STHLM": 127.10493447618664, "CV_RMSE_S\u00f6dermanland": 111.91830580083749, "_timestamp": 1748334205.333129, "_runtime": 1.3278770446777344, "_step": 0, "_wandb": {"runtime": 1}}