{"CV_RMSE": 305.59293695121244, "RMSE": 22.14567962021905, "RMSE_Kalmar": 14.901132266566096, "RMSE_Blekinge": 7.244547353652952, "CV_RMSE_'Kalmar": 144.20450580547833, "CV_RMSE_Blekinge": 161.38843114573407, "_timestamp": 1748501738.106283, "_runtime": 1.2618160247802734, "_step": 0, "_wandb": {"runtime": 1}}