{"CV_RMSE": 1381.6711199397635, "RMSE": 790.1053956686775, "RMSE_skane": 773.6036479013071, "RMSE_kronoberg": 16.501747767370347, "CV_RMSE_'skane": 1226.6442619999584, "CV_RMSE_kronoberg": 155.02685793980496, "_timestamp": 1748514817.1237538, "_runtime": 1.3434898853302002, "_step": 0, "_wandb": {"runtime": 1}}