{"CV_RMSE": 4551.838684642666, "RMSE": 1801.6086219373394, "RMSE_skane": 1584.5287644652774, "RMSE_kronoberg": 217.07985747206197, "CV_RMSE_'skane": 2512.466328433315, "CV_RMSE_kronoberg": 2039.3723562093505, "_timestamp": 1748578554.4230185, "_runtime": 1.3291435241699219, "_step": 0, "_wandb": {"runtime": 1}}