{"CV_RMSE": 630.8340859331416, "RMSE": 479.2984600972602, "RMSE_STHLM": 340.5928730580884, "RMSE_S\u00f6dermanland": 138.70558703917183, "CV_RMSE_STHLM": 121.30335803414307, "CV_RMSE_S\u00f6dermanland": 509.5307278989986, "_timestamp": 1748343109.6892624, "_runtime": 1.336139440536499, "_step": 0, "_wandb": {"runtime": 1}}