{"CV_RMSE": 2219.6383323900604, "RMSE": 180.3968066133331, "RMSE_Kalmar": 142.7880771246313, "RMSE_Blekinge": 37.608729488701805, "CV_RMSE_'Kalmar": 1381.8201012061093, "CV_RMSE_Blekinge": 837.8182311839511, "_timestamp": 1748509292.3430223, "_runtime": 1.3157174587249756, "_step": 0, "_wandb": {"runtime": 1}}