{"CV_RMSE": 4307.111298792335, "RMSE": 1851.4993627880426, "RMSE_skane": 1675.8892796726668, "RMSE_kronoberg": 175.61008311537577, "CV_RMSE_'skane": 2657.329724639535, "CV_RMSE_kronoberg": 1649.7815741527997, "_timestamp": 1748548814.2728062, "_runtime": 1.2697172164916992, "_step": 0, "_wandb": {"runtime": 1}}