{"CV_RMSE": 2225.239756742305, "RMSE": 1258.4533466717378, "RMSE_skane": 1229.0247576232641, "RMSE_kronoberg": 29.42858904847363, "CV_RMSE_'skane": 1948.770757330757, "CV_RMSE_kronoberg": 276.46899941154766, "_timestamp": 1748543655.3261693, "_runtime": 1.3109972476959229, "_step": 0, "_wandb": {"runtime": 1}}