{"CV_RMSE": 261.7463558335297, "RMSE": 409.5867834904472, "RMSE_STHLM": 374.65776930589556, "RMSE_S\u00f6dermanland": 34.92901418455164, "CV_RMSE_STHLM": 133.43569148211554, "CV_RMSE_S\u00f6dermanland": 128.31066435141418, "_timestamp": 1748558669.3300467, "_runtime": 1.3132905960083008, "_step": 0, "_wandb": {"runtime": 1}}