{"CV_RMSE": 1118.971203948201, "RMSE": 1052.6668729046985, "RMSE_STHLM": 828.3710254721809, "RMSE_S\u00f6dermanland": 224.2958474325175, "CV_RMSE_STHLM": 295.02727460425916, "CV_RMSE_S\u00f6dermanland": 823.9439293439418, "_timestamp": 1748291885.412574, "_runtime": 1.3245179653167725, "_step": 0, "_wandb": {"runtime": 1}}