{"CV_RMSE": 250.43753669946662, "RMSE": 425.35432879113324, "RMSE_STHLM": 395.5271761787828, "RMSE_S\u00f6dermanland": 29.827152612350474, "CV_RMSE_STHLM": 140.86840465409753, "CV_RMSE_S\u00f6dermanland": 109.56913204536909, "_timestamp": 1748345293.0625339, "_runtime": 1.284179925918579, "_step": 0, "_wandb": {"runtime": 1}}