{"CV_RMSE": 275.19547222953247, "RMSE": 436.74662088628696, "RMSE_STHLM": 400.6793237376061, "RMSE_S\u00f6dermanland": 36.067297148680844, "CV_RMSE_STHLM": 142.7033602547865, "CV_RMSE_S\u00f6dermanland": 132.49211197474597, "_timestamp": 1748341579.5495536, "_runtime": 1.257030725479126, "_step": 0, "_wandb": {"runtime": 1}}