{"CV_RMSE": 377.16448969268055, "RMSE": 759.5217053034406, "RMSE_STHLM": 727.3697640157421, "RMSE_S\u00f6dermanland": 32.151941287698534, "CV_RMSE_STHLM": 259.0553176154206, "CV_RMSE_S\u00f6dermanland": 118.10917207725991, "_timestamp": 1748284187.983677, "_runtime": 1.2800118923187256, "_step": 0, "_wandb": {"runtime": 1}}