{"CV_RMSE": 747.7931854479467, "RMSE": 1794.9715613602493, "RMSE_STHLM": 1762.2620722529018, "RMSE_S\u00f6dermanland": 32.70948910734761, "CV_RMSE_STHLM": 627.6358785229963, "CV_RMSE_S\u00f6dermanland": 120.1573069249504, "_timestamp": 1748339632.5555725, "_runtime": 1.3308355808258057, "_step": 0, "_wandb": {"runtime": 1}}