{"CV_RMSE": 4224.019390269446, "RMSE": 1518.1004988292245, "RMSE_skane": 1285.4336643000292, "RMSE_kronoberg": 232.66683452919528, "CV_RMSE_'skane": 2038.214055444021, "CV_RMSE_kronoberg": 2185.8053348254257, "_timestamp": 1748576733.1829476, "_runtime": 1.3301055431365967, "_step": 0, "_wandb": {"runtime": 1}}