{"CV_RMSE": 1847.2627297283125, "RMSE": 2589.5289406038783, "RMSE_STHLM": 2310.6912088322406, "RMSE_S\u00f6dermanland": 278.83773177163744, "CV_RMSE_STHLM": 822.9608579141341, "CV_RMSE_S\u00f6dermanland": 1024.3018718141784, "_timestamp": 1748396429.5013719, "_runtime": 1.2554168701171875, "_step": 0, "_wandb": {"runtime": 1}}