{"CV_RMSE": 748.7472957784473, "RMSE": 1124.39642137742, "_timestamp": 1748282424.770979, "_runtime": 1.3779668807983398, "_step": 0, "_wandb": {"runtime": 1}}