{"CV_RMSE": 589.0050447673655, "RMSE": 776.6875971738716, "RMSE_STHLM": 682.5195948784636, "RMSE_S\u00f6dermanland": 94.16800229540793, "CV_RMSE_STHLM": 243.0817710291323, "CV_RMSE_S\u00f6dermanland": 345.9232737382332, "_timestamp": 1748337153.5569448, "_runtime": 1.2967867851257324, "_step": 0, "_wandb": {"runtime": 1}}