{"CV_RMSE": 4451.6105945434, "RMSE": 1704.3584824223149, "RMSE_skane": 1480.3668064219203, "RMSE_kronoberg": 223.9916760003945, "CV_RMSE_'skane": 2347.3046613455394, "CV_RMSE_kronoberg": 2104.3059331978607, "_timestamp": 1748524236.1659613, "_runtime": 1.2811453342437744, "_step": 0, "_wandb": {"runtime": 1}}