{"CV_RMSE": 2930.647349706992, "RMSE": 1385.6483037275937, "RMSE_skane": 1291.7136845573655, "RMSE_kronoberg": 93.93461917022813, "CV_RMSE_'skane": 2048.1718042664356, "CV_RMSE_kronoberg": 882.4755454405565, "_timestamp": 1748512433.6237323, "_runtime": 1.3441474437713623, "_step": 0, "_wandb": {"runtime": 1}}