{"CV_RMSE": 2951.1035161836962, "RMSE": 189.65478873924548, "RMSE_Kalmar": 101.103077449714, "RMSE_Blekinge": 88.55171128953147, "CV_RMSE_'Kalmar": 978.4168785456193, "CV_RMSE_Blekinge": 1972.6866376380772, "_timestamp": 1748487568.018503, "_runtime": 1.6868979930877686, "_step": 0, "_wandb": {"runtime": 1}}