{"CV_RMSE": 930.4894432403898, "RMSE": 320.360586375126, "RMSE_skane": 266.253670432562, "RMSE_kronoberg": 54.10691594256402, "CV_RMSE_'skane": 422.17812436452743, "CV_RMSE_kronoberg": 508.3113188758624, "_timestamp": 1748541387.052056, "_runtime": 1.4130370616912842, "_step": 0, "_wandb": {"runtime": 1}}