{"CV_RMSE": 555.4284172929943, "RMSE": 516.5546406466816, "RMSE_STHLM": 404.5798785910974, "RMSE_S\u00f6dermanland": 111.9747620555842, "CV_RMSE_STHLM": 144.0925566806441, "CV_RMSE_S\u00f6dermanland": 411.33586061235013, "_timestamp": 1748522947.0904229, "_runtime": 1.2988519668579102, "_step": 0, "_wandb": {"runtime": 1}}