{"CV_RMSE": 4358.9707777616995, "RMSE": 261.925852608219, "RMSE_Kalmar": 117.14551873894536, "RMSE_Blekinge": 144.78033386927365, "CV_RMSE_'Kalmar": 1133.6663103768906, "CV_RMSE_Blekinge": 3225.304467384809, "_timestamp": 1748576783.387621, "_runtime": 1.328563928604126, "_step": 0, "_wandb": {"runtime": 1}}