{"CV_RMSE": 1548.329787881937, "RMSE": 2279.4987248082366, "RMSE_STHLM": 2057.4884376311456, "RMSE_S\u00f6dermanland": 222.01028717709087, "CV_RMSE_STHLM": 732.7817941701745, "CV_RMSE_S\u00f6dermanland": 815.5479937117624, "_timestamp": 1748349311.5172617, "_runtime": 1.2965426445007324, "_step": 0, "_wandb": {"runtime": 1}}