{"CV_RMSE": 4826.192250864266, "RMSE": 307.205972200725, "RMSE_Kalmar": 160.12189159808747, "RMSE_Blekinge": 147.0840806026375, "CV_RMSE_'Kalmar": 1549.5666928847174, "CV_RMSE_Blekinge": 3276.625557979548, "_timestamp": 1748510945.4658928, "_runtime": 1.3669977188110352, "_step": 0, "_wandb": {"runtime": 1}}