{"CV_RMSE": 896.3272310677899, "RMSE": 1611.6307413863967, "RMSE_STHLM": 1514.4620515495897, "RMSE_S\u00f6dermanland": 97.16868983680699, "CV_RMSE_STHLM": 539.381023504009, "CV_RMSE_S\u00f6dermanland": 356.9462075637808, "_timestamp": 1748389847.2154937, "_runtime": 1.3486347198486328, "_step": 0, "_wandb": {"runtime": 1}}