{"CV_RMSE": 1347.499138045498, "RMSE": 588.6191353542526, "RMSE_skane": 535.5811741653087, "RMSE_kronoberg": 53.03796118894395, "CV_RMSE_'skane": 849.2301915940411, "CV_RMSE_kronoberg": 498.2689464514568, "_timestamp": 1748539022.8431225, "_runtime": 1.3262643814086914, "_step": 0, "_wandb": {"runtime": 1}}