{"CV_RMSE": 1604.3583637732172, "RMSE": 2260.9885371754585, "RMSE_STHLM": 2020.101227826804, "RMSE_S\u00f6dermanland": 240.88730934865455, "CV_RMSE_STHLM": 719.4662069822413, "CV_RMSE_S\u00f6dermanland": 884.892156790976, "_timestamp": 1748314086.4520895, "_runtime": 1.3283424377441406, "_step": 0, "_wandb": {"runtime": 1}}