{"CV_RMSE": 2393.539639838455, "RMSE": 998.4498721049971, "RMSE_skane": 894.6748380365732, "RMSE_kronoberg": 103.77503406842392, "CV_RMSE_'skane": 1418.6176078804015, "CV_RMSE_kronoberg": 974.9220319580536, "_timestamp": 1748516024.8149993, "_runtime": 1.324491262435913, "_step": 0, "_wandb": {"runtime": 1}}