{"CV_RMSE": 258.0547465198282, "RMSE": 405.58652313849205, "RMSE_STHLM": 371.34086336656395, "RMSE_S\u00f6dermanland": 34.2456597719281, "CV_RMSE_STHLM": 132.25436368417394, "CV_RMSE_S\u00f6dermanland": 125.80038283565426, "_timestamp": 1748483667.0093007, "_runtime": 1.3341286182403564, "_step": 0, "_wandb": {"runtime": 1}}