{"CV_RMSE": 262.92905618596143, "RMSE": 411.0682113187996, "RMSE_STHLM": 375.9417228463212, "RMSE_S\u00f6dermanland": 35.12648847247842, "CV_RMSE_STHLM": 133.89297608297946, "CV_RMSE_S\u00f6dermanland": 129.03608010298197, "_timestamp": 1748431121.229407, "_runtime": 1.2916560173034668, "_step": 0, "_wandb": {"runtime": 1}}