{"CV_RMSE": 834.885655122169, "RMSE": 470.1383747125644, "RMSE_STHLM": 268.93829644455326, "RMSE_S\u00f6dermanland": 201.20007826801114, "CV_RMSE_STHLM": 95.78332679069962, "CV_RMSE_S\u00f6dermanland": 739.1023283314695, "_timestamp": 1748306878.1605365, "_runtime": 1.3024766445159912, "_step": 0, "_wandb": {"runtime": 1}}