{"CV_RMSE": 3076.587155032488, "RMSE": 189.82069006625335, "RMSE_Kalmar": 91.43723066449812, "RMSE_Blekinge": 98.38345940175525, "CV_RMSE_'Kalmar": 884.8764257854656, "CV_RMSE_Blekinge": 2191.7107292470228, "_timestamp": 1748483026.4942138, "_runtime": 1.301724910736084, "_step": 0, "_wandb": {"runtime": 1}}