{"CV_RMSE": 274.2605365607788, "RMSE": 437.02781335674445, "RMSE_STHLM": 401.2725405708527, "RMSE_S\u00f6dermanland": 35.75527278589172, "CV_RMSE_STHLM": 142.91463653097247, "CV_RMSE_S\u00f6dermanland": 131.34590002980633, "_timestamp": 1748484564.1654236, "_runtime": 1.3501856327056885, "_step": 0, "_wandb": {"runtime": 1}}