{"CV_RMSE": 3796.185502210646, "RMSE": 1450.194843400506, "RMSE_skane": 1258.527264941991, "RMSE_kronoberg": 191.667578458515, "CV_RMSE_'skane": 1995.5506315147848, "CV_RMSE_kronoberg": 1800.6348706958613, "_timestamp": 1748556268.0868478, "_runtime": 1.2687578201293945, "_step": 0, "_wandb": {"runtime": 1}}