{"CV_RMSE": 275.33286964785776, "RMSE": 436.4336048201043, "RMSE_STHLM": 400.29128340166017, "RMSE_S\u00f6dermanland": 36.142321418444084, "CV_RMSE_STHLM": 142.56515831479786, "CV_RMSE_S\u00f6dermanland": 132.7677113330599, "_timestamp": 1748540968.2619727, "_runtime": 1.2725586891174316, "_step": 0, "_wandb": {"runtime": 1}}