{"CV_RMSE": 472.3292770001992, "RMSE": 1069.4929694058744, "RMSE_STHLM": 1041.9328659021335, "RMSE_S\u00f6dermanland": 27.560103503740883, "CV_RMSE_STHLM": 371.08808045584493, "CV_RMSE_S\u00f6dermanland": 101.24119654435427, "_timestamp": 1748324986.4837296, "_runtime": 1.2755537033081055, "_step": 0, "_wandb": {"runtime": 1}}