{"CV_RMSE": 4679.52025702349, "RMSE": 1728.8780972320296, "RMSE_skane": 1480.6794765495742, "RMSE_kronoberg": 248.19862068245547, "CV_RMSE_'skane": 2347.800438503553, "CV_RMSE_kronoberg": 2331.719818519937, "_timestamp": 1748565200.6944897, "_runtime": 1.26212477684021, "_step": 0, "_wandb": {"runtime": 1}}