{"CV_RMSE": 1654.6651550708928, "RMSE": 2450.67167584018, "RMSE_STHLM": 2214.9842121343877, "RMSE_S\u00f6dermanland": 235.68746370579223, "CV_RMSE_STHLM": 788.8744720700233, "CV_RMSE_S\u00f6dermanland": 865.7906830008694, "_timestamp": 1748380791.1624396, "_runtime": 1.3514034748077393, "_step": 0, "_wandb": {"runtime": 1}}