{"CV_RMSE": 1090.2165499423616, "RMSE": 1475.9256142665877, "RMSE_STHLM": 1305.7397045520183, "RMSE_S\u00f6dermanland": 170.18590971456936, "CV_RMSE_STHLM": 465.04382037863735, "CV_RMSE_S\u00f6dermanland": 625.1727295637241, "_timestamp": 1748396030.1624048, "_runtime": 1.2872626781463623, "_step": 0, "_wandb": {"runtime": 1}}