{"CV_RMSE": 305.88113329236944, "RMSE": 22.160559804769868, "RMSE_Kalmar": 14.90456826474752, "RMSE_Blekinge": 7.255991540022349, "CV_RMSE_'Kalmar": 144.23775740078244, "CV_RMSE_Blekinge": 161.643375891587, "_timestamp": 1748506192.3051, "_runtime": 1.3582589626312256, "_step": 0, "_wandb": {"runtime": 1}}