{"CV_RMSE": 785.1338261456087, "RMSE": 951.2936057829893, "RMSE_STHLM": 816.7489136518229, "RMSE_S\u00f6dermanland": 134.54469213116633, "CV_RMSE_STHLM": 290.88801831683446, "CV_RMSE_S\u00f6dermanland": 494.2458078287743, "_timestamp": 1748523062.2390857, "_runtime": 1.2850816249847412, "_step": 0, "_wandb": {"runtime": 1}}