{"CV_RMSE": 270.3226401272136, "RMSE": 431.6113572181445, "RMSE_STHLM": 396.4616361762909, "RMSE_S\u00f6dermanland": 35.149721041853645, "CV_RMSE_STHLM": 141.2012158918329, "CV_RMSE_S\u00f6dermanland": 129.12142423538074, "_timestamp": 1748516578.1723595, "_runtime": 1.280778408050537, "_step": 0, "_wandb": {"runtime": 1}}