{"CV_RMSE": 387.5547498972104, "RMSE": 447.57423092096167, "RMSE_STHLM": 378.7988676604011, "RMSE_S\u00f6dermanland": 68.7753632605606, "CV_RMSE_STHLM": 134.9105583278041, "CV_RMSE_S\u00f6dermanland": 252.64419156940627, "_timestamp": 1748514820.4376757, "_runtime": 1.348766803741455, "_step": 0, "_wandb": {"runtime": 1}}