{"CV_RMSE": 269.67557908929297, "RMSE": 427.10688167024057, "RMSE_STHLM": 391.66860689198586, "RMSE_S\u00f6dermanland": 35.43827477825473, "CV_RMSE_STHLM": 139.4941615365205, "CV_RMSE_S\u00f6dermanland": 130.18141755277247, "_timestamp": 1748321338.9016788, "_runtime": 1.2942748069763184, "_step": 0, "_wandb": {"runtime": 1}}