{"CV_RMSE": 3859.2589777666954, "RMSE": 1400.965654880652, "RMSE_skane": 1191.2249075019365, "RMSE_kronoberg": 209.74074737871555, "CV_RMSE_'skane": 1888.8344199290748, "CV_RMSE_kronoberg": 1970.4245578376203, "_timestamp": 1748575139.0236497, "_runtime": 1.270035743713379, "_step": 0, "_wandb": {"runtime": 1}}