{"CV_RMSE": 3955.4253264623644, "RMSE": 276.30079371980247, "RMSE_Kalmar": 174.58919302414594, "RMSE_Blekinge": 101.71160069565651, "CV_RMSE_'Kalmar": 1689.5728357175412, "CV_RMSE_Blekinge": 2265.852490744823, "_timestamp": 1748481503.9425213, "_runtime": 1.3530023097991943, "_step": 0, "_wandb": {"runtime": 1}}