{"CV_RMSE": 306.97842525087776, "RMSE": 22.25696917772941, "RMSE_Kalmar": 14.98793791346332, "RMSE_Blekinge": 7.269031264266089, "CV_RMSE_'Kalmar": 145.04456045287083, "CV_RMSE_Blekinge": 161.93386479800694, "_timestamp": 1748508290.3763673, "_runtime": 1.2312493324279785, "_step": 0, "_wandb": {"runtime": 1}}