{"CV_RMSE": 2703.145123720463, "RMSE": 1616.6924718471166, "RMSE_skane": 1598.805394986923, "RMSE_kronoberg": 17.887076860193627, "CV_RMSE_'skane": 2535.1036918397294, "CV_RMSE_kronoberg": 168.04143188073346, "_timestamp": 1748545800.5640302, "_runtime": 1.3366222381591797, "_step": 0, "_wandb": {"runtime": 1}}