{"CV_RMSE": 5204.224296713155, "RMSE": 351.4303619712187, "RMSE_Kalmar": 208.3103035357063, "RMSE_Blekinge": 143.1200584355124, "CV_RMSE_'Kalmar": 2015.9061632487706, "CV_RMSE_Blekinge": 3188.3181334643846, "_timestamp": 1748539821.664235, "_runtime": 1.360666036605835, "_step": 0, "_wandb": {"runtime": 1}}