{"CV_RMSE": 785.1702931048183, "RMSE": 528.2397148383629, "RMSE_STHLM": 348.26413352872686, "RMSE_S\u00f6dermanland": 179.97558130963608, "CV_RMSE_STHLM": 124.03550462044092, "CV_RMSE_S\u00f6dermanland": 661.1347884843774, "_timestamp": 1748312689.6366663, "_runtime": 1.2806801795959473, "_step": 0, "_wandb": {"runtime": 1}}