{"CV_RMSE": 3694.13464933596, "RMSE": 273.5666205351364, "RMSE_Kalmar": 190.4926792206558, "RMSE_Blekinge": 83.07394131448059, "CV_RMSE_'Kalmar": 1843.4775408450557, "CV_RMSE_Blekinge": 1850.6571084909044, "_timestamp": 1748538642.1518095, "_runtime": 1.360717535018921, "_step": 0, "_wandb": {"runtime": 1}}