{"CV_RMSE": 272.00637577737, "RMSE": 432.7390163189833, "RMSE_STHLM": 397.20280332790793, "RMSE_S\u00f6dermanland": 35.53621299107538, "CV_RMSE_STHLM": 141.46518519790942, "CV_RMSE_S\u00f6dermanland": 130.5411905794606, "_timestamp": 1748452096.000477, "_runtime": 1.3032851219177246, "_step": 0, "_wandb": {"runtime": 1}}