{"CV_RMSE": 235.8278818145501, "RMSE": 379.8444475257599, "RMSE_STHLM": 349.5353237697052, "RMSE_S\u00f6dermanland": 30.30912375605469, "CV_RMSE_STHLM": 124.48824352700225, "CV_RMSE_S\u00f6dermanland": 111.33963828754783, "_timestamp": 1748317483.7688913, "_runtime": 1.3260443210601807, "_step": 0, "_wandb": {"runtime": 1}}