{"CV_RMSE": 958.3312238895638, "RMSE": 682.9098445101938, "RMSE_STHLM": 467.3408431644496, "RMSE_S\u00f6dermanland": 215.56900134574425, "CV_RMSE_STHLM": 166.4450964970339, "CV_RMSE_S\u00f6dermanland": 791.8861273925299, "_timestamp": 1748324345.3389955, "_runtime": 1.2867164611816406, "_step": 0, "_wandb": {"runtime": 1}}