{"CV_RMSE": 276.14562155845385, "RMSE": 98.93723290897219, "RMSE_skane": 83.66393398734668, "RMSE_kronoberg": 15.273298921625516, "CV_RMSE_'skane": 132.65951477909093, "CV_RMSE_kronoberg": 143.4861067793629, "_timestamp": 1748505082.8568866, "_runtime": 1.3330376148223877, "_step": 0, "_wandb": {"runtime": 1}}