{"CV_RMSE": 270.8476763346149, "RMSE": 432.5182596873793, "RMSE_STHLM": 397.30763407980413, "RMSE_S\u00f6dermanland": 35.21062560757521, "CV_RMSE_STHLM": 141.5025210414815, "CV_RMSE_S\u00f6dermanland": 129.34515529313344, "_timestamp": 1748562132.132911, "_runtime": 1.2803959846496582, "_step": 0, "_wandb": {"runtime": 1}}