{"CV_RMSE": 569.5014088143038, "RMSE": 418.90863763707694, "RMSE_STHLM": 292.2081263316469, "RMSE_S\u00f6dermanland": 126.70051130543004, "CV_RMSE_STHLM": 104.0709591208873, "CV_RMSE_S\u00f6dermanland": 465.4304496934165, "_timestamp": 1748287149.700292, "_runtime": 1.2839360237121582, "_step": 0, "_wandb": {"runtime": 1}}