{"CV_RMSE": 1504.002245081665, "RMSE": 1919.2841444193632, "RMSE_STHLM": 1671.9629855337535, "RMSE_S\u00f6dermanland": 247.32115888560978, "CV_RMSE_STHLM": 595.4755389712617, "CV_RMSE_S\u00f6dermanland": 908.5267061104032, "_timestamp": 1748353196.4991195, "_runtime": 1.2591025829315186, "_step": 0, "_wandb": {"runtime": 1}}