{"CV_RMSE": 1115.4273730845166, "RMSE": 448.42562984047004, "RMSE_skane": 396.6397736203481, "RMSE_kronoberg": 51.78585622012198, "CV_RMSE_'skane": 628.9214169455836, "CV_RMSE_kronoberg": 486.505956138933, "_timestamp": 1748516338.5297854, "_runtime": 1.4268825054168701, "_step": 0, "_wandb": {"runtime": 1}}