{"CV_RMSE": 5225.523256628141, "RMSE": 2020.3333928588033, "RMSE_skane": 1761.3952234085036, "RMSE_kronoberg": 258.93816945029977, "CV_RMSE_'skane": 2792.9099736921303, "CV_RMSE_kronoberg": 2432.6132829360104, "_timestamp": 1748521831.1873817, "_runtime": 1.2777137756347656, "_step": 0, "_wandb": {"runtime": 1}}