{"CV_RMSE": 4102.211172721774, "RMSE": 1345.3377550875168, "RMSE_skane": 1093.1896187275543, "RMSE_kronoberg": 252.14813635996256, "CV_RMSE_'skane": 1733.3873447054243, "CV_RMSE_kronoberg": 2368.8238280163496, "_timestamp": 1748539201.6923354, "_runtime": 1.2584373950958252, "_step": 0, "_wandb": {"runtime": 1}}