{"CV_RMSE": 3349.546100378547, "RMSE": 221.27024362064623, "RMSE_Kalmar": 125.37821678719499, "RMSE_Blekinge": 95.89202683345124, "CV_RMSE_'Kalmar": 1213.3375818115642, "CV_RMSE_Blekinge": 2136.208518566983, "_timestamp": 1748493322.0845807, "_runtime": 1.3599746227264404, "_step": 0, "_wandb": {"runtime": 1}}