{"CV_RMSE": 4282.034299831685, "RMSE": 1596.9455548370163, "RMSE_skane": 1372.8590918528325, "RMSE_kronoberg": 224.08646298418375, "CV_RMSE_'skane": 2176.837883487578, "CV_RMSE_kronoberg": 2105.196416344106, "_timestamp": 1748550106.3254366, "_runtime": 1.355663537979126, "_step": 0, "_wandb": {"runtime": 1}}