{"CV_RMSE": 2124.4667398510846, "RMSE": 112.89710429124543, "RMSE_Kalmar": 30.99791284767104, "RMSE_Blekinge": 81.8991914435744, "CV_RMSE_'Kalmar": 299.9798017516552, "CV_RMSE_Blekinge": 1824.4869380994294, "_timestamp": 1748568593.254365, "_runtime": 1.354111909866333, "_step": 0, "_wandb": {"runtime": 1}}