{"CV_RMSE": 739.21560007277, "RMSE": 1025.2331598067515, "RMSE_STHLM": 912.4687453059898, "RMSE_S\u00f6dermanland": 112.76441450076167, "CV_RMSE_STHLM": 324.9789753760945, "CV_RMSE_S\u00f6dermanland": 414.2366246966755, "_timestamp": 1748333878.9727705, "_runtime": 1.2998414039611816, "_step": 0, "_wandb": {"runtime": 1}}