{"CV_RMSE": 305.7755542868686, "RMSE": 22.163840211710177, "RMSE_Kalmar": 14.918747637378942, "RMSE_Blekinge": 7.2450925743312355, "CV_RMSE_'Kalmar": 144.37497713592523, "CV_RMSE_Blekinge": 161.40057715094338, "_timestamp": 1748496085.4332669, "_runtime": 1.2596399784088135, "_step": 0, "_wandb": {"runtime": 1}}