{"CV_RMSE": 237.85400843799192, "RMSE": 77.19623643607824, "RMSE_skane": 62.411937331876224, "RMSE_kronoberg": 14.784299104202011, "CV_RMSE_'skane": 98.96184566365152, "CV_RMSE_kronoberg": 138.89216277434042, "_timestamp": 1748556635.716015, "_runtime": 1.3549489974975586, "_step": 0, "_wandb": {"runtime": 1}}