{"CV_RMSE": 1585.1692945388306, "RMSE": 2407.9639445949006, "RMSE_STHLM": 2188.640720325141, "RMSE_S\u00f6dermanland": 219.32322426975972, "CV_RMSE_STHLM": 779.4921441601215, "CV_RMSE_S\u00f6dermanland": 805.6771503787091, "_timestamp": 1748293142.1610582, "_runtime": 1.30802321434021, "_step": 0, "_wandb": {"runtime": 1}}