{"CV_RMSE": 1614.0758346450932, "RMSE": 2162.247802124464, "RMSE_STHLM": 1907.8301762612584, "RMSE_S\u00f6dermanland": 254.417625863206, "CV_RMSE_STHLM": 679.4804743312752, "CV_RMSE_S\u00f6dermanland": 934.595360313818, "_timestamp": 1748293183.0200067, "_runtime": 1.3067595958709717, "_step": 0, "_wandb": {"runtime": 1}}