{"CV_RMSE": 274.7689107259838, "RMSE": 436.1165622868236, "RMSE_STHLM": 400.11020715006595, "RMSE_S\u00f6dermanland": 36.00635513675764, "CV_RMSE_STHLM": 142.50066736646593, "CV_RMSE_S\u00f6dermanland": 132.26824335951787, "_timestamp": 1748434289.9797907, "_runtime": 1.2819766998291016, "_step": 0, "_wandb": {"runtime": 1}}