{"CV_RMSE": 2022.5441568467213, "RMSE": 2740.509712378645, "RMSE_STHLM": 2425.043243352125, "RMSE_S\u00f6dermanland": 315.4664690265199, "CV_RMSE_STHLM": 863.6877400146072, "CV_RMSE_S\u00f6dermanland": 1158.856416832114, "_timestamp": 1748378919.6323147, "_runtime": 1.3414876461029053, "_step": 0, "_wandb": {"runtime": 1}}