{"CV_RMSE": 947.3055616344664, "RMSE": 1875.4272260888677, "RMSE_STHLM": 1791.2129016956808, "RMSE_S\u00f6dermanland": 84.2143243931869, "CV_RMSE_STHLM": 637.9468189656164, "CV_RMSE_S\u00f6dermanland": 309.35874266884986, "_timestamp": 1748351528.0827212, "_runtime": 1.5237672328948975, "_step": 0, "_wandb": {"runtime": 1}}