{"CV_RMSE": 4249.039979289152, "RMSE": 1814.0917825047704, "RMSE_skane": 1638.3225197534541, "RMSE_kronoberg": 175.76926275131638, "CV_RMSE_'skane": 2597.762980581587, "CV_RMSE_kronoberg": 1651.2769987075653, "_timestamp": 1748514748.8715491, "_runtime": 1.2721140384674072, "_step": 0, "_wandb": {"runtime": 1}}