{"CV_RMSE": 260.611327744391, "RMSE": 422.54787987482973, "RMSE_STHLM": 389.35254699720355, "RMSE_S\u00f6dermanland": 33.19533287762619, "CV_RMSE_STHLM": 138.6692886020907, "CV_RMSE_S\u00f6dermanland": 121.9420391423003, "_timestamp": 1748503684.7099738, "_runtime": 1.314753770828247, "_step": 0, "_wandb": {"runtime": 1}}