{"CV_RMSE": 270.3472178550785, "RMSE": 428.39196717118705, "RMSE_STHLM": 392.88919717357277, "RMSE_S\u00f6dermanland": 35.50276999761427, "CV_RMSE_STHLM": 139.9288790883322, "CV_RMSE_S\u00f6dermanland": 130.4183387667463, "_timestamp": 1748535798.136083, "_runtime": 1.2977769374847412, "_step": 0, "_wandb": {"runtime": 1}}