{"CV_RMSE": 262.07754409116546, "RMSE": 411.304241837344, "RMSE_STHLM": 376.45978113772986, "RMSE_S\u00f6dermanland": 34.844460699614146, "CV_RMSE_STHLM": 134.07748437829716, "CV_RMSE_S\u00f6dermanland": 128.0000597128683, "_timestamp": 1748507808.072187, "_runtime": 1.3114230632781982, "_step": 0, "_wandb": {"runtime": 1}}