{"CV_RMSE": 775.6893230828354, "RMSE": 795.126039964814, "RMSE_STHLM": 646.6619229874121, "RMSE_S\u00f6dermanland": 148.46411697740194, "CV_RMSE_STHLM": 230.3109341862568, "CV_RMSE_S\u00f6dermanland": 545.3783888965786, "_timestamp": 1748383725.9413853, "_runtime": 1.3255162239074707, "_step": 0, "_wandb": {"runtime": 1}}