{"CV_RMSE": 460.9748623230413, "RMSE": 741.8492873478745, "RMSE_STHLM": 682.5354865751978, "RMSE_S\u00f6dermanland": 59.31380077267671, "CV_RMSE_STHLM": 243.08743091320852, "CV_RMSE_S\u00f6dermanland": 217.8874314098328, "_timestamp": 1748400818.088312, "_runtime": 1.3683547973632812, "_step": 0, "_wandb": {"runtime": 1}}