{"CV_RMSE": 304.1305729467334, "RMSE": 22.021331396062283, "RMSE_Kalmar": 14.797339441802837, "RMSE_Blekinge": 7.2239919542594455, "CV_RMSE_'Kalmar": 143.200059114221, "CV_RMSE_Blekinge": 160.9305138325124, "_timestamp": 1748471588.1732566, "_runtime": 1.3104095458984375, "_step": 0, "_wandb": {"runtime": 1}}