{"CV_RMSE": 1542.8167503246195, "RMSE": 1621.488123196154, "RMSE_STHLM": 1330.4944231219138, "RMSE_S\u00f6dermanland": 290.9937000742403, "CV_RMSE_STHLM": 473.86030107230806, "CV_RMSE_S\u00f6dermanland": 1068.9564492523114, "_timestamp": 1748298496.9439929, "_runtime": 1.2856857776641846, "_step": 0, "_wandb": {"runtime": 1}}