{"CV_RMSE": 762.4828282759302, "RMSE": 513.5607633921387, "RMSE_STHLM": 338.84832406012686, "RMSE_S\u00f6dermanland": 174.71243933201185, "CV_RMSE_STHLM": 120.68203072976421, "CV_RMSE_S\u00f6dermanland": 641.800797546166, "_timestamp": 1748335930.0821726, "_runtime": 1.3247437477111816, "_step": 0, "_wandb": {"runtime": 1}}