{"CV_RMSE": 1464.1343121989953, "RMSE": 2084.1026371940234, "RMSE_STHLM": 1866.4948452007432, "RMSE_S\u00f6dermanland": 217.6077919932801, "CV_RMSE_STHLM": 664.7587497747008, "CV_RMSE_S\u00f6dermanland": 799.3755624242943, "_timestamp": 1748333886.9387002, "_runtime": 1.285433292388916, "_step": 0, "_wandb": {"runtime": 1}}