{"CV_RMSE": 582.9544697422856, "RMSE": 1375.482017107134, "RMSE_STHLM": 1347.4256962568213, "RMSE_S\u00f6dermanland": 28.056320850312645, "CV_RMSE_STHLM": 479.8904339656269, "CV_RMSE_S\u00f6dermanland": 103.0640357766587, "_timestamp": 1748331961.8247073, "_runtime": 1.2825591564178467, "_step": 0, "_wandb": {"runtime": 1}}