{"CV_RMSE": 3558.056894907313, "RMSE": 1266.1174117316657, "RMSE_skane": 1067.5668415217665, "RMSE_kronoberg": 198.5505702098993, "CV_RMSE_'skane": 1692.7592624552321, "CV_RMSE_kronoberg": 1865.2976324520812, "_timestamp": 1748514811.7104158, "_runtime": 1.2913017272949219, "_step": 0, "_wandb": {"runtime": 1}}