{"CV_RMSE": 1432.4088882386227, "RMSE": 2262.805901198716, "RMSE_STHLM": 2073.947625014308, "RMSE_S\u00f6dermanland": 188.85827618440834, "CV_RMSE_STHLM": 738.643792051, "CV_RMSE_S\u00f6dermanland": 693.7650961876226, "_timestamp": 1748313782.9914434, "_runtime": 1.267730474472046, "_step": 0, "_wandb": {"runtime": 1}}