{"CV_RMSE": 662.4227687976409, "RMSE": 1536.253622554353, "RMSE_STHLM": 1501.5024546066868, "RMSE_S\u00f6dermanland": 34.75116794766609, "CV_RMSE_STHLM": 534.7654171531532, "CV_RMSE_S\u00f6dermanland": 127.65735164448768, "_timestamp": 1748293764.176206, "_runtime": 1.2995471954345703, "_step": 0, "_wandb": {"runtime": 1}}