{"CV_RMSE": 1643.61763879821, "RMSE": 1938.0445869983516, "RMSE_STHLM": 1650.6507302394573, "RMSE_S\u00f6dermanland": 287.3938567588943, "CV_RMSE_STHLM": 587.8851037655369, "CV_RMSE_S\u00f6dermanland": 1055.732535032673, "_timestamp": 1748295318.7630112, "_runtime": 1.4310193061828613, "_step": 0, "_wandb": {"runtime": 1}}