{"CV_RMSE": 313.5853496693302, "RMSE": 403.07418559731735, "RMSE_STHLM": 351.8191773996745, "RMSE_S\u00f6dermanland": 51.25500819764284, "CV_RMSE_STHLM": 125.30164608615239, "CV_RMSE_S\u00f6dermanland": 188.28370358317778, "_timestamp": 1748501675.8290663, "_runtime": 1.2472991943359375, "_step": 0, "_wandb": {"runtime": 1}}