{"CV_RMSE": 1349.8828424915018, "RMSE": 1943.6329615372806, "RMSE_STHLM": 1745.3850074959155, "RMSE_S\u00f6dermanland": 198.24795404136515, "CV_RMSE_STHLM": 621.6250521354666, "CV_RMSE_S\u00f6dermanland": 728.2577903560353, "_timestamp": 1748316835.5431008, "_runtime": 1.2713499069213867, "_step": 0, "_wandb": {"runtime": 1}}