{"CV_RMSE": 2396.05988266217, "RMSE": 182.1560835951982, "RMSE_Kalmar": 131.8966625640005, "RMSE_Blekinge": 50.2594210311977, "CV_RMSE_'Kalmar": 1276.4193151354887, "CV_RMSE_Blekinge": 1119.6405675266815, "_timestamp": 1748498950.2222035, "_runtime": 1.402700424194336, "_step": 0, "_wandb": {"runtime": 1}}