{"CV_RMSE": 510.4801083779917, "RMSE": 1138.5972342319221, "RMSE_STHLM": 1106.9557880588277, "RMSE_S\u00f6dermanland": 31.641446173094497, "CV_RMSE_STHLM": 394.2462244768283, "CV_RMSE_S\u00f6dermanland": 116.23388390116345, "_timestamp": 1748344594.5672903, "_runtime": 1.33085036277771, "_step": 0, "_wandb": {"runtime": 1}}