{"CV_RMSE": 638.176887517587, "RMSE": 776.763023570242, "RMSE_STHLM": 667.7803392688434, "RMSE_S\u00f6dermanland": 108.98268430139863, "CV_RMSE_STHLM": 237.8323329410206, "CV_RMSE_S\u00f6dermanland": 400.34455457656645, "_timestamp": 1748359799.893349, "_runtime": 1.46937894821167, "_step": 0, "_wandb": {"runtime": 1}}