{"CV_RMSE": 306.29543759869193, "RMSE": 22.214276118717095, "RMSE_Kalmar": 14.966660181470546, "RMSE_Blekinge": 7.247615937246549, "CV_RMSE_'Kalmar": 144.8386469174569, "CV_RMSE_Blekinge": 161.45679068123502, "_timestamp": 1748485769.1114385, "_runtime": 1.271965503692627, "_step": 0, "_wandb": {"runtime": 1}}