{"CV_RMSE": 594.7850054616003, "RMSE": 1300.2292452909808, "RMSE_STHLM": 1260.5273414689448, "RMSE_S\u00f6dermanland": 39.701903822035945, "CV_RMSE_STHLM": 448.941277135754, "CV_RMSE_S\u00f6dermanland": 145.84372832584634, "_timestamp": 1748327932.7398207, "_runtime": 1.3143656253814697, "_step": 0, "_wandb": {"runtime": 1}}