{"CV_RMSE": 3927.480755954115, "RMSE": 1744.636160038255, "RMSE_skane": 1595.9420851813875, "RMSE_kronoberg": 148.6940748568675, "CV_RMSE_'skane": 2530.5635600127707, "CV_RMSE_kronoberg": 1396.917195941344, "_timestamp": 1748526006.5689487, "_runtime": 1.3954968452453613, "_step": 0, "_wandb": {"runtime": 1}}