{"CV_RMSE": 304.44508149789993, "RMSE": 22.04364745230177, "RMSE_Kalmar": 14.811834211105797, "RMSE_Blekinge": 7.231813241195972, "CV_RMSE_'Kalmar": 143.3403310752174, "CV_RMSE_Blekinge": 161.10475042268254, "_timestamp": 1748461382.5373151, "_runtime": 1.309845209121704, "_step": 0, "_wandb": {"runtime": 1}}