{"CV_RMSE": 261.44388495524055, "RMSE": 405.18556709887037, "RMSE_STHLM": 369.8752090850604, "RMSE_S\u00f6dermanland": 35.31035801380993, "CV_RMSE_STHLM": 131.73236572083673, "CV_RMSE_S\u00f6dermanland": 129.71151923440382, "_timestamp": 1748452916.6053789, "_runtime": 1.3003039360046387, "_step": 0, "_wandb": {"runtime": 1}}