{"CV_RMSE": 275.01377428919795, "RMSE": 436.5004591295706, "RMSE_STHLM": 400.461506149248, "RMSE_S\u00f6dermanland": 36.03895298032256, "CV_RMSE_STHLM": 142.6257837492375, "CV_RMSE_S\u00f6dermanland": 132.38799053996044, "_timestamp": 1748480840.3272383, "_runtime": 1.2427704334259033, "_step": 0, "_wandb": {"runtime": 1}}