{"CV_RMSE": 304.25315378581524, "RMSE": 22.00235471631105, "RMSE_Kalmar": 14.7540587315414, "RMSE_Blekinge": 7.248295984769649, "CV_RMSE_'Kalmar": 142.7812135310458, "CV_RMSE_Blekinge": 161.4719402547694, "_timestamp": 1748512301.6175709, "_runtime": 1.282059907913208, "_step": 0, "_wandb": {"runtime": 1}}