{"CV_RMSE": 306.5843939713793, "RMSE": 22.216642293585934, "RMSE_Kalmar": 14.947910328345515, "RMSE_Blekinge": 7.268731965240422, "CV_RMSE_'Kalmar": 144.65719672592434, "CV_RMSE_Blekinge": 161.92719724545495, "_timestamp": 1748498677.5590823, "_runtime": 1.2352662086486816, "_step": 0, "_wandb": {"runtime": 1}}