{"CV_RMSE": 1010.3915568761036, "RMSE": 1249.6492051246737, "RMSE_STHLM": 1079.232943071232, "RMSE_S\u00f6dermanland": 170.41626205344159, "CV_RMSE_STHLM": 384.37263504713445, "CV_RMSE_S\u00f6dermanland": 626.018921828969, "_timestamp": 1748308431.692133, "_runtime": 1.292978048324585, "_step": 0, "_wandb": {"runtime": 1}}