{"CV_RMSE": 4108.084135393507, "RMSE": 243.36952827489088, "RMSE_Kalmar": 104.2487495375556, "RMSE_Blekinge": 139.12077873733529, "CV_RMSE_'Kalmar": 1008.8588664924735, "CV_RMSE_Blekinge": 3099.2252689010334, "_timestamp": 1748463104.6570003, "_runtime": 1.3153913021087646, "_step": 0, "_wandb": {"runtime": 1}}