{"CV_RMSE": 1499.3688349875988, "RMSE": 1941.569327588524, "RMSE_STHLM": 1698.0374844002497, "RMSE_S\u00f6dermanland": 243.53184318827425, "CV_RMSE_STHLM": 604.7620640918974, "CV_RMSE_S\u00f6dermanland": 894.6067708957014, "_timestamp": 1748288632.9866474, "_runtime": 1.2729723453521729, "_step": 0, "_wandb": {"runtime": 1}}