{"CV_RMSE": 1696.7930414010466, "RMSE": 2310.218364031308, "RMSE_STHLM": 2046.7521674405464, "RMSE_S\u00f6dermanland": 263.4661965907613, "CV_RMSE_STHLM": 728.9580335166172, "CV_RMSE_S\u00f6dermanland": 967.8350078844293, "_timestamp": 1748321627.0520966, "_runtime": 1.3066396713256836, "_step": 0, "_wandb": {"runtime": 1}}