{"CV_RMSE": 2669.444408276723, "RMSE": 976.9515665408605, "RMSE_skane": 833.4793828640325, "RMSE_kronoberg": 143.47218367682814, "CV_RMSE_'skane": 1321.5846451332438, "CV_RMSE_kronoberg": 1347.8597631434793, "_timestamp": 1748567310.7828074, "_runtime": 1.972203254699707, "_step": 0, "_wandb": {"runtime": 1}}