{"CV_RMSE": 442.92394121824236, "RMSE": 442.71459450876415, "RMSE_STHLM": 356.7265295666327, "RMSE_S\u00f6dermanland": 85.98806494213146, "CV_RMSE_STHLM": 127.0494169410247, "CV_RMSE_S\u00f6dermanland": 315.87452427721763, "_timestamp": 1748350010.6379073, "_runtime": 1.3208391666412354, "_step": 0, "_wandb": {"runtime": 1}}