{"CV_RMSE": 836.0045365828948, "RMSE": 725.8815561736963, "RMSE_STHLM": 551.8012827633258, "RMSE_S\u00f6dermanland": 174.08027341037047, "CV_RMSE_STHLM": 196.52598119786043, "CV_RMSE_S\u00f6dermanland": 639.4785553850344, "_timestamp": 1748400834.556636, "_runtime": 1.2959201335906982, "_step": 0, "_wandb": {"runtime": 1}}