{"CV_RMSE": 274.87491483358843, "RMSE": 435.3893392723398, "RMSE_STHLM": 399.27295326218973, "RMSE_S\u00f6dermanland": 36.11638601015005, "CV_RMSE_STHLM": 142.20247642895558, "CV_RMSE_S\u00f6dermanland": 132.67243840463286, "_timestamp": 1748556025.7078147, "_runtime": 1.3004136085510254, "_step": 0, "_wandb": {"runtime": 1}}