{"CV_RMSE": 2015.4789607784255, "RMSE": 702.3977441019282, "RMSE_skane": 586.922468059499, "RMSE_kronoberg": 115.47527604242917, "CV_RMSE_'skane": 930.6381628850406, "CV_RMSE_kronoberg": 1084.840797893385, "_timestamp": 1748558285.496394, "_runtime": 1.3398158550262451, "_step": 0, "_wandb": {"runtime": 1}}