{"CV_RMSE": 2801.0680507125944, "RMSE": 184.29201163893498, "RMSE_Kalmar": 103.52911901228345, "RMSE_Blekinge": 80.76289262665154, "CV_RMSE_'Kalmar": 1001.894700118872, "CV_RMSE_Blekinge": 1799.1733505937223, "_timestamp": 1748490533.8198714, "_runtime": 1.2863593101501465, "_step": 0, "_wandb": {"runtime": 1}}