{"CV_RMSE": 640.2829210431153, "RMSE": 1209.4824017004387, "RMSE_STHLM": 1146.3224586258152, "RMSE_S\u00f6dermanland": 63.159943074623435, "CV_RMSE_STHLM": 408.26680362613126, "CV_RMSE_S\u00f6dermanland": 232.01611741698406, "_timestamp": 1748312185.6321063, "_runtime": 1.289790391921997, "_step": 0, "_wandb": {"runtime": 1}}