{"CV_RMSE": 261.71757338080266, "RMSE": 417.7515076837156, "RMSE_STHLM": 383.70775074565137, "RMSE_S\u00f6dermanland": 34.04375693806424, "CV_RMSE_STHLM": 136.6588744246483, "CV_RMSE_S\u00f6dermanland": 125.05869895615437, "_timestamp": 1748506450.2580147, "_runtime": 1.2892916202545166, "_step": 0, "_wandb": {"runtime": 1}}