{"CV_RMSE": 4935.045406871142, "RMSE": 1880.2788888751156, "RMSE_skane": 1630.100428018714, "RMSE_kronoberg": 250.17846085640178, "CV_RMSE_'skane": 2584.7258372389756, "CV_RMSE_kronoberg": 2350.3195696321673, "_timestamp": 1748535060.7287998, "_runtime": 1.2975707054138184, "_step": 0, "_wandb": {"runtime": 1}}