{"CV_RMSE": 4373.726103636096, "RMSE": 307.80161717285506, "RMSE_Kalmar": 197.08558599041885, "RMSE_Blekinge": 110.7160311824362, "CV_RMSE_'Kalmar": 1907.279864423408, "CV_RMSE_Blekinge": 2466.4462392126875, "_timestamp": 1748492161.8382506, "_runtime": 1.331843614578247, "_step": 0, "_wandb": {"runtime": 1}}