{"CV_RMSE": 4943.980886120193, "RMSE": 1872.6201760394456, "RMSE_skane": 1619.7423356079505, "RMSE_kronoberg": 252.8778404314952, "CV_RMSE_'skane": 2568.301800646856, "CV_RMSE_kronoberg": 2375.679085473337, "_timestamp": 1748579327.2443843, "_runtime": 1.3397603034973145, "_step": 0, "_wandb": {"runtime": 1}}