{"CV_RMSE": 295.8460034297182, "RMSE": 403.9204581390657, "RMSE_STHLM": 358.10380734846973, "RMSE_S\u00f6dermanland": 45.816650790595965, "CV_RMSE_STHLM": 127.53993930099831, "CV_RMSE_S\u00f6dermanland": 168.3060641287199, "_timestamp": 1748429975.8397875, "_runtime": 1.3464155197143555, "_step": 0, "_wandb": {"runtime": 1}}