{"CV_RMSE": 2143.575154794749, "RMSE": 109.28914918113159, "RMSE_Kalmar": 23.102264783816732, "RMSE_Blekinge": 86.18688439731486, "CV_RMSE_'Kalmar": 223.57030435951674, "CV_RMSE_Blekinge": 1920.0048504352321, "_timestamp": 1748505931.6434033, "_runtime": 1.330010175704956, "_step": 0, "_wandb": {"runtime": 1}}