{"CV_RMSE": 383.18065865164266, "RMSE": 471.5151147662465, "RMSE_STHLM": 406.62865519123704, "RMSE_S\u00f6dermanland": 64.88645957500944, "CV_RMSE_STHLM": 144.82223572303656, "CV_RMSE_S\u00f6dermanland": 238.3584229286061, "_timestamp": 1748324617.380996, "_runtime": 1.3026978969573975, "_step": 0, "_wandb": {"runtime": 1}}