{"CV_RMSE": 477.22826785688255, "RMSE": 545.9605241363275, "RMSE_STHLM": 460.71615590078676, "RMSE_S\u00f6dermanland": 85.24436823554075, "CV_RMSE_STHLM": 164.08569066510015, "CV_RMSE_S\u00f6dermanland": 313.1425771917824, "_timestamp": 1748362350.6515896, "_runtime": 1.3281927108764648, "_step": 0, "_wandb": {"runtime": 1}}