{"CV_RMSE": 668.3085450806676, "RMSE": 754.8459880689918, "RMSE_STHLM": 634.4271037967137, "RMSE_S\u00f6dermanland": 120.41888427227813, "CV_RMSE_STHLM": 225.95345999882957, "CV_RMSE_S\u00f6dermanland": 442.35508508183807, "_timestamp": 1748531192.088427, "_runtime": 1.3707950115203857, "_step": 0, "_wandb": {"runtime": 1}}