{"CV_RMSE": 273.8476243719009, "RMSE": 437.7650165225614, "RMSE_STHLM": 402.21336309000486, "RMSE_S\u00f6dermanland": 35.551653432556535, "CV_RMSE_STHLM": 143.24971380332585, "CV_RMSE_S\u00f6dermanland": 130.59791056857503, "_timestamp": 1748524098.7193756, "_runtime": 1.3463075160980225, "_step": 0, "_wandb": {"runtime": 1}}