{"CV_RMSE": 1663.5797356308083, "RMSE": 2388.5243724746656, "RMSE_STHLM": 2143.477365027785, "RMSE_S\u00f6dermanland": 245.04700744688094, "CV_RMSE_STHLM": 763.4070552136947, "CV_RMSE_S\u00f6dermanland": 900.1726804171136, "_timestamp": 1748339061.1959226, "_runtime": 1.2482366561889648, "_step": 0, "_wandb": {"runtime": 1}}