{"CV_RMSE": 1683.339715708492, "RMSE": 2214.3263815557507, "RMSE_STHLM": 1944.6205187853643, "RMSE_S\u00f6dermanland": 269.7058627703865, "CV_RMSE_STHLM": 692.5834851233985, "CV_RMSE_S\u00f6dermanland": 990.7562305850932, "_timestamp": 1748287081.2438662, "_runtime": 1.2696592807769775, "_step": 0, "_wandb": {"runtime": 1}}