{"CV_RMSE": 4705.483521936101, "RMSE": 1730.0492688689983, "RMSE_skane": 1478.7636476886626, "RMSE_kronoberg": 251.28562118033574, "CV_RMSE_'skane": 2344.7626548974563, "CV_RMSE_kronoberg": 2360.720867038645, "_timestamp": 1748521606.8751922, "_runtime": 1.5661871433258057, "_step": 0, "_wandb": {"runtime": 1}}