{"CV_RMSE": 1524.9399804434115, "RMSE": 891.3517580809965, "RMSE_skane": 877.0615461502211, "RMSE_kronoberg": 14.29021193077543, "CV_RMSE_'skane": 1390.6895552064816, "CV_RMSE_kronoberg": 134.2504252369299, "_timestamp": 1748548503.6541278, "_runtime": 1.3728559017181396, "_step": 0, "_wandb": {"runtime": 1}}