{"CV_RMSE": 3868.349162415845, "RMSE": 275.01663820373665, "RMSE_Kalmar": 179.22963972589656, "RMSE_Blekinge": 95.78699847784009, "CV_RMSE_'Kalmar": 1734.48038444416, "CV_RMSE_Blekinge": 2133.8687779716847, "_timestamp": 1748496915.3461623, "_runtime": 1.281158208847046, "_step": 0, "_wandb": {"runtime": 1}}