{"CV_RMSE": 845.3907898432514, "RMSE": 46.27592513790974, "RMSE_Kalmar": 14.723123330037621, "RMSE_Blekinge": 31.552801807872115, "CV_RMSE_'Kalmar": 142.48183867778343, "CV_RMSE_Blekinge": 702.9089511654679, "_timestamp": 1748490347.2598689, "_runtime": 1.285221815109253, "_step": 0, "_wandb": {"runtime": 1}}