{"CV_RMSE": 3988.434607706073, "RMSE": 1532.5808459777534, "RMSE_skane": 1333.0228440861981, "RMSE_kronoberg": 199.55800189155522, "CV_RMSE_'skane": 2113.672585760356, "CV_RMSE_kronoberg": 1874.7620219457172, "_timestamp": 1748571999.4379835, "_runtime": 1.3179914951324463, "_step": 0, "_wandb": {"runtime": 1}}