{"CV_RMSE": 909.3838016577045, "RMSE": 1124.4475200836046, "RMSE_STHLM": 971.0379991054787, "RMSE_S\u00f6dermanland": 153.40952097812584, "CV_RMSE_STHLM": 345.838622554385, "CV_RMSE_S\u00f6dermanland": 563.5451791033195, "_timestamp": 1748332767.8034453, "_runtime": 1.2948224544525146, "_step": 0, "_wandb": {"runtime": 1}}