{"CV_RMSE": 558.4240472792482, "RMSE": 1266.0391999325507, "RMSE_STHLM": 1233.6275432735945, "RMSE_S\u00f6dermanland": 32.41165665895622, "CV_RMSE_STHLM": 439.3608187361437, "CV_RMSE_S\u00f6dermanland": 119.06322854310447, "_timestamp": 1748316026.5003166, "_runtime": 1.3242347240447998, "_step": 0, "_wandb": {"runtime": 1}}