{"CV_RMSE": 262.92339934778806, "RMSE": 417.63071979577, "RMSE_STHLM": 383.2105003624082, "RMSE_S\u00f6dermanland": 34.42021943336182, "CV_RMSE_STHLM": 136.48177693952013, "CV_RMSE_S\u00f6dermanland": 126.44162240826792, "_timestamp": 1748448581.0541296, "_runtime": 1.3624396324157715, "_step": 0, "_wandb": {"runtime": 1}}