{"CV_RMSE": 274.7376499381551, "RMSE": 440.3457993844794, "RMSE_STHLM": 404.80292696399874, "RMSE_S\u00f6dermanland": 35.54287242048064, "CV_RMSE_STHLM": 144.17199614863432, "CV_RMSE_S\u00f6dermanland": 130.56565378952072, "_timestamp": 1748461500.6177022, "_runtime": 1.8871853351593018, "_step": 0, "_wandb": {"runtime": 1}}