{"CV_RMSE": 265.52281812483955, "RMSE": 423.0268100792629, "RMSE_STHLM": 388.4023345115919, "RMSE_S\u00f6dermanland": 34.62447556767094, "CV_RMSE_STHLM": 138.33086705992588, "CV_RMSE_S\u00f6dermanland": 127.19195106491367, "_timestamp": 1748524306.8874264, "_runtime": 1.341111421585083, "_step": 0, "_wandb": {"runtime": 1}}