{"CV_RMSE": 306.2453579566361, "RMSE": 22.21019676860684, "RMSE_Kalmar": 14.963422277518358, "RMSE_Blekinge": 7.2467744910884795, "CV_RMSE_'Kalmar": 144.80731236308085, "CV_RMSE_Blekinge": 161.43804559355522, "_timestamp": 1748466696.4354677, "_runtime": 1.2672057151794434, "_step": 0, "_wandb": {"runtime": 1}}