{"CV_RMSE": 911.7333284124461, "RMSE": 1063.6328524345804, "RMSE_STHLM": 902.9858879500899, "RMSE_S\u00f6dermanland": 160.6469644844905, "CV_RMSE_STHLM": 321.6016221428892, "CV_RMSE_S\u00f6dermanland": 590.131706269557, "_timestamp": 1748389073.6031003, "_runtime": 1.2920012474060059, "_step": 0, "_wandb": {"runtime": 1}}