{"CV_RMSE": 261.44254200581776, "RMSE": 409.96840073703817, "RMSE_STHLM": 375.17194196236926, "RMSE_S\u00f6dermanland": 34.796458774668885, "CV_RMSE_STHLM": 133.6188158947892, "CV_RMSE_S\u00f6dermanland": 127.82372611102856, "_timestamp": 1748506241.5469484, "_runtime": 1.333930492401123, "_step": 0, "_wandb": {"runtime": 1}}