{"CV_RMSE": 273.5067900351576, "RMSE": 433.26752953525266, "RMSE_STHLM": 397.335761081609, "RMSE_S\u00f6dermanland": 35.93176845364368, "CV_RMSE_STHLM": 141.5125385727931, "CV_RMSE_S\u00f6dermanland": 131.99425146236453, "_timestamp": 1748557818.5189657, "_runtime": 1.2908637523651123, "_step": 0, "_wandb": {"runtime": 1}}