{"CV_RMSE": 1141.5561180974682, "RMSE": 1035.1052028751594, "RMSE_STHLM": 802.1157108009841, "RMSE_S\u00f6dermanland": 232.9894920741754, "CV_RMSE_STHLM": 285.676351294375, "CV_RMSE_S\u00f6dermanland": 855.8797668030933, "_timestamp": 1748329762.069394, "_runtime": 1.2857201099395752, "_step": 0, "_wandb": {"runtime": 1}}