{"CV_RMSE": 406.1477055819289, "RMSE": 852.645310247746, "RMSE_STHLM": 821.7543540535071, "RMSE_S\u00f6dermanland": 30.890956194238914, "CV_RMSE_STHLM": 292.6707236439084, "CV_RMSE_S\u00f6dermanland": 113.47698193802051, "_timestamp": 1748385209.9392118, "_runtime": 1.3419909477233887, "_step": 0, "_wandb": {"runtime": 1}}