{"CV_RMSE": 747.3690812931198, "RMSE": 526.4159812270655, "RMSE_STHLM": 357.63972019667204, "RMSE_S\u00f6dermanland": 168.77626103039339, "CV_RMSE_STHLM": 127.37465301820532, "CV_RMSE_S\u00f6dermanland": 619.9944282749145, "_timestamp": 1748289048.5902736, "_runtime": 1.269249677658081, "_step": 0, "_wandb": {"runtime": 1}}