{"CV_RMSE": 1351.2246562600176, "RMSE": 2248.619572684169, "RMSE_STHLM": 2082.7110921682656, "RMSE_S\u00f6dermanland": 165.90848051590302, "CV_RMSE_STHLM": 741.7649319158841, "CV_RMSE_S\u00f6dermanland": 609.4597243441336, "_timestamp": 1748340735.355648, "_runtime": 1.2839860916137695, "_step": 0, "_wandb": {"runtime": 1}}