{"CV_RMSE": 1423.5407287458206, "RMSE": 759.1529005378128, "RMSE_skane": 731.0044349328699, "RMSE_kronoberg": 28.14846560494284, "CV_RMSE_'skane": 1159.0979412254808, "CV_RMSE_kronoberg": 264.44278752033983, "_timestamp": 1748555095.5090609, "_runtime": 1.3862838745117188, "_step": 0, "_wandb": {"runtime": 1}}