{"CV_RMSE": 271.046168845173, "RMSE": 431.33220601586373, "RMSE_STHLM": 395.9344080812638, "RMSE_S\u00f6dermanland": 35.397797934599915, "CV_RMSE_STHLM": 141.0134417384794, "CV_RMSE_S\u00f6dermanland": 130.03272710669359, "_timestamp": 1748531160.6453319, "_runtime": 1.274791955947876, "_step": 0, "_wandb": {"runtime": 1}}