{"CV_RMSE": 848.1888520601951, "RMSE": 782.1306547440686, "RMSE_STHLM": 610.4164509402997, "RMSE_S\u00f6dermanland": 171.7142038037689, "CV_RMSE_STHLM": 217.40198094430934, "CV_RMSE_S\u00f6dermanland": 630.7868711158858, "_timestamp": 1748386251.6093228, "_runtime": 1.2905356884002686, "_step": 0, "_wandb": {"runtime": 1}}