{"CV_RMSE": 269.3800989825559, "RMSE": 429.5552797699855, "RMSE_STHLM": 394.4689418635178, "RMSE_S\u00f6dermanland": 35.086337906467676, "CV_RMSE_STHLM": 140.49151075471548, "CV_RMSE_S\u00f6dermanland": 128.88858822784044, "_timestamp": 1748445240.3119924, "_runtime": 1.3064115047454834, "_step": 0, "_wandb": {"runtime": 1}}