{"CV_RMSE": 966.2973501336977, "RMSE": 1773.6533240028582, "RMSE_STHLM": 1672.787306871008, "RMSE_S\u00f6dermanland": 100.86601713185024, "CV_RMSE_STHLM": 595.7691239350642, "CV_RMSE_S\u00f6dermanland": 370.52822619863355, "_timestamp": 1748315285.5481064, "_runtime": 1.2655344009399414, "_step": 0, "_wandb": {"runtime": 1}}