{"CV_RMSE": 5151.627737579291, "RMSE": 1986.7027679019857, "RMSE_skane": 1730.398756455701, "RMSE_kronoberg": 256.30401144628456, "CV_RMSE_'skane": 2743.7612417373693, "CV_RMSE_kronoberg": 2407.8664958419217, "_timestamp": 1748542943.2510462, "_runtime": 1.315277099609375, "_step": 0, "_wandb": {"runtime": 1}}