{"CV_RMSE": 703.0574859682586, "RMSE": 722.3179709950447, "RMSE_STHLM": 587.9317976476734, "RMSE_S\u00f6dermanland": 134.38617334737123, "CV_RMSE_STHLM": 209.39399203913973, "CV_RMSE_S\u00f6dermanland": 493.6634939291188, "_timestamp": 1748343063.7103577, "_runtime": 1.314422607421875, "_step": 0, "_wandb": {"runtime": 1}}