{"CV_RMSE": 1855.4587620320012, "RMSE": 2496.562420738544, "RMSE_STHLM": 2205.2729389571664, "RMSE_S\u00f6dermanland": 291.28948178137773, "CV_RMSE_STHLM": 785.4157677330628, "CV_RMSE_S\u00f6dermanland": 1070.0429942989385, "_timestamp": 1748337280.166703, "_runtime": 1.3124370574951172, "_step": 0, "_wandb": {"runtime": 1}}