{"CV_RMSE": 943.9564303291829, "RMSE": 1051.6143437287321, "RMSE_STHLM": 879.9634417075681, "RMSE_S\u00f6dermanland": 171.650902021164, "CV_RMSE_STHLM": 313.40209637388654, "CV_RMSE_S\u00f6dermanland": 630.5543339552963, "_timestamp": 1748312078.0196617, "_runtime": 1.2954256534576416, "_step": 0, "_wandb": {"runtime": 1}}