{"CV_RMSE": 4873.445643847117, "RMSE": 1854.587734789587, "RMSE_skane": 1607.0809859037029, "RMSE_kronoberg": 247.50674888588418, "CV_RMSE_'skane": 2548.2256647521717, "CV_RMSE_kronoberg": 2325.2199790949453, "_timestamp": 1748535259.9438763, "_runtime": 1.3213272094726562, "_step": 0, "_wandb": {"runtime": 1}}