{"CV_RMSE": 1415.0505043878552, "RMSE": 1622.4283368337676, "RMSE_STHLM": 1370.050527527973, "RMSE_S\u00f6dermanland": 252.3778093057947, "CV_RMSE_STHLM": 487.94834775432355, "CV_RMSE_S\u00f6dermanland": 927.1021566335315, "_timestamp": 1748337027.941479, "_runtime": 1.3159990310668945, "_step": 0, "_wandb": {"runtime": 1}}