{"CV_RMSE": 1642.0143824642034, "RMSE": 1941.3457423497293, "RMSE_STHLM": 1654.789603382347, "RMSE_S\u00f6dermanland": 286.5561389673824, "CV_RMSE_STHLM": 589.3591780942272, "CV_RMSE_S\u00f6dermanland": 1052.6552043699762, "_timestamp": 1748361430.9277596, "_runtime": 1.382746696472168, "_step": 0, "_wandb": {"runtime": 1}}