{"CV_RMSE": 4973.166878075208, "RMSE": 1936.1993414232809, "RMSE_skane": 1692.493880545196, "RMSE_kronoberg": 243.70546087808506, "CV_RMSE_'skane": 2683.6583729574986, "CV_RMSE_kronoberg": 2289.5085051177093, "_timestamp": 1748574036.1668913, "_runtime": 1.3384733200073242, "_step": 0, "_wandb": {"runtime": 1}}