{"CV_RMSE": 1531.9060023729771, "RMSE": 1858.9050872977339, "RMSE_STHLM": 1596.6899675635848, "RMSE_S\u00f6dermanland": 262.2151197341491, "CV_RMSE_STHLM": 568.6667870230417, "CV_RMSE_S\u00f6dermanland": 963.2392153499354, "_timestamp": 1748334766.2371633, "_runtime": 1.298281192779541, "_step": 0, "_wandb": {"runtime": 1}}