{"CV_RMSE": 586.7617829827188, "RMSE": 1033.7018471546894, "RMSE_STHLM": 967.8036272823858, "RMSE_S\u00f6dermanland": 65.8982198723035, "CV_RMSE_STHLM": 344.68668957425695, "CV_RMSE_S\u00f6dermanland": 242.07509340846184, "_timestamp": 1748311524.660971, "_runtime": 1.431506872177124, "_step": 0, "_wandb": {"runtime": 1}}