{"CV_RMSE": 275.54408777742947, "RMSE": 437.0747653080364, "RMSE_STHLM": 400.9376087426935, "RMSE_S\u00f6dermanland": 36.137156565342885, "CV_RMSE_STHLM": 142.79534937412907, "CV_RMSE_S\u00f6dermanland": 132.7487384033004, "_timestamp": 1748499990.6377437, "_runtime": 1.243459701538086, "_step": 0, "_wandb": {"runtime": 1}}