{"CV_RMSE": 268.8542782396963, "RMSE": 422.0669439004122, "RMSE_STHLM": 386.33515144626443, "RMSE_S\u00f6dermanland": 35.73179245414777, "CV_RMSE_STHLM": 137.59463248976573, "CV_RMSE_S\u00f6dermanland": 131.2596457499306, "_timestamp": 1748492775.5526216, "_runtime": 1.311396598815918, "_step": 0, "_wandb": {"runtime": 1}}