{"CV_RMSE": 646.7636454772111, "RMSE": 1021.0175924004018, "RMSE_STHLM": 935.6700925243988, "RMSE_S\u00f6dermanland": 85.34749987600298, "CV_RMSE_STHLM": 333.24221736128175, "CV_RMSE_S\u00f6dermanland": 313.5214281159293, "_timestamp": 1748292233.7178934, "_runtime": 1.2942254543304443, "_step": 0, "_wandb": {"runtime": 1}}