{"CV_RMSE": 265.80172472249, "RMSE": 432.9624353012573, "RMSE_STHLM": 399.32059197783866, "RMSE_S\u00f6dermanland": 33.64184332341863, "CV_RMSE_STHLM": 142.2194431262583, "CV_RMSE_S\u00f6dermanland": 123.58228159623168, "_timestamp": 1748339974.0359733, "_runtime": 1.314974308013916, "_step": 0, "_wandb": {"runtime": 1}}