{"CV_RMSE": 306.8578759220162, "RMSE": 22.24567070819745, "RMSE_Kalmar": 14.977529084535858, "RMSE_Blekinge": 7.268141623661595, "CV_RMSE_'Kalmar": 144.94382985034702, "CV_RMSE_Blekinge": 161.9140460716692, "_timestamp": 1748486251.4065688, "_runtime": 1.3030047416687012, "_step": 0, "_wandb": {"runtime": 1}}