{"CV_RMSE": 337.8878815748799, "RMSE": 23.884461382353674, "RMSE_Kalmar": 15.41227437790164, "RMSE_Blekinge": 8.472187004452033, "CV_RMSE_'Kalmar": 149.15104236679005, "CV_RMSE_Blekinge": 188.73683920808986, "_timestamp": 1748531687.0507364, "_runtime": 1.3719463348388672, "_step": 0, "_wandb": {"runtime": 1}}