{"CV_RMSE": 275.51236493338746, "RMSE": 437.064126572369, "RMSE_STHLM": 400.9353906163232, "RMSE_S\u00f6dermanland": 36.12873595604577, "CV_RMSE_STHLM": 142.79455938056623, "CV_RMSE_S\u00f6dermanland": 132.71780555282123, "_timestamp": 1748457656.7600324, "_runtime": 1.7966334819793701, "_step": 0, "_wandb": {"runtime": 1}}