{"CV_RMSE": 882.6814596382626, "RMSE": 1544.4708809513177, "RMSE_STHLM": 1444.2052744491375, "RMSE_S\u00f6dermanland": 100.26560650218005, "CV_RMSE_STHLM": 514.3588235078053, "CV_RMSE_S\u00f6dermanland": 368.32263613045734, "_timestamp": 1748390670.5337648, "_runtime": 1.3105907440185547, "_step": 0, "_wandb": {"runtime": 1}}