{"CV_RMSE": 1815.7448106339355, "RMSE": 106.45684610644582, "RMSE_Kalmar": 44.11325763826981, "RMSE_Blekinge": 62.343588468176016, "CV_RMSE_'Kalmar": 426.9024932735787, "CV_RMSE_Blekinge": 1388.8423173603567, "_timestamp": 1748576693.9873183, "_runtime": 1.413830280303955, "_step": 0, "_wandb": {"runtime": 1}}