{"CV_RMSE": 1253.5676481023463, "RMSE": 1895.4066251877755, "RMSE_STHLM": 1721.0150711898305, "RMSE_S\u00f6dermanland": 174.39155399794507, "CV_RMSE_STHLM": 612.9456130078541, "CV_RMSE_S\u00f6dermanland": 640.6220350944922, "_timestamp": 1748334593.6790776, "_runtime": 1.2751286029815674, "_step": 0, "_wandb": {"runtime": 1}}