{"CV_RMSE": 1460.1915632971663, "RMSE": 1774.047726340436, "RMSE_STHLM": 1524.3403662992152, "RMSE_S\u00f6dermanland": 249.70736004122068, "CV_RMSE_STHLM": 542.8992202886006, "CV_RMSE_S\u00f6dermanland": 917.2923430085658, "_timestamp": 1748306226.6093059, "_runtime": 1.2749269008636475, "_step": 0, "_wandb": {"runtime": 1}}