{"CV_RMSE": 269.4137424231658, "RMSE": 422.5409582012991, "RMSE_STHLM": 386.6914071949052, "RMSE_S\u00f6dermanland": 35.84955100639391, "CV_RMSE_STHLM": 137.72151423641262, "CV_RMSE_S\u00f6dermanland": 131.69222818675314, "_timestamp": 1748400892.0541327, "_runtime": 1.2932407855987549, "_step": 0, "_wandb": {"runtime": 1}}