{"CV_RMSE": 3653.517295500751, "RMSE": 1611.1760616814622, "RMSE_skane": 1470.4659003528466, "RMSE_kronoberg": 140.7101613286157, "CV_RMSE_'skane": 2331.6055502423574, "CV_RMSE_kronoberg": 1321.911745258394, "_timestamp": 1748556771.6166875, "_runtime": 1.315112590789795, "_step": 0, "_wandb": {"runtime": 1}}