{"CV_RMSE": 4800.850466407808, "RMSE": 1821.858487879024, "RMSE_skane": 1577.0024043113663, "RMSE_kronoberg": 244.85608356765778, "CV_RMSE_'skane": 2500.532353559249, "CV_RMSE_kronoberg": 2300.3181128485594, "_timestamp": 1748542391.6401966, "_runtime": 1.2559106349945068, "_step": 0, "_wandb": {"runtime": 1}}