{"CV_RMSE": 4461.869611387425, "RMSE": 1750.3799808877088, "RMSE_skane": 1534.4193172679234, "RMSE_kronoberg": 215.96066361978538, "CV_RMSE_'skane": 2433.011602433282, "CV_RMSE_kronoberg": 2028.8580089541424, "_timestamp": 1748531089.5325823, "_runtime": 1.34165620803833, "_step": 0, "_wandb": {"runtime": 1}}