{"CV_RMSE": 3965.742278915714, "RMSE": 258.86036944339264, "RMSE_Kalmar": 142.9346436854636, "RMSE_Blekinge": 115.92572575792906, "CV_RMSE_'Kalmar": 1383.2384872786802, "CV_RMSE_Blekinge": 2582.503791637034, "_timestamp": 1748544457.5040176, "_runtime": 1.4028966426849365, "_step": 0, "_wandb": {"runtime": 1}}