{"CV_RMSE": 4907.662580595994, "RMSE": 1915.7815100693113, "RMSE_skane": 1676.3185283507908, "RMSE_kronoberg": 239.4629817185205, "CV_RMSE_'skane": 2658.010351507596, "CV_RMSE_kronoberg": 2249.6522290883972, "_timestamp": 1748561118.1621666, "_runtime": 1.3547706604003906, "_step": 0, "_wandb": {"runtime": 1}}