{"CV_RMSE": 2465.769346877003, "RMSE": 121.43948112937602, "RMSE_Kalmar": 19.013434314374653, "RMSE_Blekinge": 102.42604681500137, "CV_RMSE_'Kalmar": 184.00097723588374, "CV_RMSE_Blekinge": 2281.7683696411195, "_timestamp": 1748538568.110359, "_runtime": 1.3139028549194336, "_step": 0, "_wandb": {"runtime": 1}}