{"CV_RMSE": 1264.5453916638244, "RMSE": 1826.5029604382657, "RMSE_STHLM": 1641.4045490139251, "RMSE_S\u00f6dermanland": 185.09841142434072, "CV_RMSE_STHLM": 584.5920435744094, "CV_RMSE_S\u00f6dermanland": 679.9533480894149, "_timestamp": 1748333653.5972846, "_runtime": 1.2886176109313965, "_step": 0, "_wandb": {"runtime": 1}}