{"CV_RMSE": 254.07200524405008, "RMSE": 412.99268766941435, "RMSE_STHLM": 380.74275978180884, "RMSE_S\u00f6dermanland": 32.24992788760551, "CV_RMSE_STHLM": 135.60288239162168, "CV_RMSE_S\u00f6dermanland": 118.4691228524284, "_timestamp": 1748460786.4740682, "_runtime": 1.2953290939331055, "_step": 0, "_wandb": {"runtime": 1}}