{"CV_RMSE": 2013.1421021762, "RMSE": 2786.988454828835, "RMSE_STHLM": 2479.3462704393814, "RMSE_S\u00f6dermanland": 307.6421843894537, "CV_RMSE_STHLM": 883.0279554394315, "CV_RMSE_S\u00f6dermanland": 1130.1141467367686, "_timestamp": 1748314145.2231114, "_runtime": 1.258176326751709, "_step": 0, "_wandb": {"runtime": 1}}