{"CV_RMSE": 2360.9915517926274, "RMSE": 964.0478178325868, "RMSE_skane": 857.4554231124266, "RMSE_kronoberg": 106.59239472016017, "CV_RMSE_'skane": 1359.6016222712894, "CV_RMSE_kronoberg": 1001.3899295213378, "_timestamp": 1748525250.5741496, "_runtime": 1.3299996852874756, "_step": 0, "_wandb": {"runtime": 1}}