{"CV_RMSE": 275.5285285291758, "RMSE": 437.05646047979377, "RMSE_STHLM": 400.9220289847377, "RMSE_S\u00f6dermanland": 36.13443149505607, "CV_RMSE_STHLM": 142.78980058815353, "CV_RMSE_S\u00f6dermanland": 132.7387279410223, "_timestamp": 1748446155.5270438, "_runtime": 1.422297716140747, "_step": 0, "_wandb": {"runtime": 1}}