{"CV_RMSE": 274.7827399560116, "RMSE": 435.65436063011447, "RMSE_STHLM": 399.5942138149787, "RMSE_S\u00f6dermanland": 36.060146815135795, "CV_RMSE_STHLM": 142.31689451265564, "CV_RMSE_S\u00f6dermanland": 132.465845443356, "_timestamp": 1748344653.5363922, "_runtime": 1.2839651107788086, "_step": 0, "_wandb": {"runtime": 1}}