{"CV_RMSE": 2553.92612126855, "RMSE": 1311.266238969429, "RMSE_skane": 1250.470431046476, "RMSE_kronoberg": 60.795807922952825, "CV_RMSE_'skane": 1982.775524915131, "CV_RMSE_kronoberg": 571.150596353419, "_timestamp": 1748551391.5165372, "_runtime": 1.610748291015625, "_step": 0, "_wandb": {"runtime": 1}}