{"CV_RMSE": 271.7120893150686, "RMSE": 442.13131390273185, "RMSE_STHLM": 407.6921886418757, "RMSE_S\u00f6dermanland": 34.43912526085614, "CV_RMSE_STHLM": 145.20101692825014, "CV_RMSE_S\u00f6dermanland": 126.51107238681846, "_timestamp": 1748499036.78061, "_runtime": 1.272010087966919, "_step": 0, "_wandb": {"runtime": 1}}