{"CV_RMSE": 932.7448110200929, "RMSE": 1888.2248832182638, "RMSE_STHLM": 1809.7738573515398, "RMSE_S\u00f6dermanland": 78.45102586672397, "CV_RMSE_STHLM": 644.5573690606988, "CV_RMSE_S\u00f6dermanland": 288.18744195939416, "_timestamp": 1748299850.1414297, "_runtime": 1.4012267589569092, "_step": 0, "_wandb": {"runtime": 1}}