{"CV_RMSE": 4329.696717544659, "RMSE": 1872.6451748422799, "RMSE_skane": 1698.436545681985, "RMSE_kronoberg": 174.2086291602948, "CV_RMSE_'skane": 2693.0812035126614, "CV_RMSE_kronoberg": 1636.6155140319972, "_timestamp": 1748528097.3125663, "_runtime": 1.2812743186950684, "_step": 0, "_wandb": {"runtime": 1}}