{"CV_RMSE": 5144.336704533398, "RMSE": 1972.589494991404, "RMSE_skane": 1714.3534299579965, "RMSE_kronoberg": 258.23606503340767, "CV_RMSE_'skane": 2718.319392110988, "CV_RMSE_kronoberg": 2426.0173124224107, "_timestamp": 1748557404.7306693, "_runtime": 1.2924442291259766, "_step": 0, "_wandb": {"runtime": 1}}