{"CV_RMSE": 266.54294549092924, "RMSE": 419.98780904379817, "RMSE_STHLM": 384.72954445938916, "RMSE_S\u00f6dermanland": 35.258264584408984, "CV_RMSE_STHLM": 137.02278987473298, "CV_RMSE_S\u00f6dermanland": 129.52015561619626, "_timestamp": 1748444662.6570814, "_runtime": 1.2461063861846924, "_step": 0, "_wandb": {"runtime": 1}}