{"CV_RMSE": 1308.2594856648138, "RMSE": 2205.1545975031513, "RMSE_STHLM": 2047.5314196290028, "RMSE_S\u00f6dermanland": 157.62317787414858, "CV_RMSE_STHLM": 729.2355669434518, "CV_RMSE_S\u00f6dermanland": 579.0239187213622, "_timestamp": 1748370812.2457683, "_runtime": 1.269235372543335, "_step": 0, "_wandb": {"runtime": 1}}