{"CV_RMSE": 3177.82602375316, "RMSE": 211.83910624779344, "RMSE_Kalmar": 122.33217694328133, "RMSE_Blekinge": 89.50692930451211, "CV_RMSE_'Kalmar": 1183.8597768704644, "CV_RMSE_Blekinge": 1993.9662468826955, "_timestamp": 1748510525.6113362, "_runtime": 1.3355462551116943, "_step": 0, "_wandb": {"runtime": 1}}