{"CV_RMSE": 713.3251381820465, "RMSE": 1213.9658145633468, "RMSE_STHLM": 1129.2687501878675, "RMSE_S\u00f6dermanland": 84.69706437547948, "CV_RMSE_STHLM": 402.1930649659995, "CV_RMSE_S\u00f6dermanland": 311.13207321604705, "_timestamp": 1748324680.7674797, "_runtime": 1.3113815784454346, "_step": 0, "_wandb": {"runtime": 1}}