{"CV_RMSE": 720.2585728154589, "RMSE": 1393.2060991875885, "RMSE_STHLM": 1325.6625499433683, "RMSE_S\u00f6dermanland": 67.54354924422024, "CV_RMSE_STHLM": 472.1394123264866, "CV_RMSE_S\u00f6dermanland": 248.11916048897234, "_timestamp": 1748289198.4771135, "_runtime": 1.3073813915252686, "_step": 0, "_wandb": {"runtime": 1}}