{"CV_RMSE": 305.2594401926094, "RMSE": 22.081528261360862, "RMSE_Kalmar": 14.814177160630166, "RMSE_Blekinge": 7.267351100730697, "CV_RMSE_'Kalmar": 143.3630047802919, "CV_RMSE_Blekinge": 161.8964354123175, "_timestamp": 1748484559.7835627, "_runtime": 1.272977590560913, "_step": 0, "_wandb": {"runtime": 1}}