{"CV_RMSE": 266.43314069667827, "RMSE": 422.854136024803, "RMSE_STHLM": 387.9367064265194, "RMSE_S\u00f6dermanland": 34.917429598283626, "CV_RMSE_STHLM": 138.16503196828944, "CV_RMSE_S\u00f6dermanland": 128.26810872838882, "_timestamp": 1748432621.639015, "_runtime": 1.2721190452575684, "_step": 0, "_wandb": {"runtime": 1}}