{"CV_RMSE": 267.75623322123045, "RMSE": 425.9174949507547, "RMSE_STHLM": 390.93010927828385, "RMSE_S\u00f6dermanland": 34.98738567247086, "CV_RMSE_STHLM": 139.23114299582727, "CV_RMSE_S\u00f6dermanland": 128.52509022540315, "_timestamp": 1748528153.4997416, "_runtime": 1.314387559890747, "_step": 0, "_wandb": {"runtime": 1}}