{"CV_RMSE": 4830.9055620948875, "RMSE": 1895.5291797686061, "RMSE_skane": 1661.7832859405544, "RMSE_kronoberg": 233.74589382805178, "CV_RMSE_'skane": 2634.962926967052, "CV_RMSE_kronoberg": 2195.9426351278353, "_timestamp": 1748560656.1074588, "_runtime": 1.3241157531738281, "_step": 0, "_wandb": {"runtime": 1}}