{"CV_RMSE": 306.90548255939666, "RMSE": 22.251878738148207, "RMSE_Kalmar": 14.984726897144904, "RMSE_Blekinge": 7.267151841003303, "CV_RMSE_'Kalmar": 145.0134861014023, "CV_RMSE_Blekinge": 161.89199645799437, "_timestamp": 1748475507.3128905, "_runtime": 1.3146185874938965, "_step": 0, "_wandb": {"runtime": 1}}