{"CV_RMSE": 3472.612375277393, "RMSE": 1054.4153852184386, "RMSE_skane": 823.8201381421355, "RMSE_kronoberg": 230.595247076303, "CV_RMSE_'skane": 1306.2687179843585, "CV_RMSE_kronoberg": 2166.3436572930345, "_timestamp": 1748514464.8210196, "_runtime": 1.3021676540374756, "_step": 0, "_wandb": {"runtime": 1}}