{"CV_RMSE": 269.3439699185847, "RMSE": 432.2398576564043, "RMSE_STHLM": 397.4526323555437, "RMSE_S\u00f6dermanland": 34.78722530086057, "CV_RMSE_STHLM": 141.55416269093365, "CV_RMSE_S\u00f6dermanland": 127.78980722765107, "_timestamp": 1748563391.5627525, "_runtime": 1.313361406326294, "_step": 0, "_wandb": {"runtime": 1}}