{"CV_RMSE": 4603.419707411557, "RMSE": 1869.2207960745254, "RMSE_skane": 1659.2643615065779, "RMSE_kronoberg": 209.95643456794747, "CV_RMSE_'skane": 2630.968860739817, "CV_RMSE_kronoberg": 1972.4508466717405, "_timestamp": 1748525484.8431065, "_runtime": 1.3186326026916504, "_step": 0, "_wandb": {"runtime": 1}}