{"CV_RMSE": 301.9161970896662, "RMSE": 21.928819991312388, "RMSE_Kalmar": 14.809520438689333, "RMSE_Blekinge": 7.119299552623056, "CV_RMSE_'Kalmar": 143.3179397292516, "CV_RMSE_Blekinge": 158.5982573604146, "_timestamp": 1748502983.8242683, "_runtime": 1.4116833209991455, "_step": 0, "_wandb": {"runtime": 1}}