{"CV_RMSE": 302.5754167967044, "RMSE": 22.011009953474137, "RMSE_Kalmar": 14.902517471846373, "RMSE_Blekinge": 7.108492481627764, "CV_RMSE_'Kalmar": 144.21791101786812, "CV_RMSE_Blekinge": 158.35750577883633, "_timestamp": 1748531950.6325266, "_runtime": 1.3945536613464355, "_step": 0, "_wandb": {"runtime": 1}}