{"CV_RMSE": 1874.7046622136954, "RMSE": 2565.3636505661107, "RMSE_STHLM": 2275.6591554854776, "RMSE_S\u00f6dermanland": 289.70449508063325, "CV_RMSE_STHLM": 810.4840680399406, "CV_RMSE_S\u00f6dermanland": 1064.2205941737548, "_timestamp": 1748301012.9157984, "_runtime": 1.258481502532959, "_step": 0, "_wandb": {"runtime": 1}}