{"CV_RMSE": 2328.199829080082, "RMSE": 1116.5395885035532, "RMSE_skane": 1045.1102237980083, "RMSE_kronoberg": 71.429364705545, "CV_RMSE_'skane": 1657.1515176501186, "CV_RMSE_kronoberg": 671.0483114299634, "_timestamp": 1748556987.1490903, "_runtime": 1.4885532855987549, "_step": 0, "_wandb": {"runtime": 1}}