{"CV_RMSE": 275.5616378809278, "RMSE": 437.0216517469733, "RMSE_STHLM": 400.87350235246413, "RMSE_S\u00f6dermanland": 36.14814939450919, "CV_RMSE_STHLM": 142.77251765620014, "CV_RMSE_S\u00f6dermanland": 132.78912022472764, "_timestamp": 1748560966.3254375, "_runtime": 1.3421416282653809, "_step": 0, "_wandb": {"runtime": 1}}