{"CV_RMSE": 279.68800451798364, "RMSE": 100.81949144265671, "RMSE_skane": 85.47475790084432, "RMSE_kronoberg": 15.34473354181239, "CV_RMSE_'skane": 135.5308000541929, "CV_RMSE_kronoberg": 144.15720446379075, "_timestamp": 1748531861.1858869, "_runtime": 1.4561009407043457, "_step": 0, "_wandb": {"runtime": 1}}