{"CV_RMSE": 1575.8714514845065, "RMSE": 2219.9028330539318, "RMSE_STHLM": 1983.1918198114356, "RMSE_S\u00f6dermanland": 236.71101324249597, "CV_RMSE_STHLM": 706.3207905937048, "CV_RMSE_S\u00f6dermanland": 869.5506608908015, "_timestamp": 1748323736.5527658, "_runtime": 1.305898904800415, "_step": 0, "_wandb": {"runtime": 1}}