{"CV_RMSE": 3908.40276495723, "RMSE": 278.27625802155256, "RMSE_Kalmar": 181.8139401754678, "RMSE_Blekinge": 96.46231784608477, "CV_RMSE_'Kalmar": 1759.4897436335593, "CV_RMSE_Blekinge": 2148.913021323671, "_timestamp": 1748548801.3737745, "_runtime": 1.3973445892333984, "_step": 0, "_wandb": {"runtime": 1}}