{"CV_RMSE": 2484.8558967536987, "RMSE": 1497.5360404455405, "RMSE_skane": 1483.4077242495619, "RMSE_kronoberg": 14.128316195978535, "CV_RMSE_'skane": 2352.126412657867, "CV_RMSE_kronoberg": 132.72948409583174, "_timestamp": 1748535298.9303997, "_runtime": 1.292381763458252, "_step": 0, "_wandb": {"runtime": 1}}