{"CV_RMSE": 1598.755227674883, "RMSE": 2493.932819370672, "RMSE_STHLM": 2279.743922637445, "RMSE_S\u00f6dermanland": 214.1888967332272, "CV_RMSE_STHLM": 811.9388723283341, "CV_RMSE_S\u00f6dermanland": 786.8163553465489, "_timestamp": 1748390970.6621788, "_runtime": 1.4186177253723145, "_step": 0, "_wandb": {"runtime": 1}}