{"CV_RMSE": 306.81733025506776, "RMSE": 22.240070659180105, "RMSE_Kalmar": 14.970845816202667, "RMSE_Blekinge": 7.2692248429774375, "CV_RMSE_'Kalmar": 144.8791530600258, "CV_RMSE_Blekinge": 161.93817719504193, "_timestamp": 1748520449.0658634, "_runtime": 1.307544469833374, "_step": 0, "_wandb": {"runtime": 1}}