{"CV_RMSE": 306.6627629915713, "RMSE": 22.226420490967246, "RMSE_Kalmar": 14.95897891808253, "RMSE_Blekinge": 7.267441572884716, "CV_RMSE_'Kalmar": 144.76431211047608, "CV_RMSE_Blekinge": 161.8984508810952, "_timestamp": 1748511463.288957, "_runtime": 1.2642910480499268, "_step": 0, "_wandb": {"runtime": 1}}