{"CV_RMSE": 275.5596490524237, "RMSE": 437.09926219179647, "RMSE_STHLM": 400.96004473644535, "RMSE_S\u00f6dermanland": 36.139217455351144, "CV_RMSE_STHLM": 142.80334003276644, "CV_RMSE_S\u00f6dermanland": 132.75630901965727, "_timestamp": 1748507594.1244688, "_runtime": 1.288360834121704, "_step": 0, "_wandb": {"runtime": 1}}