{"CV_RMSE": 337.98482134007077, "RMSE": 429.3412647247106, "RMSE_STHLM": 373.55115673359205, "RMSE_S\u00f6dermanland": 55.79010799111852, "CV_RMSE_STHLM": 133.04156749514559, "CV_RMSE_S\u00f6dermanland": 204.94325384492518, "_timestamp": 1748445056.8415213, "_runtime": 1.275198221206665, "_step": 0, "_wandb": {"runtime": 1}}