{"CV_RMSE": 4668.660750799718, "RMSE": 1785.5282795737119, "RMSE_skane": 1550.2232486908044, "RMSE_kronoberg": 235.30503088290735, "CV_RMSE_'skane": 2458.070690313115, "CV_RMSE_kronoberg": 2210.5900604866033, "_timestamp": 1748528183.300272, "_runtime": 1.3082160949707031, "_step": 0, "_wandb": {"runtime": 1}}