{"CV_RMSE": 268.41877561411707, "RMSE": 428.46115763954685, "RMSE_STHLM": 393.54714215370893, "RMSE_S\u00f6dermanland": 34.91401548583795, "CV_RMSE_STHLM": 140.16320852328374, "CV_RMSE_S\u00f6dermanland": 128.2555670908333, "_timestamp": 1748548146.2727866, "_runtime": 1.2750396728515625, "_step": 0, "_wandb": {"runtime": 1}}