{"CV_RMSE": 305.8882877604746, "RMSE": 22.202355346919642, "RMSE_Kalmar": 14.97789750239795, "RMSE_Blekinge": 7.224457844521694, "CV_RMSE_'Kalmar": 144.9473951844963, "CV_RMSE_Blekinge": 160.94089257597832, "_timestamp": 1748460652.4040434, "_runtime": 1.3011114597320557, "_step": 0, "_wandb": {"runtime": 1}}