{"CV_RMSE": 1290.4929119875949, "RMSE": 1518.9639062577664, "RMSE_STHLM": 1293.0256562454174, "RMSE_S\u00f6dermanland": 225.938250012349, "CV_RMSE_STHLM": 460.5156670442721, "CV_RMSE_S\u00f6dermanland": 829.9772449433228, "_timestamp": 1748346402.6812463, "_runtime": 1.4574453830718994, "_step": 0, "_wandb": {"runtime": 1}}