{"CV_RMSE": 5062.656006805885, "RMSE": 2016.4866410080951, "RMSE_skane": 1777.623869940224, "RMSE_kronoberg": 238.86277106787102, "CV_RMSE_'skane": 2818.642499905218, "CV_RMSE_kronoberg": 2244.0135069006674, "_timestamp": 1748549002.7548263, "_runtime": 1.29850435256958, "_step": 0, "_wandb": {"runtime": 1}}