{"CV_RMSE": 2235.475752084018, "RMSE": 123.72476508030437, "RMSE_Kalmar": 41.33150277759621, "RMSE_Blekinge": 82.39326230270817, "CV_RMSE_'Kalmar": 399.9822849444794, "CV_RMSE_Blekinge": 1835.4934671395386, "_timestamp": 1748553145.8721764, "_runtime": 1.3295533657073975, "_step": 0, "_wandb": {"runtime": 1}}