{"CV_RMSE": 848.5310608097111, "RMSE": 838.8838446667861, "RMSE_STHLM": 673.1596164244169, "RMSE_S\u00f6dermanland": 165.72422824236924, "CV_RMSE_STHLM": 239.74818155202817, "CV_RMSE_S\u00f6dermanland": 608.7828792576829, "_timestamp": 1748356891.7706106, "_runtime": 1.4344415664672852, "_step": 0, "_wandb": {"runtime": 1}}