{"CV_RMSE": 580.084043413705, "RMSE": 47.554157966480695, "RMSE_Kalmar": 38.039527965366744, "RMSE_Blekinge": 9.51463000111395, "CV_RMSE_'Kalmar": 368.12446418096846, "CV_RMSE_Blekinge": 211.9595792327365, "_timestamp": 1748568499.2074378, "_runtime": 1.3156988620758057, "_step": 0, "_wandb": {"runtime": 1}}