{"CV_RMSE": 893.2446526792505, "RMSE": 1324.3681118954164, "RMSE_STHLM": 1197.2875809427555, "RMSE_S\u00f6dermanland": 127.08053095266084, "CV_RMSE_STHLM": 426.4182124449862, "CV_RMSE_S\u00f6dermanland": 466.8264402342643, "_timestamp": 1748338250.2203133, "_runtime": 1.3015353679656982, "_step": 0, "_wandb": {"runtime": 1}}