{"CV_RMSE": 306.661908796209, "RMSE": 22.23206063319589, "RMSE_Kalmar": 14.969018826983092, "RMSE_Blekinge": 7.263041806212798, "CV_RMSE_'Kalmar": 144.8614725191912, "CV_RMSE_Blekinge": 161.80043627701778, "_timestamp": 1748466218.4432523, "_runtime": 1.303598403930664, "_step": 0, "_wandb": {"runtime": 1}}