{"CV_RMSE": 303.3841387195015, "RMSE": 22.012647197156966, "RMSE_Kalmar": 14.841226962507971, "RMSE_Blekinge": 7.171420234648997, "CV_RMSE_'Kalmar": 143.62477705652876, "CV_RMSE_Blekinge": 159.7593616629727, "_timestamp": 1748499202.5399137, "_runtime": 1.3083796501159668, "_step": 0, "_wandb": {"runtime": 1}}