{"CV_RMSE": 254.7050931675538, "RMSE": 415.27952432806256, "RMSE_STHLM": 383.08427228692307, "RMSE_S\u00f6dermanland": 32.19525204113949, "CV_RMSE_STHLM": 136.43682036336793, "CV_RMSE_S\u00f6dermanland": 118.26827280418588, "_timestamp": 1748465078.0669398, "_runtime": 1.3150277137756348, "_step": 0, "_wandb": {"runtime": 1}}