{"CV_RMSE": 4784.991229416293, "RMSE": 1787.9747143925551, "RMSE_skane": 1538.2693636904862, "RMSE_kronoberg": 249.70535070206904, "CV_RMSE_'skane": 2439.116327204788, "CV_RMSE_kronoberg": 2345.874902211505, "_timestamp": 1748565305.4407501, "_runtime": 1.2662742137908936, "_step": 0, "_wandb": {"runtime": 1}}