{"CV_RMSE": 271.47647498408617, "RMSE": 432.816101522453, "RMSE_STHLM": 397.44790236768057, "RMSE_S\u00f6dermanland": 35.368199154772434, "CV_RMSE_STHLM": 141.55247808900378, "CV_RMSE_S\u00f6dermanland": 129.9239968950824, "_timestamp": 1748487973.098735, "_runtime": 1.2749781608581543, "_step": 0, "_wandb": {"runtime": 1}}