{"CV_RMSE": 270.1075614051772, "RMSE": 427.7772152234629, "RMSE_STHLM": 392.28068833545404, "RMSE_S\u00f6dermanland": 35.4965268880089, "CV_RMSE_STHLM": 139.7121565104506, "CV_RMSE_S\u00f6dermanland": 130.3954048947266, "_timestamp": 1748303476.9207823, "_runtime": 1.3259854316711426, "_step": 0, "_wandb": {"runtime": 1}}