{"CV_RMSE": 702.9144031574873, "RMSE": 653.1118730527659, "RMSE_STHLM": 511.3387292691877, "RMSE_S\u00f6dermanland": 141.77314378357818, "CV_RMSE_STHLM": 182.1150994627103, "CV_RMSE_S\u00f6dermanland": 520.799303694777, "_timestamp": 1748439710.6545706, "_runtime": 1.3139564990997314, "_step": 0, "_wandb": {"runtime": 1}}