{"CV_RMSE": 1934.8605502592795, "RMSE": 791.9748844376277, "RMSE_skane": 705.0122883905024, "RMSE_kronoberg": 86.9625960471253, "CV_RMSE_'skane": 1117.8841782090417, "CV_RMSE_kronoberg": 816.9763720502377, "_timestamp": 1748570974.3116696, "_runtime": 1.3063786029815674, "_step": 0, "_wandb": {"runtime": 1}}