{"CV_RMSE": 268.21358591715125, "RMSE": 437.6444449530307, "RMSE_STHLM": 403.77821935513714, "RMSE_S\u00f6dermanland": 33.86622559789358, "CV_RMSE_STHLM": 143.80704290448097, "CV_RMSE_S\u00f6dermanland": 124.4065430126703, "_timestamp": 1748511468.1797845, "_runtime": 1.3439455032348633, "_step": 0, "_wandb": {"runtime": 1}}