{"CV_RMSE": 1370.7605900507426, "RMSE": 1997.608670489046, "RMSE_STHLM": 1798.8620881215172, "RMSE_S\u00f6dermanland": 198.7465823675289, "CV_RMSE_STHLM": 640.6711038026773, "CV_RMSE_S\u00f6dermanland": 730.0894862480653, "_timestamp": 1748345239.5043077, "_runtime": 1.3117096424102783, "_step": 0, "_wandb": {"runtime": 1}}