{"CV_RMSE": 4590.016943749236, "RMSE": 307.7924855368165, "RMSE_Kalmar": 179.90323993191618, "RMSE_Blekinge": 127.88924560490032, "CV_RMSE_'Kalmar": 1740.9990961153178, "CV_RMSE_Blekinge": 2849.017847633918, "_timestamp": 1748532373.444521, "_runtime": 1.3094110488891602, "_step": 0, "_wandb": {"runtime": 1}}