{"CV_RMSE": 3179.8793966670482, "RMSE": 1700.352312726343, "RMSE_skane": 1638.402804789237, "RMSE_kronoberg": 61.94950793710584, "CV_RMSE_'skane": 2597.890282435365, "CV_RMSE_kronoberg": 581.9891142316833, "_timestamp": 1748545433.4899118, "_runtime": 1.5154287815093994, "_step": 0, "_wandb": {"runtime": 1}}