{"CV_RMSE": 273.1951466791029, "RMSE": 434.05005698982023, "RMSE_STHLM": 398.2962466528948, "RMSE_S\u00f6dermanland": 35.753810336925426, "CV_RMSE_STHLM": 141.85461891080544, "CV_RMSE_S\u00f6dermanland": 131.34052776829748, "_timestamp": 1748564140.8570914, "_runtime": 1.2764034271240234, "_step": 0, "_wandb": {"runtime": 1}}