{"CV_RMSE": 4058.933760568165, "RMSE": 1667.1747650071216, "RMSE_skane": 1485.9183507062376, "RMSE_kronoberg": 181.25641430088396, "CV_RMSE_'skane": 2356.10732141581, "CV_RMSE_kronoberg": 1702.8264391523546, "_timestamp": 1748524286.1878974, "_runtime": 1.4678795337677002, "_step": 0, "_wandb": {"runtime": 1}}