{"CV_RMSE": 4630.883492345985, "RMSE": 1865.0026095898577, "RMSE_skane": 1650.672699902026, "RMSE_kronoberg": 214.3299096878318, "CV_RMSE_'skane": 2617.3457186607175, "CV_RMSE_kronoberg": 2013.5377736852674, "_timestamp": 1748510996.2267525, "_runtime": 1.321502447128296, "_step": 0, "_wandb": {"runtime": 1}}