{"CV_RMSE": 274.90688935813546, "RMSE": 436.2221585231466, "RMSE_STHLM": 400.1855469491822, "RMSE_S\u00f6dermanland": 36.03661157396445, "CV_RMSE_STHLM": 142.52749990275584, "CV_RMSE_S\u00f6dermanland": 132.37938945537962, "_timestamp": 1748513165.195267, "_runtime": 1.2986249923706055, "_step": 0, "_wandb": {"runtime": 1}}