{"CV_RMSE": 4308.190896345598, "RMSE": 1544.8150127072945, "RMSE_skane": 1306.7937644398153, "RMSE_kronoberg": 238.02124826747922, "CV_RMSE_'skane": 2072.083136003935, "CV_RMSE_kronoberg": 2236.107760341663, "_timestamp": 1748558963.7823503, "_runtime": 1.3577404022216797, "_step": 0, "_wandb": {"runtime": 1}}