{"CV_RMSE": 275.3016985109649, "RMSE": 436.5012385016699, "RMSE_STHLM": 400.37557486158914, "RMSE_S\u00f6dermanland": 36.125663640080745, "CV_RMSE_STHLM": 142.59517901679075, "CV_RMSE_S\u00f6dermanland": 132.7065194941742, "_timestamp": 1748344170.6743443, "_runtime": 1.3093302249908447, "_step": 0, "_wandb": {"runtime": 1}}