{"CV_RMSE": 1081.2607832245474, "RMSE": 533.1319397514818, "RMSE_skane": 502.92119366296055, "RMSE_kronoberg": 30.21074608852124, "CV_RMSE_'skane": 797.4437531653708, "CV_RMSE_kronoberg": 283.8170300591766, "_timestamp": 1748502364.4081597, "_runtime": 1.4069607257843018, "_step": 0, "_wandb": {"runtime": 1}}