{"CV_RMSE": 5052.827208164494, "RMSE": 1929.5348275708334, "RMSE_skane": 1674.274963070405, "RMSE_kronoberg": 255.25986450042842, "CV_RMSE_'skane": 2654.770026010156, "CV_RMSE_kronoberg": 2398.057182154338, "_timestamp": 1748541830.4869978, "_runtime": 1.280608892440796, "_step": 0, "_wandb": {"runtime": 1}}