{"CV_RMSE": 1360.3294588934996, "RMSE": 2253.0529773353724, "RMSE_STHLM": 2084.8758464363564, "RMSE_S\u00f6dermanland": 168.17713089901613, "CV_RMSE_STHLM": 742.5359168154811, "CV_RMSE_S\u00f6dermanland": 617.7935420780184, "_timestamp": 1748334671.9684677, "_runtime": 1.2572495937347412, "_step": 0, "_wandb": {"runtime": 1}}