{"CV_RMSE": 275.9679285412038, "RMSE": 98.91152920676788, "RMSE_skane": 83.65576614430438, "RMSE_kronoberg": 15.255763062463501, "CV_RMSE_'skane": 132.64656365375959, "CV_RMSE_kronoberg": 143.3213648874442, "_timestamp": 1748535686.7297869, "_runtime": 1.3333909511566162, "_step": 0, "_wandb": {"runtime": 1}}