{"CV_RMSE": 2358.7212141874834, "RMSE": 183.13515914366064, "RMSE_Kalmar": 136.59115915460887, "RMSE_Blekinge": 46.54399998905177, "CV_RMSE_'Kalmar": 1321.8499273026664, "CV_RMSE_Blekinge": 1036.8712868848168, "_timestamp": 1748476096.9718018, "_runtime": 1.3075847625732422, "_step": 0, "_wandb": {"runtime": 1}}