{"CV_RMSE": 1680.7348467842535, "RMSE": 2412.5511767479425, "RMSE_STHLM": 2164.91235106194, "RMSE_S\u00f6dermanland": 247.63882568600238, "CV_RMSE_STHLM": 771.0412014071018, "CV_RMSE_S\u00f6dermanland": 909.6936453771516, "_timestamp": 1748291075.353658, "_runtime": 1.2555320262908936, "_step": 0, "_wandb": {"runtime": 1}}