{"CV_RMSE": 274.3662540196876, "RMSE": 433.67582803732626, "RMSE_STHLM": 397.528811153906, "RMSE_S\u00f6dermanland": 36.14701688342022, "CV_RMSE_STHLM": 141.58129403977657, "CV_RMSE_S\u00f6dermanland": 132.784959979911, "_timestamp": 1748452636.8160105, "_runtime": 1.2835733890533447, "_step": 0, "_wandb": {"runtime": 1}}