{"CV_RMSE": 1082.3767942914374, "RMSE": 427.752693528347, "RMSE_skane": 376.00155151779484, "RMSE_kronoberg": 51.75114201055217, "CV_RMSE_'skane": 596.1969632946007, "CV_RMSE_kronoberg": 486.17983099683676, "_timestamp": 1748562693.5948584, "_runtime": 1.314955472946167, "_step": 0, "_wandb": {"runtime": 1}}