{"CV_RMSE": 443.87349350757086, "RMSE": 844.9842613336191, "RMSE_STHLM": 801.8984164076883, "RMSE_S\u00f6dermanland": 43.085844925930814, "CV_RMSE_STHLM": 285.5989611266005, "CV_RMSE_S\u00f6dermanland": 158.27453238097036, "_timestamp": 1748306684.4351964, "_runtime": 1.3269762992858887, "_step": 0, "_wandb": {"runtime": 1}}