{"CV_RMSE": 306.97475621540957, "RMSE": 22.256412381873922, "RMSE_Kalmar": 14.987244662237227, "RMSE_Blekinge": 7.269167719636696, "CV_RMSE_'Kalmar": 145.03785157003767, "CV_RMSE_Blekinge": 161.93690464537192, "_timestamp": 1748515509.7458637, "_runtime": 1.2791695594787598, "_step": 0, "_wandb": {"runtime": 1}}