{"CV_RMSE": 274.2162317574034, "RMSE": 435.30577773410454, "RMSE_STHLM": 399.37897944112825, "RMSE_S\u00f6dermanland": 35.92679829297631, "CV_RMSE_STHLM": 142.24023802810265, "CV_RMSE_S\u00f6dermanland": 131.97599372930074, "_timestamp": 1748463236.8493106, "_runtime": 1.259009599685669, "_step": 0, "_wandb": {"runtime": 1}}