{"CV_RMSE": 275.353717036991, "RMSE": 436.6708114441823, "RMSE_STHLM": 400.5476725796801, "RMSE_S\u00f6dermanland": 36.12313886450213, "CV_RMSE_STHLM": 142.6564722286158, "CV_RMSE_S\u00f6dermanland": 132.6972448083752, "_timestamp": 1748559654.929521, "_runtime": 1.239696979522705, "_step": 0, "_wandb": {"runtime": 1}}