{"CV_RMSE": 302.4134182981307, "RMSE": 21.832419472434324, "RMSE_Kalmar": 14.59961585578826, "RMSE_Blekinge": 7.232803616646064, "CV_RMSE_'Kalmar": 141.28660505601542, "CV_RMSE_Blekinge": 161.12681324211528, "_timestamp": 1748476572.460132, "_runtime": 1.2686128616333008, "_step": 0, "_wandb": {"runtime": 1}}