{"CV_RMSE": 304.64209599772084, "RMSE": 383.3862659063002, "RMSE_STHLM": 332.71345471178773, "RMSE_S\u00f6dermanland": 50.672811194512484, "CV_RMSE_STHLM": 118.49707528318518, "CV_RMSE_S\u00f6dermanland": 186.14502071453566, "_timestamp": 1748427847.168695, "_runtime": 1.3084189891815186, "_step": 0, "_wandb": {"runtime": 1}}