{"CV_RMSE": 265.11682070233906, "RMSE": 419.23088097342907, "RMSE_STHLM": 384.3212543328178, "RMSE_S\u00f6dermanland": 34.90962664061132, "CV_RMSE_STHLM": 136.8773759000934, "CV_RMSE_S\u00f6dermanland": 128.23944480224569, "_timestamp": 1748508659.817801, "_runtime": 2.071194887161255, "_step": 0, "_wandb": {"runtime": 1}}