{"CV_RMSE": 267.89016787869707, "RMSE": 419.58663924587773, "RMSE_STHLM": 383.8791860700556, "RMSE_S\u00f6dermanland": 35.70745317582214, "CV_RMSE_STHLM": 136.71993172261577, "CV_RMSE_S\u00f6dermanland": 131.17023615608133, "_timestamp": 1748441976.6797404, "_runtime": 1.3297195434570312, "_step": 0, "_wandb": {"runtime": 1}}