{"CV_RMSE": 1242.882158627006, "RMSE": 562.9606757147666, "RMSE_skane": 518.1097731949899, "RMSE_kronoberg": 44.85090251977672, "CV_RMSE_'skane": 821.5271245163688, "CV_RMSE_kronoberg": 421.35503411063723, "_timestamp": 1748550490.336376, "_runtime": 1.4267909526824951, "_step": 0, "_wandb": {"runtime": 1}}