{"CV_RMSE": 1414.9949295225897, "RMSE": 1641.8200799800504, "RMSE_STHLM": 1391.5409592498056, "RMSE_S\u00f6dermanland": 250.27912073024487, "CV_RMSE_STHLM": 495.6022411257717, "CV_RMSE_S\u00f6dermanland": 919.3926883968179, "_timestamp": 1748388721.8998759, "_runtime": 1.3243088722229004, "_step": 0, "_wandb": {"runtime": 1}}