{"CV_RMSE": 274.3555377888517, "RMSE": 433.8641624254525, "RMSE_STHLM": 397.74059588375775, "RMSE_S\u00f6dermanland": 36.12356654169472, "CV_RMSE_STHLM": 141.65672192140167, "CV_RMSE_S\u00f6dermanland": 132.69881586745, "_timestamp": 1748485051.057714, "_runtime": 1.348438024520874, "_step": 0, "_wandb": {"runtime": 1}}