{"CV_RMSE": 720.382746636441, "RMSE": 1027.5436878611904, "RMSE_STHLM": 920.7044722557627, "RMSE_S\u00f6dermanland": 106.83921560542784, "CV_RMSE_STHLM": 327.9121586981347, "CV_RMSE_S\u00f6dermanland": 392.4705879383063, "_timestamp": 1748306451.5705533, "_runtime": 1.2962963581085205, "_step": 0, "_wandb": {"runtime": 1}}