{"CV_RMSE": 964.2612752127678, "RMSE": 1069.0811005447672, "RMSE_STHLM": 893.1845980940751, "RMSE_S\u00f6dermanland": 175.89650245069217, "CV_RMSE_STHLM": 318.11085804695983, "CV_RMSE_S\u00f6dermanland": 646.150417165808, "_timestamp": 1748383993.1179204, "_runtime": 1.305457353591919, "_step": 0, "_wandb": {"runtime": 1}}