{"CV_RMSE": 793.4024297652094, "RMSE": 949.3970529538644, "RMSE_STHLM": 812.1561847448079, "RMSE_S\u00f6dermanland": 137.2408682090566, "CV_RMSE_STHLM": 289.2523016503075, "CV_RMSE_S\u00f6dermanland": 504.15012811490186, "_timestamp": 1748383301.6094294, "_runtime": 1.3073253631591797, "_step": 0, "_wandb": {"runtime": 1}}