{"CV_RMSE": 1609.3943914246067, "RMSE": 2534.8017742604857, "RMSE_STHLM": 2321.7934884379088, "RMSE_S\u00f6dermanland": 213.00828582257682, "CV_RMSE_STHLM": 826.9149741171816, "CV_RMSE_S\u00f6dermanland": 782.4794173074251, "_timestamp": 1748290037.8756747, "_runtime": 1.3202457427978516, "_step": 0, "_wandb": {"runtime": 1}}