{"CV_RMSE": 3571.9220603801296, "RMSE": 236.35406330409333, "RMSE_Kalmar": 134.3981734958257, "RMSE_Blekinge": 101.95588980826764, "CV_RMSE_'Kalmar": 1300.6274854434744, "CV_RMSE_Blekinge": 2271.2945749366554, "_timestamp": 1748541562.9266646, "_runtime": 1.3561015129089355, "_step": 0, "_wandb": {"runtime": 1}}