{"CV_RMSE": 169.45592989117551, "RMSE": 249.98075406049253, "RMSE_STHLM": 225.73693686103957, "RMSE_S\u00f6dermanland": 24.243817199452973, "CV_RMSE_STHLM": 80.39700956665438, "CV_RMSE_S\u00f6dermanland": 89.05892032452113, "_timestamp": 1748367488.3091125, "_runtime": 1.3182895183563232, "_step": 0, "_wandb": {"runtime": 1}}