{"CV_RMSE": 4999.415635481809, "RMSE": 1930.79981205116, "RMSE_skane": 1682.636596109474, "RMSE_kronoberg": 248.16321594168585, "CV_RMSE_'skane": 2668.0284293490604, "CV_RMSE_kronoberg": 2331.3872061327484, "_timestamp": 1748529657.8426318, "_runtime": 1.3473427295684814, "_step": 0, "_wandb": {"runtime": 1}}