{"CV_RMSE": 275.31333432956046, "RMSE": 437.107563982836, "RMSE_STHLM": 401.043489036283, "RMSE_S\u00f6dermanland": 36.06407494655297, "CV_RMSE_STHLM": 142.8330590156924, "CV_RMSE_S\u00f6dermanland": 132.48027531386805, "_timestamp": 1748456784.2623632, "_runtime": 1.241117238998413, "_step": 0, "_wandb": {"runtime": 1}}