{"CV_RMSE": 1000.7365074529276, "RMSE": 1739.4791319690873, "RMSE_STHLM": 1624.5624729893739, "RMSE_S\u00f6dermanland": 114.91665897971346, "CV_RMSE_STHLM": 578.5936785478577, "CV_RMSE_S\u00f6dermanland": 422.1428289050699, "_timestamp": 1748389162.2696617, "_runtime": 1.446382761001587, "_step": 0, "_wandb": {"runtime": 1}}