{"CV_RMSE": 282.1385848370537, "RMSE": 445.4625835355212, "RMSE_STHLM": 408.23805812807643, "RMSE_S\u00f6dermanland": 37.22452540744478, "CV_RMSE_STHLM": 145.39543027909332, "CV_RMSE_S\u00f6dermanland": 136.74315455796042, "_timestamp": 1748513554.4863496, "_runtime": 1.3773255348205566, "_step": 0, "_wandb": {"runtime": 1}}