{"CV_RMSE": 398.75123947098405, "RMSE": 806.2539955428488, "RMSE_STHLM": 772.6120305959795, "RMSE_S\u00f6dermanland": 33.64196494686929, "CV_RMSE_STHLM": 275.1685110947295, "CV_RMSE_S\u00f6dermanland": 123.58272837625454, "_timestamp": 1748332804.6268752, "_runtime": 1.3172361850738525, "_step": 0, "_wandb": {"runtime": 1}}