{"CV_RMSE": 4676.930085315929, "RMSE": 1737.079632358483, "RMSE_skane": 1490.878043710757, "RMSE_kronoberg": 246.20158864772588, "CV_RMSE_'skane": 2363.971528082596, "CV_RMSE_kronoberg": 2312.958557233333, "_timestamp": 1748573347.395821, "_runtime": 1.32346510887146, "_step": 0, "_wandb": {"runtime": 1}}