{"CV_RMSE": 3961.3909636923067, "RMSE": 1620.2442470522767, "RMSE_skane": 1441.9496472402973, "RMSE_kronoberg": 178.29459981197934, "CV_RMSE_'skane": 2286.3895040808097, "CV_RMSE_kronoberg": 1675.001459611497, "_timestamp": 1748505094.1087193, "_runtime": 1.3487353324890137, "_step": 0, "_wandb": {"runtime": 1}}