{"CV_RMSE": 1627.9879008250723, "RMSE": 2407.1130660458007, "RMSE_STHLM": 2174.790883673508, "RMSE_S\u00f6dermanland": 232.32218237229304, "CV_RMSE_STHLM": 774.5594757839957, "CV_RMSE_S\u00f6dermanland": 853.4284250410765, "_timestamp": 1748300877.87895, "_runtime": 1.365591049194336, "_step": 0, "_wandb": {"runtime": 1}}