{"CV_RMSE": 4948.316690372707, "RMSE": 1850.5328311461562, "RMSE_skane": 1592.6148726900778, "RMSE_kronoberg": 257.9179584560783, "CV_RMSE_'skane": 2525.28785310266, "CV_RMSE_kronoberg": 2423.0288372700466, "_timestamp": 1748534434.1646883, "_runtime": 1.2910513877868652, "_step": 0, "_wandb": {"runtime": 1}}