{"CV_RMSE": 229.2211647738563, "RMSE": 382.33288964219884, "RMSE_STHLM": 354.2825150863213, "RMSE_S\u00f6dermanland": 28.050374555877504, "CV_RMSE_STHLM": 126.17897252777568, "CV_RMSE_S\u00f6dermanland": 103.04219224608062, "_timestamp": 1748300942.1231441, "_runtime": 1.3371660709381104, "_step": 0, "_wandb": {"runtime": 1}}