{"CV_RMSE": 1899.9514936356159, "RMSE": 2642.586732431298, "RMSE_STHLM": 2353.56243869232, "RMSE_S\u00f6dermanland": 289.024293738978, "CV_RMSE_STHLM": 838.2295982679415, "CV_RMSE_S\u00f6dermanland": 1061.7218953676743, "_timestamp": 1748372532.6243298, "_runtime": 1.310729742050171, "_step": 0, "_wandb": {"runtime": 1}}