{"CV_RMSE": 4142.769968091004, "RMSE": 1393.597570796335, "RMSE_skane": 1146.0548063187932, "RMSE_kronoberg": 247.5427644775419, "CV_RMSE_'skane": 1817.211637926205, "CV_RMSE_kronoberg": 2325.558330164799, "_timestamp": 1748550752.5996926, "_runtime": 1.2569584846496582, "_step": 0, "_wandb": {"runtime": 1}}