{"CV_RMSE": 2835.8291369625636, "RMSE": 1604.349053051638, "RMSE_skane": 1566.9643404528554, "RMSE_kronoberg": 37.38471259878266, "CV_RMSE_'skane": 2484.615761817424, "CV_RMSE_kronoberg": 351.2133751451398, "_timestamp": 1748510195.3865278, "_runtime": 1.3232316970825195, "_step": 0, "_wandb": {"runtime": 1}}