{"CV_RMSE": 276.7436492233953, "RMSE": 100.26397047631946, "RMSE_skane": 85.18348610159613, "RMSE_kronoberg": 15.080484374723321, "CV_RMSE_'skane": 135.06895259238289, "CV_RMSE_kronoberg": 141.6746966310124, "_timestamp": 1748543388.5224965, "_runtime": 1.359154462814331, "_step": 0, "_wandb": {"runtime": 1}}