{"CV_RMSE": 306.84333632156233, "RMSE": 22.243928106945493, "RMSE_Kalmar": 14.975602013602952, "RMSE_Blekinge": 7.26832609334254, "CV_RMSE_'Kalmar": 144.92518077680276, "CV_RMSE_Blekinge": 161.91815554475954, "_timestamp": 1748539795.054862, "_runtime": 1.2546601295471191, "_step": 0, "_wandb": {"runtime": 1}}