{"CV_RMSE": 680.0004064394983, "RMSE": 758.2445852072135, "RMSE_STHLM": 634.6660865244793, "RMSE_S\u00f6dermanland": 123.57849868273418, "CV_RMSE_STHLM": 226.03857454374014, "CV_RMSE_S\u00f6dermanland": 453.96183189575817, "_timestamp": 1748290911.5701578, "_runtime": 1.2841298580169678, "_step": 0, "_wandb": {"runtime": 1}}