{"CV_RMSE": 1295.2553201980077, "RMSE": 642.946525784179, "RMSE_skane": 607.6301076729253, "RMSE_kronoberg": 35.31641811125376, "CV_RMSE_'skane": 963.4726865849766, "CV_RMSE_kronoberg": 331.7826336130312, "_timestamp": 1748542655.7664053, "_runtime": 1.3469643592834473, "_step": 0, "_wandb": {"runtime": 1}}