{"CV_RMSE": 3896.0175199283613, "RMSE": 220.12830662227458, "RMSE_Kalmar": 79.98779548816105, "RMSE_Blekinge": 140.14051113411352, "CV_RMSE_'Kalmar": 774.0754402080101, "CV_RMSE_Blekinge": 3121.942079720351, "_timestamp": 1748555490.4041185, "_runtime": 1.3933866024017334, "_step": 0, "_wandb": {"runtime": 1}}