{"CV_RMSE": 1144.4102415975835, "RMSE": 848.7645269768961, "RMSE_STHLM": 594.9087627699226, "RMSE_S\u00f6dermanland": 253.85576420697353, "CV_RMSE_STHLM": 211.8788628780888, "CV_RMSE_S\u00f6dermanland": 932.5313787194947, "_timestamp": 1748307077.0034592, "_runtime": 1.2769622802734375, "_step": 0, "_wandb": {"runtime": 1}}