{"CV_RMSE": 276.4201788206293, "RMSE": 99.23357031439693, "RMSE_skane": 83.98528402393124, "RMSE_kronoberg": 15.24828629046569, "CV_RMSE_'skane": 133.16905500623346, "CV_RMSE_kronoberg": 143.25112381439587, "_timestamp": 1748502751.6537058, "_runtime": 1.3035218715667725, "_step": 0, "_wandb": {"runtime": 1}}