{"CV_RMSE": 640.3935549350097, "RMSE": 1283.3565250456277, "RMSE_STHLM": 1228.0945024577284, "RMSE_S\u00f6dermanland": 55.26202258789928, "CV_RMSE_STHLM": 437.3902066529306, "CV_RMSE_S\u00f6dermanland": 203.003348282079, "_timestamp": 1748345813.1958194, "_runtime": 1.2983534336090088, "_step": 0, "_wandb": {"runtime": 1}}