{"CV_RMSE": 306.89697465984864, "RMSE": 22.24984261745332, "RMSE_Kalmar": 14.981802152278405, "RMSE_Blekinge": 7.268040465174916, "CV_RMSE_'Kalmar": 144.98518211882327, "CV_RMSE_Blekinge": 161.91179254102536, "_timestamp": 1748492474.1088939, "_runtime": 1.2556939125061035, "_step": 0, "_wandb": {"runtime": 1}}