{"CV_RMSE": 279.700789441816, "RMSE": 100.82499026525194, "RMSE_skane": 85.47973605659168, "RMSE_kronoberg": 15.345254208660265, "CV_RMSE_'skane": 135.5386935358219, "CV_RMSE_kronoberg": 144.16209590599414, "_timestamp": 1748556420.389059, "_runtime": 1.2993741035461426, "_step": 0, "_wandb": {"runtime": 1}}