{"CV_RMSE": 3993.7665321465156, "RMSE": 1365.800759399363, "RMSE_skane": 1131.6949071599292, "RMSE_kronoberg": 234.10585223943383, "CV_RMSE_'skane": 1794.4422417969279, "CV_RMSE_kronoberg": 2199.3242903495875, "_timestamp": 1748547360.1248045, "_runtime": 1.2604146003723145, "_step": 0, "_wandb": {"runtime": 1}}