{"CV_RMSE": 3293.4960654321612, "RMSE": 236.71240931956032, "RMSE_Kalmar": 157.1293883186625, "RMSE_Blekinge": 79.58302100089783, "CV_RMSE_'Kalmar": 1520.606983728992, "CV_RMSE_Blekinge": 1772.8890817031695, "_timestamp": 1748537738.4846945, "_runtime": 1.3210465908050537, "_step": 0, "_wandb": {"runtime": 1}}