{"CV_RMSE": 306.7146729460842, "RMSE": 22.24168719998077, "RMSE_Kalmar": 14.981851488072728, "RMSE_Blekinge": 7.2598357119080426, "CV_RMSE_'Kalmar": 144.98565956199414, "CV_RMSE_Blekinge": 161.72901338409005, "_timestamp": 1748575553.7905636, "_runtime": 1.3279666900634766, "_step": 0, "_wandb": {"runtime": 1}}