{"CV_RMSE": 331.89144225672624, "RMSE": 423.60487802120895, "RMSE_STHLM": 369.03574048634846, "RMSE_S\u00f6dermanland": 54.569137534860495, "CV_RMSE_STHLM": 131.43338600621829, "CV_RMSE_S\u00f6dermanland": 200.45805625050795, "_timestamp": 1748449982.606835, "_runtime": 1.2793259620666504, "_step": 0, "_wandb": {"runtime": 1}}