{"CV_RMSE": 275.16170834074796, "RMSE": 436.71999926706945, "RMSE_STHLM": 400.66002204387667, "RMSE_S\u00f6dermanland": 36.059977223192796, "CV_RMSE_STHLM": 142.696485888203, "CV_RMSE_S\u00f6dermanland": 132.46522245254496, "_timestamp": 1748482439.019313, "_runtime": 1.2541391849517822, "_step": 0, "_wandb": {"runtime": 1}}