{"CV_RMSE": 260.1632776057657, "RMSE": 409.5711131913233, "RMSE_STHLM": 375.117633224332, "RMSE_S\u00f6dermanland": 34.45347996699134, "CV_RMSE_STHLM": 133.59947364538934, "CV_RMSE_S\u00f6dermanland": 126.56380396037636, "_timestamp": 1748387271.0173476, "_runtime": 1.3071324825286865, "_step": 0, "_wandb": {"runtime": 1}}