{"CV_RMSE": 306.942715198605, "RMSE": 22.253869607745074, "RMSE_Kalmar": 14.985291859401428, "RMSE_Blekinge": 7.268577748343644, "CV_RMSE_'Kalmar": 145.01895347807832, "CV_RMSE_Blekinge": 161.92376172052673, "_timestamp": 1748539778.7081478, "_runtime": 1.3284666538238525, "_step": 0, "_wandb": {"runtime": 1}}