{"CV_RMSE": 350.57385172525846, "RMSE": 670.6237476044269, "RMSE_STHLM": 636.9432558992427, "RMSE_S\u00f6dermanland": 33.680491705184174, "CV_RMSE_STHLM": 226.84959648172475, "CV_RMSE_S\u00f6dermanland": 123.72425524353369, "_timestamp": 1748351676.3650403, "_runtime": 1.4065093994140625, "_step": 0, "_wandb": {"runtime": 1}}