{"CV_RMSE": 245.76086622990562, "RMSE": 407.347771985471, "RMSE_STHLM": 376.9971755432022, "RMSE_S\u00f6dermanland": 30.350596442268788, "CV_RMSE_STHLM": 134.2688792991223, "CV_RMSE_S\u00f6dermanland": 111.49198693078331, "_timestamp": 1748373253.4558713, "_runtime": 1.3622143268585205, "_step": 0, "_wandb": {"runtime": 1}}