{"CV_RMSE": 272.81882656835154, "RMSE": 432.27100397505694, "RMSE_STHLM": 396.4396321597074, "RMSE_S\u00f6dermanland": 35.83137181534955, "CV_RMSE_STHLM": 141.193379083394, "CV_RMSE_S\u00f6dermanland": 131.62544748495753, "_timestamp": 1748381986.9559433, "_runtime": 1.5959222316741943, "_step": 0, "_wandb": {"runtime": 1}}