{"CV_RMSE": 306.087410691026, "RMSE": 22.200531549345108, "RMSE_Kalmar": 14.958869269790085, "RMSE_Blekinge": 7.241662279555023, "CV_RMSE_'Kalmar": 144.76325099796856, "CV_RMSE_Blekinge": 161.32415969305745, "_timestamp": 1748521844.39739, "_runtime": 1.2962419986724854, "_step": 0, "_wandb": {"runtime": 1}}