{"CV_RMSE": 6486.861317218261, "RMSE": 457.4371844394753, "RMSE_Kalmar": 293.93867757776997, "RMSE_Blekinge": 163.49850686170532, "CV_RMSE_'Kalmar": 2844.567847526806, "CV_RMSE_Blekinge": 3642.293469691455, "_timestamp": 1748457695.5623844, "_runtime": 1.2545514106750488, "_step": 0, "_wandb": {"runtime": 1}}