{"CV_RMSE": 274.5656657354097, "RMSE": 435.9970182888124, "RMSE_STHLM": 400.03909657827825, "RMSE_S\u00f6dermanland": 35.95792171053415, "CV_RMSE_STHLM": 142.4753410844679, "CV_RMSE_S\u00f6dermanland": 132.0903246509418, "_timestamp": 1748479757.6941125, "_runtime": 1.3753564357757568, "_step": 0, "_wandb": {"runtime": 1}}