{"CV_RMSE": 1834.0568986598546, "RMSE": 2356.0803256482063, "RMSE_STHLM": 2056.159970692336, "RMSE_S\u00f6dermanland": 299.9203549558702, "CV_RMSE_STHLM": 732.308655964821, "CV_RMSE_S\u00f6dermanland": 1101.7482426950335, "_timestamp": 1748306189.8640976, "_runtime": 1.2863476276397705, "_step": 0, "_wandb": {"runtime": 1}}