{"CV_RMSE": 274.1868064631968, "RMSE": 434.74969132584573, "RMSE_STHLM": 398.77206071618895, "RMSE_S\u00f6dermanland": 35.97763060965677, "CV_RMSE_STHLM": 142.02408177466168, "CV_RMSE_S\u00f6dermanland": 132.1627246885351, "_timestamp": 1748513574.964149, "_runtime": 1.2491729259490967, "_step": 0, "_wandb": {"runtime": 1}}