{"CV_RMSE": 260.91360429845304, "RMSE": 412.28785370216127, "RMSE_STHLM": 377.89986344804197, "RMSE_S\u00f6dermanland": 34.387990254119295, "CV_RMSE_STHLM": 134.59037479352503, "CV_RMSE_S\u00f6dermanland": 126.32322950492802, "_timestamp": 1748363430.446107, "_runtime": 1.3029828071594238, "_step": 0, "_wandb": {"runtime": 1}}