{"CV_RMSE": 2855.455090960653, "RMSE": 180.98198901966458, "RMSE_Kalmar": 93.36030023634478, "RMSE_Blekinge": 87.62168878331981, "CV_RMSE_'Kalmar": 903.486776480756, "CV_RMSE_Blekinge": 1951.9683144798967, "_timestamp": 1748493274.817839, "_runtime": 1.3912789821624756, "_step": 0, "_wandb": {"runtime": 1}}