{"CV_RMSE": 403.16594794612735, "RMSE": 411.0121994286884, "RMSE_STHLM": 333.6054919164473, "RMSE_S\u00f6dermanland": 77.40670751224113, "CV_RMSE_STHLM": 118.81477749299665, "CV_RMSE_S\u00f6dermanland": 284.3511704531307, "_timestamp": 1748335008.077885, "_runtime": 1.3871088027954102, "_step": 0, "_wandb": {"runtime": 1}}