{"CV_RMSE": 3456.825443559529, "RMSE": 1495.0296174977543, "RMSE_skane": 1355.9236798490988, "RMSE_kronoberg": 139.1059376486554, "CV_RMSE_'skane": 2149.9846932068162, "CV_RMSE_kronoberg": 1306.8407503527128, "_timestamp": 1748535328.1315715, "_runtime": 1.3179535865783691, "_step": 0, "_wandb": {"runtime": 1}}