{"CV_RMSE": 3250.5505874352048, "RMSE": 914.437314279588, "RMSE_skane": 683.8560568041097, "RMSE_kronoberg": 230.58125747547834, "CV_RMSE_'skane": 1084.3383564547194, "CV_RMSE_kronoberg": 2166.2122309804854, "_timestamp": 1748508243.037927, "_runtime": 1.3157768249511719, "_step": 0, "_wandb": {"runtime": 1}}