{"CV_RMSE": 303.4852994619299, "RMSE": 21.901440578725488, "RMSE_Kalmar": 14.636578143239548, "RMSE_Blekinge": 7.264862435485939, "CV_RMSE_'Kalmar": 141.64430461199564, "CV_RMSE_Blekinge": 161.84099484993428, "_timestamp": 1748504805.4242642, "_runtime": 1.3513011932373047, "_step": 0, "_wandb": {"runtime": 1}}