{"CV_RMSE": 2988.4661424599367, "RMSE": 194.11700775696198, "RMSE_Kalmar": 106.02721923969675, "RMSE_Blekinge": 88.08978851726523, "CV_RMSE_'Kalmar": 1026.0698636099685, "CV_RMSE_Blekinge": 1962.3962788499682, "_timestamp": 1748523297.0658543, "_runtime": 1.3685262203216553, "_step": 0, "_wandb": {"runtime": 1}}