{"CV_RMSE": 5055.856854458302, "RMSE": 1918.4889056905845, "RMSE_skane": 1660.5981720041573, "RMSE_kronoberg": 257.8907336864273, "CV_RMSE_'skane": 2633.083782247607, "CV_RMSE_kronoberg": 2422.7730722106953, "_timestamp": 1748567248.2707753, "_runtime": 1.3486692905426025, "_step": 0, "_wandb": {"runtime": 1}}