{"CV_RMSE": 2901.994865899289, "RMSE": 139.97971677507692, "RMSE_Kalmar": 17.172099364535942, "RMSE_Blekinge": 122.80761741054098, "CV_RMSE_'Kalmar": 166.18160675357365, "CV_RMSE_Blekinge": 2735.813259145715, "_timestamp": 1748463771.2570064, "_runtime": 1.363633394241333, "_step": 0, "_wandb": {"runtime": 1}}