{"CV_RMSE": 1038.593268183754, "RMSE": 1349.5268694360554, "RMSE_STHLM": 1181.3323049599942, "RMSE_S\u00f6dermanland": 168.1945644760612, "CV_RMSE_STHLM": 420.73568439414123, "CV_RMSE_S\u00f6dermanland": 617.8575837896126, "_timestamp": 1748332935.4753616, "_runtime": 1.284071683883667, "_step": 0, "_wandb": {"runtime": 1}}