{"CV_RMSE": 253.48016673826103, "RMSE": 399.0611960311792, "RMSE_STHLM": 365.4939647013109, "RMSE_S\u00f6dermanland": 33.56723132986827, "CV_RMSE_STHLM": 130.17197001629594, "CV_RMSE_S\u00f6dermanland": 123.30819672196509, "_timestamp": 1748471743.0286396, "_runtime": 1.2516026496887207, "_step": 0, "_wandb": {"runtime": 1}}