{"CV_RMSE": 250.3539791685468, "RMSE": 421.17038289315144, "RMSE_STHLM": 390.919221930548, "RMSE_S\u00f6dermanland": 30.25116096260344, "CV_RMSE_STHLM": 139.22726542837088, "CV_RMSE_S\u00f6dermanland": 111.1267137401759, "_timestamp": 1748499016.3089614, "_runtime": 1.3136653900146484, "_step": 0, "_wandb": {"runtime": 1}}