{"CV_RMSE": 938.6791136285452, "RMSE": 555.3902415978185, "RMSE_STHLM": 332.05458517469174, "RMSE_S\u00f6dermanland": 223.33565642312678, "CV_RMSE_STHLM": 118.26241656399786, "CV_RMSE_S\u00f6dermanland": 820.4166970645474, "_timestamp": 1748386947.531991, "_runtime": 1.3074939250946045, "_step": 0, "_wandb": {"runtime": 1}}