{"CV_RMSE": 425.5181678319408, "RMSE": 549.64570904907, "RMSE_STHLM": 480.38492336791694, "RMSE_S\u00f6dermanland": 69.26078568115304, "CV_RMSE_STHLM": 171.09079186035822, "CV_RMSE_S\u00f6dermanland": 254.4273759715826, "_timestamp": 1748388059.9923375, "_runtime": 1.3237245082855225, "_step": 0, "_wandb": {"runtime": 1}}