{"CV_RMSE": 945.1962454284039, "RMSE": 1417.1508909778188, "RMSE_STHLM": 1284.3709698424614, "RMSE_S\u00f6dermanland": 132.7799211353575, "CV_RMSE_STHLM": 457.43326982913146, "CV_RMSE_S\u00f6dermanland": 487.76297559927247, "_timestamp": 1748368703.796905, "_runtime": 1.5024559497833252, "_step": 0, "_wandb": {"runtime": 1}}