{"CV_RMSE": 254.1679949911569, "RMSE": 405.81826457083366, "RMSE_STHLM": 372.76914056602243, "RMSE_S\u00f6dermanland": 33.04912400481122, "CV_RMSE_STHLM": 132.76304966736058, "CV_RMSE_S\u00f6dermanland": 121.40494532379633, "_timestamp": 1748344905.0918176, "_runtime": 1.3151795864105225, "_step": 0, "_wandb": {"runtime": 1}}