{"CV_RMSE": 4181.495230349403, "RMSE": 1842.3274092824265, "RMSE_skane": 1680.9411110940068, "RMSE_kronoberg": 161.3862981884196, "CV_RMSE_'skane": 2665.3400281617446, "CV_RMSE_kronoberg": 1516.1552021876582, "_timestamp": 1748552058.1754231, "_runtime": 1.2959392070770264, "_step": 0, "_wandb": {"runtime": 1}}