{"CV_RMSE": 3432.718154346834, "RMSE": 231.7373143239898, "RMSE_Kalmar": 137.28357751174525, "RMSE_Blekinge": 94.45373681224456, "CV_RMSE_'Kalmar": 1328.5507501136635, "CV_RMSE_Blekinge": 2104.1674042331706, "_timestamp": 1748461162.884921, "_runtime": 1.3600821495056152, "_step": 0, "_wandb": {"runtime": 1}}