{"CV_RMSE": 1883.1881522899798, "RMSE": 2579.5270082521824, "RMSE_STHLM": 2288.785783407794, "RMSE_S\u00f6dermanland": 290.7412248443883, "CV_RMSE_STHLM": 815.1591630656964, "CV_RMSE_S\u00f6dermanland": 1068.0289892242836, "_timestamp": 1748346412.878927, "_runtime": 1.2813949584960938, "_step": 0, "_wandb": {"runtime": 1}}