{"CV_RMSE": 255.55255355936134, "RMSE": 405.6362237341567, "RMSE_STHLM": 372.15018231652965, "RMSE_S\u00f6dermanland": 33.48604141762704, "CV_RMSE_STHLM": 132.54260549460892, "CV_RMSE_S\u00f6dermanland": 123.00994806475241, "_timestamp": 1748535635.582002, "_runtime": 1.3019609451293945, "_step": 0, "_wandb": {"runtime": 1}}