{"CV_RMSE": 4483.908680524139, "RMSE": 1832.7450992175297, "RMSE_skane": 1630.6865653040552, "RMSE_kronoberg": 202.05853391347458, "CV_RMSE_'skane": 2585.6552303975504, "CV_RMSE_kronoberg": 1898.253450126588, "_timestamp": 1748513925.60831, "_runtime": 1.3102428913116455, "_step": 0, "_wandb": {"runtime": 1}}