{"CV_RMSE": 275.21519002031914, "RMSE": 436.5653400295433, "RMSE_STHLM": 400.4726363130589, "RMSE_S\u00f6dermanland": 36.092703716484365, "CV_RMSE_STHLM": 142.62974779649903, "CV_RMSE_S\u00f6dermanland": 132.5854422238201, "_timestamp": 1748478155.2375164, "_runtime": 1.2756373882293701, "_step": 0, "_wandb": {"runtime": 1}}