{"CV_RMSE": 275.62700118191935, "RMSE": 437.21180700469006, "RMSE_STHLM": 401.0643693806713, "RMSE_S\u00f6dermanland": 36.147437624018806, "CV_RMSE_STHLM": 142.84049562429922, "CV_RMSE_S\u00f6dermanland": 132.7865055576201, "_timestamp": 1748341988.8763087, "_runtime": 1.2608137130737305, "_step": 0, "_wandb": {"runtime": 1}}