{"CV_RMSE": 422.98680355354304, "RMSE": 437.42983093460424, "RMSE_STHLM": 356.884404329788, "RMSE_S\u00f6dermanland": 80.54542660481621, "CV_RMSE_STHLM": 127.10564459707527, "CV_RMSE_S\u00f6dermanland": 295.88115895646774, "_timestamp": 1748528892.9075358, "_runtime": 1.2786848545074463, "_step": 0, "_wandb": {"runtime": 1}}