{"CV_RMSE": 267.3817413590918, "RMSE": 430.7403106818557, "RMSE_STHLM": 396.38360199737576, "RMSE_S\u00f6dermanland": 34.356708684479955, "CV_RMSE_STHLM": 141.1734237426348, "CV_RMSE_S\u00f6dermanland": 126.20831761645698, "_timestamp": 1748556188.2741039, "_runtime": 1.3465909957885742, "_step": 0, "_wandb": {"runtime": 1}}