{"CV_RMSE": 2683.173117796826, "RMSE": 996.8964593387971, "RMSE_skane": 855.7160547818319, "RMSE_kronoberg": 141.18040455696516, "CV_RMSE_'skane": 1356.8436386604099, "CV_RMSE_kronoberg": 1326.3294791364158, "_timestamp": 1748566942.5227842, "_runtime": 1.35750412940979, "_step": 0, "_wandb": {"runtime": 1}}