{"CV_RMSE": 252.15270867535895, "RMSE": 400.2260640781982, "RMSE_STHLM": 367.1840555562865, "RMSE_S\u00f6dermanland": 33.042008521911654, "CV_RMSE_STHLM": 130.77390186017328, "CV_RMSE_S\u00f6dermanland": 121.37880681518567, "_timestamp": 1748454424.7601864, "_runtime": 1.2739553451538086, "_step": 0, "_wandb": {"runtime": 1}}