{"CV_RMSE": 2525.9653468061797, "RMSE": 151.0218275312531, "RMSE_Kalmar": 66.53928946653375, "RMSE_Blekinge": 84.48253806471938, "CV_RMSE_'Kalmar": 643.9286077406491, "CV_RMSE_Blekinge": 1882.0367390655306, "_timestamp": 1748514966.6595488, "_runtime": 1.2965898513793945, "_step": 0, "_wandb": {"runtime": 1}}