{"CV_RMSE": 889.0506849315657, "RMSE": 1322.3073002247609, "RMSE_STHLM": 1196.2697819163343, "RMSE_S\u00f6dermanland": 126.03751830842658, "CV_RMSE_STHLM": 426.05571971693746, "CV_RMSE_S\u00f6dermanland": 462.9949652146283, "_timestamp": 1748381472.9659493, "_runtime": 1.3055973052978516, "_step": 0, "_wandb": {"runtime": 1}}