{"CV_RMSE": 3677.3623838468693, "RMSE": 251.5133846177161, "RMSE_Kalmar": 152.8323689039582, "RMSE_Blekinge": 98.6810157137579, "CV_RMSE_'Kalmar": 1479.022924877015, "CV_RMSE_Blekinge": 2198.339458969854, "_timestamp": 1748548436.882492, "_runtime": 1.4880461692810059, "_step": 0, "_wandb": {"runtime": 1}}