{"CV_RMSE": 4263.822031889775, "RMSE": 263.1360877654846, "RMSE_Kalmar": 126.83689074260238, "RMSE_Blekinge": 136.2991970228822, "CV_RMSE_'Kalmar": 1227.453781380023, "CV_RMSE_Blekinge": 3036.3682505097518, "_timestamp": 1748475970.6269567, "_runtime": 1.3476758003234863, "_step": 0, "_wandb": {"runtime": 1}}