{"CV_RMSE": 3497.113467133711, "RMSE": 1707.11823938993, "RMSE_skane": 1605.9181379869337, "RMSE_kronoberg": 101.20010140299627, "CV_RMSE_'skane": 2546.381825560677, "CV_RMSE_kronoberg": 950.7316415730338, "_timestamp": 1748573206.8995886, "_runtime": 1.3882176876068115, "_step": 0, "_wandb": {"runtime": 1}}