{"CV_RMSE": 764.7710544006483, "RMSE": 716.1169879073452, "RMSE_STHLM": 562.4616000839507, "RMSE_S\u00f6dermanland": 153.65538782339453, "CV_RMSE_STHLM": 200.32269096777034, "CV_RMSE_S\u00f6dermanland": 564.448363432878, "_timestamp": 1748395582.5121777, "_runtime": 1.3008606433868408, "_step": 0, "_wandb": {"runtime": 1}}