{"CV_RMSE": 261.30594979791755, "RMSE": 410.02212823796077, "RMSE_STHLM": 375.2726132741535, "RMSE_S\u00f6dermanland": 34.74951496380727, "CV_RMSE_STHLM": 133.6546703390337, "CV_RMSE_S\u00f6dermanland": 127.65127945888386, "_timestamp": 1748519461.982733, "_runtime": 1.351135015487671, "_step": 0, "_wandb": {"runtime": 1}}