{"CV_RMSE": 3216.747001279391, "RMSE": 1730.1966294898687, "RMSE_skane": 1669.5858742576333, "RMSE_kronoberg": 60.61075523223536, "CV_RMSE_'skane": 2647.3348957573467, "CV_RMSE_kronoberg": 569.4121055220442, "_timestamp": 1748530253.2861655, "_runtime": 1.5430994033813477, "_step": 0, "_wandb": {"runtime": 1}}