{"CV_RMSE": 274.67114629153167, "RMSE": 435.20625247730266, "RMSE_STHLM": 399.13163563776794, "RMSE_S\u00f6dermanland": 36.07461683953471, "CV_RMSE_STHLM": 142.1521456565062, "CV_RMSE_S\u00f6dermanland": 132.51900063502546, "_timestamp": 1748481554.8609252, "_runtime": 1.2981212139129639, "_step": 0, "_wandb": {"runtime": 1}}