{"CV_RMSE": 4756.846417682406, "RMSE": 1924.5179535952796, "RMSE_skane": 1706.1421743182154, "RMSE_kronoberg": 218.37577927706408, "CV_RMSE_'skane": 2705.2994307371278, "CV_RMSE_kronoberg": 2051.5469869452786, "_timestamp": 1748532982.1274152, "_runtime": 1.3111801147460938, "_step": 0, "_wandb": {"runtime": 1}}