{"CV_RMSE": 273.26542789030873, "RMSE": 435.600574871092, "RMSE_STHLM": 399.9920450097459, "RMSE_S\u00f6dermanland": 35.608529861346135, "CV_RMSE_STHLM": 142.45858350169024, "CV_RMSE_S\u00f6dermanland": 130.80684438861846, "_timestamp": 1748452895.8096578, "_runtime": 1.244215726852417, "_step": 0, "_wandb": {"runtime": 1}}