{"CV_RMSE": 1391.8056153797888, "RMSE": 2044.860733163047, "RMSE_STHLM": 1844.8432329666275, "RMSE_S\u00f6dermanland": 200.01750019641935, "CV_RMSE_STHLM": 657.0474513929421, "CV_RMSE_S\u00f6dermanland": 734.7581639868466, "_timestamp": 1748360209.3415585, "_runtime": 1.2821013927459717, "_step": 0, "_wandb": {"runtime": 1}}