{"CV_RMSE": 621.0780685239054, "RMSE": 968.2133837991278, "RMSE_STHLM": 884.9395999513968, "RMSE_S\u00f6dermanland": 83.27378384773101, "CV_RMSE_STHLM": 315.1743727567302, "CV_RMSE_S\u00f6dermanland": 305.9036957671751, "_timestamp": 1748323229.226268, "_runtime": 1.2922699451446533, "_step": 0, "_wandb": {"runtime": 1}}