{"CV_RMSE": 300.0215851017914, "RMSE": 425.9268060026745, "RMSE_STHLM": 381.2140769459475, "RMSE_S\u00f6dermanland": 44.71272905672697, "CV_RMSE_STHLM": 135.77074366891682, "CV_RMSE_S\u00f6dermanland": 164.25084143287458, "_timestamp": 1748485843.096115, "_runtime": 1.2575571537017822, "_step": 0, "_wandb": {"runtime": 1}}