{"CV_RMSE": 776.0842946793641, "RMSE": 985.8195086454534, "RMSE_STHLM": 857.7095532242381, "RMSE_S\u00f6dermanland": 128.10995542121532, "CV_RMSE_STHLM": 305.47629517285884, "CV_RMSE_S\u00f6dermanland": 470.6079995065052, "_timestamp": 1748313594.3935695, "_runtime": 1.343186378479004, "_step": 0, "_wandb": {"runtime": 1}}