{"CV_RMSE": 646.9994356813519, "RMSE": 37.41667054307239, "RMSE_Kalmar": 14.805007281647313, "RMSE_Blekinge": 22.61166326142508, "CV_RMSE_'Kalmar": 143.27426401594172, "CV_RMSE_Blekinge": 503.72517166541013, "_timestamp": 1748486313.4374828, "_runtime": 1.3096578121185303, "_step": 0, "_wandb": {"runtime": 1}}