{"CV_RMSE": 4060.994203902619, "RMSE": 1828.1202317582045, "RMSE_skane": 1679.2802823239979, "RMSE_kronoberg": 148.8399494342065, "CV_RMSE_'skane": 2662.70657873784, "CV_RMSE_kronoberg": 1398.2876251647792, "_timestamp": 1748523864.9914293, "_runtime": 1.2608642578125, "_step": 0, "_wandb": {"runtime": 1}}