{"CV_RMSE": 268.9183801991911, "RMSE": 430.3573956398353, "RMSE_STHLM": 395.49635891842206, "RMSE_S\u00f6dermanland": 34.86103672141326, "CV_RMSE_STHLM": 140.85742897767307, "CV_RMSE_S\u00f6dermanland": 128.06095122151808, "_timestamp": 1748551839.5923257, "_runtime": 1.3447706699371338, "_step": 0, "_wandb": {"runtime": 1}}