{"CV_RMSE": 4559.581488317447, "RMSE": 1809.5331825295737, "RMSE_skane": 1593.070894418866, "RMSE_kronoberg": 216.46228811070776, "CV_RMSE_'skane": 2526.010931953804, "CV_RMSE_kronoberg": 2033.5705563636432, "_timestamp": 1748519723.4682434, "_runtime": 1.2574462890625, "_step": 0, "_wandb": {"runtime": 1}}