{"CV_RMSE": 274.12448370848495, "RMSE": 434.985989380534, "RMSE_STHLM": 399.05251529699575, "RMSE_S\u00f6dermanland": 35.93347408353828, "CV_RMSE_STHLM": 142.12396666691578, "CV_RMSE_S\u00f6dermanland": 132.0005170415692, "_timestamp": 1748541330.0537364, "_runtime": 1.354595422744751, "_step": 0, "_wandb": {"runtime": 1}}