{"CV_RMSE": 1775.8503171132727, "RMSE": 144.4381420648258, "RMSE_Kalmar": 114.43277734195036, "RMSE_Blekinge": 30.00536472287543, "CV_RMSE_'Kalmar": 1107.413974276939, "CV_RMSE_Blekinge": 668.4363428363338, "_timestamp": 1748549212.4750261, "_runtime": 1.4830200672149658, "_step": 0, "_wandb": {"runtime": 1}}