{"CV_RMSE": 275.0215224585878, "RMSE": 426.685003886374, "RMSE_STHLM": 389.5899086872294, "RMSE_S\u00f6dermanland": 37.09509519914459, "CV_RMSE_STHLM": 138.75382580866895, "CV_RMSE_S\u00f6dermanland": 136.2676966499189, "_timestamp": 1748495639.5403547, "_runtime": 1.248152732849121, "_step": 0, "_wandb": {"runtime": 1}}