{"CV_RMSE": 258.05067917733186, "RMSE": 405.4382797179778, "RMSE_STHLM": 371.1779303358278, "RMSE_S\u00f6dermanland": 34.26034938215001, "CV_RMSE_STHLM": 132.19633450820933, "CV_RMSE_S\u00f6dermanland": 125.8543446691225, "_timestamp": 1748506639.5956664, "_runtime": 1.3523783683776855, "_step": 0, "_wandb": {"runtime": 1}}