{"CV_RMSE": 3358.5289101889625, "RMSE": 201.44115250647394, "RMSE_Kalmar": 89.60624510836291, "RMSE_Blekinge": 111.83490739811104, "CV_RMSE_'Kalmar": 867.1572107260927, "CV_RMSE_Blekinge": 2491.37169946287, "_timestamp": 1748519038.8494012, "_runtime": 1.3160772323608398, "_step": 0, "_wandb": {"runtime": 1}}