{"CV_RMSE": 1893.0416088475063, "RMSE": 1047.8124031239706, "RMSE_skane": 1018.1534219910236, "RMSE_kronoberg": 29.658981132947023, "CV_RMSE_'skane": 1614.4081744043715, "CV_RMSE_kronoberg": 278.6334344431349, "_timestamp": 1748538535.8560174, "_runtime": 1.4356684684753418, "_step": 0, "_wandb": {"runtime": 1}}