{"CV_RMSE": 4637.9113261497005, "RMSE": 1779.2716969729572, "RMSE_skane": 1546.6339700862966, "RMSE_kronoberg": 232.63772688666057, "CV_RMSE_'skane": 2452.379445168546, "CV_RMSE_kronoberg": 2185.531880981154, "_timestamp": 1748515610.6375597, "_runtime": 1.310605764389038, "_step": 0, "_wandb": {"runtime": 1}}