{"CV_RMSE": 388.7353746666978, "RMSE": 138.82528349047325, "RMSE_skane": 117.2332956209482, "RMSE_kronoberg": 21.591987869525056, "CV_RMSE_'skane": 185.88788946239143, "CV_RMSE_kronoberg": 202.84748520430637, "_timestamp": 1748516964.900041, "_runtime": 1.2784221172332764, "_step": 0, "_wandb": {"runtime": 1}}