{"CV_RMSE": 3340.249990960628, "RMSE": 234.27705180353632, "RMSE_Kalmar": 149.11284262608194, "RMSE_Blekinge": 85.1642091774544, "CV_RMSE_'Kalmar": 1443.027509284664, "CV_RMSE_Blekinge": 1897.2224816759642, "_timestamp": 1748506450.660012, "_runtime": 1.378706932067871, "_step": 0, "_wandb": {"runtime": 1}}