{"CV_RMSE": 271.6836104529797, "RMSE": 427.5529285547203, "RMSE_STHLM": 391.55722413399747, "RMSE_S\u00f6dermanland": 35.99570442072289, "CV_RMSE_STHLM": 139.45449217277314, "CV_RMSE_S\u00f6dermanland": 132.22911828020654, "_timestamp": 1748476376.5696447, "_runtime": 1.3236007690429688, "_step": 0, "_wandb": {"runtime": 1}}