{"CV_RMSE": 273.4401363499003, "RMSE": 435.20322557378665, "RMSE_STHLM": 399.49936990271425, "RMSE_S\u00f6dermanland": 35.70385567107243, "CV_RMSE_STHLM": 142.28311551738932, "CV_RMSE_S\u00f6dermanland": 131.157020832511, "_timestamp": 1748450677.907932, "_runtime": 1.2574119567871094, "_step": 0, "_wandb": {"runtime": 1}}