{"CV_RMSE": 717.9363941077752, "RMSE": 442.094012400486, "RMSE_STHLM": 273.13721967299153, "RMSE_S\u00f6dermanland": 168.95679272749445, "CV_RMSE_STHLM": 97.27878817004051, "CV_RMSE_S\u00f6dermanland": 620.6576059377346, "_timestamp": 1748366202.2793448, "_runtime": 1.337169885635376, "_step": 0, "_wandb": {"runtime": 3}}