{"CV_RMSE": 262.22464991437545, "RMSE": 423.34467801989393, "RMSE_STHLM": 389.74855735169257, "RMSE_S\u00f6dermanland": 33.59612066820136, "CV_RMSE_STHLM": 138.81032909241128, "CV_RMSE_S\u00f6dermanland": 123.41432082196417, "_timestamp": 1748506382.3810294, "_runtime": 1.2684314250946045, "_step": 0, "_wandb": {"runtime": 1}}