{"CV_RMSE": 5136.379928131731, "RMSE": 1963.7246838388974, "RMSE_skane": 1704.7075305208825, "RMSE_kronoberg": 259.01715331801495, "CV_RMSE_'skane": 2703.024625561653, "CV_RMSE_kronoberg": 2433.3553025700776, "_timestamp": 1748529364.253361, "_runtime": 1.3227970600128174, "_step": 0, "_wandb": {"runtime": 1}}