{"CV_RMSE": 306.8857132939594, "RMSE": 22.250973225849986, "RMSE_Kalmar": 14.984694909496826, "RMSE_Blekinge": 7.266278316353161, "CV_RMSE_'Kalmar": 145.01317654351766, "CV_RMSE_Blekinge": 161.87253675044172, "_timestamp": 1748547920.5965335, "_runtime": 1.412257432937622, "_step": 0, "_wandb": {"runtime": 1}}