{"CV_RMSE": 3672.2285937094057, "RMSE": 235.92083768939608, "RMSE_Kalmar": 125.67124719724278, "RMSE_Blekinge": 110.2495904921533, "CV_RMSE_'Kalmar": 1216.173359973317, "CV_RMSE_Blekinge": 2456.0552337360887, "_timestamp": 1748486989.728376, "_runtime": 1.3590288162231445, "_step": 0, "_wandb": {"runtime": 1}}