{"CV_RMSE": 1219.6264778381758, "RMSE": 1468.8879707646433, "RMSE_STHLM": 1258.9360527233646, "RMSE_S\u00f6dermanland": 209.95191804127876, "CV_RMSE_STHLM": 448.3745340130701, "CV_RMSE_S\u00f6dermanland": 771.2519438251057, "_timestamp": 1748295214.4078205, "_runtime": 1.270463466644287, "_step": 0, "_wandb": {"runtime": 1}}