{"CV_RMSE": 1226.7052260316873, "RMSE": 1087.5335915789474, "RMSE_STHLM": 834.5048404486279, "RMSE_S\u00f6dermanland": 253.0287511303195, "CV_RMSE_STHLM": 297.21185453255447, "CV_RMSE_S\u00f6dermanland": 929.4933714991329, "_timestamp": 1748311694.7449675, "_runtime": 1.2829535007476807, "_step": 0, "_wandb": {"runtime": 1}}