{"CV_RMSE": 1407.3608186045417, "RMSE": 2215.750310224576, "RMSE_STHLM": 2029.3907572954536, "RMSE_S\u00f6dermanland": 186.35955292912246, "CV_RMSE_STHLM": 722.7747058036834, "CV_RMSE_S\u00f6dermanland": 684.5861128008581, "_timestamp": 1748309825.8024664, "_runtime": 1.350548505783081, "_step": 0, "_wandb": {"runtime": 1}}