{"CV_RMSE": 4164.312597579049, "RMSE": 1850.7858513035449, "RMSE_skane": 1693.3174351866062, "RMSE_kronoberg": 157.46841611693876, "CV_RMSE_'skane": 2684.9642206975786, "CV_RMSE_kronoberg": 1479.3483768814706, "_timestamp": 1748520015.9704566, "_runtime": 1.2709527015686035, "_step": 0, "_wandb": {"runtime": 1}}