{"CV_RMSE": 272.2090542628091, "RMSE": 433.5823739367396, "RMSE_STHLM": 398.075608342783, "RMSE_S\u00f6dermanland": 35.50676559395657, "CV_RMSE_STHLM": 141.77603779521357, "CV_RMSE_S\u00f6dermanland": 130.43301646759556, "_timestamp": 1748525221.0102894, "_runtime": 1.2652103900909424, "_step": 0, "_wandb": {"runtime": 1}}