{"CV_RMSE": 273.7568040559067, "RMSE": 432.974574584886, "RMSE_STHLM": 396.9359875525044, "RMSE_S\u00f6dermanland": 36.03858703238159, "CV_RMSE_STHLM": 141.37015781450492, "CV_RMSE_S\u00f6dermanland": 132.38664624140176, "_timestamp": 1748499220.2185762, "_runtime": 1.264836311340332, "_step": 0, "_wandb": {"runtime": 1}}