{"CV_RMSE": 3667.3385244175197, "RMSE": 1493.028568760935, "RMSE_skane": 1326.5583841435332, "RMSE_kronoberg": 166.47018461740183, "CV_RMSE_'skane": 2103.4223850056023, "CV_RMSE_kronoberg": 1563.9161394119171, "_timestamp": 1748536231.7855415, "_runtime": 1.2953624725341797, "_step": 0, "_wandb": {"runtime": 22}}