{"CV_RMSE": 2543.9642251017644, "RMSE": 143.18792108964396, "RMSE_Kalmar": 51.25996215992501, "RMSE_Blekinge": 91.92795892971895, "CV_RMSE_'Kalmar": 496.0641499347581, "CV_RMSE_Blekinge": 2047.9000751670064, "_timestamp": 1748488220.6021903, "_runtime": 1.3005931377410889, "_step": 0, "_wandb": {"runtime": 1}}