{"CV_RMSE": 615.3451484195223, "RMSE": 945.7617224804922, "RMSE_STHLM": 861.8056645601474, "RMSE_S\u00f6dermanland": 83.95605792034472, "CV_RMSE_STHLM": 306.93513973254164, "CV_RMSE_S\u00f6dermanland": 308.41000868698063, "_timestamp": 1748317084.649716, "_runtime": 1.2895748615264893, "_step": 0, "_wandb": {"runtime": 1}}