{"CV_RMSE": 252.90405469233772, "RMSE": 399.191936070009, "RMSE_STHLM": 365.81240937928465, "RMSE_S\u00f6dermanland": 33.379526690724354, "CV_RMSE_STHLM": 130.28538521620743, "CV_RMSE_S\u00f6dermanland": 122.6186694761303, "_timestamp": 1748332683.794237, "_runtime": 1.2705729007720947, "_step": 0, "_wandb": {"runtime": 1}}