{"CV_RMSE": 2828.710222605903, "RMSE": 179.8758982626594, "RMSE_Kalmar": 93.52730536987102, "RMSE_Blekinge": 86.34859289278839, "CV_RMSE_'Kalmar": 905.1029551923001, "CV_RMSE_Blekinge": 1923.6072674136026, "_timestamp": 1748535068.8793309, "_runtime": 1.4339509010314941, "_step": 0, "_wandb": {"runtime": 1}}