{"CV_RMSE": 4270.350198561479, "RMSE": 1746.2913722437852, "RMSE_skane": 1554.026142367341, "RMSE_kronoberg": 192.26522987644415, "CV_RMSE_'skane": 2464.100648574008, "CV_RMSE_kronoberg": 1806.249549987471, "_timestamp": 1748534386.5996003, "_runtime": 1.278733253479004, "_step": 0, "_wandb": {"runtime": 1}}