{"CV_RMSE": 274.69882117858197, "RMSE": 420.64503225378706, "RMSE_STHLM": 382.99875167046946, "RMSE_S\u00f6dermanland": 37.646280583317626, "CV_RMSE_STHLM": 136.4063618929254, "CV_RMSE_S\u00f6dermanland": 138.29245928565658, "_timestamp": 1748492233.3007386, "_runtime": 1.2848546504974365, "_step": 0, "_wandb": {"runtime": 1}}