{"CV_RMSE": 1036.6218514153961, "RMSE": 64.68379153524674, "RMSE_Kalmar": 32.092051782049545, "RMSE_Blekinge": 32.59173975319719, "CV_RMSE_'Kalmar": 310.5682430520923, "CV_RMSE_Blekinge": 726.0536083633037, "_timestamp": 1748548665.6080277, "_runtime": 1.3632557392120361, "_step": 0, "_wandb": {"runtime": 1}}