{"CV_RMSE": 250.1413890442359, "RMSE": 375.57244974295077, "RMSE_STHLM": 340.48989014133355, "RMSE_S\u00f6dermanland": 35.08255960161723, "CV_RMSE_STHLM": 121.26668030360118, "CV_RMSE_S\u00f6dermanland": 128.8747087406347, "_timestamp": 1748540244.2960694, "_runtime": 1.3502893447875977, "_step": 0, "_wandb": {"runtime": 1}}