{"CV_RMSE": 238.32116818205165, "RMSE": 385.6417692719011, "RMSE_STHLM": 355.2034598383746, "RMSE_S\u00f6dermanland": 30.43830943352649, "CV_RMSE_STHLM": 126.50697026297473, "CV_RMSE_S\u00f6dermanland": 111.81419791907692, "_timestamp": 1748388701.2417982, "_runtime": 1.3251311779022217, "_step": 0, "_wandb": {"runtime": 1}}