{"CV_RMSE": 4675.762357050189, "RMSE": 328.12681904215424, "RMSE_Kalmar": 209.05028360623874, "RMSE_Blekinge": 119.07653543591553, "CV_RMSE_'Kalmar": 2023.067260705536, "CV_RMSE_Blekinge": 2652.695096344653, "_timestamp": 1748460016.9745333, "_runtime": 1.366112232208252, "_step": 0, "_wandb": {"runtime": 1}}