{"CV_RMSE": 271.49033916723965, "RMSE": 428.9712961177706, "RMSE_STHLM": 393.1861317689746, "RMSE_S\u00f6dermanland": 35.78516434879598, "CV_RMSE_STHLM": 140.0346333961524, "CV_RMSE_S\u00f6dermanland": 131.45570577108728, "_timestamp": 1748533581.82655, "_runtime": 1.4133710861206055, "_step": 0, "_wandb": {"runtime": 1}}