{"CV_RMSE": 305.8769053596535, "RMSE": 22.16885728012446, "RMSE_Kalmar": 14.919574261282785, "RMSE_Blekinge": 7.249283018841676, "CV_RMSE_'Kalmar": 144.38297672209146, "CV_RMSE_Blekinge": 161.49392863756208, "_timestamp": 1748504917.6020534, "_runtime": 1.2739613056182861, "_step": 0, "_wandb": {"runtime": 1}}