{"CV_RMSE": 261.19914978402335, "RMSE": 402.8817218145804, "RMSE_STHLM": 367.3977935068481, "RMSE_S\u00f6dermanland": 35.483928307732306, "CV_RMSE_STHLM": 130.85002538827197, "CV_RMSE_S\u00f6dermanland": 130.34912439575135, "_timestamp": 1748474977.235049, "_runtime": 1.3150970935821533, "_step": 0, "_wandb": {"runtime": 1}}