{"CV_RMSE": 2761.525012255826, "RMSE": 182.51065387550636, "RMSE_Kalmar": 103.51795423177634, "RMSE_Blekinge": 78.99269964373, "CV_RMSE_'Kalmar": 1001.7866538559001, "CV_RMSE_Blekinge": 1759.7383583999258, "_timestamp": 1748476886.2829163, "_runtime": 1.3439064025878906, "_step": 0, "_wandb": {"runtime": 1}}