{"CV_RMSE": 3468.5637835032603, "RMSE": 1243.038989502766, "RMSE_skane": 1051.2626245130166, "RMSE_kronoberg": 191.7763649897495, "CV_RMSE_'skane": 1666.9069099043604, "CV_RMSE_kronoberg": 1801.6568735988997, "_timestamp": 1748569250.6640527, "_runtime": 1.2794058322906494, "_step": 0, "_wandb": {"runtime": 1}}