{"CV_RMSE": 304.51530392359257, "RMSE": 21.98912600450575, "RMSE_Kalmar": 14.709863681356342, "RMSE_Blekinge": 7.279262323149408, "CV_RMSE_'Kalmar": 142.35351949699685, "CV_RMSE_Blekinge": 162.16178442659572, "_timestamp": 1748501632.475049, "_runtime": 1.2711338996887207, "_step": 0, "_wandb": {"runtime": 1}}