{"CV_RMSE": 3987.3475301298577, "RMSE": 275.7280884231146, "RMSE_Kalmar": 171.04306845819164, "RMSE_Blekinge": 104.68501996492297, "CV_RMSE_'Kalmar": 1655.255501208306, "CV_RMSE_Blekinge": 2332.0920289215514, "_timestamp": 1748460641.0401595, "_runtime": 1.375652551651001, "_step": 0, "_wandb": {"runtime": 1}}