{"CV_RMSE": 264.8774595134356, "RMSE": 416.2272295587963, "RMSE_STHLM": 381.06728008516393, "RMSE_S\u00f6dermanland": 35.159949473632345, "CV_RMSE_STHLM": 135.71846144703107, "CV_RMSE_S\u00f6dermanland": 129.15899806640454, "_timestamp": 1748433603.3082075, "_runtime": 1.3203794956207275, "_step": 0, "_wandb": {"runtime": 1}}