{"CV_RMSE": 275.5060454772265, "RMSE": 437.2423008458049, "RMSE_STHLM": 401.1345990203433, "RMSE_S\u00f6dermanland": 36.10770182546163, "CV_RMSE_STHLM": 142.86550815920418, "CV_RMSE_S\u00f6dermanland": 132.64053731802233, "_timestamp": 1748557509.2174368, "_runtime": 1.2938718795776367, "_step": 0, "_wandb": {"runtime": 1}}