{"CV_RMSE": 706.4251547522666, "RMSE": 873.1506636519467, "RMSE_STHLM": 753.9430054821175, "RMSE_S\u00f6dermanland": 119.20765816982923, "CV_RMSE_STHLM": 268.51947167942456, "CV_RMSE_S\u00f6dermanland": 437.90568307284207, "_timestamp": 1748315079.571366, "_runtime": 1.2872071266174316, "_step": 0, "_wandb": {"runtime": 1}}