{"CV_RMSE": 2674.268279505245, "RMSE": 1113.1655318837718, "RMSE_skane": 996.734149120782, "RMSE_kronoberg": 116.43138276298986, "CV_RMSE_'skane": 1580.4452681619166, "CV_RMSE_kronoberg": 1093.8230113433285, "_timestamp": 1748579365.9852295, "_runtime": 1.3839664459228516, "_step": 0, "_wandb": {"runtime": 1}}