{"CV_RMSE": 1728.7971906819043, "RMSE": 2356.3949773090512, "RMSE_STHLM": 2088.238788677061, "RMSE_S\u00f6dermanland": 268.1561886319901, "CV_RMSE_STHLM": 743.7336406052058, "CV_RMSE_S\u00f6dermanland": 985.0635500766984, "_timestamp": 1748293700.5234404, "_runtime": 1.3189623355865479, "_step": 0, "_wandb": {"runtime": 1}}