{"CV_RMSE": 262.4946911727683, "RMSE": 409.8493674329495, "RMSE_STHLM": 374.72296018469603, "RMSE_S\u00f6dermanland": 35.12640724825349, "CV_RMSE_STHLM": 133.4589094444901, "CV_RMSE_S\u00f6dermanland": 129.03578172827815, "_timestamp": 1748468658.9632926, "_runtime": 1.2653965950012207, "_step": 0, "_wandb": {"runtime": 1}}