{"CV_RMSE": 301.7634376976523, "RMSE": 21.936427562679107, "RMSE_Kalmar": 14.835095033346478, "RMSE_Blekinge": 7.10133252933263, "CV_RMSE_'Kalmar": 143.56543580657882, "CV_RMSE_Blekinge": 158.19800189107346, "_timestamp": 1748465948.8460608, "_runtime": 1.2962818145751953, "_step": 0, "_wandb": {"runtime": 1}}