{"CV_RMSE": 901.1302714000346, "RMSE": 504.55126115448655, "RMSE_skane": 491.60433922115755, "RMSE_kronoberg": 12.946921933329007, "CV_RMSE_'skane": 779.4994807946473, "CV_RMSE_kronoberg": 121.63079060538733, "_timestamp": 1748535951.5796483, "_runtime": 1.3889262676239014, "_step": 0, "_wandb": {"runtime": 1}}