{"CV_RMSE": 271.34125715080177, "RMSE": 432.5445608147892, "RMSE_STHLM": 397.18796973422747, "RMSE_S\u00f6dermanland": 35.356591080561714, "CV_RMSE_STHLM": 141.45990216098326, "CV_RMSE_S\u00f6dermanland": 129.88135498981853, "_timestamp": 1748486619.4605358, "_runtime": 1.2861807346343994, "_step": 0, "_wandb": {"runtime": 1}}