{"CV_RMSE": 3231.010598298139, "RMSE": 1250.330092958882, "RMSE_skane": 1090.4548394169087, "RMSE_kronoberg": 159.87525354197322, "CV_RMSE_'skane": 1729.051013874591, "CV_RMSE_kronoberg": 1501.959584423548, "_timestamp": 1748554969.72955, "_runtime": 1.3172187805175781, "_step": 0, "_wandb": {"runtime": 1}}