{"CV_RMSE": 3236.6899113716263, "RMSE": 1625.8028136591126, "RMSE_skane": 1541.4408171392884, "RMSE_kronoberg": 84.3619965198242, "CV_RMSE_'skane": 2444.145058888935, "CV_RMSE_kronoberg": 792.5448524826909, "_timestamp": 1748511389.0017643, "_runtime": 1.360328197479248, "_step": 0, "_wandb": {"runtime": 1}}