{"CV_RMSE": 1563.9007687951487, "RMSE": 119.90321328339897, "RMSE_Kalmar": 87.87517919947955, "RMSE_Blekinge": 32.02803408391943, "CV_RMSE_'Kalmar": 850.4049599949634, "CV_RMSE_Blekinge": 713.4958088001853, "_timestamp": 1748481419.8454444, "_runtime": 1.2949395179748535, "_step": 0, "_wandb": {"runtime": 1}}