{"CV_RMSE": 834.5999413152531, "RMSE": 1161.8435000091326, "RMSE_STHLM": 1034.992369950033, "RMSE_S\u00f6dermanland": 126.85113005909976, "CV_RMSE_STHLM": 368.616198241009, "CV_RMSE_S\u00f6dermanland": 465.98374307424405, "_timestamp": 1748307607.3238695, "_runtime": 1.2842113971710205, "_step": 0, "_wandb": {"runtime": 1}}