{"CV_RMSE": 4586.153807329659, "RMSE": 1853.2834891204993, "RMSE_skane": 1642.3019906331633, "RMSE_kronoberg": 210.98149848733613, "CV_RMSE_'skane": 2604.0729238369395, "CV_RMSE_kronoberg": 1982.0808834927195, "_timestamp": 1748571818.01785, "_runtime": 1.4425480365753174, "_step": 0, "_wandb": {"runtime": 1}}