{"CV_RMSE": 1080.7274379000223, "RMSE": 1929.676363956837, "RMSE_STHLM": 1811.0665044461787, "RMSE_S\u00f6dermanland": 118.6098595106582, "CV_RMSE_STHLM": 645.0177499016861, "CV_RMSE_S\u00f6dermanland": 435.7096879983362, "_timestamp": 1748361603.9270117, "_runtime": 1.27402663230896, "_step": 0, "_wandb": {"runtime": 1}}