{"CV_RMSE": 1118.4804506368619, "RMSE": 630.5087812928266, "RMSE_skane": 615.3043271003755, "RMSE_kronoberg": 15.204454192451024, "CV_RMSE_'skane": 975.641110624274, "CV_RMSE_kronoberg": 142.8393400125879, "_timestamp": 1748533330.0587885, "_runtime": 1.364943504333496, "_step": 0, "_wandb": {"runtime": 1}}