{"CV_RMSE": 1020.4736157466718, "RMSE": 1939.5144968570212, "RMSE_STHLM": 1840.1243049902243, "RMSE_S\u00f6dermanland": 99.39019186679693, "CV_RMSE_STHLM": 655.3667884808873, "CV_RMSE_S\u00f6dermanland": 365.1068272657846, "_timestamp": 1748354802.3703256, "_runtime": 1.305572509765625, "_step": 0, "_wandb": {"runtime": 1}}