{"CV_RMSE": 995.0149490511467, "RMSE": 76.03205610507146, "RMSE_Kalmar": 55.45865926107971, "RMSE_Blekinge": 20.573396843991755, "CV_RMSE_'Kalmar": 536.6967025265778, "CV_RMSE_Blekinge": 458.3182465245688, "_timestamp": 1748519647.2863445, "_runtime": 1.3921184539794922, "_step": 0, "_wandb": {"runtime": 1}}