{"CV_RMSE": 3481.0681951367424, "RMSE": 233.17165837565608, "RMSE_Kalmar": 135.98222186891937, "RMSE_Blekinge": 97.1894365067367, "CV_RMSE_'Kalmar": 1315.9569858282518, "CV_RMSE_Blekinge": 2165.1112093084907, "_timestamp": 1748533544.993435, "_runtime": 1.320396900177002, "_step": 0, "_wandb": {"runtime": 1}}