{"CV_RMSE": 1011.327862504063, "RMSE": 579.8216040821118, "RMSE_STHLM": 337.20908782244805, "RMSE_S\u00f6dermanland": 242.6125162596637, "CV_RMSE_STHLM": 120.09821093795142, "CV_RMSE_S\u00f6dermanland": 891.2296515661116, "_timestamp": 1748297193.285436, "_runtime": 1.278371810913086, "_step": 0, "_wandb": {"runtime": 1}}