{"CV_RMSE": 476.04109374285963, "RMSE": 475.04312154835736, "RMSE_STHLM": 382.54279364340175, "RMSE_S\u00f6dermanland": 92.50032790495558, "CV_RMSE_STHLM": 136.2439708266963, "CV_RMSE_S\u00f6dermanland": 339.79712291616335, "_timestamp": 1748393727.0160744, "_runtime": 1.2993624210357666, "_step": 0, "_wandb": {"runtime": 1}}