{"CV_RMSE": 266.4412292959417, "RMSE": 416.92758315837574, "RMSE_STHLM": 381.3714289130086, "RMSE_S\u00f6dermanland": 35.556154245367175, "CV_RMSE_STHLM": 135.82678512928678, "CV_RMSE_S\u00f6dermanland": 130.61444416665492, "_timestamp": 1748473467.3987854, "_runtime": 1.4432504177093506, "_step": 0, "_wandb": {"runtime": 1}}