{"CV_RMSE": 279.7146129261238, "RMSE": 100.83185133562763, "RMSE_skane": 85.48622007124506, "RMSE_kronoberg": 15.345631264382572, "CV_RMSE_'skane": 135.548974742989, "CV_RMSE_kronoberg": 144.1656381831348, "_timestamp": 1748568907.67127, "_runtime": 1.3049240112304688, "_step": 0, "_wandb": {"runtime": 1}}