{"CV_RMSE": 1244.044794097851, "RMSE": 1071.4963023671776, "RMSE_STHLM": 811.5187690017434, "RMSE_S\u00f6dermanland": 259.97753336543406, "CV_RMSE_STHLM": 289.02528377584844, "CV_RMSE_S\u00f6dermanland": 955.0195103220027, "_timestamp": 1748302195.7565103, "_runtime": 1.2823731899261475, "_step": 0, "_wandb": {"runtime": 1}}