{"CV_RMSE": 4017.4632012049196, "RMSE": 1827.373989915579, "RMSE_skane": 1683.9570170568968, "RMSE_kronoberg": 143.41697285868207, "CV_RMSE_'skane": 2670.122120069075, "CV_RMSE_kronoberg": 1347.3410811358442, "_timestamp": 1748524968.6937144, "_runtime": 1.293405294418335, "_step": 0, "_wandb": {"runtime": 1}}