{"CV_RMSE": 1700.3391197562737, "RMSE": 2475.3764783322604, "RMSE_STHLM": 2228.5730210065026, "RMSE_S\u00f6dermanland": 246.80345732575802, "CV_RMSE_STHLM": 793.7141744779788, "CV_RMSE_S\u00f6dermanland": 906.6249452782948, "_timestamp": 1748288670.2822978, "_runtime": 1.3863167762756348, "_step": 0, "_wandb": {"runtime": 1}}