{"CV_RMSE": 274.1686874579176, "RMSE": 434.99024944101546, "RMSE_STHLM": 399.04390757045127, "RMSE_S\u00f6dermanland": 35.94634187056418, "CV_RMSE_STHLM": 142.12090099462057, "CV_RMSE_S\u00f6dermanland": 132.047786463297, "_timestamp": 1748530894.0304873, "_runtime": 1.2910072803497314, "_step": 0, "_wandb": {"runtime": 1}}