{"CV_RMSE": 4732.797496405204, "RMSE": 1941.0407797923344, "RMSE_skane": 1729.099657719342, "RMSE_kronoberg": 211.9411220729923, "CV_RMSE_'skane": 2741.7013600200985, "CV_RMSE_kronoberg": 1991.0961363851052, "_timestamp": 1748544522.257719, "_runtime": 1.439453125, "_step": 0, "_wandb": {"runtime": 1}}