{"CV_RMSE": 287.6890588445707, "RMSE": 20.989349240809766, "RMSE_Kalmar": 14.27763412684741, "RMSE_Blekinge": 6.711715113962355, "CV_RMSE_'Kalmar": 138.1706528404588, "CV_RMSE_Blekinge": 149.51840600411185, "_timestamp": 1748568262.910464, "_runtime": 1.3306300640106201, "_step": 0, "_wandb": {"runtime": 1}}