{"CV_RMSE": 2936.786543009529, "RMSE": 206.35232203585474, "RMSE_Kalmar": 131.7616171315091, "RMSE_Blekinge": 74.59070490434564, "CV_RMSE_'Kalmar": 1275.1124238533139, "CV_RMSE_Blekinge": 1661.6741191562148, "_timestamp": 1748554592.6602173, "_runtime": 1.4623432159423828, "_step": 0, "_wandb": {"runtime": 1}}