{"CV_RMSE": 957.0597555567317, "RMSE": 1676.946198207768, "RMSE_STHLM": 1568.4821735429064, "RMSE_S\u00f6dermanland": 108.46402466486175, "CV_RMSE_STHLM": 558.6204812776476, "CV_RMSE_S\u00f6dermanland": 398.43927427908403, "_timestamp": 1748315221.0982249, "_runtime": 1.3389229774475098, "_step": 0, "_wandb": {"runtime": 1}}