{"CV_RMSE": 419.2922043651543, "RMSE": 153.38676911433802, "RMSE_skane": 130.83846895208058, "RMSE_kronoberg": 22.54830016225744, "CV_RMSE_'skane": 207.46057444833073, "CV_RMSE_kronoberg": 211.83162991682357, "_timestamp": 1748500464.5113647, "_runtime": 1.3196825981140137, "_step": 0, "_wandb": {"runtime": 1}}