{"CV_RMSE": 268.74012821427414, "RMSE": 430.07048143743486, "RMSE_STHLM": 395.2323748435962, "RMSE_S\u00f6dermanland": 34.838106593838695, "CV_RMSE_STHLM": 140.76341011445848, "CV_RMSE_S\u00f6dermanland": 127.97671809981563, "_timestamp": 1748438473.2680578, "_runtime": 1.271122932434082, "_step": 0, "_wandb": {"runtime": 1}}