{"CV_RMSE": 5225.376700768835, "RMSE": 2020.8461469233298, "RMSE_skane": 1762.0308609655024, "RMSE_kronoberg": 258.81528595782754, "CV_RMSE_'skane": 2793.917855653545, "CV_RMSE_kronoberg": 2431.4588451152904, "_timestamp": 1748579001.8493714, "_runtime": 1.304713487625122, "_step": 0, "_wandb": {"runtime": 1}}