{"CV_RMSE": 305.7107922388649, "RMSE": 22.12158730030873, "RMSE_Kalmar": 14.849181842754067, "RMSE_Blekinge": 7.272405457554661, "CV_RMSE_'Kalmar": 143.70175976858775, "CV_RMSE_Blekinge": 162.0090324702771, "_timestamp": 1748510651.5780718, "_runtime": 1.2867777347564697, "_step": 0, "_wandb": {"runtime": 1}}