{"CV_RMSE": 4847.193891691193, "RMSE": 1875.812720629611, "RMSE_skane": 1635.977503123543, "RMSE_kronoberg": 239.835217506068, "CV_RMSE_'skane": 2594.0446666863786, "CV_RMSE_kronoberg": 2253.1492250048145, "_timestamp": 1748567316.5626779, "_runtime": 1.325096845626831, "_step": 0, "_wandb": {"runtime": 1}}