{"CV_RMSE": 2795.8014774792655, "RMSE": 190.9006942026494, "RMSE_Kalmar": 115.63166019384575, "RMSE_Blekinge": 75.26903400880366, "CV_RMSE_'Kalmar": 1119.0160663920556, "CV_RMSE_Blekinge": 1676.7854110872102, "_timestamp": 1748493515.4552612, "_runtime": 1.3219423294067383, "_step": 0, "_wandb": {"runtime": 1}}