{"CV_RMSE": 750.1774159857566, "RMSE": 997.2111532699686, "RMSE_STHLM": 878.1338177932943, "RMSE_S\u00f6dermanland": 119.07733547667429, "CV_RMSE_STHLM": 312.75046933674906, "CV_RMSE_S\u00f6dermanland": 437.4269466490076, "_timestamp": 1748372974.661392, "_runtime": 1.3058679103851318, "_step": 0, "_wandb": {"runtime": 1}}