{"CV_RMSE": 1447.7769722174737, "RMSE": 573.6694341181279, "RMSE_skane": 504.75450346533216, "RMSE_kronoberg": 68.91493065279577, "CV_RMSE_'skane": 800.3506925983068, "CV_RMSE_kronoberg": 647.426279619167, "_timestamp": 1748501943.883359, "_runtime": 1.4294118881225586, "_step": 0, "_wandb": {"runtime": 1}}