{"CV_RMSE": 4648.896278442548, "RMSE": 302.11853182203924, "RMSE_Kalmar": 165.19831043811462, "RMSE_Blekinge": 136.92022138392463, "CV_RMSE_'Kalmar": 1598.6933268204639, "CV_RMSE_Blekinge": 3050.202951622083, "_timestamp": 1748576939.9869647, "_runtime": 1.3613886833190918, "_step": 0, "_wandb": {"runtime": 1}}