{"CV_RMSE": 267.7787739120161, "RMSE": 418.9794566632767, "RMSE_STHLM": 383.24039472137133, "RMSE_S\u00f6dermanland": 35.73906194190541, "CV_RMSE_STHLM": 136.49242392134317, "CV_RMSE_S\u00f6dermanland": 131.28634999067293, "_timestamp": 1748533828.3848598, "_runtime": 1.2717878818511963, "_step": 0, "_wandb": {"runtime": 1}}