{"CV_RMSE": 3748.9966074315985, "RMSE": 254.83358682372597, "RMSE_Kalmar": 153.01734608584414, "RMSE_Blekinge": 101.81624073788184, "CV_RMSE_'Kalmar": 1480.8130266372013, "CV_RMSE_Blekinge": 2268.183580794397, "_timestamp": 1748533872.3625119, "_runtime": 1.3259329795837402, "_step": 0, "_wandb": {"runtime": 1}}