{"CV_RMSE": 269.0410596150872, "RMSE": 430.13679306862514, "RMSE_STHLM": 395.2150904919561, "RMSE_S\u00f6dermanland": 34.92170257666904, "CV_RMSE_STHLM": 140.75725423140503, "CV_RMSE_S\u00f6dermanland": 128.2838053836822, "_timestamp": 1748457745.5389292, "_runtime": 1.2959983348846436, "_step": 0, "_wandb": {"runtime": 1}}