{"CV_RMSE": 274.2286966297611, "RMSE": 436.0912781981841, "RMSE_STHLM": 400.24505525961416, "RMSE_S\u00f6dermanland": 35.84622293856993, "CV_RMSE_STHLM": 142.54869399827967, "CV_RMSE_S\u00f6dermanland": 131.6800026314814, "_timestamp": 1748513301.8106682, "_runtime": 1.2759273052215576, "_step": 0, "_wandb": {"runtime": 1}}