{"CV_RMSE": 257.11732330121356, "RMSE": 406.0509538159057, "RMSE_STHLM": 372.13774108865687, "RMSE_S\u00f6dermanland": 33.91321272724882, "CV_RMSE_STHLM": 132.5381745072383, "CV_RMSE_S\u00f6dermanland": 124.57914879397526, "_timestamp": 1748478521.6569471, "_runtime": 1.2602100372314453, "_step": 0, "_wandb": {"runtime": 1}}