{"CV_RMSE": 4592.234210764222, "RMSE": 1682.003689906165, "RMSE_skane": 1435.4648159022493, "RMSE_kronoberg": 246.53887400391565, "CV_RMSE_'skane": 2276.107001959169, "CV_RMSE_kronoberg": 2316.127208805053, "_timestamp": 1748511316.003021, "_runtime": 1.3584589958190918, "_step": 0, "_wandb": {"runtime": 1}}