{"CV_RMSE": 251.16235646410917, "RMSE": 398.2555016411686, "RMSE_STHLM": 365.30046989007343, "RMSE_S\u00f6dermanland": 32.95503175109517, "CV_RMSE_STHLM": 130.10305615396362, "CV_RMSE_S\u00f6dermanland": 121.05930031014553, "_timestamp": 1748443242.457778, "_runtime": 1.2977490425109863, "_step": 0, "_wandb": {"runtime": 1}}