{"CV_RMSE": 301.75669032063297, "RMSE": 21.749556036603177, "RMSE_Kalmar": 14.505230320891503, "RMSE_Blekinge": 7.244325715711674, "CV_RMSE_'Kalmar": 140.37319665378874, "CV_RMSE_Blekinge": 161.38349366684423, "_timestamp": 1748503052.0671194, "_runtime": 1.3651463985443115, "_step": 0, "_wandb": {"runtime": 1}}