{"CV_RMSE": 4251.86659687497, "RMSE": 1599.203789225149, "RMSE_skane": 1379.4390878121, "RMSE_kronoberg": 219.76470141304884, "CV_RMSE_'skane": 2187.2712808859937, "CV_RMSE_kronoberg": 2064.5953159889764, "_timestamp": 1748531812.7784693, "_runtime": 1.3019163608551025, "_step": 0, "_wandb": {"runtime": 1}}