{"CV_RMSE": 306.9272285471782, "RMSE": 22.25236642802886, "RMSE_Kalmar": 14.983863264228093, "RMSE_Blekinge": 7.268503163800768, "CV_RMSE_'Kalmar": 145.00512836349768, "CV_RMSE_Blekinge": 161.92210018368047, "_timestamp": 1748461240.2699432, "_runtime": 1.259859323501587, "_step": 0, "_wandb": {"runtime": 1}}