{"CV_RMSE": 275.6319768778711, "RMSE": 99.47643388169783, "RMSE_skane": 84.37839729371497, "RMSE_kronoberg": 15.098036587982863, "CV_RMSE_'skane": 133.79238471519287, "CV_RMSE_kronoberg": 141.83959216267826, "_timestamp": 1748570602.7740529, "_runtime": 1.3270208835601807, "_step": 0, "_wandb": {"runtime": 1}}