{"CV_RMSE": 301.7625291021484, "RMSE": 21.72860604970572, "RMSE_Kalmar": 14.467726067126677, "RMSE_Blekinge": 7.260879982579044, "CV_RMSE_'Kalmar": 140.01025226251622, "CV_RMSE_Blekinge": 161.75227683963215, "_timestamp": 1748473848.7626336, "_runtime": 1.3313956260681152, "_step": 0, "_wandb": {"runtime": 1}}