{"CV_RMSE": 295.387021109643, "RMSE": 411.08237944673897, "RMSE_STHLM": 366.17300613566164, "RMSE_S\u00f6dermanland": 44.90937331107735, "CV_RMSE_STHLM": 130.41381302813434, "CV_RMSE_S\u00f6dermanland": 164.97320808150863, "_timestamp": 1748447436.1663017, "_runtime": 1.2901637554168701, "_step": 0, "_wandb": {"runtime": 1}}