{"CV_RMSE": 577.324334538534, "RMSE": 511.24793467005765, "RMSE_STHLM": 392.10294207921294, "RMSE_S\u00f6dermanland": 119.1449925908447, "CV_RMSE_STHLM": 139.64885155175767, "CV_RMSE_S\u00f6dermanland": 437.6754829867764, "_timestamp": 1748299625.630162, "_runtime": 1.3014500141143799, "_step": 0, "_wandb": {"runtime": 1}}