{"CV_RMSE": 274.9645270188788, "RMSE": 436.66645204937134, "RMSE_STHLM": 400.6601659122564, "RMSE_S\u00f6dermanland": 36.00628613711497, "CV_RMSE_STHLM": 142.69653712743602, "CV_RMSE_S\u00f6dermanland": 132.26798989144277, "_timestamp": 1748563029.0664217, "_runtime": 1.3011858463287354, "_step": 0, "_wandb": {"runtime": 1}}