{"CV_RMSE": 853.4017885932692, "RMSE": 1287.4569262165724, "RMSE_STHLM": 1168.424110891727, "RMSE_S\u00f6dermanland": 119.03281532484547, "CV_RMSE_STHLM": 416.138385359143, "CV_RMSE_S\u00f6dermanland": 437.2634032341262, "_timestamp": 1748317756.103486, "_runtime": 1.2694900035858154, "_step": 0, "_wandb": {"runtime": 1}}