{"CV_RMSE": 1353.2205606244454, "RMSE": 1822.7133940792944, "RMSE_STHLM": 1610.4771276480358, "RMSE_S\u00f6dermanland": 212.23626643125866, "CV_RMSE_STHLM": 573.5771329177809, "CV_RMSE_S\u00f6dermanland": 779.6434277066645, "_timestamp": 1748378371.959382, "_runtime": 2.3421061038970947, "_step": 0, "_wandb": {"runtime": 2}}