{"CV_RMSE": 306.0797141555584, "RMSE": 22.20190693758689, "RMSE_Kalmar": 14.961911885313873, "RMSE_Blekinge": 7.239995052273018, "CV_RMSE_'Kalmar": 144.7926956643278, "CV_RMSE_Blekinge": 161.2870184912306, "_timestamp": 1748524854.0307028, "_runtime": 1.358879804611206, "_step": 0, "_wandb": {"runtime": 1}}