{"CV_RMSE": 713.5102592096073, "RMSE": 451.31527695695513, "RMSE_STHLM": 284.6827491735549, "RMSE_S\u00f6dermanland": 166.63252778340023, "CV_RMSE_STHLM": 101.39076939303499, "CV_RMSE_S\u00f6dermanland": 612.1194898165722, "_timestamp": 1748402142.9027581, "_runtime": 1.3194401264190674, "_step": 0, "_wandb": {"runtime": 1}}