{"CV_RMSE": 284.53258336912654, "RMSE": 20.76955043999056, "RMSE_Kalmar": 14.139534211929186, "RMSE_Blekinge": 6.630016228061375, "CV_RMSE_'Kalmar": 136.8342020509276, "CV_RMSE_Blekinge": 147.69838131819893, "_timestamp": 1748534711.4659972, "_runtime": 1.3071322441101074, "_step": 0, "_wandb": {"runtime": 1}}