{"CV_RMSE": 232.7433862695209, "RMSE": 332.50666837647765, "RMSE_STHLM": 298.04508437937903, "RMSE_S\u00f6dermanland": 34.4615839970986, "CV_RMSE_STHLM": 106.14981240262807, "CV_RMSE_S\u00f6dermanland": 126.59357386689283, "_timestamp": 1748453671.2160003, "_runtime": 1.3116803169250488, "_step": 0, "_wandb": {"runtime": 1}}