{"CV_RMSE": 275.4560557639768, "RMSE": 436.7302721111691, "RMSE_STHLM": 400.5826672013426, "RMSE_S\u00f6dermanland": 36.147604909826505, "CV_RMSE_STHLM": 142.66893568706305, "CV_RMSE_S\u00f6dermanland": 132.7871200769137, "_timestamp": 1748461604.6149542, "_runtime": 1.2626562118530273, "_step": 0, "_wandb": {"runtime": 1}}