{"CV_RMSE": 1640.5624459788821, "RMSE": 155.10989707319234, "RMSE_Kalmar": 144.03838536109723, "RMSE_Blekinge": 11.07151171209512, "CV_RMSE_'Kalmar": 1393.9198583331988, "CV_RMSE_Blekinge": 246.6425876456834, "_timestamp": 1748474047.3141007, "_runtime": 1.3835017681121826, "_step": 0, "_wandb": {"runtime": 1}}