{"CV_RMSE": 540.5413407574681, "RMSE": 718.554272373726, "RMSE_STHLM": 632.7542747475437, "RMSE_S\u00f6dermanland": 85.79999762618232, "CV_RMSE_STHLM": 225.35767600822692, "CV_RMSE_S\u00f6dermanland": 315.1836647492412, "_timestamp": 1748318981.8267817, "_runtime": 1.342876672744751, "_step": 0, "_wandb": {"runtime": 1}}