{"CV_RMSE": 272.4712179721064, "RMSE": 431.62239124365203, "RMSE_STHLM": 395.826169194, "RMSE_S\u00f6dermanland": 35.79622204965205, "CV_RMSE_STHLM": 140.9748920754254, "CV_RMSE_S\u00f6dermanland": 131.49632589668101, "_timestamp": 1748475967.5818172, "_runtime": 1.2529370784759521, "_step": 0, "_wandb": {"runtime": 1}}