{"CV_RMSE": 1866.5746957953406, "RMSE": 113.68665365401466, "RMSE_Kalmar": 52.861817993214466, "RMSE_Blekinge": 60.824835660800204, "CV_RMSE_'Kalmar": 511.56598057949475, "CV_RMSE_Blekinge": 1355.008715215846, "_timestamp": 1748470591.0650194, "_runtime": 1.3123574256896973, "_step": 0, "_wandb": {"runtime": 1}}