{"CV_RMSE": 313.6374153767275, "RMSE": 22.31998071042627, "RMSE_Kalmar": 14.570846818953072, "RMSE_Blekinge": 7.7491338914732015, "CV_RMSE_'Kalmar": 141.0081950221265, "CV_RMSE_Blekinge": 172.62922035460102, "_timestamp": 1748502712.1208463, "_runtime": 1.3626453876495361, "_step": 0, "_wandb": {"runtime": 1}}