{"CV_RMSE": 4985.305456593362, "RMSE": 1938.380323437898, "RMSE_skane": 1693.5632709077731, "RMSE_kronoberg": 244.8170525301249, "CV_RMSE_'skane": 2685.3540236381177, "CV_RMSE_kronoberg": 2299.9514329552444, "_timestamp": 1748526350.4498599, "_runtime": 1.3800609111785889, "_step": 0, "_wandb": {"runtime": 1}}