{"CV_RMSE": 3048.56211276096, "RMSE": 1582.4150623350872, "RMSE_skane": 1513.3344004399157, "RMSE_kronoberg": 69.08066189517157, "CV_RMSE_'skane": 2399.578859048492, "CV_RMSE_kronoberg": 648.9832537124678, "_timestamp": 1748529182.3118331, "_runtime": 1.3393762111663818, "_step": 0, "_wandb": {"runtime": 1}}