{"CV_RMSE": 275.1271001539875, "RMSE": 435.55148652285504, "RMSE_STHLM": 399.3764880646087, "RMSE_S\u00f6dermanland": 36.174998458246385, "CV_RMSE_STHLM": 142.2393507155314, "CV_RMSE_S\u00f6dermanland": 132.88774943845613, "_timestamp": 1748524290.556959, "_runtime": 1.2982518672943115, "_step": 0, "_wandb": {"runtime": 1}}