{"CV_RMSE": 799.7129375866181, "RMSE": 1094.9102933297, "RMSE_STHLM": 971.3897189433234, "RMSE_S\u00f6dermanland": 123.52057438637657, "CV_RMSE_STHLM": 345.96388882033676, "CV_RMSE_S\u00f6dermanland": 453.7490487662813, "_timestamp": 1748285940.1730509, "_runtime": 1.3534519672393799, "_step": 0, "_wandb": {"runtime": 1}}