{"CV_RMSE": 1289.915324575558, "RMSE": 1522.581538762396, "RMSE_STHLM": 1297.205797756705, "RMSE_S\u00f6dermanland": 225.37574100569108, "CV_RMSE_STHLM": 462.00443924852965, "CV_RMSE_S\u00f6dermanland": 827.9108853270285, "_timestamp": 1748322716.9776225, "_runtime": 1.288813591003418, "_step": 0, "_wandb": {"runtime": 1}}