{"CV_RMSE": 261.1802045951549, "RMSE": 407.1348319342077, "RMSE_STHLM": 372.1132368780014, "RMSE_S\u00f6dermanland": 35.02159505620632, "CV_RMSE_STHLM": 132.5294472458256, "CV_RMSE_S\u00f6dermanland": 128.65075734932935, "_timestamp": 1748526995.663894, "_runtime": 1.3134968280792236, "_step": 0, "_wandb": {"runtime": 1}}