{"CV_RMSE": 306.89739276060646, "RMSE": 22.25097604038206, "RMSE_Kalmar": 14.983772929865395, "RMSE_Blekinge": 7.2672031105166655, "CV_RMSE_'Kalmar": 145.00425415998768, "CV_RMSE_Blekinge": 161.89313860061878, "_timestamp": 1748463631.906592, "_runtime": 1.2611708641052246, "_step": 0, "_wandb": {"runtime": 1}}