{"CV_RMSE": 1800.4962581557147, "RMSE": 2518.338827662986, "RMSE_STHLM": 2245.9556699220248, "RMSE_S\u00f6dermanland": 272.38315774096156, "CV_RMSE_STHLM": 799.9050664542233, "CV_RMSE_S\u00f6dermanland": 1000.5911917014915, "_timestamp": 1748346971.5691082, "_runtime": 1.2780871391296387, "_step": 0, "_wandb": {"runtime": 1}}