{"CV_RMSE": 363.0644497878851, "RMSE": 140.92233040202615, "RMSE_skane": 123.0435252596416, "RMSE_kronoberg": 17.878805142384554, "CV_RMSE_'skane": 195.1007271558799, "CV_RMSE_kronoberg": 167.96372263200522, "_timestamp": 1748541368.4873977, "_runtime": 1.2716755867004395, "_step": 0, "_wandb": {"runtime": 1}}