{"CV_RMSE": 4590.591426334428, "RMSE": 1852.6242749395788, "RMSE_skane": 1640.9406480251976, "RMSE_kronoberg": 211.68362691438114, "CV_RMSE_'skane": 2601.914346762998, "CV_RMSE_kronoberg": 1988.6770795714303, "_timestamp": 1748507938.237382, "_runtime": 1.3009629249572754, "_step": 0, "_wandb": {"runtime": 1}}