{"CV_RMSE": 4776.1298991950425, "RMSE": 1862.8404277602401, "RMSE_skane": 1629.4714865715687, "RMSE_kronoberg": 233.36894118867144, "CV_RMSE_'skane": 2583.7285727878993, "CV_RMSE_kronoberg": 2192.401326407143, "_timestamp": 1748507396.1247718, "_runtime": 1.2905519008636475, "_step": 0, "_wandb": {"runtime": 1}}