{"CV_RMSE": 876.3959201624604, "RMSE": 1829.0124009655892, "RMSE_STHLM": 1761.1904973243052, "RMSE_S\u00f6dermanland": 67.82190364128407, "CV_RMSE_STHLM": 627.2542333169271, "CV_RMSE_S\u00f6dermanland": 249.14168684553331, "_timestamp": 1748308609.9127853, "_runtime": 1.2841072082519531, "_step": 0, "_wandb": {"runtime": 1}}