{"CV_RMSE": 611.5766549811472, "RMSE": 250.80268338395706, "RMSE_skane": 223.41128929978183, "RMSE_kronoberg": 27.39139408417522, "CV_RMSE_'skane": 354.24623039077454, "CV_RMSE_kronoberg": 257.3304245903727, "_timestamp": 1748550700.790824, "_runtime": 1.4637939929962158, "_step": 0, "_wandb": {"runtime": 1}}