{"CV_RMSE": 5009.920987735164, "RMSE": 1886.3275285107916, "RMSE_skane": 1627.7888235167597, "RMSE_kronoberg": 258.5387049940319, "CV_RMSE_'skane": 2581.06050240501, "CV_RMSE_kronoberg": 2428.8604853301536, "_timestamp": 1748514322.3489347, "_runtime": 1.3377807140350342, "_step": 0, "_wandb": {"runtime": 1}}