{"CV_RMSE": 273.878938831019, "RMSE": 434.3941334642348, "RMSE_STHLM": 398.4711357110444, "RMSE_S\u00f6dermanland": 35.922997753190444, "CV_RMSE_STHLM": 141.91690626827858, "CV_RMSE_S\u00f6dermanland": 131.9620325627404, "_timestamp": 1748458220.8269749, "_runtime": 1.2505428791046143, "_step": 0, "_wandb": {"runtime": 1}}