{"CV_RMSE": 1517.846666178657, "RMSE": 1930.1263840042009, "RMSE_STHLM": 1679.7958887961606, "RMSE_S\u00f6dermanland": 250.3304952080402, "CV_RMSE_STHLM": 598.2652552103461, "CV_RMSE_S\u00f6dermanland": 919.5814109683109, "_timestamp": 1748316631.035073, "_runtime": 1.2746469974517822, "_step": 0, "_wandb": {"runtime": 1}}