{"CV_RMSE": 305.56740491543394, "RMSE": 22.13581874988192, "RMSE_Kalmar": 14.88572403077415, "RMSE_Blekinge": 7.250094719107771, "CV_RMSE_'Kalmar": 144.05539384620144, "CV_RMSE_Blekinge": 161.51201106923253, "_timestamp": 1748464116.0351, "_runtime": 1.2711119651794434, "_step": 0, "_wandb": {"runtime": 1}}