{"CV_RMSE": 1235.3037946669094, "RMSE": 459.62215602542454, "RMSE_skane": 394.7586176367492, "RMSE_kronoberg": 64.86353838867537, "CV_RMSE_'skane": 625.9386114747608, "CV_RMSE_kronoberg": 609.3651831921486, "_timestamp": 1748563070.760891, "_runtime": 1.3010139465332031, "_step": 0, "_wandb": {"runtime": 1}}