{"CV_RMSE": 4747.507431781885, "RMSE": 1777.9687654785573, "RMSE_skane": 1531.031793711789, "RMSE_kronoberg": 246.93697176676827, "CV_RMSE_'skane": 2427.6402648707012, "CV_RMSE_kronoberg": 2319.867166911184, "_timestamp": 1748522067.5188513, "_runtime": 1.270531177520752, "_step": 0, "_wandb": {"runtime": 1}}