{"CV_RMSE": 1550.9946145362048, "RMSE": 2169.0950672726394, "RMSE_STHLM": 1934.4283185897273, "RMSE_S\u00f6dermanland": 234.66674868291236, "CV_RMSE_STHLM": 688.9534969255063, "CV_RMSE_S\u00f6dermanland": 862.0411176106985, "_timestamp": 1748322301.7439396, "_runtime": 1.2825486660003662, "_step": 0, "_wandb": {"runtime": 1}}