{"CV_RMSE": 374.7210066360168, "RMSE": 350.88621601170115, "RMSE_STHLM": 275.59895075078117, "RMSE_S\u00f6dermanland": 75.28726526091998, "CV_RMSE_STHLM": 98.15554241222915, "CV_RMSE_S\u00f6dermanland": 276.56546422378767, "_timestamp": 1748359857.7108183, "_runtime": 1.3461833000183105, "_step": 0, "_wandb": {"runtime": 1}}