{"CV_RMSE": 698.4292371023257, "RMSE": 876.0556120081878, "RMSE_STHLM": 759.5701924538004, "RMSE_S\u00f6dermanland": 116.48541955438745, "CV_RMSE_STHLM": 270.52361424947384, "CV_RMSE_S\u00f6dermanland": 427.9056228528519, "_timestamp": 1748325125.4881036, "_runtime": 1.2949926853179932, "_step": 0, "_wandb": {"runtime": 1}}