{"CV_RMSE": 276.939833878861, "RMSE": 412.6961048637161, "RMSE_STHLM": 373.52086183641956, "RMSE_S\u00f6dermanland": 39.17524302729654, "CV_RMSE_STHLM": 133.03077786022067, "CV_RMSE_S\u00f6dermanland": 143.90905601864034, "_timestamp": 1748484270.3962054, "_runtime": 1.3255393505096436, "_step": 0, "_wandb": {"runtime": 1}}