{"CV_RMSE": 3774.984483189754, "RMSE": 225.11250623541224, "RMSE_Kalmar": 98.4061062877791, "RMSE_Blekinge": 126.70639994763316, "CV_RMSE_'Kalmar": 952.3171576236685, "CV_RMSE_Blekinge": 2822.6673255660853, "_timestamp": 1748513945.9407024, "_runtime": 1.4333975315093994, "_step": 0, "_wandb": {"runtime": 1}}