{"CV_RMSE": 2959.176146444922, "RMSE": 203.08496997184068, "RMSE_Kalmar": 124.20776022856367, "RMSE_Blekinge": 78.877209743277, "CV_RMSE_'Kalmar": 1202.0105828570677, "CV_RMSE_Blekinge": 1757.1655635878542, "_timestamp": 1748520211.0730064, "_runtime": 1.333512306213379, "_step": 0, "_wandb": {"runtime": 1}}