{"CV_RMSE": 3344.281728013881, "RMSE": 1698.5944055369375, "RMSE_skane": 1615.2348813985873, "RMSE_kronoberg": 83.35952413835027, "CV_RMSE_'skane": 2561.1546745220726, "CV_RMSE_kronoberg": 783.1270534918084, "_timestamp": 1748512024.9147925, "_runtime": 1.3094606399536133, "_step": 0, "_wandb": {"runtime": 1}}