{"CV_RMSE": 3387.7676819657154, "RMSE": 182.57343137335954, "RMSE_Kalmar": 53.92639356291942, "RMSE_Blekinge": 128.6470378104401, "CV_RMSE_'Kalmar": 521.868324802446, "CV_RMSE_Blekinge": 2865.8993571632695, "_timestamp": 1748552418.1001575, "_runtime": 1.5055644512176514, "_step": 0, "_wandb": {"runtime": 1}}