{"CV_RMSE": 275.6154209660133, "RMSE": 437.2028999902706, "RMSE_STHLM": 401.05799693081076, "RMSE_S\u00f6dermanland": 36.14490305945985, "CV_RMSE_STHLM": 142.8382260537118, "CV_RMSE_S\u00f6dermanland": 132.7771949123015, "_timestamp": 1748284621.8899765, "_runtime": 1.257737398147583, "_step": 0, "_wandb": {"runtime": 1}}