{"CV_RMSE": 1212.3758997753448, "RMSE": 1623.434246407339, "RMSE_STHLM": 1432.2603960535585, "RMSE_S\u00f6dermanland": 191.17385035378052, "CV_RMSE_STHLM": 510.10461276145736, "CV_RMSE_S\u00f6dermanland": 702.2712870138876, "_timestamp": 1748291122.4553657, "_runtime": 1.2810416221618652, "_step": 0, "_wandb": {"runtime": 1}}