{"CV_RMSE": 3239.3774086803496, "RMSE": 208.39569394794515, "RMSE_Kalmar": 111.35890966517108, "RMSE_Blekinge": 97.03678428277406, "CV_RMSE_'Kalmar": 1077.666867727462, "CV_RMSE_Blekinge": 2161.7105409528876, "_timestamp": 1748481813.436598, "_runtime": 1.6407711505889893, "_step": 0, "_wandb": {"runtime": 1}}