{"CV_RMSE": 2785.9724933688763, "RMSE": 865.5271688839179, "RMSE_skane": 684.5076439532644, "RMSE_kronoberg": 181.0195249306535, "CV_RMSE_'skane": 1085.371528467121, "CV_RMSE_kronoberg": 1700.6009649017553, "_timestamp": 1748564844.29309, "_runtime": 1.3122320175170898, "_step": 0, "_wandb": {"runtime": 1}}