{"CV_RMSE": 4628.560042006586, "RMSE": 1842.5710820449494, "RMSE_skane": 1623.9839395763001, "RMSE_kronoberg": 218.5871424686494, "CV_RMSE_'skane": 2575.0273883345135, "CV_RMSE_kronoberg": 2053.532653672072, "_timestamp": 1748526151.090065, "_runtime": 1.3971900939941406, "_step": 0, "_wandb": {"runtime": 1}}