{"CV_RMSE": 906.7092520468066, "RMSE": 1906.924232047514, "RMSE_STHLM": 1838.329186076883, "RMSE_S\u00f6dermanland": 68.59504597063092, "CV_RMSE_STHLM": 654.7274505220399, "CV_RMSE_S\u00f6dermanland": 251.98180152476664, "_timestamp": 1748298533.7160525, "_runtime": 1.3001344203948975, "_step": 0, "_wandb": {"runtime": 1}}