{"CV_RMSE": 1536.6410656728171, "RMSE": 2346.5684951693243, "RMSE_STHLM": 2135.282498388143, "RMSE_S\u00f6dermanland": 211.28599678118132, "CV_RMSE_STHLM": 760.4884244358245, "CV_RMSE_S\u00f6dermanland": 776.1526412369926, "_timestamp": 1748359138.6257958, "_runtime": 1.2938358783721924, "_step": 0, "_wandb": {"runtime": 1}}