{"CV_RMSE": 4603.957232956604, "RMSE": 1867.9133622303054, "RMSE_skane": 1657.6226158586555, "RMSE_kronoberg": 210.29074637164987, "CV_RMSE_'skane": 2628.3656699661556, "CV_RMSE_kronoberg": 1975.5915629904478, "_timestamp": 1748500856.3753364, "_runtime": 1.2525043487548828, "_step": 0, "_wandb": {"runtime": 1}}