{"CV_RMSE": 405.6050612605319, "RMSE": 578.6042316461179, "RMSE_STHLM": 518.4552665938513, "RMSE_S\u00f6dermanland": 60.14896505226661, "CV_RMSE_STHLM": 184.649679435879, "CV_RMSE_S\u00f6dermanland": 220.95538182465287, "_timestamp": 1748375540.027202, "_runtime": 1.3131279945373535, "_step": 0, "_wandb": {"runtime": 1}}