{"CV_RMSE": 5226.649097030162, "RMSE": 2013.057542985815, "RMSE_skane": 1752.4978235288818, "RMSE_kronoberg": 260.55971945693307, "CV_RMSE_'skane": 2778.8020457646116, "CV_RMSE_kronoberg": 2447.847051265551, "_timestamp": 1748525144.0092804, "_runtime": 1.3235645294189453, "_step": 0, "_wandb": {"runtime": 1}}