{"CV_RMSE": 2257.356291547884, "RMSE": 931.842400117717, "RMSE_skane": 831.9819730074502, "RMSE_kronoberg": 99.86042711026687, "CV_RMSE_'skane": 1319.2103166080076, "CV_RMSE_kronoberg": 938.1459749398766, "_timestamp": 1748579297.1979744, "_runtime": 1.509981393814087, "_step": 0, "_wandb": {"runtime": 1}}