{"CV_RMSE": 301.44335240871584, "RMSE": 21.67665835957468, "RMSE_Kalmar": 14.40121125953472, "RMSE_Blekinge": 7.275447100039961, "CV_RMSE_'Kalmar": 139.36656057614246, "CV_RMSE_Blekinge": 162.07679183257338, "_timestamp": 1748491100.0658658, "_runtime": 1.3075008392333984, "_step": 0, "_wandb": {"runtime": 1}}