{"CV_RMSE": 279.10465009390106, "RMSE": 100.61294960786923, "RMSE_skane": 85.30098063163757, "RMSE_kronoberg": 15.311968976231656, "CV_RMSE_'skane": 135.25525470132808, "CV_RMSE_kronoberg": 143.84939539257297, "_timestamp": 1748558368.8511088, "_runtime": 1.2769746780395508, "_step": 0, "_wandb": {"runtime": 1}}