{"CV_RMSE": 273.5196889443463, "RMSE": 431.4937321890935, "RMSE_STHLM": 395.3676370127941, "RMSE_S\u00f6dermanland": 36.12609517629945, "CV_RMSE_STHLM": 140.81158421508297, "CV_RMSE_S\u00f6dermanland": 132.70810472926328, "_timestamp": 1748536100.2061799, "_runtime": 1.2826929092407227, "_step": 0, "_wandb": {"runtime": 1}}