{"CV_RMSE": 4883.286138482802, "RMSE": 1865.520223347701, "RMSE_skane": 1618.9731834720635, "RMSE_kronoberg": 246.5470398756374, "CV_RMSE_'skane": 2567.0822148077114, "CV_RMSE_kronoberg": 2316.2039236750907, "_timestamp": 1748573507.2370079, "_runtime": 1.4015698432922363, "_step": 0, "_wandb": {"runtime": 1}}