{"CV_RMSE": 3024.826993791453, "RMSE": 206.4759755437816, "RMSE_Kalmar": 124.99280042123517, "RMSE_Blekinge": 81.48317512254644, "CV_RMSE_'Kalmar": 1209.6077460119532, "CV_RMSE_Blekinge": 1815.2192477795, "_timestamp": 1748543931.8668752, "_runtime": 1.38826322555542, "_step": 0, "_wandb": {"runtime": 1}}