{"CV_RMSE": 305.93149675433057, "RMSE": 22.16303203064607, "RMSE_Kalmar": 14.904942149550177, "RMSE_Blekinge": 7.258089881095896, "CV_RMSE_'Kalmar": 144.24137564080814, "CV_RMSE_Blekinge": 161.69012111352242, "_timestamp": 1748506333.4780202, "_runtime": 1.3332562446594238, "_step": 0, "_wandb": {"runtime": 1}}