{"CV_RMSE": 306.90261240204916, "RMSE": 22.24942389849002, "RMSE_Kalmar": 14.980614385015533, "RMSE_Blekinge": 7.268809513474486, "CV_RMSE_'Kalmar": 144.9736875969245, "CV_RMSE_Blekinge": 161.92892480512467, "_timestamp": 1748473539.6188786, "_runtime": 1.3108186721801758, "_step": 0, "_wandb": {"runtime": 1}}