{"CV_RMSE": 571.893771163654, "RMSE": 678.3104818196754, "RMSE_STHLM": 578.7386876368205, "RMSE_S\u00f6dermanland": 99.57179418285484, "CV_RMSE_STHLM": 206.11983334908524, "CV_RMSE_S\u00f6dermanland": 365.77393781456885, "_timestamp": 1748345181.9559922, "_runtime": 1.3370451927185059, "_step": 0, "_wandb": {"runtime": 1}}