{"CV_RMSE": 248.2860996471379, "RMSE": 88.66508918211127, "RMSE_skane": 74.87365018249018, "RMSE_kronoberg": 13.791438999621091, "CV_RMSE_'skane": 118.72143263608379, "CV_RMSE_kronoberg": 129.5646670110541, "_timestamp": 1748507508.7199974, "_runtime": 1.3213903903961182, "_step": 0, "_wandb": {"runtime": 1}}