{"CV_RMSE": 5095.114213521774, "RMSE": 1966.1667606251115, "RMSE_skane": 1712.9298900525996, "RMSE_kronoberg": 253.23687057251178, "CV_RMSE_'skane": 2716.062193529492, "CV_RMSE_kronoberg": 2379.0520199922817, "_timestamp": 1748519838.9748478, "_runtime": 1.3320748805999756, "_step": 0, "_wandb": {"runtime": 1}}