{"CV_RMSE": 274.58464980208964, "RMSE": 434.4079759664032, "RMSE_STHLM": 398.2737288334649, "RMSE_S\u00f6dermanland": 36.13424713293837, "CV_RMSE_STHLM": 141.84659910966298, "CV_RMSE_S\u00f6dermanland": 132.73805069242667, "_timestamp": 1748534284.8237205, "_runtime": 1.3331353664398193, "_step": 0, "_wandb": {"runtime": 1}}