{"CV_RMSE": 3808.3607508788164, "RMSE": 248.78411438900827, "RMSE_Kalmar": 137.60999917951213, "RMSE_Blekinge": 111.17411520949614, "CV_RMSE_'Kalmar": 1331.7096694791496, "CV_RMSE_Blekinge": 2476.6510813996665, "_timestamp": 1748516585.839899, "_runtime": 1.3853421211242676, "_step": 0, "_wandb": {"runtime": 1}}