{"CV_RMSE": 274.83845455642995, "RMSE": 436.63936882427504, "RMSE_STHLM": 400.6681793379806, "RMSE_S\u00f6dermanland": 35.971189486294435, "CV_RMSE_STHLM": 142.6993911373892, "CV_RMSE_S\u00f6dermanland": 132.13906341904078, "_timestamp": 1748508223.2345579, "_runtime": 1.3435077667236328, "_step": 0, "_wandb": {"runtime": 1}}