{"CV_RMSE": 5888.399883548901, "RMSE": 385.7597818702217, "RMSE_Kalmar": 214.7063307999075, "RMSE_Blekinge": 171.05345107031414, "CV_RMSE_'Kalmar": 2077.8032012894273, "CV_RMSE_Blekinge": 3810.5966822594737, "_timestamp": 1748457484.9145496, "_runtime": 1.3031744956970215, "_step": 0, "_wandb": {"runtime": 1}}