{"CV_RMSE": 911.7910503981327, "RMSE": 801.7125831429964, "RMSE_STHLM": 612.9279441400706, "RMSE_S\u00f6dermanland": 188.78463900292587, "CV_RMSE_STHLM": 218.29645814248656, "CV_RMSE_S\u00f6dermanland": 693.4945922556461, "_timestamp": 1748379830.9786577, "_runtime": 1.3016066551208496, "_step": 0, "_wandb": {"runtime": 1}}