{"CV_RMSE": 222.96334637648812, "RMSE": 355.95877395940715, "RMSE_STHLM": 326.96323275099826, "RMSE_S\u00f6dermanland": 28.995541208408888, "CV_RMSE_STHLM": 116.4491133660065, "CV_RMSE_S\u00f6dermanland": 106.51423301048162, "_timestamp": 1748284104.3214204, "_runtime": 1.3597114086151123, "_step": 0, "_wandb": {"runtime": 1}}