{"CV_RMSE": 3643.6063314157605, "RMSE": 1439.7125228776981, "RMSE_skane": 1265.455503323615, "RMSE_kronoberg": 174.25701955408314, "CV_RMSE_'skane": 2006.5362103439982, "CV_RMSE_kronoberg": 1637.0701210717623, "_timestamp": 1748521211.5305212, "_runtime": 1.2938542366027832, "_step": 0, "_wandb": {"runtime": 1}}