{"CV_RMSE": 300.8605232939018, "RMSE": 21.638318774333754, "RMSE_Kalmar": 14.379681522853557, "RMSE_Blekinge": 7.258637251480199, "CV_RMSE_'Kalmar": 139.15820828567956, "CV_RMSE_Blekinge": 161.70231500822226, "_timestamp": 1748475099.2979684, "_runtime": 1.3179914951324463, "_step": 0, "_wandb": {"runtime": 1}}