{"CV_RMSE": 305.6098057628344, "RMSE": 22.135303878070204, "RMSE_Kalmar": 14.881448508288011, "RMSE_Blekinge": 7.253855369782193, "CV_RMSE_'Kalmar": 144.01401782214202, "CV_RMSE_Blekinge": 161.59578794069242, "_timestamp": 1748515045.5815425, "_runtime": 1.2520194053649902, "_step": 0, "_wandb": {"runtime": 1}}