{"CV_RMSE": 270.8857895006514, "RMSE": 432.80542751447354, "RMSE_STHLM": 397.6141436505362, "RMSE_S\u00f6dermanland": 35.19128386393729, "CV_RMSE_STHLM": 141.61168551067772, "CV_RMSE_S\u00f6dermanland": 129.27410398997372, "_timestamp": 1748515439.8283505, "_runtime": 1.299741506576538, "_step": 0, "_wandb": {"runtime": 1}}