{"CV_RMSE": 3866.195085062659, "RMSE": 1519.3335049599598, "RMSE_skane": 1332.7393774027883, "RMSE_kronoberg": 186.59412755717162, "CV_RMSE_'skane": 2113.2231142750343, "CV_RMSE_kronoberg": 1752.971970787625, "_timestamp": 1748527441.8684807, "_runtime": 1.3255136013031006, "_step": 0, "_wandb": {"runtime": 1}}