{"CV_RMSE": 273.2379131407647, "RMSE": 434.1073149833701, "RMSE_STHLM": 398.3467600898501, "RMSE_S\u00f6dermanland": 35.76055489352003, "CV_RMSE_STHLM": 141.87260945028297, "CV_RMSE_S\u00f6dermanland": 131.36530369048174, "_timestamp": 1748449185.3498714, "_runtime": 1.3020884990692139, "_step": 0, "_wandb": {"runtime": 1}}