{"CV_RMSE": 306.53070338883686, "RMSE": 22.205348246248725, "RMSE_Kalmar": 14.932202987716105, "RMSE_Blekinge": 7.273145258532621, "CV_RMSE_'Kalmar": 144.50519020370425, "CV_RMSE_Blekinge": 162.02551318513264, "_timestamp": 1748469350.8537242, "_runtime": 1.3425023555755615, "_step": 0, "_wandb": {"runtime": 1}}