{"CV_RMSE": 303.86502462284625, "RMSE": 21.95026872132832, "RMSE_Kalmar": 14.692771894005547, "RMSE_Blekinge": 7.257496827322773, "CV_RMSE_'Kalmar": 142.1881151032795, "CV_RMSE_Blekinge": 161.67690951956672, "_timestamp": 1748510565.7255058, "_runtime": 1.3386788368225098, "_step": 0, "_wandb": {"runtime": 1}}