{"CV_RMSE": 212.84495829319678, "RMSE": 74.71982540703043, "RMSE_skane": 62.63530010640077, "RMSE_kronoberg": 12.084525300629663, "CV_RMSE_'skane": 99.31601496786591, "CV_RMSE_kronoberg": 113.52894332533086, "_timestamp": 1748554341.7306616, "_runtime": 1.3124525547027588, "_step": 0, "_wandb": {"runtime": 1}}