{"CV_RMSE": 3436.526013440246, "RMSE": 227.8624812345817, "RMSE_Kalmar": 130.13042124285582, "RMSE_Blekinge": 97.73205999172588, "CV_RMSE_'Kalmar": 1259.3266571889271, "CV_RMSE_Blekinge": 2177.199356251319, "_timestamp": 1748528346.4572854, "_runtime": 1.3132634162902832, "_step": 0, "_wandb": {"runtime": 1}}