{"CV_RMSE": 306.84866281347126, "RMSE": 22.248972388090323, "RMSE_Kalmar": 14.984097865660873, "RMSE_Blekinge": 7.26487452242945, "CV_RMSE_'Kalmar": 145.00739869994393, "CV_RMSE_Blekinge": 161.84126411352736, "_timestamp": 1748477278.529306, "_runtime": 1.2780959606170654, "_step": 0, "_wandb": {"runtime": 1}}