{"CV_RMSE": 3513.154642374844, "RMSE": 1670.1897055875536, "RMSE_skane": 1559.4369820455936, "RMSE_kronoberg": 110.75272354195995, "CV_RMSE_'skane": 2472.6802040892076, "CV_RMSE_kronoberg": 1040.4744382856363, "_timestamp": 1748538675.7092898, "_runtime": 1.2834067344665527, "_step": 0, "_wandb": {"runtime": 1}}