{"CV_RMSE": 263.0386719148197, "RMSE": 410.88693890624256, "RMSE_STHLM": 375.7079451708657, "RMSE_S\u00f6dermanland": 35.178993735376906, "CV_RMSE_STHLM": 133.8097153358841, "CV_RMSE_S\u00f6dermanland": 129.2289565789356, "_timestamp": 1748502010.166446, "_runtime": 1.329352855682373, "_step": 0, "_wandb": {"runtime": 1}}