{"CV_RMSE": 4323.757208878658, "RMSE": 1732.7473167338244, "RMSE_skane": 1530.8927308881923, "RMSE_kronoberg": 201.85458584563202, "CV_RMSE_'skane": 2427.419763564787, "CV_RMSE_kronoberg": 1896.3374453138708, "_timestamp": 1748546354.8527937, "_runtime": 1.366506576538086, "_step": 0, "_wandb": {"runtime": 1}}