{"CV_RMSE": 436.97213745686275, "RMSE": 644.8984105486863, "RMSE_STHLM": 582.4113595429311, "RMSE_S\u00f6dermanland": 62.48705100575529, "CV_RMSE_STHLM": 207.427868456129, "CV_RMSE_S\u00f6dermanland": 229.54426900073375, "_timestamp": 1748339432.723362, "_runtime": 1.3115160465240479, "_step": 0, "_wandb": {"runtime": 1}}