{"CV_RMSE": 4403.630333854384, "RMSE": 1740.3167428473303, "RMSE_skane": 1529.7707352268794, "RMSE_kronoberg": 210.54600762045092, "CV_RMSE_'skane": 2425.64070067687, "CV_RMSE_kronoberg": 1977.989633177514, "_timestamp": 1748509958.9212646, "_runtime": 1.3284046649932861, "_step": 0, "_wandb": {"runtime": 1}}