{"CV_RMSE": 275.02854626571906, "RMSE": 437.10983999225294, "RMSE_STHLM": 401.1318583470057, "RMSE_S\u00f6dermanland": 35.97798164524728, "CV_RMSE_STHLM": 142.8645320586882, "CV_RMSE_S\u00f6dermanland": 132.16401420703085, "_timestamp": 1748514862.2802114, "_runtime": 1.2773463726043701, "_step": 0, "_wandb": {"runtime": 1}}