{"CV_RMSE": 270.5072054617514, "RMSE": 426.934055749629, "RMSE_STHLM": 391.2265334900813, "RMSE_S\u00f6dermanland": 35.707522259547694, "CV_RMSE_STHLM": 139.33671552871908, "CV_RMSE_S\u00f6dermanland": 131.17048993303234, "_timestamp": 1748425738.614345, "_runtime": 1.2524750232696533, "_step": 0, "_wandb": {"runtime": 1}}