{"CV_RMSE": 306.35844356596886, "RMSE": 22.024091109859764, "RMSE_Kalmar": 14.625400965973894, "RMSE_Blekinge": 7.3986901438858705, "CV_RMSE_'Kalmar": 141.53613838039252, "CV_RMSE_Blekinge": 164.8223051855763, "_timestamp": 1748471009.8826854, "_runtime": 1.2752184867858887, "_step": 0, "_wandb": {"runtime": 1}}