{"CV_RMSE": 274.4760856458314, "RMSE": 437.0010246720474, "RMSE_STHLM": 401.1778988445898, "RMSE_S\u00f6dermanland": 35.8231258274576, "CV_RMSE_STHLM": 142.8809295449667, "CV_RMSE_S\u00f6dermanland": 131.59515610086467, "_timestamp": 1748526943.1754718, "_runtime": 1.3484556674957275, "_step": 0, "_wandb": {"runtime": 1}}