{"CV_RMSE": 275.1913078169814, "RMSE": 436.4020433906494, "RMSE_STHLM": 400.29900708162603, "RMSE_S\u00f6dermanland": 36.103036309023395, "CV_RMSE_STHLM": 142.56790913077302, "CV_RMSE_S\u00f6dermanland": 132.6233986862084, "_timestamp": 1748374279.5390072, "_runtime": 1.2542352676391602, "_step": 0, "_wandb": {"runtime": 1}}