{"CV_RMSE": 272.3728291678766, "RMSE": 436.79513162723487, "RMSE_STHLM": 401.5839243010762, "RMSE_S\u00f6dermanland": 35.21120732615865, "CV_RMSE_STHLM": 143.02553694933462, "CV_RMSE_S\u00f6dermanland": 129.34729221854198, "_timestamp": 1748565176.2445006, "_runtime": 1.2926476001739502, "_step": 0, "_wandb": {"runtime": 1}}