{"CV_RMSE": 269.54433319381684, "RMSE": 428.79738835569464, "RMSE_STHLM": 393.58017357681683, "RMSE_S\u00f6dermanland": 35.21721477887781, "CV_RMSE_STHLM": 140.17497278161264, "CV_RMSE_S\u00f6dermanland": 129.3693604122042, "_timestamp": 1748445623.5270917, "_runtime": 1.2891316413879395, "_step": 0, "_wandb": {"runtime": 1}}