{"CV_RMSE": 334.5707134191068, "RMSE": 461.7066194645288, "RMSE_STHLM": 410.4204973267638, "RMSE_S\u00f6dermanland": 51.28612213776498, "CV_RMSE_STHLM": 146.1727137293579, "CV_RMSE_S\u00f6dermanland": 188.3979996897489, "_timestamp": 1748503231.5453975, "_runtime": 1.343395471572876, "_step": 0, "_wandb": {"runtime": 1}}