{"CV_RMSE": 1003.6597526720047, "RMSE": 516.1990317355994, "RMSE_STHLM": 269.0674116762808, "RMSE_S\u00f6dermanland": 247.1316200593186, "CV_RMSE_STHLM": 95.82931163777315, "CV_RMSE_S\u00f6dermanland": 907.8304410342316, "_timestamp": 1748332296.3729682, "_runtime": 1.3020970821380615, "_step": 0, "_wandb": {"runtime": 1}}