{"CV_RMSE": 275.36283338608285, "RMSE": 436.91702195195745, "RMSE_STHLM": 400.81756862085507, "RMSE_S\u00f6dermanland": 36.099453331102374, "CV_RMSE_STHLM": 142.75259665958433, "CV_RMSE_S\u00f6dermanland": 132.61023672649853, "_timestamp": 1748349736.9518557, "_runtime": 1.2941997051239014, "_step": 0, "_wandb": {"runtime": 1}}