{"CV_RMSE": 305.8706922057397, "RMSE": 22.16193145611088, "RMSE_Kalmar": 14.907822098037082, "RMSE_Blekinge": 7.254109358073799, "CV_RMSE_'Kalmar": 144.26924611003628, "CV_RMSE_Blekinge": 161.60144609570344, "_timestamp": 1748478791.9762886, "_runtime": 1.3199355602264404, "_step": 0, "_wandb": {"runtime": 1}}