{"CV_RMSE": 306.0611613190181, "RMSE": 22.19654988572202, "RMSE_Kalmar": 14.953912761451594, "RMSE_Blekinge": 7.242637124270429, "CV_RMSE_'Kalmar": 144.71528478824123, "CV_RMSE_Blekinge": 161.34587653077688, "_timestamp": 1748476138.0043359, "_runtime": 1.2905468940734863, "_step": 0, "_wandb": {"runtime": 1}}