{"CV_RMSE": 717.263132799666, "RMSE": 973.3248373216092, "RMSE_STHLM": 861.6049824994013, "RMSE_S\u00f6dermanland": 111.71985482220782, "CV_RMSE_STHLM": 306.8636661058414, "CV_RMSE_S\u00f6dermanland": 410.39946669382465, "_timestamp": 1748356258.647964, "_runtime": 1.3485620021820068, "_step": 0, "_wandb": {"runtime": 1}}