{"CV_RMSE": 269.9345267090571, "RMSE": 436.8926997624312, "RMSE_STHLM": 402.42699024550564, "RMSE_S\u00f6dermanland": 34.465709516925585, "CV_RMSE_STHLM": 143.32579787137124, "CV_RMSE_S\u00f6dermanland": 126.60872883768583, "_timestamp": 1748557472.287056, "_runtime": 1.269942045211792, "_step": 0, "_wandb": {"runtime": 1}}