{"CV_RMSE": 220.44166100085536, "RMSE": 375.9419311603931, "RMSE_STHLM": 349.8519793005831, "RMSE_S\u00f6dermanland": 26.089951859810043, "CV_RMSE_STHLM": 124.60102151583887, "CV_RMSE_S\u00f6dermanland": 95.8406394850165, "_timestamp": 1748320516.9177651, "_runtime": 1.311359167098999, "_step": 0, "_wandb": {"runtime": 1}}