{"CV_RMSE": 272.0306742717575, "RMSE": 428.71558176525474, "RMSE_STHLM": 392.74008019620203, "RMSE_S\u00f6dermanland": 35.97550156905272, "CV_RMSE_STHLM": 139.8757705487067, "CV_RMSE_S\u00f6dermanland": 132.1549037230508, "_timestamp": 1748462722.9536161, "_runtime": 1.9455392360687256, "_step": 0, "_wandb": {"runtime": 1}}