{"CV_RMSE": 305.34002431947727, "RMSE": 22.134939775553818, "RMSE_Kalmar": 14.902216304197605, "RMSE_Blekinge": 7.232723471356214, "CV_RMSE_'Kalmar": 144.2149964922349, "CV_RMSE_Blekinge": 161.12502782724238, "_timestamp": 1748459730.9109128, "_runtime": 1.337641716003418, "_step": 0, "_wandb": {"runtime": 1}}