{"CV_RMSE": 2661.2071764167295, "RMSE": 191.0694011497493, "RMSE_Kalmar": 126.61219419098185, "RMSE_Blekinge": 64.45720695876744, "CV_RMSE_'Kalmar": 1225.279298622405, "CV_RMSE_Blekinge": 1435.9278777943243, "_timestamp": 1748574205.8291922, "_runtime": 1.408520221710205, "_step": 0, "_wandb": {"runtime": 1}}