{"CV_RMSE": 305.0905067656969, "RMSE": 22.1356551621991, "RMSE_Kalmar": 14.923284432952865, "RMSE_Blekinge": 7.212370729246237, "CV_RMSE_'Kalmar": 144.41888160922127, "CV_RMSE_Blekinge": 160.67162515647559, "_timestamp": 1748498981.153928, "_runtime": 1.3495991230010986, "_step": 0, "_wandb": {"runtime": 1}}