{"CV_RMSE": 4274.585616235696, "RMSE": 1770.834284397654, "RMSE_skane": 1583.0101653394001, "RMSE_kronoberg": 187.82411905825393, "CV_RMSE_'skane": 2510.0584017009514, "CV_RMSE_kronoberg": 1764.5272145347446, "_timestamp": 1748503174.5558937, "_runtime": 1.3330366611480713, "_step": 0, "_wandb": {"runtime": 1}}