{"CV_RMSE": 260.74544274995515, "RMSE": 410.4831308674022, "RMSE_STHLM": 375.9520740790702, "RMSE_S\u00f6dermanland": 34.531056788332016, "CV_RMSE_STHLM": 133.8966627111845, "CV_RMSE_S\u00f6dermanland": 126.84878003877067, "_timestamp": 1748322149.2915366, "_runtime": 1.3548345565795898, "_step": 0, "_wandb": {"runtime": 1}}