{"CV_RMSE": 1518.3702390969543, "RMSE": 2040.2901411772818, "RMSE_STHLM": 1801.6292129228655, "RMSE_S\u00f6dermanland": 238.66092825441626, "CV_RMSE_STHLM": 641.6566251011393, "CV_RMSE_S\u00f6dermanland": 876.7136139958149, "_timestamp": 1748302288.956758, "_runtime": 1.461961030960083, "_step": 0, "_wandb": {"runtime": 1}}