{"CV_RMSE": 1990.0117477101153, "RMSE": 831.6374435512413, "RMSE_skane": 745.6658510416162, "RMSE_kronoberg": 85.97159250962514, "CV_RMSE_'skane": 1182.3454297700043, "CV_RMSE_kronoberg": 807.666317940111, "_timestamp": 1748540268.4509964, "_runtime": 1.3957114219665527, "_step": 0, "_wandb": {"runtime": 1}}