{"CV_RMSE": 1632.617276060985, "RMSE": 2548.28130036992, "RMSE_STHLM": 2329.7196983945914, "RMSE_S\u00f6dermanland": 218.56160197532836, "CV_RMSE_STHLM": 829.7379218659012, "CV_RMSE_S\u00f6dermanland": 802.8793541950838, "_timestamp": 1748317463.2448003, "_runtime": 1.2536802291870117, "_step": 0, "_wandb": {"runtime": 1}}