{"CV_RMSE": 3846.118280857416, "RMSE": 1293.2922613098003, "RMSE_skane": 1063.3709750792075, "RMSE_kronoberg": 229.92128623059284, "CV_RMSE_'skane": 1686.1061972714704, "CV_RMSE_kronoberg": 2160.0120835859457, "_timestamp": 1748520933.8827016, "_runtime": 1.3620777130126953, "_step": 0, "_wandb": {"runtime": 1}}