{"CV_RMSE": 4869.200852934049, "RMSE": 1938.501003631929, "RMSE_skane": 1708.5766039756124, "RMSE_kronoberg": 229.92439965631667, "CV_RMSE_'skane": 2709.159520045897, "CV_RMSE_kronoberg": 2160.0413328881527, "_timestamp": 1748507477.6330075, "_runtime": 1.3485205173492432, "_step": 0, "_wandb": {"runtime": 1}}