{"CV_RMSE": 1230.968537920843, "RMSE": 1619.198942312768, "RMSE_STHLM": 1421.965657876651, "RMSE_S\u00f6dermanland": 197.23328443611706, "CV_RMSE_STHLM": 506.43810529837197, "CV_RMSE_S\u00f6dermanland": 724.5304326224709, "_timestamp": 1748290921.758169, "_runtime": 1.3013639450073242, "_step": 0, "_wandb": {"runtime": 1}}