{"CV_RMSE": 3811.2208074047066, "RMSE": 1786.6243437179562, "RMSE_skane": 1661.3441011346092, "RMSE_kronoberg": 125.28024258334689, "CV_RMSE_'skane": 2634.266545139443, "CV_RMSE_kronoberg": 1176.9542622652632, "_timestamp": 1748503116.8477209, "_runtime": 1.254584789276123, "_step": 0, "_wandb": {"runtime": 1}}