{"CV_RMSE": 538.5241804689463, "RMSE": 1212.0546732924504, "RMSE_STHLM": 1179.8459175567184, "RMSE_S\u00f6dermanland": 32.208755735731984, "CV_RMSE_STHLM": 420.2063022560532, "CV_RMSE_S\u00f6dermanland": 118.317878212893, "_timestamp": 1748371473.7426128, "_runtime": 1.306548833847046, "_step": 0, "_wandb": {"runtime": 1}}