{"CV_RMSE": 3832.2891695956973, "RMSE": 248.28790900595033, "RMSE_Kalmar": 134.83356814096092, "RMSE_Blekinge": 113.45434086498942, "CV_RMSE_'Kalmar": 1304.8409820092993, "CV_RMSE_Blekinge": 2527.448187586398, "_timestamp": 1748503865.6561584, "_runtime": 1.377089500427246, "_step": 0, "_wandb": {"runtime": 1}}