{"CV_RMSE": 4178.760596594754, "RMSE": 1855.5851825074844, "RMSE_skane": 1697.2410958759344, "RMSE_kronoberg": 158.34408663155003, "CV_RMSE_'skane": 2691.1856699935533, "CV_RMSE_kronoberg": 1487.5749266012008, "_timestamp": 1748515553.3019845, "_runtime": 8.597941637039185, "_step": 0, "_wandb": {"runtime": 1}}