{"CV_RMSE": 3422.20529982346, "RMSE": 180.12167400681986, "RMSE_Kalmar": 46.85835153937723, "RMSE_Blekinge": 133.26332246744263, "CV_RMSE_'Kalmar": 453.46791812300546, "CV_RMSE_Blekinge": 2968.7373817004545, "_timestamp": 1748538473.6356182, "_runtime": 1.418837308883667, "_step": 0, "_wandb": {"runtime": 1}}