{"CV_RMSE": 306.3266551780956, "RMSE": 22.098143193700572, "RMSE_Kalmar": 14.758852481571545, "RMSE_Blekinge": 7.339290712129029, "CV_RMSE_'Kalmar": 142.82760466036976, "CV_RMSE_Blekinge": 163.4990505177259, "_timestamp": 1748468988.604016, "_runtime": 1.3281331062316895, "_step": 0, "_wandb": {"runtime": 1}}