{"CV_RMSE": 300.9861995418895, "RMSE": 21.878626563629005, "RMSE_Kalmar": 14.794585856716532, "RMSE_Blekinge": 7.084040706912475, "CV_RMSE_'Kalmar": 143.1734115166116, "CV_RMSE_Blekinge": 157.8127880252779, "_timestamp": 1748538189.7960105, "_runtime": 1.3879644870758057, "_step": 0, "_wandb": {"runtime": 1}}