{"CV_RMSE": 272.5199966172738, "RMSE": 434.18364523947423, "RMSE_STHLM": 398.64770019594545, "RMSE_S\u00f6dermanland": 35.53594504352878, "CV_RMSE_STHLM": 141.9797903349232, "CV_RMSE_S\u00f6dermanland": 130.54020628235062, "_timestamp": 1748432972.8521295, "_runtime": 1.295708417892456, "_step": 0, "_wandb": {"runtime": 1}}