{"CV_RMSE": 3594.512411321636, "RMSE": 1406.01940464274, "RMSE_skane": 1231.207805163862, "RMSE_kronoberg": 174.8115994788779, "CV_RMSE_'skane": 1952.232249202741, "CV_RMSE_kronoberg": 1642.2801621188949, "_timestamp": 1748552797.8567379, "_runtime": 1.336129903793335, "_step": 0, "_wandb": {"runtime": 4}}