{"CV_RMSE": 4339.732307944574, "RMSE": 1649.449755472967, "RMSE_skane": 1428.6356787961745, "RMSE_kronoberg": 220.81407667679235, "CV_RMSE_'skane": 2265.2785604590504, "CV_RMSE_kronoberg": 2074.4537474855233, "_timestamp": 1748533492.0043092, "_runtime": 1.2724902629852295, "_step": 0, "_wandb": {"runtime": 1}}