{"CV_RMSE": 5022.208598643936, "RMSE": 1895.5451718906052, "RMSE_skane": 1637.3045995762002, "RMSE_kronoberg": 258.2405723144049, "CV_RMSE_'skane": 2596.14894224556, "CV_RMSE_kronoberg": 2426.0596563983763, "_timestamp": 1748577617.267696, "_runtime": 1.5937819480895996, "_step": 0, "_wandb": {"runtime": 1}}