{"CV_RMSE": 255.7267913944604, "RMSE": 400.63386961275853, "RMSE_STHLM": 366.55824189605386, "RMSE_S\u00f6dermanland": 34.07562771670468, "CV_RMSE_STHLM": 130.55101610860646, "CV_RMSE_S\u00f6dermanland": 125.17577528585393, "_timestamp": 1748428730.0926878, "_runtime": 1.273378849029541, "_step": 0, "_wandb": {"runtime": 1}}