{"CV_RMSE": 305.9545351423991, "RMSE": 22.168065964134822, "RMSE_Kalmar": 14.912013978898663, "RMSE_Blekinge": 7.256051985236159, "CV_RMSE_'Kalmar": 144.30981269901932, "CV_RMSE_Blekinge": 161.64472244337978, "_timestamp": 1748503041.6962366, "_runtime": 1.3482046127319336, "_step": 0, "_wandb": {"runtime": 1}}