{"CV_RMSE": 776.8006590153398, "RMSE": 1252.5861012491243, "RMSE_STHLM": 1152.9007839442017, "RMSE_S\u00f6dermanland": 99.68531730492262, "CV_RMSE_STHLM": 410.6096974870525, "CV_RMSE_S\u00f6dermanland": 366.19096152828723, "_timestamp": 1748298721.8927925, "_runtime": 1.2811765670776367, "_step": 0, "_wandb": {"runtime": 1}}