{"CV_RMSE": 1013.7019442566196, "RMSE": 1505.3552420015578, "RMSE_STHLM": 1361.3941706425678, "RMSE_S\u00f6dermanland": 143.96107135898995, "CV_RMSE_STHLM": 484.8653555909423, "CV_RMSE_S\u00f6dermanland": 528.8365886656774, "_timestamp": 1748298711.6404831, "_runtime": 1.2842631340026855, "_step": 0, "_wandb": {"runtime": 1}}