{"CV_RMSE": 755.8859445598644, "RMSE": 1117.6006077405714, "RMSE_STHLM": 1009.7276928708741, "RMSE_S\u00f6dermanland": 107.87291486969737, "CV_RMSE_STHLM": 359.618094018119, "CV_RMSE_S\u00f6dermanland": 396.2678505417454, "_timestamp": 1748291001.2045653, "_runtime": 1.2735493183135986, "_step": 0, "_wandb": {"runtime": 1}}