{"CV_RMSE": 269.22588463194074, "RMSE": 426.630484086302, "RMSE_STHLM": 391.276622063284, "RMSE_S\u00f6dermanland": 35.35386202301801, "CV_RMSE_STHLM": 139.35455475146642, "CV_RMSE_S\u00f6dermanland": 129.87132988047432, "_timestamp": 1748556177.9980514, "_runtime": 1.3263335227966309, "_step": 0, "_wandb": {"runtime": 1}}