{"CV_RMSE": 4599.440580396324, "RMSE": 1829.5805674789808, "RMSE_skane": 1612.0846595452067, "RMSE_kronoberg": 217.4959079337742, "CV_RMSE_'skane": 2556.1596081583616, "CV_RMSE_kronoberg": 2043.280972237962, "_timestamp": 1748566104.8842416, "_runtime": 1.2947556972503662, "_step": 0, "_wandb": {"runtime": 1}}