{"CV_RMSE": 1816.51658012268, "RMSE": 156.72977276777078, "RMSE_Kalmar": 132.93759792618252, "RMSE_Blekinge": 23.792174841588253, "CV_RMSE_'Kalmar": 1286.4928831566049, "CV_RMSE_Blekinge": 530.0236969660749, "_timestamp": 1748577855.883666, "_runtime": 1.353377103805542, "_step": 0, "_wandb": {"runtime": 1}}