{"CV_RMSE": 269.96277644808015, "RMSE": 423.904202561391, "RMSE_STHLM": 388.03550664364514, "RMSE_S\u00f6dermanland": 35.86869591774585, "CV_RMSE_STHLM": 138.20022001554437, "CV_RMSE_S\u00f6dermanland": 131.7625564325358, "_timestamp": 1748444116.2713227, "_runtime": 1.286111831665039, "_step": 0, "_wandb": {"runtime": 1}}