{"CV_RMSE": 3120.112745816539, "RMSE": 215.00109291135072, "RMSE_Kalmar": 132.50325027668268, "RMSE_Blekinge": 82.49784263466806, "CV_RMSE_'Kalmar": 1282.2895188066066, "CV_RMSE_Blekinge": 1837.8232270099322, "_timestamp": 1748504092.069985, "_runtime": 1.430924892425537, "_step": 0, "_wandb": {"runtime": 1}}