{"CV_RMSE": 272.18375228791535, "RMSE": 428.8480694498816, "RMSE_STHLM": 392.8406468751256, "RMSE_S\u00f6dermanland": 36.007422574755985, "CV_RMSE_STHLM": 139.9115877275873, "CV_RMSE_S\u00f6dermanland": 132.2721645603281, "_timestamp": 1748559021.2269416, "_runtime": 1.4037425518035889, "_step": 0, "_wandb": {"runtime": 1}}