{"CV_RMSE": 2964.853984646025, "RMSE": 198.95881315037423, "RMSE_Kalmar": 116.46183501424329, "RMSE_Blekinge": 82.49697813613093, "CV_RMSE_'Kalmar": 1127.0500162668704, "CV_RMSE_Blekinge": 1837.8039683791544, "_timestamp": 1748517472.3418043, "_runtime": 1.3548853397369385, "_step": 0, "_wandb": {"runtime": 1}}