{"CV_RMSE": 269.37423820026913, "RMSE": 424.376915364172, "RMSE_STHLM": 388.73638481321296, "RMSE_S\u00f6dermanland": 35.64053055095905, "CV_RMSE_STHLM": 138.44984025797058, "CV_RMSE_S\u00f6dermanland": 130.92439794229855, "_timestamp": 1748488619.2793891, "_runtime": 1.2783501148223877, "_step": 0, "_wandb": {"runtime": 1}}