{"CV_RMSE": 306.9235704664284, "RMSE": 22.254418348521643, "RMSE_Kalmar": 14.987781512775598, "RMSE_Blekinge": 7.266636835746045, "CV_RMSE_'Kalmar": 145.04304689782836, "CV_RMSE_Blekinge": 161.8805235686, "_timestamp": 1748503261.730572, "_runtime": 1.328268051147461, "_step": 0, "_wandb": {"runtime": 1}}