{"CV_RMSE": 4947.824161251704, "RMSE": 1909.9167138687603, "RMSE_skane": 1664.1198523257547, "RMSE_kronoberg": 245.79686154300563, "CV_RMSE_'skane": 2638.6678419541563, "CV_RMSE_kronoberg": 2309.1563192975477, "_timestamp": 1748558628.2973158, "_runtime": 1.3034818172454834, "_step": 0, "_wandb": {"runtime": 1}}