{"CV_RMSE": 3778.3284299709117, "RMSE": 246.32940715856245, "RMSE_Kalmar": 135.6534812438734, "RMSE_Blekinge": 110.67592591468905, "CV_RMSE_'Kalmar": 1312.7756249407103, "CV_RMSE_Blekinge": 2465.5528050302014, "_timestamp": 1748542035.7179716, "_runtime": 1.3610365390777588, "_step": 0, "_wandb": {"runtime": 1}}