{"CV_RMSE": 4986.089484417828, "RMSE": 1924.299040300486, "RMSE_skane": 1676.5223518798873, "RMSE_kronoberg": 247.7766884205988, "CV_RMSE_'skane": 2658.333538921597, "CV_RMSE_kronoberg": 2327.755945496231, "_timestamp": 1748509386.373549, "_runtime": 1.2592380046844482, "_step": 0, "_wandb": {"runtime": 1}}