{"CV_RMSE": 2410.715827480546, "RMSE": 182.70360151365446, "RMSE_Kalmar": 131.70151963842355, "RMSE_Blekinge": 51.00208187523091, "CV_RMSE_'Kalmar": 1274.5308352105503, "CV_RMSE_Blekinge": 1136.1849922699955, "_timestamp": 1748537101.2980413, "_runtime": 1.3884203433990479, "_step": 0, "_wandb": {"runtime": 1}}