{"CV_RMSE": 393.66785024651585, "RMSE": 456.1513507501131, "RMSE_STHLM": 386.45405877184277, "RMSE_S\u00f6dermanland": 69.69729197827039, "CV_RMSE_STHLM": 137.63698175491035, "CV_RMSE_S\u00f6dermanland": 256.03086849160553, "_timestamp": 1748359196.889505, "_runtime": 1.4502229690551758, "_step": 0, "_wandb": {"runtime": 1}}