{"CV_RMSE": 269.68181395799206, "RMSE": 430.28779039805045, "RMSE_STHLM": 395.1891447335105, "RMSE_S\u00f6dermanland": 35.09864566453993, "CV_RMSE_STHLM": 140.74801355764126, "CV_RMSE_S\u00f6dermanland": 128.93380040035078, "_timestamp": 1748551650.3521268, "_runtime": 1.3197448253631592, "_step": 0, "_wandb": {"runtime": 1}}