{"CV_RMSE": 3925.208472244557, "RMSE": 1405.7158582400987, "RMSE_skane": 1188.4942751634972, "RMSE_kronoberg": 217.2215830766015, "CV_RMSE_'skane": 1884.504664635566, "CV_RMSE_kronoberg": 2040.7038076089912, "_timestamp": 1748525899.4027724, "_runtime": 1.3337523937225342, "_step": 0, "_wandb": {"runtime": 1}}