{"CV_RMSE": 275.33198757873487, "RMSE": 437.02882470256657, "RMSE_STHLM": 400.95067315767784, "RMSE_S\u00f6dermanland": 36.07815154488874, "CV_RMSE_STHLM": 142.80000231179662, "CV_RMSE_S\u00f6dermanland": 132.53198526693825, "_timestamp": 1748501251.4624786, "_runtime": 1.2593727111816406, "_step": 0, "_wandb": {"runtime": 1}}