{"CV_RMSE": 4389.073253968529, "RMSE": 304.287129601003, "RMSE_Kalmar": 189.65371182495556, "RMSE_Blekinge": 114.63341777604744, "CV_RMSE_'Kalmar": 1835.358501531828, "CV_RMSE_Blekinge": 2553.7147524367006, "_timestamp": 1748501991.5799809, "_runtime": 1.3212778568267822, "_step": 0, "_wandb": {"runtime": 1}}