{"CV_RMSE": 4860.305220602124, "RMSE": 1866.4172282600684, "RMSE_skane": 1622.995222515413, "RMSE_kronoberg": 243.4220057446556, "CV_RMSE_'skane": 2573.4596551512886, "CV_RMSE_kronoberg": 2286.8455654508352, "_timestamp": 1748525228.5529935, "_runtime": 1.3140714168548584, "_step": 0, "_wandb": {"runtime": 1}}