{"CV_RMSE": 1123.590609165737, "RMSE": 2054.540484457019, "RMSE_STHLM": 1936.4152418964618, "RMSE_S\u00f6dermanland": 118.12524256055727, "CV_RMSE_STHLM": 689.6611466983837, "CV_RMSE_S\u00f6dermanland": 433.92946246735323, "_timestamp": 1748323801.2816603, "_runtime": 1.395334243774414, "_step": 0, "_wandb": {"runtime": 1}}