{"CV_RMSE": 273.38654191880653, "RMSE": 407.9803502519649, "RMSE_STHLM": 369.3699492053666, "RMSE_S\u00f6dermanland": 38.61040104659832, "CV_RMSE_STHLM": 131.55241562518003, "CV_RMSE_S\u00f6dermanland": 141.83412629362647, "_timestamp": 1748513454.6178112, "_runtime": 1.3543453216552734, "_step": 0, "_wandb": {"runtime": 1}}