{"CV_RMSE": 1780.7763678960507, "RMSE": 2250.348002350862, "RMSE_STHLM": 1955.1373555052105, "RMSE_S\u00f6dermanland": 295.2106468456512, "CV_RMSE_STHLM": 696.3290937691688, "CV_RMSE_S\u00f6dermanland": 1084.447274126882, "_timestamp": 1748321366.5457027, "_runtime": 1.2447845935821533, "_step": 0, "_wandb": {"runtime": 1}}