{"CV_RMSE": 728.9753327341202, "RMSE": 1097.1743861653651, "RMSE_STHLM": 995.2206365421195, "RMSE_S\u00f6dermanland": 101.95374962324561, "CV_RMSE_STHLM": 354.4513545262792, "CV_RMSE_S\u00f6dermanland": 374.5239782078411, "_timestamp": 1748328399.0315247, "_runtime": 1.2929136753082275, "_step": 0, "_wandb": {"runtime": 1}}