{"CV_RMSE": 2858.317453799262, "RMSE": 179.17990531474388, "RMSE_Kalmar": 89.94693150463615, "RMSE_Blekinge": 89.23297381010772, "CV_RMSE_'Kalmar": 870.4541758513176, "CV_RMSE_Blekinge": 1987.8632779479444, "_timestamp": 1748537623.6876345, "_runtime": 1.3459184169769287, "_step": 0, "_wandb": {"runtime": 1}}