{"CV_RMSE": 3030.182661970965, "RMSE": 163.21235886896758, "RMSE_Kalmar": 48.07503463826104, "RMSE_Blekinge": 115.13732423070654, "CV_RMSE_'Kalmar": 465.24227069284876, "CV_RMSE_Blekinge": 2564.9403912781163, "_timestamp": 1748524938.1423001, "_runtime": 1.3814051151275635, "_step": 0, "_wandb": {"runtime": 1}}