{"CV_RMSE": 2983.2133581331746, "RMSE": 177.47875475075213, "RMSE_Kalmar": 77.02666969708466, "RMSE_Blekinge": 100.45208505366747, "CV_RMSE_'Kalmar": 745.4193841653353, "CV_RMSE_Blekinge": 2237.7939739678395, "_timestamp": 1748544100.38641, "_runtime": 1.3021399974822998, "_step": 0, "_wandb": {"runtime": 1}}