{"CV_RMSE": 3457.5240988896503, "RMSE": 241.3246911098821, "RMSE_Kalmar": 152.2658872317055, "RMSE_Blekinge": 89.05880387817662, "CV_RMSE_'Kalmar": 1473.5408441777952, "CV_RMSE_Blekinge": 1983.9832547118554, "_timestamp": 1748502957.1050115, "_runtime": 1.3766765594482422, "_step": 0, "_wandb": {"runtime": 1}}