{"CV_RMSE": 268.5529262228574, "RMSE": 421.1399239683072, "RMSE_STHLM": 385.399446958154, "RMSE_S\u00f6dermanland": 35.74047701015321, "CV_RMSE_STHLM": 137.26137802229465, "CV_RMSE_S\u00f6dermanland": 131.2915482005628, "_timestamp": 1748309141.6154492, "_runtime": 1.283717155456543, "_step": 0, "_wandb": {"runtime": 1}}