{"CV_RMSE": 5025.222925088735, "RMSE": 1914.553722065426, "RMSE_skane": 1659.7868672870877, "RMSE_kronoberg": 254.7668547783383, "CV_RMSE_'skane": 2631.797358277623, "CV_RMSE_kronoberg": 2393.425566811112, "_timestamp": 1748503140.1071758, "_runtime": 1.263814926147461, "_step": 0, "_wandb": {"runtime": 1}}