{"CV_RMSE": 271.7679509036441, "RMSE": 428.56471941764966, "RMSE_STHLM": 392.6522185450633, "RMSE_S\u00f6dermanland": 35.91250087258635, "CV_RMSE_STHLM": 139.84447831046973, "CV_RMSE_S\u00f6dermanland": 131.92347259317435, "_timestamp": 1748375098.77611, "_runtime": 1.2868800163269043, "_step": 0, "_wandb": {"runtime": 1}}