{"CV_RMSE": 3373.0926062854783, "RMSE": 1497.3327643801504, "RMSE_skane": 1369.4171634618442, "RMSE_kronoberg": 127.91560091830604, "CV_RMSE_'skane": 2171.38028033062, "CV_RMSE_kronoberg": 1201.7123259548584, "_timestamp": 1748557123.0948622, "_runtime": 1.2743573188781738, "_step": 0, "_wandb": {"runtime": 1}}