{"CV_RMSE": 895.9385119929723, "RMSE": 469.5553205216029, "RMSE_skane": 450.1672453771485, "RMSE_kronoberg": 19.388075144454376, "CV_RMSE_'skane": 713.7958436212714, "CV_RMSE_kronoberg": 182.14266837170084, "_timestamp": 1748579652.4208322, "_runtime": 1.3065192699432373, "_step": 0, "_wandb": {"runtime": 1}}