{"CV_RMSE": 3525.8355779690455, "RMSE": 243.62307154314468, "RMSE_Kalmar": 150.90793524748437, "RMSE_Blekinge": 92.7151362956603, "CV_RMSE_'Kalmar": 1460.399373362752, "CV_RMSE_Blekinge": 2065.436204606294, "_timestamp": 1748564613.1528652, "_runtime": 1.3741481304168701, "_step": 0, "_wandb": {"runtime": 1}}