{"CV_RMSE": 274.89171481989274, "RMSE": 436.7111700181028, "RMSE_STHLM": 400.7316340205732, "RMSE_S\u00f6dermanland": 35.979535997529574, "CV_RMSE_STHLM": 142.72199074733513, "CV_RMSE_S\u00f6dermanland": 132.1697240725576, "_timestamp": 1748512682.5295591, "_runtime": 1.2753891944885254, "_step": 0, "_wandb": {"runtime": 1}}