{"CV_RMSE": 260.85494619077474, "RMSE": 408.18821023424687, "RMSE_STHLM": 373.3777566096242, "RMSE_S\u00f6dermanland": 34.81045362462268, "CV_RMSE_STHLM": 132.97981042685467, "CV_RMSE_S\u00f6dermanland": 127.87513576392006, "_timestamp": 1748529092.553137, "_runtime": 1.490218162536621, "_step": 0, "_wandb": {"runtime": 1}}