{"CV_RMSE": 838.9326086601886, "RMSE": 413.148602109229, "RMSE_skane": 389.60709636466356, "RMSE_kronoberg": 23.541505744565445, "CV_RMSE_'skane": 617.7702373646886, "CV_RMSE_kronoberg": 221.1623712955, "_timestamp": 1748551712.928478, "_runtime": 1.3426170349121094, "_step": 0, "_wandb": {"runtime": 1}}