{"CV_RMSE": 3557.7106542540578, "RMSE": 1716.6421992591108, "RMSE_skane": 1609.6159905726372, "RMSE_kronoberg": 107.02620868647368, "CV_RMSE_'skane": 2552.245228180714, "CV_RMSE_kronoberg": 1005.4654260733436, "_timestamp": 1748512559.6763823, "_runtime": 1.3494863510131836, "_step": 0, "_wandb": {"runtime": 1}}