{"CV_RMSE": 1161.1234625465001, "RMSE": 1539.1326125483442, "RMSE_STHLM": 1354.357945371615, "RMSE_S\u00f6dermanland": 184.77466717672925, "CV_RMSE_STHLM": 482.3593790401478, "CV_RMSE_S\u00f6dermanland": 678.7640835063523, "_timestamp": 1748339832.3242273, "_runtime": 1.3293204307556152, "_step": 0, "_wandb": {"runtime": 1}}