{"CV_RMSE": 832.7693274368769, "RMSE": 1721.4334026176882, "RMSE_STHLM": 1655.2127789547797, "RMSE_S\u00f6dermanland": 66.22062366290862, "CV_RMSE_STHLM": 589.509893573131, "CV_RMSE_S\u00f6dermanland": 243.25943386374595, "_timestamp": 1748314071.437575, "_runtime": 1.2832272052764893, "_step": 0, "_wandb": {"runtime": 1}}