{"CV_RMSE": 4573.013328385353, "RMSE": 1912.263967460969, "RMSE_skane": 1714.9413276633536, "RMSE_kronoberg": 197.32263979761544, "CV_RMSE_'skane": 2719.2515766332244, "CV_RMSE_kronoberg": 1853.7617517521285, "_timestamp": 1748534647.0811203, "_runtime": 1.3173532485961914, "_step": 0, "_wandb": {"runtime": 1}}