{"CV_RMSE": 334.9286925530972, "RMSE": 302.16388782704973, "RMSE_STHLM": 233.64103252266455, "RMSE_S\u00f6dermanland": 68.52285530438519, "CV_RMSE_STHLM": 83.21208123086588, "CV_RMSE_S\u00f6dermanland": 251.71661132223133, "_timestamp": 1748333602.8398552, "_runtime": 1.3023521900177002, "_step": 0, "_wandb": {"runtime": 1}}