{"CV_RMSE": 1051.868055480393, "RMSE": 1181.1469458007825, "RMSE_STHLM": 990.8731169860631, "RMSE_S\u00f6dermanland": 190.2738288147195, "CV_RMSE_STHLM": 352.9029700385662, "CV_RMSE_S\u00f6dermanland": 698.9650854418268, "_timestamp": 1748342384.936516, "_runtime": 1.3651721477508545, "_step": 0, "_wandb": {"runtime": 1}}