{"CV_RMSE": 818.3034131764026, "RMSE": 445.9613403172285, "RMSE_skane": 431.7242692960762, "RMSE_kronoberg": 14.237071021152277, "CV_RMSE_'skane": 684.5522240424042, "CV_RMSE_kronoberg": 133.75118913399842, "_timestamp": 1748574650.1120775, "_runtime": 1.5894384384155273, "_step": 0, "_wandb": {"runtime": 1}}