{"CV_RMSE": 272.5416106410295, "RMSE": 435.6713550661852, "RMSE_STHLM": 400.28861795452525, "RMSE_S\u00f6dermanland": 35.382737111659914, "CV_RMSE_STHLM": 142.56420900636041, "CV_RMSE_S\u00f6dermanland": 129.97740163466906, "_timestamp": 1748431802.3673224, "_runtime": 1.334348440170288, "_step": 0, "_wandb": {"runtime": 1}}