{"CV_RMSE": 306.91484453729004, "RMSE": 22.25382691171461, "RMSE_Kalmar": 14.987428361111249, "RMSE_Blekinge": 7.266398550603362, "CV_RMSE_'Kalmar": 145.0396293010766, "CV_RMSE_Blekinge": 161.87521523621348, "_timestamp": 1748461656.6634243, "_runtime": 1.2582123279571533, "_step": 0, "_wandb": {"runtime": 1}}