{"CV_RMSE": 506.7270423462603, "RMSE": 528.0355601224593, "RMSE_STHLM": 431.9743702231494, "RMSE_S\u00f6dermanland": 96.06118989930988, "CV_RMSE_STHLM": 153.84920189981577, "CV_RMSE_S\u00f6dermanland": 352.8778404464445, "_timestamp": 1748467205.795633, "_runtime": 1.3241100311279297, "_step": 0, "_wandb": {"runtime": 1}}