{"CV_RMSE": 275.41281854340025, "RMSE": 436.67684453816514, "RMSE_STHLM": 400.53653733598776, "RMSE_S\u00f6dermanland": 36.140307202177354, "CV_RMSE_STHLM": 142.65250637213651, "CV_RMSE_S\u00f6dermanland": 132.76031217126376, "_timestamp": 1748440925.1525815, "_runtime": 1.4103474617004395, "_step": 0, "_wandb": {"runtime": 1}}