{"CV_RMSE": 712.9153535504198, "RMSE": 1549.8367146728715, "RMSE_STHLM": 1501.3229384882382, "RMSE_S\u00f6dermanland": 48.51377618463336, "CV_RMSE_STHLM": 534.7014818517666, "CV_RMSE_S\u00f6dermanland": 178.21387169865318, "_timestamp": 1748338639.11361, "_runtime": 1.3311519622802734, "_step": 0, "_wandb": {"runtime": 1}}