{"CV_RMSE": 1094.5806538775387, "RMSE": 1994.2490652407355, "RMSE_STHLM": 1878.3958260549286, "RMSE_S\u00f6dermanland": 115.85323918580687, "CV_RMSE_STHLM": 668.9973262562073, "CV_RMSE_S\u00f6dermanland": 425.58332762133136, "_timestamp": 1748316038.088328, "_runtime": 1.3036119937896729, "_step": 0, "_wandb": {"runtime": 1}}