{"CV_RMSE": 4272.894390253372, "RMSE": 1785.4313551082437, "RMSE_skane": 1600.787777889705, "RMSE_kronoberg": 184.64357721853855, "CV_RMSE_'skane": 2538.2470051105256, "CV_RMSE_kronoberg": 1734.6473851428466, "_timestamp": 1748557640.3225963, "_runtime": 1.3088123798370361, "_step": 0, "_wandb": {"runtime": 1}}