{"CV_RMSE": 968.3339935880397, "RMSE": 1400.240902918728, "RMSE_STHLM": 1258.6706519952302, "RMSE_S\u00f6dermanland": 141.57025092349775, "CV_RMSE_STHLM": 448.2800106037622, "CV_RMSE_S\u00f6dermanland": 520.0539829842775, "_timestamp": 1748300430.8720412, "_runtime": 1.2826111316680908, "_step": 0, "_wandb": {"runtime": 1}}