{"CV_RMSE": 2040.9210553535129, "RMSE": 686.0281872559067, "RMSE_skane": 563.9709683910799, "RMSE_kronoberg": 122.05721886482685, "CV_RMSE_'skane": 894.245721550338, "CV_RMSE_kronoberg": 1146.675333803175, "_timestamp": 1748571162.5702522, "_runtime": 1.397947072982788, "_step": 0, "_wandb": {"runtime": 1}}