{"CV_RMSE": 4967.883608807988, "RMSE": 1925.71759336443, "RMSE_skane": 1680.5603571453385, "RMSE_kronoberg": 245.15723621909166, "CV_RMSE_'skane": 2664.7362956849975, "CV_RMSE_kronoberg": 2303.1473131229905, "_timestamp": 1748541141.367791, "_runtime": 1.2453148365020752, "_step": 0, "_wandb": {"runtime": 1}}