{"CV_RMSE": 3847.6998031026747, "RMSE": 246.40551730052346, "RMSE_Kalmar": 130.28230033452562, "RMSE_Blekinge": 116.12321696599783, "CV_RMSE_'Kalmar": 1260.7964548502478, "CV_RMSE_Blekinge": 2586.903348252427, "_timestamp": 1748564482.3900414, "_runtime": 1.3489153385162354, "_step": 0, "_wandb": {"runtime": 1}}