{"CV_RMSE": 301.8309218785157, "RMSE": 21.751096099404748, "RMSE_Kalmar": 14.502061762531017, "RMSE_Blekinge": 7.249034336873732, "CV_RMSE_'Kalmar": 140.34253318578405, "CV_RMSE_Blekinge": 161.48838869273166, "_timestamp": 1748472886.3806667, "_runtime": 1.287172794342041, "_step": 0, "_wandb": {"runtime": 1}}