{"CV_RMSE": 306.28761610835556, "RMSE": 22.19491107939058, "RMSE_Kalmar": 14.933042376482424, "RMSE_Blekinge": 7.261868702908156, "CV_RMSE_'Kalmar": 144.51331332079764, "CV_RMSE_Blekinge": 161.77430278755793, "_timestamp": 1748474830.994326, "_runtime": 1.2582080364227295, "_step": 0, "_wandb": {"runtime": 1}}