{"CV_RMSE": 6835.0111612387245, "RMSE": 469.0015300551588, "RMSE_Kalmar": 286.7537839165749, "RMSE_Blekinge": 182.2477461385839, "CV_RMSE_'Kalmar": 2775.036618547499, "CV_RMSE_Blekinge": 4059.9745426912255, "_timestamp": 1748457760.1369882, "_runtime": 1.2480061054229736, "_step": 0, "_wandb": {"runtime": 1}}