{"CV_RMSE": 4092.895390715107, "RMSE": 1634.4500146316796, "RMSE_skane": 1442.199703917129, "RMSE_kronoberg": 192.25031071455066, "CV_RMSE_'skane": 2286.7859998685976, "CV_RMSE_kronoberg": 1806.1093908465093, "_timestamp": 1748556294.9554908, "_runtime": 1.312051773071289, "_step": 0, "_wandb": {"runtime": 1}}