{"CV_RMSE": 636.4478945894932, "RMSE": 46.99800604170531, "RMSE_Kalmar": 32.58282797082995, "RMSE_Blekinge": 14.415178070875353, "CV_RMSE_'Kalmar": 315.31769004028985, "CV_RMSE_Blekinge": 321.13020454920337, "_timestamp": 1748552150.6240785, "_runtime": 1.3562614917755127, "_step": 0, "_wandb": {"runtime": 1}}