{"CV_RMSE": 1284.7430933854591, "RMSE": 1918.2434087895103, "RMSE_STHLM": 1736.9058644213872, "RMSE_S\u00f6dermanland": 181.33754436812325, "CV_RMSE_STHLM": 618.6051752984758, "CV_RMSE_S\u00f6dermanland": 666.1379180869833, "_timestamp": 1748290974.7445066, "_runtime": 1.2751505374908447, "_step": 0, "_wandb": {"runtime": 1}}