{"CV_RMSE": 303.15767999832764, "RMSE": 21.907158115847636, "RMSE_Kalmar": 14.672689036897564, "RMSE_Blekinge": 7.234469078950074, "CV_RMSE_'Kalmar": 141.99376487320222, "CV_RMSE_Blekinge": 161.1639151251254, "_timestamp": 1748474847.3300257, "_runtime": 1.282618761062622, "_step": 0, "_wandb": {"runtime": 1}}