{"CV_RMSE": 4602.089166569257, "RMSE": 1847.1689966047334, "RMSE_skane": 1632.9052836349179, "RMSE_kronoberg": 214.26371296981563, "CV_RMSE_'skane": 2589.173282719214, "CV_RMSE_kronoberg": 2012.9158838500427, "_timestamp": 1748571759.8280032, "_runtime": 1.5516951084136963, "_step": 0, "_wandb": {"runtime": 1}}