{"CV_RMSE": 1809.8998241175645, "RMSE": 2377.9532682520803, "RMSE_STHLM": 2087.6633500716525, "RMSE_S\u00f6dermanland": 290.2899181804276, "CV_RMSE_STHLM": 743.5286961078305, "CV_RMSE_S\u00f6dermanland": 1066.371128009734, "_timestamp": 1748306868.6655135, "_runtime": 1.2619435787200928, "_step": 0, "_wandb": {"runtime": 1}}