{"CV_RMSE": 4443.847346085778, "RMSE": 1788.0844570450788, "RMSE_skane": 1582.087667180915, "RMSE_kronoberg": 205.9967898641638, "CV_RMSE_'skane": 2508.5956667773494, "CV_RMSE_kronoberg": 1935.2516793084283, "_timestamp": 1748547958.5060346, "_runtime": 1.2707877159118652, "_step": 0, "_wandb": {"runtime": 1}}