{"CV_RMSE": 4914.51778735108, "RMSE": 1957.3443540703727, "RMSE_skane": 1725.4429312488433, "RMSE_kronoberg": 231.9014228215294, "CV_RMSE_'skane": 2735.9031679421405, "CV_RMSE_kronoberg": 2178.61461940894, "_timestamp": 1748531334.0110672, "_runtime": 1.2843902111053467, "_step": 0, "_wandb": {"runtime": 1}}