{"CV_RMSE": 4076.7721208770226, "RMSE": 1853.397833480778, "RMSE_skane": 1707.6700632771467, "RMSE_kronoberg": 145.7277702036314, "CV_RMSE_'skane": 2707.7220876487527, "CV_RMSE_kronoberg": 1369.05003322827, "_timestamp": 1748549696.4091113, "_runtime": 1.3849883079528809, "_step": 0, "_wandb": {"runtime": 1}}