{"CV_RMSE": 4162.684671681605, "RMSE": 290.0120908915297, "RMSE_Kalmar": 182.38219601138377, "RMSE_Blekinge": 107.62989488014593, "CV_RMSE_'Kalmar": 1764.9889936585525, "CV_RMSE_Blekinge": 2397.695678023053, "_timestamp": 1748485120.53998, "_runtime": 1.2918329238891602, "_step": 0, "_wandb": {"runtime": 1}}