{"CV_RMSE": 191.93885638083083, "RMSE": 302.91005020823087, "RMSE_STHLM": 277.57138091360474, "RMSE_S\u00f6dermanland": 25.338669294626143, "CV_RMSE_STHLM": 98.85803040057154, "CV_RMSE_S\u00f6dermanland": 93.0808259802593, "_timestamp": 1748369363.4583037, "_runtime": 1.3717026710510254, "_step": 0, "_wandb": {"runtime": 1}}