{"CV_RMSE": 268.0628597663849, "RMSE": 426.5388923604065, "RMSE_STHLM": 391.52578901110485, "RMSE_S\u00f6dermanland": 35.01310334930166, "CV_RMSE_STHLM": 139.4432964424196, "CV_RMSE_S\u00f6dermanland": 128.61956332396528, "_timestamp": 1748444614.9345005, "_runtime": 1.3239035606384277, "_step": 0, "_wandb": {"runtime": 1}}