{"CV_RMSE": 271.2125782836747, "RMSE": 427.6167422791536, "RMSE_STHLM": 391.76988098226786, "RMSE_S\u00f6dermanland": 35.84686129688572, "CV_RMSE_STHLM": 139.53023066246183, "CV_RMSE_S\u00f6dermanland": 131.68234762121284, "_timestamp": 1748469638.47857, "_runtime": 1.2634658813476562, "_step": 0, "_wandb": {"runtime": 1}}