{"CV_RMSE": 1780.6719045370496, "RMSE": 2368.486687558099, "RMSE_STHLM": 2085.9911322114763, "RMSE_S\u00f6dermanland": 282.49555534662306, "CV_RMSE_STHLM": 742.9331297943525, "CV_RMSE_S\u00f6dermanland": 1037.7387747426972, "_timestamp": 1748342321.2313535, "_runtime": 1.2994344234466553, "_step": 0, "_wandb": {"runtime": 1}}