{"CV_RMSE": 274.5543621834845, "RMSE": 434.1401660740237, "RMSE_STHLM": 397.98629650351745, "RMSE_S\u00f6dermanland": 36.15386957050625, "CV_RMSE_STHLM": 141.74422906733903, "CV_RMSE_S\u00f6dermanland": 132.81013311614544, "_timestamp": 1748474997.8298268, "_runtime": 1.3302717208862305, "_step": 0, "_wandb": {"runtime": 1}}