{"CV_RMSE": 305.35826751561274, "RMSE": 22.12556078176997, "RMSE_Kalmar": 14.884185777872549, "RMSE_Blekinge": 7.2413750038974225, "CV_RMSE_'Kalmar": 144.04050752779887, "CV_RMSE_Blekinge": 161.31775998781387, "_timestamp": 1748472996.609966, "_runtime": 1.3238840103149414, "_step": 0, "_wandb": {"runtime": 1}}