{"CV_RMSE": 275.54927101438227, "RMSE": 437.08547066952025, "RMSE_STHLM": 400.94790097361994, "RMSE_S\u00f6dermanland": 36.13756969590032, "CV_RMSE_STHLM": 142.799014988626, "CV_RMSE_S\u00f6dermanland": 132.75025602575627, "_timestamp": 1748463614.7896416, "_runtime": 1.2727875709533691, "_step": 0, "_wandb": {"runtime": 1}}