{"CV_RMSE": 275.5556032540772, "RMSE": 437.06332142567584, "RMSE_STHLM": 400.92146489909754, "RMSE_S\u00f6dermanland": 36.14185652657828, "CV_RMSE_STHLM": 142.78959968705493, "CV_RMSE_S\u00f6dermanland": 132.76600356702227, "_timestamp": 1748344499.9019651, "_runtime": 1.3318791389465332, "_step": 0, "_wandb": {"runtime": 1}}