{"CV_RMSE": 271.84616742148864, "RMSE": 409.9297691241319, "RMSE_STHLM": 371.99300514941, "RMSE_S\u00f6dermanland": 37.93676397472189, "CV_RMSE_STHLM": 132.48662628985716, "CV_RMSE_S\u00f6dermanland": 139.35954113163146, "_timestamp": 1748427731.708963, "_runtime": 1.3034138679504395, "_step": 0, "_wandb": {"runtime": 1}}