{"CV_RMSE": 796.916137279605, "RMSE": 1011.3735819462606, "RMSE_STHLM": 879.7274335809319, "RMSE_S\u00f6dermanland": 131.6461483653287, "CV_RMSE_STHLM": 313.31804124370353, "CV_RMSE_S\u00f6dermanland": 483.59809603590145, "_timestamp": 1748332747.149922, "_runtime": 1.285851001739502, "_step": 0, "_wandb": {"runtime": 1}}