{"CV_RMSE": 2612.3045628040904, "RMSE": 1480.844513453437, "RMSE_skane": 1447.0060980668682, "RMSE_kronoberg": 33.83841538656893, "CV_RMSE_'skane": 2294.4071322413342, "CV_RMSE_kronoberg": 317.89743056275614, "_timestamp": 1748534400.3619509, "_runtime": 1.326645851135254, "_step": 0, "_wandb": {"runtime": 1}}