{"CV_RMSE": 477.39570535924406, "RMSE": 471.8730222276878, "RMSE_STHLM": 378.62400054968447, "RMSE_S\u00f6dermanland": 93.24902167800332, "CV_RMSE_STHLM": 134.84827878698695, "CV_RMSE_S\u00f6dermanland": 342.5474265722571, "_timestamp": 1748367893.6472955, "_runtime": 1.3504064083099365, "_step": 0, "_wandb": {"runtime": 1}}