{"CV_RMSE": 2925.5770930061076, "RMSE": 1323.4544691793535, "RMSE_skane": 1217.5405467950484, "RMSE_kronoberg": 105.91392238430522, "CV_RMSE_'skane": 1930.5611207109646, "CV_RMSE_kronoberg": 995.0159722951431, "_timestamp": 1748525192.301951, "_runtime": 1.3422319889068604, "_step": 0, "_wandb": {"runtime": 2}}