{"CV_RMSE": 330.00116254248456, "RMSE": 424.987865967089, "RMSE_STHLM": 371.1370307826761, "RMSE_S\u00f6dermanland": 53.8508351844129, "CV_RMSE_STHLM": 132.1817679874984, "CV_RMSE_S\u00f6dermanland": 197.81939455498616, "_timestamp": 1748509145.8214674, "_runtime": 1.2883703708648682, "_step": 0, "_wandb": {"runtime": 1}}