{"CV_RMSE": 262.02162728714256, "RMSE": 421.5381206658489, "RMSE_STHLM": 387.80924532693587, "RMSE_S\u00f6dermanland": 33.72887533891303, "CV_RMSE_STHLM": 138.11963624623755, "CV_RMSE_S\u00f6dermanland": 123.901991040905, "_timestamp": 1748488230.391931, "_runtime": 1.3461940288543701, "_step": 0, "_wandb": {"runtime": 1}}