{"CV_RMSE": 1376.117768051563, "RMSE": 2115.5122323390992, "RMSE_STHLM": 1927.8090943819118, "RMSE_S\u00f6dermanland": 187.7031379571876, "CV_RMSE_STHLM": 686.5960367802614, "CV_RMSE_S\u00f6dermanland": 689.5217312713014, "_timestamp": 1748303796.6431925, "_runtime": 1.2984764575958252, "_step": 0, "_wandb": {"runtime": 1}}