{"CV_RMSE": 4559.984548654727, "RMSE": 1665.3236255738852, "RMSE_skane": 1419.5276630204658, "RMSE_kronoberg": 245.79596255341937, "CV_RMSE_'skane": 2250.836674979597, "CV_RMSE_kronoberg": 2309.14787367513, "_timestamp": 1748569454.649639, "_runtime": 1.243501901626587, "_step": 0, "_wandb": {"runtime": 1}}