{"CV_RMSE": 807.9347361503069, "RMSE": 1990.5403074977735, "RMSE_STHLM": 1960.6978805971803, "RMSE_S\u00f6dermanland": 29.842426900593125, "CV_RMSE_STHLM": 698.3094944746587, "CV_RMSE_S\u00f6dermanland": 109.62524167564823, "_timestamp": 1748328988.6011007, "_runtime": 1.2749056816101074, "_step": 0, "_wandb": {"runtime": 1}}