{"CV_RMSE": 290.762782526178, "RMSE": 443.50867274482346, "RMSE_STHLM": 403.4746198850216, "RMSE_S\u00f6dermanland": 40.03405285980188, "CV_RMSE_STHLM": 143.69891487792617, "CV_RMSE_S\u00f6dermanland": 147.06386764825183, "_timestamp": 1748342927.6432366, "_runtime": 1.3491506576538086, "_step": 0, "_wandb": {"runtime": 1}}