{"CV_RMSE": 3206.8704821572264, "RMSE": 216.46004968660404, "RMSE_Kalmar": 128.19713525998364, "RMSE_Blekinge": 88.2629144266204, "CV_RMSE_'Kalmar": 1240.6174379998417, "CV_RMSE_Blekinge": 1966.253044157385, "_timestamp": 1748577966.6372921, "_runtime": 1.296485185623169, "_step": 0, "_wandb": {"runtime": 1}}