{"CV_RMSE": 799.5007265857353, "RMSE": 1655.2139427532302, "RMSE_STHLM": 1591.9126388467932, "RMSE_S\u00f6dermanland": 63.30130390643696, "CV_RMSE_STHLM": 566.9653244804566, "CV_RMSE_S\u00f6dermanland": 232.53540210527865, "_timestamp": 1748398965.40909, "_runtime": 1.3100230693817139, "_step": 0, "_wandb": {"runtime": 1}}