{"CV_RMSE": 775.5868857997348, "RMSE": 246.92413764487415, "RMSE_skane": 197.74233885664893, "RMSE_kronoberg": 49.18179878822522, "CV_RMSE_'skane": 313.5449347621283, "CV_RMSE_kronoberg": 462.0419510376065, "_timestamp": 1748520300.2344582, "_runtime": 1.3735013008117676, "_step": 0, "_wandb": {"runtime": 1}}