{"CV_RMSE": 1148.1927735571294, "RMSE": 489.7548817579442, "RMSE_skane": 442.16513985884757, "RMSE_kronoberg": 47.58974189909664, "CV_RMSE_'skane": 701.1075156324221, "CV_RMSE_kronoberg": 447.08525792470743, "_timestamp": 1748501875.8120823, "_runtime": 1.345414400100708, "_step": 0, "_wandb": {"runtime": 1}}