{"CV_RMSE": 505.7012001496995, "RMSE": 695.8716442924014, "RMSE_STHLM": 618.138904510433, "RMSE_S\u00f6dermanland": 77.73273978196839, "CV_RMSE_STHLM": 220.15236013430538, "CV_RMSE_S\u00f6dermanland": 285.5488400153941, "_timestamp": 1748306410.5987294, "_runtime": 1.2748212814331055, "_step": 0, "_wandb": {"runtime": 1}}