{"CV_RMSE": 284.92627865416415, "RMSE": 357.4667984102055, "RMSE_STHLM": 309.9545265436545, "RMSE_S\u00f6dermanland": 47.51227186655103, "CV_RMSE_STHLM": 110.39140240969095, "CV_RMSE_S\u00f6dermanland": 174.5348762444732, "_timestamp": 1748541141.0314186, "_runtime": 1.3638646602630615, "_step": 0, "_wandb": {"runtime": 1}}