{"CV_RMSE": 3582.0416046614373, "RMSE": 254.45403522677475, "RMSE_Kalmar": 165.59687434404506, "RMSE_Blekinge": 88.85716088272969, "CV_RMSE_'Kalmar": 1602.5503968778553, "CV_RMSE_Blekinge": 1979.4912077835822, "_timestamp": 1748465645.3585615, "_runtime": 1.3058996200561523, "_step": 0, "_wandb": {"runtime": 1}}