{"CV_RMSE": 2705.1238142029474, "RMSE": 1427.9040128719294, "RMSE_skane": 1371.4296476955674, "RMSE_kronoberg": 56.474365176362085, "CV_RMSE_'skane": 2174.5713229845146, "CV_RMSE_kronoberg": 530.5524912184329, "_timestamp": 1748558038.852234, "_runtime": 1.2735559940338135, "_step": 0, "_wandb": {"runtime": 1}}