{"CV_RMSE": 4204.2649360466785, "RMSE": 290.39808524771865, "RMSE_Kalmar": 179.764586343884, "RMSE_Blekinge": 110.63349890383464, "CV_RMSE_'Kalmar": 1739.6572871988774, "CV_RMSE_Blekinge": 2464.6076488478016, "_timestamp": 1748498373.1674259, "_runtime": 1.3097617626190186, "_step": 0, "_wandb": {"runtime": 1}}