{"CV_RMSE": 273.17447731504296, "RMSE": 432.80934466554095, "RMSE_STHLM": 396.92855976723, "RMSE_S\u00f6dermanland": 35.88078489831095, "CV_RMSE_STHLM": 141.3675123824721, "CV_RMSE_S\u00f6dermanland": 131.80696493257085, "_timestamp": 1748306075.2345874, "_runtime": 1.2248404026031494, "_step": 0, "_wandb": {"runtime": 1}}