{"CV_RMSE": 274.67365555134427, "RMSE": 436.70449393939697, "RMSE_STHLM": 400.78997483187266, "RMSE_S\u00f6dermanland": 35.914519107524335, "CV_RMSE_STHLM": 142.74276903390796, "CV_RMSE_S\u00f6dermanland": 131.93088651743633, "_timestamp": 1748491986.3770869, "_runtime": 1.283613920211792, "_step": 0, "_wandb": {"runtime": 1}}