{"CV_RMSE": 1233.927944874233, "RMSE": 1383.6697879216354, "RMSE_STHLM": 1160.2575221926988, "RMSE_S\u00f6dermanland": 223.4122657289366, "CV_RMSE_STHLM": 413.22982586997585, "CV_RMSE_S\u00f6dermanland": 820.698119004257, "_timestamp": 1748293256.3701742, "_runtime": 1.266550064086914, "_step": 0, "_wandb": {"runtime": 1}}