{"CV_RMSE": 268.60754074664953, "RMSE": 422.5978440273715, "RMSE_STHLM": 386.9974287087784, "RMSE_S\u00f6dermanland": 35.60041531859309, "CV_RMSE_STHLM": 137.83050488242998, "CV_RMSE_S\u00f6dermanland": 130.77703586421953, "_timestamp": 1748517273.1638136, "_runtime": 1.294325590133667, "_step": 0, "_wandb": {"runtime": 1}}