{"CV_RMSE": 1136.9841172622857, "RMSE": 1753.2393782426977, "RMSE_STHLM": 1598.7284040210961, "RMSE_S\u00f6dermanland": 154.51097422160151, "CV_RMSE_STHLM": 569.3927833870148, "CV_RMSE_S\u00f6dermanland": 567.591333875271, "_timestamp": 1748382767.2131083, "_runtime": 1.3400452136993408, "_step": 0, "_wandb": {"runtime": 1}}