{"CV_RMSE": 4533.206440820053, "RMSE": 1839.213776323289, "RMSE_skane": 1632.1557378701957, "RMSE_kronoberg": 207.05803845309342, "CV_RMSE_'skane": 2587.984785206441, "CV_RMSE_kronoberg": 1945.2216556136127, "_timestamp": 1748539054.137492, "_runtime": 1.3404159545898438, "_step": 0, "_wandb": {"runtime": 1}}