{"CV_RMSE": 3495.6561790096184, "RMSE": 1742.4728844716878, "RMSE_skane": 1648.6382371560353, "RMSE_kronoberg": 93.83464731565259, "CV_RMSE_'skane": 2614.1198263573497, "CV_RMSE_kronoberg": 881.5363526522685, "_timestamp": 1748571909.6577044, "_runtime": 1.4349462985992432, "_step": 0, "_wandb": {"runtime": 1}}