{"CV_RMSE": 1886.44737710714, "RMSE": 778.7809701926604, "RMSE_skane": 695.3390262348703, "RMSE_kronoberg": 83.44194395779012, "CV_RMSE_'skane": 1102.5460246853122, "CV_RMSE_kronoberg": 783.9013524218278, "_timestamp": 1748502537.5611749, "_runtime": 1.3759009838104248, "_step": 0, "_wandb": {"runtime": 1}}