{"CV_RMSE": 2621.4797849015204, "RMSE": 1023.531540314466, "RMSE_skane": 895.659784164792, "RMSE_kronoberg": 127.8717561496741, "CV_RMSE_'skane": 1420.1793617834967, "CV_RMSE_kronoberg": 1201.300423118024, "_timestamp": 1748572315.5447385, "_runtime": 1.3053514957427979, "_step": 0, "_wandb": {"runtime": 1}}