{"CV_RMSE": 630.6130598296907, "RMSE": 454.34814941976947, "RMSE_STHLM": 313.03047603901194, "RMSE_S\u00f6dermanland": 141.3176733807575, "CV_RMSE_STHLM": 111.4869127167039, "CV_RMSE_S\u00f6dermanland": 519.1261471129867, "_timestamp": 1748398787.301141, "_runtime": 1.291391134262085, "_step": 0, "_wandb": {"runtime": 1}}