{"CV_RMSE": 5153.3295216737115, "RMSE": 1976.5988878383396, "RMSE_skane": 1718.0253344789364, "RMSE_kronoberg": 258.57355335940326, "CV_RMSE_'skane": 2724.1416508651214, "CV_RMSE_kronoberg": 2429.18787080859, "_timestamp": 1748531740.2148159, "_runtime": 1.2691309452056885, "_step": 0, "_wandb": {"runtime": 1}}