{"CV_RMSE": 264.5716892391823, "RMSE": 414.5206905087307, "RMSE_STHLM": 379.26969765346666, "RMSE_S\u00f6dermanland": 35.25099285526403, "CV_RMSE_STHLM": 135.07824609739612, "CV_RMSE_S\u00f6dermanland": 129.49344314178623, "_timestamp": 1748439768.5776093, "_runtime": 1.297067403793335, "_step": 0, "_wandb": {"runtime": 1}}