{"CV_RMSE": 275.345669919786, "RMSE": 436.5748410039326, "RMSE_STHLM": 400.4438243562448, "RMSE_S\u00f6dermanland": 36.13101664768779, "CV_RMSE_STHLM": 142.61948631603497, "CV_RMSE_S\u00f6dermanland": 132.72618360375105, "_timestamp": 1748477645.603279, "_runtime": 1.2371611595153809, "_step": 0, "_wandb": {"runtime": 1}}