{"CV_RMSE": 306.3581465241367, "RMSE": 22.204749906728622, "RMSE_Kalmar": 14.944840284594408, "RMSE_Blekinge": 7.259909622134214, "CV_RMSE_'Kalmar": 144.62748662510717, "CV_RMSE_Blekinge": 161.73065989902952, "_timestamp": 1748486952.6660995, "_runtime": 1.2527904510498047, "_step": 0, "_wandb": {"runtime": 1}}