{"CV_RMSE": 275.59492205018523, "RMSE": 437.14541126195047, "RMSE_STHLM": 401.0005154678905, "RMSE_S\u00f6dermanland": 36.14489579405997, "CV_RMSE_STHLM": 142.81775382710782, "CV_RMSE_S\u00f6dermanland": 132.77716822307744, "_timestamp": 1748451580.891288, "_runtime": 1.226391077041626, "_step": 0, "_wandb": {"runtime": 1}}