{"CV_RMSE": 860.3084207172753, "RMSE": 1230.383818889266, "RMSE_STHLM": 1103.1415285848095, "RMSE_S\u00f6dermanland": 127.2422903044565, "CV_RMSE_STHLM": 392.88776245600656, "CV_RMSE_S\u00f6dermanland": 467.42065826126884, "_timestamp": 1748317170.8177037, "_runtime": 1.2763757705688477, "_step": 0, "_wandb": {"runtime": 1}}