{"CV_RMSE": 702.8637045474485, "RMSE": 664.057747690873, "RMSE_STHLM": 523.4750575189693, "RMSE_S\u00f6dermanland": 140.5826901719038, "CV_RMSE_STHLM": 186.4374957526998, "CV_RMSE_S\u00f6dermanland": 516.4262087947487, "_timestamp": 1748329508.5892668, "_runtime": 1.2818808555603027, "_step": 0, "_wandb": {"runtime": 1}}