{"CV_RMSE": 663.7602846148828, "RMSE": 1605.2454982301301, "RMSE_STHLM": 1577.498241316312, "RMSE_S\u00f6dermanland": 27.747256913818052, "CV_RMSE_STHLM": 561.8315857477961, "CV_RMSE_S\u00f6dermanland": 101.92869886708672, "_timestamp": 1748377613.0037346, "_runtime": 1.414482593536377, "_step": 0, "_wandb": {"runtime": 1}}