{"CV_RMSE": 306.66039479354987, "RMSE": 22.23068099555371, "RMSE_Kalmar": 14.966699704468096, "RMSE_Blekinge": 7.263981291085611, "CV_RMSE_'Kalmar": 144.83902939807834, "CV_RMSE_Blekinge": 161.82136539547153, "_timestamp": 1748499223.728287, "_runtime": 1.2789320945739746, "_step": 0, "_wandb": {"runtime": 1}}