{"CV_RMSE": 3850.1636387534554, "RMSE": 253.13373332943289, "RMSE_Kalmar": 141.9826501087674, "RMSE_Blekinge": 111.1510832206655, "CV_RMSE_'Kalmar": 1374.025646213878, "CV_RMSE_Blekinge": 2476.1379925395777, "_timestamp": 1748492240.1173937, "_runtime": 1.2893517017364502, "_step": 0, "_wandb": {"runtime": 1}}