{"CV_RMSE": 279.51533163813224, "RMSE": 100.74860221374306, "RMSE_skane": 85.41158664332083, "RMSE_kronoberg": 15.337015570422224, "CV_RMSE_'skane": 135.43063421245373, "CV_RMSE_kronoberg": 144.08469742567854, "_timestamp": 1748566152.3050432, "_runtime": 1.3006501197814941, "_step": 0, "_wandb": {"runtime": 1}}