{"CV_RMSE": 1679.448320522537, "RMSE": 2218.678460748929, "RMSE_STHLM": 1950.6129011203518, "RMSE_S\u00f6dermanland": 268.06555962857715, "CV_RMSE_STHLM": 694.717693315519, "CV_RMSE_S\u00f6dermanland": 984.7306272070181, "_timestamp": 1748397624.4167821, "_runtime": 1.2728841304779053, "_step": 0, "_wandb": {"runtime": 1}}