{"CV_RMSE": 331.967634346729, "RMSE": 433.2694556965185, "RMSE_STHLM": 379.71495820041724, "RMSE_S\u00f6dermanland": 53.55449749610126, "CV_RMSE_STHLM": 135.23682721819372, "CV_RMSE_S\u00f6dermanland": 196.73080712853528, "_timestamp": 1748513417.4408417, "_runtime": 1.3561556339263916, "_step": 0, "_wandb": {"runtime": 1}}