{"CV_RMSE": 306.9516400348433, "RMSE": 22.253787287715348, "RMSE_Kalmar": 14.98443798147151, "RMSE_Blekinge": 7.269349306243838, "CV_RMSE_'Kalmar": 145.01069014327268, "CV_RMSE_Blekinge": 161.94094989157065, "_timestamp": 1748520979.7046442, "_runtime": 1.4009592533111572, "_step": 0, "_wandb": {"runtime": 1}}