{"CV_RMSE": 824.619101415062, "RMSE": 1219.4085736851969, "RMSE_STHLM": 1101.7464525073801, "RMSE_S\u00f6dermanland": 117.66212117781681, "CV_RMSE_STHLM": 392.39090117002064, "CV_RMSE_S\u00f6dermanland": 432.22820024504136, "_timestamp": 1748404093.1227438, "_runtime": 1.2818069458007812, "_step": 0, "_wandb": {"runtime": 1}}