{"CV_RMSE": 5114.179475259519, "RMSE": 1954.5180795122376, "RMSE_skane": 1696.4744558828172, "RMSE_kronoberg": 258.0436236294204, "CV_RMSE_'skane": 2689.970067467469, "CV_RMSE_kronoberg": 2424.2094077920497, "_timestamp": 1748505224.1801193, "_runtime": 1.2984671592712402, "_step": 0, "_wandb": {"runtime": 1}}