{"CV_RMSE": 243.2076558564703, "RMSE": 358.7439005598455, "RMSE_STHLM": 323.94475858782647, "RMSE_S\u00f6dermanland": 34.79914197201902, "CV_RMSE_STHLM": 115.37407310211469, "CV_RMSE_S\u00f6dermanland": 127.8335827543556, "_timestamp": 1748556120.457255, "_runtime": 1.395866870880127, "_step": 0, "_wandb": {"runtime": 1}}