{"CV_RMSE": 803.760805967089, "RMSE": 385.7998021196819, "RMSE_skane": 361.20910232369505, "RMSE_kronoberg": 24.59069979598685, "CV_RMSE_'skane": 572.7417055872543, "CV_RMSE_kronoberg": 231.01910037983475, "_timestamp": 1748558885.6611335, "_runtime": 1.3759515285491943, "_step": 0, "_wandb": {"runtime": 1}}