{"CV_RMSE": 4755.4672642392925, "RMSE": 1928.6499415528915, "RMSE_skane": 1711.2897832066842, "RMSE_kronoberg": 217.36015834620738, "CV_RMSE_'skane": 2713.4616012790975, "CV_RMSE_kronoberg": 2042.0056629601947, "_timestamp": 1748522759.4054246, "_runtime": 1.3400495052337646, "_step": 0, "_wandb": {"runtime": 1}}