{"CV_RMSE": 3635.3266011887517, "RMSE": 239.33006065196184, "RMSE_Kalmar": 134.62773490880497, "RMSE_Blekinge": 104.70232574315686, "CV_RMSE_'Kalmar": 1302.849047504564, "CV_RMSE_Blekinge": 2332.4775536841876, "_timestamp": 1748532615.3125193, "_runtime": 1.3143184185028076, "_step": 0, "_wandb": {"runtime": 1}}