{"CV_RMSE": 326.30195703423715, "RMSE": 428.13664239034466, "RMSE_STHLM": 375.7389861033738, "RMSE_S\u00f6dermanland": 52.39765628697084, "CV_RMSE_STHLM": 133.82077067393607, "CV_RMSE_S\u00f6dermanland": 192.48118636030105, "_timestamp": 1748313390.9553666, "_runtime": 1.3668286800384521, "_step": 0, "_wandb": {"runtime": 1}}