{"CV_RMSE": 4278.750203859517, "RMSE": 282.37395967203946, "RMSE_Kalmar": 159.66582506566812, "RMSE_Blekinge": 122.70813460637135, "CV_RMSE_'Kalmar": 1545.1531457967883, "CV_RMSE_Blekinge": 2733.597058062728, "_timestamp": 1748480718.4393, "_runtime": 1.4123430252075195, "_step": 0, "_wandb": {"runtime": 1}}