{"CV_RMSE": 1845.4991066306388, "RMSE": 2546.576798069694, "RMSE_STHLM": 2263.6592815504323, "RMSE_S\u00f6dermanland": 282.917516519262, "CV_RMSE_STHLM": 806.2102704374314, "CV_RMSE_S\u00f6dermanland": 1039.2888361932073, "_timestamp": 1748312647.2372112, "_runtime": 1.2570371627807617, "_step": 0, "_wandb": {"runtime": 1}}