{"CV_RMSE": 2791.992261525104, "RMSE": 201.24640381277166, "RMSE_Kalmar": 134.22582750584849, "RMSE_Blekinge": 67.02057630692318, "CV_RMSE_'Kalmar": 1298.95962102434, "CV_RMSE_Blekinge": 1493.0326405007638, "_timestamp": 1748461060.118899, "_runtime": 1.2935280799865723, "_step": 0, "_wandb": {"runtime": 1}}