{"CV_RMSE": 2972.360523509151, "RMSE": 205.61561648824355, "RMSE_Kalmar": 127.63570217865234, "RMSE_Blekinge": 77.97991430959121, "CV_RMSE_'Kalmar": 1235.1842146321194, "CV_RMSE_Blekinge": 1737.1763088770317, "_timestamp": 1748541710.0153353, "_runtime": 1.319021224975586, "_step": 0, "_wandb": {"runtime": 1}}