{"CV_RMSE": 1894.102571405522, "RMSE": 2688.9309374140576, "RMSE_STHLM": 2406.6453975387385, "RMSE_S\u00f6dermanland": 282.28553987531893, "CV_RMSE_STHLM": 857.1352820676157, "CV_RMSE_S\u00f6dermanland": 1036.9672893379063, "_timestamp": 1748351949.5643842, "_runtime": 1.2741472721099854, "_step": 0, "_wandb": {"runtime": 1}}