{"CV_RMSE": 275.22374255346415, "RMSE": 436.9709994646615, "RMSE_STHLM": 400.9192699929359, "RMSE_S\u00f6dermanland": 36.051729471725615, "CV_RMSE_STHLM": 142.78881796345163, "CV_RMSE_S\u00f6dermanland": 132.43492459001249, "_timestamp": 1748464453.1187475, "_runtime": 1.309732437133789, "_step": 0, "_wandb": {"runtime": 1}}