{"CV_RMSE": 305.55650189187895, "RMSE": 22.160915530101498, "RMSE_Kalmar": 14.930961997493197, "RMSE_Blekinge": 7.2299535326083015, "CV_RMSE_'Kalmar": 144.4931806209019, "CV_RMSE_Blekinge": 161.063321270977, "_timestamp": 1748484783.8138332, "_runtime": 1.3986773490905762, "_step": 0, "_wandb": {"runtime": 1}}