{"CV_RMSE": 3524.6207520188, "RMSE": 252.84394673686796, "RMSE_Kalmar": 167.30741978011855, "RMSE_Blekinge": 85.53652695674941, "CV_RMSE_'Kalmar": 1619.1040623882438, "CV_RMSE_Blekinge": 1905.516689630556, "_timestamp": 1748462375.837677, "_runtime": 1.3358209133148193, "_step": 0, "_wandb": {"runtime": 1}}