{"CV_RMSE": 434.5966461878284, "RMSE": 448.01326320793373, "RMSE_STHLM": 365.10432462227396, "RMSE_S\u00f6dermanland": 82.90893858565974, "CV_RMSE_STHLM": 130.03319832213953, "CV_RMSE_S\u00f6dermanland": 304.5634478656889, "_timestamp": 1748522963.3035376, "_runtime": 1.271397590637207, "_step": 0, "_wandb": {"runtime": 1}}