{"CV_RMSE": 2426.2612082098776, "RMSE": 186.26565396805557, "RMSE_Kalmar": 136.76566594085546, "RMSE_Blekinge": 49.49998802720012, "CV_RMSE_'Kalmar": 1323.5387026534397, "CV_RMSE_Blekinge": 1102.7225055564381, "_timestamp": 1748547007.8296034, "_runtime": 1.4622104167938232, "_step": 0, "_wandb": {"runtime": 1}}