{"CV_RMSE": 257.12539981370884, "RMSE": 403.5880001256994, "RMSE_STHLM": 369.4079252021686, "RMSE_S\u00f6dermanland": 34.18007492353083, "CV_RMSE_STHLM": 131.56594091094252, "CV_RMSE_S\u00f6dermanland": 125.55945890276632, "_timestamp": 1748344307.7419086, "_runtime": 1.3588125705718994, "_step": 0, "_wandb": {"runtime": 1}}