{"CV_RMSE": 1324.2645105233319, "RMSE": 1469.229411224439, "RMSE_STHLM": 1227.7711693032861, "RMSE_S\u00f6dermanland": 241.45824192115285, "CV_RMSE_STHLM": 437.27505040481105, "CV_RMSE_S\u00f6dermanland": 886.9894601185207, "_timestamp": 1748306111.976783, "_runtime": 1.267883062362671, "_step": 0, "_wandb": {"runtime": 1}}