{"CV_RMSE": 3091.751863699982, "RMSE": 213.4897039010402, "RMSE_Kalmar": 132.08192045254523, "RMSE_Blekinge": 81.40778344849497, "CV_RMSE_'Kalmar": 1278.212133411728, "CV_RMSE_Blekinge": 1813.539730288254, "_timestamp": 1748525132.1283824, "_runtime": 1.4190783500671387, "_step": 0, "_wandb": {"runtime": 1}}