{"CV_RMSE": 432.40631371748225, "RMSE": 502.18483592700323, "RMSE_STHLM": 425.75213625064976, "RMSE_S\u00f6dermanland": 76.4326996763535, "CV_RMSE_STHLM": 151.6331312329184, "CV_RMSE_S\u00f6dermanland": 280.77318248456385, "_timestamp": 1748370253.440177, "_runtime": 1.3035938739776611, "_step": 0, "_wandb": {"runtime": 1}}