{"CV_RMSE": 4341.453751769774, "RMSE": 1622.5637096967685, "RMSE_skane": 1396.069918842645, "RMSE_kronoberg": 226.49379085412357, "CV_RMSE_'skane": 2213.6415203636016, "CV_RMSE_kronoberg": 2127.8122314061716, "_timestamp": 1748549738.6194115, "_runtime": 1.3669564723968506, "_step": 0, "_wandb": {"runtime": 1}}