{"CV_RMSE": 647.218803228089, "RMSE": 849.6719009228284, "RMSE_STHLM": 745.7911845886797, "RMSE_S\u00f6dermanland": 103.88071633414872, "CV_RMSE_STHLM": 265.6161717965223, "CV_RMSE_S\u00f6dermanland": 381.6026314315667, "_timestamp": 1748333784.6492012, "_runtime": 1.3256042003631592, "_step": 0, "_wandb": {"runtime": 1}}