{"CV_RMSE": 801.5053636591741, "RMSE": 1109.6601342166296, "RMSE_STHLM": 987.1828074919812, "RMSE_S\u00f6dermanland": 122.47732672464834, "CV_RMSE_STHLM": 351.5886532420986, "CV_RMSE_S\u00f6dermanland": 449.91671041707554, "_timestamp": 1748289708.1690898, "_runtime": 1.2821478843688965, "_step": 0, "_wandb": {"runtime": 1}}