{"CV_RMSE": 275.53899341284904, "RMSE": 437.2504835982572, "RMSE_STHLM": 401.1337281822574, "RMSE_S\u00f6dermanland": 36.11675541599977, "CV_RMSE_STHLM": 142.8651980071356, "CV_RMSE_S\u00f6dermanland": 132.67379540571343, "_timestamp": 1748452153.7740257, "_runtime": 1.3870465755462646, "_step": 0, "_wandb": {"runtime": 1}}