{"CV_RMSE": 258.89439125980977, "RMSE": 403.40539189202923, "RMSE_STHLM": 368.67245191120116, "RMSE_S\u00f6dermanland": 34.732939980828064, "CV_RMSE_STHLM": 131.30399949350257, "CV_RMSE_S\u00f6dermanland": 127.59039176630718, "_timestamp": 1748540264.870341, "_runtime": 1.3301091194152832, "_step": 0, "_wandb": {"runtime": 1}}