{"CV_RMSE": 3798.6566048633704, "RMSE": 1804.168383123054, "RMSE_skane": 1684.0594446705334, "RMSE_kronoberg": 120.10893845252058, "CV_RMSE_'skane": 2670.2845317186047, "CV_RMSE_kronoberg": 1128.3720731447654, "_timestamp": 1748513993.7952828, "_runtime": 1.324293851852417, "_step": 0, "_wandb": {"runtime": 1}}