{"CV_RMSE": 1118.2614354981881, "RMSE": 1535.3867397514925, "RMSE_STHLM": 1363.130603553588, "RMSE_S\u00f6dermanland": 172.2561361979047, "CV_RMSE_STHLM": 485.48379232221174, "CV_RMSE_S\u00f6dermanland": 632.7776431759764, "_timestamp": 1748321838.8819473, "_runtime": 1.268909215927124, "_step": 0, "_wandb": {"runtime": 1}}