{"CV_RMSE": 1094.2826642672544, "RMSE": 2075.25465917447, "RMSE_STHLM": 1968.1881681140692, "RMSE_S\u00f6dermanland": 107.06649106040054, "CV_RMSE_STHLM": 700.9771869025178, "CV_RMSE_S\u00f6dermanland": 393.30547736473665, "_timestamp": 1748364950.8757722, "_runtime": 1.3120222091674805, "_step": 0, "_wandb": {"runtime": 1}}