{"CV_RMSE": 267.91108321149346, "RMSE": 414.0959627671634, "RMSE_STHLM": 377.7927148889259, "RMSE_S\u00f6dermanland": 36.30324787823752, "CV_RMSE_STHLM": 134.55221345470255, "CV_RMSE_S\u00f6dermanland": 133.3588697567909, "_timestamp": 1748427371.0946345, "_runtime": 1.279066562652588, "_step": 0, "_wandb": {"runtime": 1}}