{"CV_RMSE": 274.81718933660636, "RMSE": 435.9863273014423, "RMSE_STHLM": 399.9514363645619, "RMSE_S\u00f6dermanland": 36.034890936880416, "CV_RMSE_STHLM": 142.44412058888236, "CV_RMSE_S\u00f6dermanland": 132.37306874772398, "_timestamp": 1748474485.6064806, "_runtime": 1.3311824798583984, "_step": 0, "_wandb": {"runtime": 1}}