{"CV_RMSE": 245.1707627627992, "RMSE": 405.39402262962363, "RMSE_STHLM": 375.01155364624725, "RMSE_S\u00f6dermanland": 30.38246898337638, "CV_RMSE_STHLM": 133.5616930279472, "CV_RMSE_S\u00f6dermanland": 111.60906973485201, "_timestamp": 1748320957.9929366, "_runtime": 1.3176627159118652, "_step": 0, "_wandb": {"runtime": 1}}