{"CV_RMSE": 779.3424310446343, "RMSE": 867.4533674980183, "RMSE_STHLM": 725.6532303557037, "RMSE_S\u00f6dermanland": 141.80013714231458, "CV_RMSE_STHLM": 258.44396807286637, "CV_RMSE_S\u00f6dermanland": 520.8984629717679, "_timestamp": 1748283868.315307, "_runtime": 1.291834831237793, "_step": 0, "_wandb": {"runtime": 1}}