{"CV_RMSE": 1469.1351317653368, "RMSE": 1657.6048881474394, "RMSE_STHLM": 1392.699970791131, "RMSE_S\u00f6dermanland": 264.9049173563084, "CV_RMSE_STHLM": 496.0150271911428, "CV_RMSE_S\u00f6dermanland": 973.120104574194, "_timestamp": 1748301125.042881, "_runtime": 1.2978770732879639, "_step": 0, "_wandb": {"runtime": 1}}