{"CV_RMSE": 4118.737443335713, "RMSE": 242.7685242319228, "RMSE_Kalmar": 102.34062433694552, "RMSE_Blekinge": 140.4278998949773, "CV_RMSE_'Kalmar": 990.3931387446341, "CV_RMSE_Blekinge": 3128.344304591078, "_timestamp": 1748541835.4917512, "_runtime": 1.3296701908111572, "_step": 0, "_wandb": {"runtime": 1}}