{"CV_RMSE": 273.5831059785834, "RMSE": 432.4397118312877, "RMSE_STHLM": 396.3960619144839, "RMSE_S\u00f6dermanland": 36.04364991680382, "CV_RMSE_STHLM": 141.17786138624277, "CV_RMSE_S\u00f6dermanland": 132.40524459234058, "_timestamp": 1748305645.7349482, "_runtime": 1.3075370788574219, "_step": 0, "_wandb": {"runtime": 1}}