{"CV_RMSE": 3124.7613408618927, "RMSE": 214.20692011233112, "RMSE_Kalmar": 130.73016272741467, "RMSE_Blekinge": 83.47675738491645, "CV_RMSE_'Kalmar": 1265.1306070394967, "CV_RMSE_Blekinge": 1859.6307338223962, "_timestamp": 1748551977.4550781, "_runtime": 1.348663091659546, "_step": 0, "_wandb": {"runtime": 1}}