{"CV_RMSE": 447.6440484051383, "RMSE": 372.63828985076094, "RMSE_STHLM": 277.7038258736189, "RMSE_S\u00f6dermanland": 94.93446397714207, "CV_RMSE_STHLM": 98.90520114216739, "CV_RMSE_S\u00f6dermanland": 348.7388472629709, "_timestamp": 1748335322.4831266, "_runtime": 1.3185036182403564, "_step": 0, "_wandb": {"runtime": 1}}