{"CV_RMSE": 571.6460231590747, "RMSE": 786.0306293069975, "RMSE_STHLM": 698.0985649064047, "RMSE_S\u00f6dermanland": 87.93206440059284, "CV_RMSE_STHLM": 248.6302763813867, "CV_RMSE_S\u00f6dermanland": 323.01574677768804, "_timestamp": 1748388779.7652044, "_runtime": 1.326026439666748, "_step": 0, "_wandb": {"runtime": 1}}