{"CV_RMSE": 665.1022767652798, "RMSE": 1592.6452869744408, "RMSE_STHLM": 1563.1407050766552, "RMSE_S\u00f6dermanland": 29.504581897785567, "CV_RMSE_STHLM": 556.7180983652512, "CV_RMSE_S\u00f6dermanland": 108.38417840002862, "_timestamp": 1748372995.2388856, "_runtime": 1.3043575286865234, "_step": 0, "_wandb": {"runtime": 1}}