{"CV_RMSE": 1256.4686969509196, "RMSE": 1201.2404765923334, "RMSE_STHLM": 951.4473651773177, "RMSE_S\u00f6dermanland": 249.79311141501563, "CV_RMSE_STHLM": 338.86134889576016, "CV_RMSE_S\u00f6dermanland": 917.6073480551595, "_timestamp": 1748342090.2764769, "_runtime": 1.3284239768981934, "_step": 0, "_wandb": {"runtime": 1}}