{"CV_RMSE": 2559.9254295147066, "RMSE": 151.77332030473525, "RMSE_Kalmar": 65.1726887565206, "RMSE_Blekinge": 86.60063154821466, "CV_RMSE_'Kalmar": 630.7034395792316, "CV_RMSE_Blekinge": 1929.221989935475, "_timestamp": 1748515415.9259222, "_runtime": 1.3277990818023682, "_step": 0, "_wandb": {"runtime": 1}}