{"CV_RMSE": 1049.099611150404, "RMSE": 1396.5471082856252, "RMSE_STHLM": 1230.2336072726728, "RMSE_S\u00f6dermanland": 166.3135010129525, "CV_RMSE_STHLM": 438.1520564089456, "CV_RMSE_S\u00f6dermanland": 610.9475547414582, "_timestamp": 1748321902.0631058, "_runtime": 1.3457448482513428, "_step": 0, "_wandb": {"runtime": 1}}