{"CV_RMSE": 929.7808408359988, "RMSE": 1260.8804240694087, "RMSE_STHLM": 1115.969949940051, "RMSE_S\u00f6dermanland": 144.91047412935768, "CV_RMSE_STHLM": 397.45665015672574, "CV_RMSE_S\u00f6dermanland": 532.3241906792731, "_timestamp": 1748294362.036065, "_runtime": 1.2836720943450928, "_step": 0, "_wandb": {"runtime": 1}}