{"CV_RMSE": 1938.2217420155894, "RMSE": 2618.001966206872, "RMSE_STHLM": 2314.801693415283, "RMSE_S\u00f6dermanland": 303.2002727915893, "CV_RMSE_STHLM": 824.4248215566896, "CV_RMSE_S\u00f6dermanland": 1113.7969204588996, "_timestamp": 1748300742.0227234, "_runtime": 1.309760332107544, "_step": 0, "_wandb": {"runtime": 1}}