{"CV_RMSE": 4763.399202046781, "RMSE": 1801.7624039693787, "RMSE_skane": 1557.6217096728499, "RMSE_kronoberg": 244.14069429652895, "CV_RMSE_'skane": 2469.8018652317915, "CV_RMSE_kronoberg": 2293.5973368149903, "_timestamp": 1748519592.3875144, "_runtime": 1.3280012607574463, "_step": 0, "_wandb": {"runtime": 1}}