{"CV_RMSE": 1228.9143745427968, "RMSE": 2167.6800827216653, "RMSE_STHLM": 2029.952034832418, "RMSE_S\u00f6dermanland": 137.72804788924745, "CV_RMSE_STHLM": 722.9746067863775, "CV_RMSE_S\u00f6dermanland": 505.9397677564192, "_timestamp": 1748294250.328637, "_runtime": 1.2862777709960938, "_step": 0, "_wandb": {"runtime": 1}}