{"CV_RMSE": 3175.465646606253, "RMSE": 219.4716011515948, "RMSE_Kalmar": 136.01422663623723, "RMSE_Blekinge": 83.45737451535757, "CV_RMSE_'Kalmar": 1316.2667093829407, "CV_RMSE_Blekinge": 1859.1989372233122, "_timestamp": 1748534480.39403, "_runtime": 1.520820140838623, "_step": 0, "_wandb": {"runtime": 1}}