{"CV_RMSE": 264.6888371625497, "RMSE": 428.65583240366254, "RMSE_STHLM": 394.88710206240034, "RMSE_S\u00f6dermanland": 33.76873034126223, "CV_RMSE_STHLM": 140.64043999056602, "CV_RMSE_S\u00f6dermanland": 124.0483971719837, "_timestamp": 1748525663.1378558, "_runtime": 1.3872528076171875, "_step": 0, "_wandb": {"runtime": 1}}