{"CV_RMSE": 4064.723311799325, "RMSE": 235.86977519184197, "RMSE_Kalmar": 94.4301173735688, "RMSE_Blekinge": 141.43965781827316, "CV_RMSE_'Kalmar": 913.8398455506658, "CV_RMSE_Blekinge": 3150.8834662486593, "_timestamp": 1748547668.3175147, "_runtime": 1.404444694519043, "_step": 0, "_wandb": {"runtime": 1}}