{"CV_RMSE": 3111.3331522044755, "RMSE": 217.41240864913055, "RMSE_Kalmar": 137.46340693852076, "RMSE_Blekinge": 79.9490017106098, "CV_RMSE_'Kalmar": 1330.2910348889106, "CV_RMSE_Blekinge": 1781.042117315565, "_timestamp": 1748484098.3024757, "_runtime": 1.3142366409301758, "_step": 0, "_wandb": {"runtime": 1}}