{"CV_RMSE": 273.1633638854534, "RMSE": 431.8741021219124, "RMSE_STHLM": 395.8962578751207, "RMSE_S\u00f6dermanland": 35.97784424679171, "CV_RMSE_STHLM": 140.99985440744305, "CV_RMSE_S\u00f6dermanland": 132.16350947801035, "_timestamp": 1748547986.443535, "_runtime": 1.332509994506836, "_step": 0, "_wandb": {"runtime": 1}}