{"CV_RMSE": 5008.9895017059935, "RMSE": 1922.9249268589515, "RMSE_skane": 1671.936686384771, "RMSE_kronoberg": 250.98824047418034, "CV_RMSE_'skane": 2651.0623991301863, "CV_RMSE_kronoberg": 2357.927102575807, "_timestamp": 1748549127.4073596, "_runtime": 1.3081035614013672, "_step": 0, "_wandb": {"runtime": 1}}