{"CV_RMSE": 274.62568804586306, "RMSE": 437.3070222958779, "RMSE_STHLM": 401.4716515498104, "RMSE_S\u00f6dermanland": 35.835370746067504, "CV_RMSE_STHLM": 142.9855506113294, "CV_RMSE_S\u00f6dermanland": 131.6401374345337, "_timestamp": 1748539466.0156157, "_runtime": 1.2646276950836182, "_step": 0, "_wandb": {"runtime": 1}}