{"CV_RMSE": 3104.9203525148882, "RMSE": 211.89181050290728, "RMSE_Kalmar": 128.2116136591551, "RMSE_Blekinge": 83.6801968437522, "CV_RMSE_'Kalmar": 1240.7575515402104, "CV_RMSE_Blekinge": 1864.1628009746778, "_timestamp": 1748460189.4870787, "_runtime": 1.3343255519866943, "_step": 0, "_wandb": {"runtime": 1}}