{"CV_RMSE": 275.44335228837343, "RMSE": 436.8215724937279, "RMSE_STHLM": 400.6875992163156, "RMSE_S\u00f6dermanland": 36.13397327741226, "CV_RMSE_STHLM": 142.70630759583858, "CV_RMSE_S\u00f6dermanland": 132.73704469253485, "_timestamp": 1748431891.3803487, "_runtime": 1.2691586017608643, "_step": 0, "_wandb": {"runtime": 1}}