{"CV_RMSE": 498.90994073858997, "RMSE": 879.3479117760635, "RMSE_STHLM": 823.3607594663205, "RMSE_S\u00f6dermanland": 55.98715230974297, "CV_RMSE_STHLM": 293.2428506211668, "CV_RMSE_S\u00f6dermanland": 205.66709011742316, "_timestamp": 1748383605.0437567, "_runtime": 1.343301773071289, "_step": 0, "_wandb": {"runtime": 1}}