{"CV_RMSE": 3294.721619328675, "RMSE": 264.4449130688246, "RMSE_Kalmar": 206.0648744342822, "RMSE_Blekinge": 58.38003863454241, "CV_RMSE_'Kalmar": 1994.1762042027306, "CV_RMSE_Blekinge": 1300.5454151259446, "_timestamp": 1748497922.8658664, "_runtime": 1.3240435123443604, "_step": 0, "_wandb": {"runtime": 1}}