{"CV_RMSE": 2623.5299756691334, "RMSE": 152.3524489068479, "RMSE_Kalmar": 61.14856672832914, "RMSE_Blekinge": 91.20388217851877, "CV_RMSE_'Kalmar": 591.7603231773787, "CV_RMSE_Blekinge": 2031.7696524917546, "_timestamp": 1748461650.2253044, "_runtime": 1.3728034496307373, "_step": 0, "_wandb": {"runtime": 1}}