{"CV_RMSE": 306.9157310749951, "RMSE": 22.251639231380082, "RMSE_Kalmar": 14.98349004798355, "RMSE_Blekinge": 7.268149183396533, "CV_RMSE_'Kalmar": 145.00151659338917, "CV_RMSE_Blekinge": 161.91421448160594, "_timestamp": 1748475808.5784569, "_runtime": 1.3247778415679932, "_step": 0, "_wandb": {"runtime": 1}}