{"CV_RMSE": 381.714795703646, "RMSE": 319.5189247723575, "RMSE_STHLM": 238.7557380795159, "RMSE_S\u00f6dermanland": 80.76318669284156, "CV_RMSE_STHLM": 85.03370172994235, "CV_RMSE_S\u00f6dermanland": 296.6810939737037, "_timestamp": 1748337511.8682725, "_runtime": 1.3661305904388428, "_step": 0, "_wandb": {"runtime": 1}}