{"CV_RMSE": 4779.8983570002965, "RMSE": 1908.7861810184922, "RMSE_skane": 1684.26404140024, "RMSE_kronoberg": 224.52213961825223, "CV_RMSE_'skane": 2670.608945137801, "CV_RMSE_kronoberg": 2109.289411862495, "_timestamp": 1748509243.4314358, "_runtime": 1.280547857284546, "_step": 0, "_wandb": {"runtime": 1}}