{"CV_RMSE": 812.4165537744275, "RMSE": 1250.0709782020924, "RMSE_STHLM": 1139.3792730718494, "RMSE_S\u00f6dermanland": 110.69170513024308, "CV_RMSE_STHLM": 405.7939635000651, "CV_RMSE_S\u00f6dermanland": 406.6225902743623, "_timestamp": 1748288496.2641842, "_runtime": 1.3276112079620361, "_step": 0, "_wandb": {"runtime": 1}}