{"CV_RMSE": 1227.7839174355322, "RMSE": 1728.742565022495, "RMSE_STHLM": 1544.2300981534527, "RMSE_S\u00f6dermanland": 184.51246686904238, "CV_RMSE_STHLM": 549.9830187329273, "CV_RMSE_S\u00f6dermanland": 677.8008987026047, "_timestamp": 1748361783.6816125, "_runtime": 1.4655663967132568, "_step": 0, "_wandb": {"runtime": 1}}