{"CV_RMSE": 4847.481581910358, "RMSE": 1936.7499645096902, "RMSE_skane": 1709.2513437276766, "RMSE_kronoberg": 227.49862078201372, "CV_RMSE_'skane": 2710.2294033736944, "CV_RMSE_kronoberg": 2137.2521785366635, "_timestamp": 1748542185.5100622, "_runtime": 1.2560513019561768, "_step": 0, "_wandb": {"runtime": 1}}