{"CV_RMSE": 1015.6146895319903, "RMSE": 1034.3299410462923, "RMSE_STHLM": 839.222074404511, "RMSE_S\u00f6dermanland": 195.10786664178138, "CV_RMSE_STHLM": 298.8919141132014, "CV_RMSE_S\u00f6dermanland": 716.7227754187888, "_timestamp": 1748306279.5276282, "_runtime": 1.273151159286499, "_step": 0, "_wandb": {"runtime": 1}}