{"CV_RMSE": 4892.615437327867, "RMSE": 1865.7263042724285, "RMSE_skane": 1618.026416196016, "RMSE_kronoberg": 247.69988807641252, "CV_RMSE_'skane": 2565.5809981966427, "CV_RMSE_kronoberg": 2327.034439131224, "_timestamp": 1748547672.223399, "_runtime": 1.3532068729400635, "_step": 0, "_wandb": {"runtime": 1}}