{"CV_RMSE": 1207.7843636363866, "RMSE": 459.96958990528657, "RMSE_skane": 398.70068797365957, "RMSE_kronoberg": 61.26890193162698, "CV_RMSE_'skane": 632.1892515438576, "CV_RMSE_kronoberg": 575.595112092529, "_timestamp": 1748517448.5980093, "_runtime": 1.4018683433532715, "_step": 0, "_wandb": {"runtime": 1}}