{"CV_RMSE": 844.2755622286179, "RMSE": 990.9449588292841, "RMSE_STHLM": 842.8291241388014, "RMSE_S\u00f6dermanland": 148.11583469048279, "CV_RMSE_STHLM": 300.1765776513341, "CV_RMSE_S\u00f6dermanland": 544.0989845772838, "_timestamp": 1748375482.1653812, "_runtime": 1.3177862167358398, "_step": 0, "_wandb": {"runtime": 1}}