{"CV_RMSE": 275.31003121439653, "RMSE": 437.01202599109354, "RMSE_STHLM": 400.93868961741305, "RMSE_S\u00f6dermanland": 36.073336373680476, "CV_RMSE_STHLM": 142.79573433148863, "CV_RMSE_S\u00f6dermanland": 132.51429688290787, "_timestamp": 1748458567.2197795, "_runtime": 1.449648380279541, "_step": 0, "_wandb": {"runtime": 1}}