{"CV_RMSE": 1437.970743258108, "RMSE": 1809.4463457633626, "RMSE_STHLM": 1570.237884632083, "RMSE_S\u00f6dermanland": 239.20846113127962, "CV_RMSE_STHLM": 559.2457840003461, "CV_RMSE_S\u00f6dermanland": 878.7249592577618, "_timestamp": 1748296887.7665234, "_runtime": 1.2980413436889648, "_step": 0, "_wandb": {"runtime": 1}}