{"CV_RMSE": 569.4855087498231, "RMSE": 643.0545787902853, "RMSE_STHLM": 540.4236088193101, "RMSE_S\u00f6dermanland": 102.63096997097519, "CV_RMSE_STHLM": 192.47378232583262, "CV_RMSE_S\u00f6dermanland": 377.01172642399047, "_timestamp": 1748298215.4186058, "_runtime": 1.2722318172454834, "_step": 0, "_wandb": {"runtime": 1}}