{"CV_RMSE": 5119.717661241579, "RMSE": 1965.9969573451394, "RMSE_skane": 1709.5749342120157, "RMSE_kronoberg": 256.42202313312384, "CV_RMSE_'skane": 2710.7424961078473, "CV_RMSE_kronoberg": 2408.9751651337315, "_timestamp": 1748521732.1178117, "_runtime": 1.3016185760498047, "_step": 0, "_wandb": {"runtime": 1}}