{"CV_RMSE": 1020.2281595999705, "RMSE": 2260.660243568715, "RMSE_STHLM": 2195.8228819347514, "RMSE_S\u00f6dermanland": 64.83736163396344, "CV_RMSE_STHLM": 782.0500964547987, "CV_RMSE_S\u00f6dermanland": 238.17806314517182, "_timestamp": 1748327492.9444678, "_runtime": 1.3060827255249023, "_step": 0, "_wandb": {"runtime": 1}}