{"CV_RMSE": 272.2576952956125, "RMSE": 433.25476551276034, "RMSE_STHLM": 397.6981644671963, "RMSE_S\u00f6dermanland": 35.55660104556406, "CV_RMSE_STHLM": 141.64160982211186, "CV_RMSE_S\u00f6dermanland": 130.61608547350062, "_timestamp": 1748441813.6858838, "_runtime": 1.319650650024414, "_step": 0, "_wandb": {"runtime": 1}}