{"CV_RMSE": 3177.041151803729, "RMSE": 1143.7817451135459, "RMSE_skane": 969.1828525270408, "RMSE_kronoberg": 174.5988925865051, "CV_RMSE_'skane": 1536.7592799054557, "CV_RMSE_kronoberg": 1640.2818718982735, "_timestamp": 1748543760.2937043, "_runtime": 1.3354392051696777, "_step": 0, "_wandb": {"runtime": 1}}