{"CV_RMSE": 253.36101800991312, "RMSE": 398.6634508672745, "RMSE_STHLM": 365.08943404529896, "RMSE_S\u00f6dermanland": 33.574016821975526, "CV_RMSE_STHLM": 130.0278949904112, "CV_RMSE_S\u00f6dermanland": 123.33312301950193, "_timestamp": 1748489254.213402, "_runtime": 1.5642709732055664, "_step": 0, "_wandb": {"runtime": 1}}