{"CV_RMSE": 4551.311369956478, "RMSE": 1875.3408204716627, "RMSE_skane": 1673.2999707316687, "RMSE_kronoberg": 202.04084973999406, "CV_RMSE_'skane": 2653.2240550713564, "CV_RMSE_kronoberg": 1898.0873148851217, "_timestamp": 1748535183.7836845, "_runtime": 1.2952775955200195, "_step": 0, "_wandb": {"runtime": 1}}