{"CV_RMSE": 1131.4943062561142, "RMSE": 1616.6327069221704, "RMSE_STHLM": 1449.1102677647962, "RMSE_S\u00f6dermanland": 167.52243915737435, "CV_RMSE_STHLM": 516.1057542494327, "CV_RMSE_S\u00f6dermanland": 615.3885520066814, "_timestamp": 1748311434.1245973, "_runtime": 1.2562153339385986, "_step": 0, "_wandb": {"runtime": 1}}