{"CV_RMSE": 3315.8550502655003, "RMSE": 160.2966469599219, "RMSE_Kalmar": 20.247122004392168, "RMSE_Blekinge": 140.04952495552973, "CV_RMSE_'Kalmar": 195.9398903650855, "CV_RMSE_Blekinge": 3119.915159900415, "_timestamp": 1748570261.8645988, "_runtime": 1.2939026355743408, "_step": 0, "_wandb": {"runtime": 1}}