{"CV_RMSE": 272.4187159969042, "RMSE": 434.8541056962473, "RMSE_STHLM": 399.42067349817506, "RMSE_S\u00f6dermanland": 35.433432198072246, "CV_RMSE_STHLM": 142.2550875141898, "CV_RMSE_S\u00f6dermanland": 130.1636284827144, "_timestamp": 1748366666.7850158, "_runtime": 1.3142967224121094, "_step": 0, "_wandb": {"runtime": 1}}