{"CV_RMSE": 290.2727038216292, "RMSE": 525.7918111335838, "RMSE_STHLM": 494.7395710558875, "RMSE_S\u00f6dermanland": 31.05224007769633, "CV_RMSE_STHLM": 176.2032504749896, "CV_RMSE_S\u00f6dermanland": 114.06945334663958, "_timestamp": 1748311248.6590822, "_runtime": 1.2778241634368896, "_step": 0, "_wandb": {"runtime": 1}}