{"CV_RMSE": 259.26065686268754, "RMSE": 418.37878844560953, "RMSE_STHLM": 385.14301148520155, "RMSE_S\u00f6dermanland": 33.235776960407975, "CV_RMSE_STHLM": 137.17004762037254, "CV_RMSE_S\u00f6dermanland": 122.09060924231501, "_timestamp": 1748479270.477089, "_runtime": 1.2723238468170166, "_step": 0, "_wandb": {"runtime": 1}}