{"CV_RMSE": 1126.5771138215603, "RMSE": 1812.2570572944046, "RMSE_STHLM": 1667.2195128936746, "RMSE_S\u00f6dermanland": 145.0375444007299, "CV_RMSE_STHLM": 593.7861343903076, "CV_RMSE_S\u00f6dermanland": 532.7909794312527, "_timestamp": 1748309540.3396685, "_runtime": 1.293567419052124, "_step": 0, "_wandb": {"runtime": 1}}