{"CV_RMSE": 306.72204612469346, "RMSE": 22.233754422554966, "RMSE_Kalmar": 14.96724067317601, "RMSE_Blekinge": 7.266513749378957, "CV_RMSE_'Kalmar": 144.84426457912267, "CV_RMSE_Blekinge": 161.8777815455708, "_timestamp": 1748536232.392257, "_runtime": 1.394139051437378, "_step": 0, "_wandb": {"runtime": 1}}