{"CV_RMSE": 644.8804461019498, "RMSE": 378.0786148425343, "RMSE_STHLM": 224.27161181612968, "RMSE_S\u00f6dermanland": 153.80700302640463, "CV_RMSE_STHLM": 79.87512886209605, "CV_RMSE_S\u00f6dermanland": 565.0053172398538, "_timestamp": 1748360992.7423503, "_runtime": 1.332350254058838, "_step": 0, "_wandb": {"runtime": 1}}