{"CV_RMSE": 272.4758416843261, "RMSE": 435.03918977490184, "RMSE_STHLM": 399.6084081121179, "RMSE_S\u00f6dermanland": 35.43078166278396, "CV_RMSE_STHLM": 142.32194986185442, "CV_RMSE_S\u00f6dermanland": 130.15389182247168, "_timestamp": 1748433189.0858269, "_runtime": 1.3394088745117188, "_step": 0, "_wandb": {"runtime": 1}}