{"CV_RMSE": 4781.259122978906, "RMSE": 1910.4941117779188, "RMSE_skane": 1686.1445138919532, "RMSE_kronoberg": 224.34959788596552, "CV_RMSE_'skane": 2673.5906668477055, "CV_RMSE_kronoberg": 2107.6684561312004, "_timestamp": 1748514848.2664204, "_runtime": 1.3750653266906738, "_step": 0, "_wandb": {"runtime": 1}}