{"CV_RMSE": 1613.3979592723626, "RMSE": 1903.9320695330307, "RMSE_STHLM": 1621.9855040335294, "RMSE_S\u00f6dermanland": 281.94656549950116, "CV_RMSE_STHLM": 577.6758819272562, "CV_RMSE_S\u00f6dermanland": 1035.7220773451063, "_timestamp": 1748292607.249444, "_runtime": 1.2415189743041992, "_step": 0, "_wandb": {"runtime": 1}}