{"CV_RMSE": 527.6823383789477, "RMSE": 580.3487121366364, "RMSE_STHLM": 483.58702166076057, "RMSE_S\u00f6dermanland": 96.76169047587588, "CV_RMSE_STHLM": 172.23123050838328, "CV_RMSE_S\u00f6dermanland": 355.45110787056444, "_timestamp": 1748303611.7615466, "_runtime": 1.2894794940948486, "_step": 0, "_wandb": {"runtime": 1}}