{"CV_RMSE": 3182.152542765116, "RMSE": 1615.786175426283, "RMSE_skane": 1536.37423724074, "RMSE_kronoberg": 79.41193818554294, "CV_RMSE_'skane": 2436.11136983204, "CV_RMSE_kronoberg": 746.0411729330757, "_timestamp": 1748535655.8085148, "_runtime": 1.4153027534484863, "_step": 0, "_wandb": {"runtime": 1}}