{"CV_RMSE": 1198.6024868526447, "RMSE": 675.8113693116213, "RMSE_skane": 659.5454175164859, "RMSE_kronoberg": 16.265951795135354, "CV_RMSE_'skane": 1045.7908311572187, "CV_RMSE_kronoberg": 152.81165569542608, "_timestamp": 1748568365.249274, "_runtime": 1.3059790134429932, "_step": 0, "_wandb": {"runtime": 1}}