{"CV_RMSE": 306.91978754971564, "RMSE": 22.251504286833818, "RMSE_Kalmar": 14.982929510481599, "RMSE_Blekinge": 7.268574776352218, "CV_RMSE_'Kalmar": 144.9960920369187, "CV_RMSE_Blekinge": 161.92369551279694, "_timestamp": 1748461355.8704412, "_runtime": 1.2658181190490723, "_step": 0, "_wandb": {"runtime": 1}}