{"CV_RMSE": 2118.728523504131, "RMSE": 876.5625038302614, "RMSE_skane": 783.2298002079701, "RMSE_kronoberg": 93.33270362229136, "CV_RMSE_'skane": 1241.907717031665, "CV_RMSE_kronoberg": 876.8208064724658, "_timestamp": 1748512627.789202, "_runtime": 1.3858840465545654, "_step": 0, "_wandb": {"runtime": 1}}