{"CV_RMSE": 305.6721332554075, "RMSE": 22.13787413297795, "RMSE_Kalmar": 14.881046173701678, "RMSE_Blekinge": 7.256827959276271, "CV_RMSE_'Kalmar": 144.01012426162916, "CV_RMSE_Blekinge": 161.66200899377833, "_timestamp": 1748470243.350992, "_runtime": 1.276534080505371, "_step": 0, "_wandb": {"runtime": 1}}