{"CV_RMSE": 2893.473671026282, "RMSE": 168.5973442436333, "RMSE_Kalmar": 68.44610131838108, "RMSE_Blekinge": 100.1512429252522, "CV_RMSE_'Kalmar": 662.3816256617523, "CV_RMSE_Blekinge": 2231.0920453645294, "_timestamp": 1748524717.2177496, "_runtime": 1.3597536087036133, "_step": 0, "_wandb": {"runtime": 1}}