{"CV_RMSE": 651.9161731522786, "RMSE": 936.2492207743959, "RMSE_STHLM": 840.2476001879617, "RMSE_S\u00f6dermanland": 96.00162058643426, "CV_RMSE_STHLM": 299.2571587531324, "CV_RMSE_S\u00f6dermanland": 352.65901439914626, "_timestamp": 1748403100.8365746, "_runtime": 1.3610694408416748, "_step": 0, "_wandb": {"runtime": 1}}