{"CV_RMSE": 3044.569561937571, "RMSE": 212.26955628793127, "RMSE_Kalmar": 133.6693093195607, "RMSE_Blekinge": 78.60024696837056, "CV_RMSE_'Kalmar": 1293.573961157039, "CV_RMSE_Blekinge": 1750.9956007805322, "_timestamp": 1748543194.701821, "_runtime": 1.2964069843292236, "_step": 0, "_wandb": {"runtime": 1}}