{"CV_RMSE": 777.6469817588469, "RMSE": 1023.2492230775922, "RMSE_STHLM": 898.6867255495858, "RMSE_S\u00f6dermanland": 124.56249752800633, "CV_RMSE_STHLM": 320.070460227395, "CV_RMSE_S\u00f6dermanland": 457.5765215314519, "_timestamp": 1748301838.1819193, "_runtime": 1.2865643501281738, "_step": 0, "_wandb": {"runtime": 1}}