{"CV_RMSE": 885.5040814116459, "RMSE": 1094.4943197251314, "RMSE_STHLM": 945.0674710233204, "RMSE_S\u00f6dermanland": 149.42684870181108, "CV_RMSE_STHLM": 336.5891269968296, "CV_RMSE_S\u00f6dermanland": 548.9149544148163, "_timestamp": 1748324916.7185786, "_runtime": 1.329155683517456, "_step": 0, "_wandb": {"runtime": 1}}