{"CV_RMSE": 1512.5966857877438, "RMSE": 2086.727223386382, "RMSE_STHLM": 1854.792300626239, "RMSE_S\u00f6dermanland": 231.93492276014297, "CV_RMSE_STHLM": 660.5908470770144, "CV_RMSE_S\u00f6dermanland": 852.0058387107293, "_timestamp": 1748312610.188663, "_runtime": 1.4397830963134766, "_step": 0, "_wandb": {"runtime": 1}}