{"CV_RMSE": 303.69635552059754, "RMSE": 21.919353191713693, "RMSE_Kalmar": 14.651497997136609, "RMSE_Blekinge": 7.267855194577085, "CV_RMSE_'Kalmar": 141.7886902948704, "CV_RMSE_Blekinge": 161.90766522572713, "_timestamp": 1748481083.3139062, "_runtime": 1.324256181716919, "_step": 0, "_wandb": {"runtime": 1}}