{"CV_RMSE": 3081.303320043072, "RMSE": 228.86633476037508, "RMSE_Kalmar": 160.09800138102162, "RMSE_Blekinge": 68.76833337935345, "CV_RMSE_'Kalmar": 1549.335497235693, "CV_RMSE_Blekinge": 1531.967822807379, "_timestamp": 1748544262.9800684, "_runtime": 1.3429725170135498, "_step": 0, "_wandb": {"runtime": 1}}