{"CV_RMSE": 270.85192892386215, "RMSE": 434.99431019995427, "RMSE_STHLM": 400.0482362995711, "RMSE_S\u00f6dermanland": 34.94607390038318, "CV_RMSE_STHLM": 142.47859622857695, "CV_RMSE_S\u00f6dermanland": 128.37333269528517, "_timestamp": 1748528703.4209807, "_runtime": 1.264967679977417, "_step": 0, "_wandb": {"runtime": 1}}