{"CV_RMSE": 3485.633030041021, "RMSE": 1033.6229068385264, "RMSE_skane": 797.1383006858835, "RMSE_kronoberg": 236.4846061526429, "CV_RMSE_'skane": 1263.9613647239166, "CV_RMSE_kronoberg": 2221.6716653171043, "_timestamp": 1748571014.6584723, "_runtime": 1.2660832405090332, "_step": 0, "_wandb": {"runtime": 1}}