{"CV_RMSE": 364.5546469067841, "RMSE": 596.7556358299908, "RMSE_STHLM": 550.9300284099982, "RMSE_S\u00f6dermanland": 45.82560741999255, "CV_RMSE_STHLM": 196.21568087415844, "CV_RMSE_S\u00f6dermanland": 168.33896603262568, "_timestamp": 1748564909.0213795, "_runtime": 1.3447794914245605, "_step": 0, "_wandb": {"runtime": 1}}