{"CV_RMSE": 4974.179210870834, "RMSE": 1871.1840170317137, "RMSE_skane": 1614.1474178225974, "RMSE_kronoberg": 257.0365992091163, "CV_RMSE_'skane": 2559.4303665263174, "CV_RMSE_kronoberg": 2414.7488443445163, "_timestamp": 1748568331.3350472, "_runtime": 1.2894341945648193, "_step": 0, "_wandb": {"runtime": 1}}