{"CV_RMSE": 305.77012604536174, "RMSE": 22.162262654252558, "RMSE_Kalmar": 14.91638923919109, "RMSE_Blekinge": 7.245873415061469, "CV_RMSE_'Kalmar": 144.3521539276557, "CV_RMSE_Blekinge": 161.417972117706, "_timestamp": 1748512669.54019, "_runtime": 1.3152720928192139, "_step": 0, "_wandb": {"runtime": 1}}