{"CV_RMSE": 279.69884924434115, "RMSE": 100.82362877068945, "RMSE_skane": 85.47834656587247, "RMSE_kronoberg": 15.345282204816987, "CV_RMSE_'skane": 135.53649032643625, "CV_RMSE_kronoberg": 144.1623589179049, "_timestamp": 1748535540.3494518, "_runtime": 1.30747389793396, "_step": 0, "_wandb": {"runtime": 1}}