{"CV_RMSE": 4516.995955593242, "RMSE": 1758.4808382732047, "RMSE_skane": 1537.1056897519413, "RMSE_kronoberg": 221.37514852126338, "CV_RMSE_'skane": 2437.2711782536066, "CV_RMSE_kronoberg": 2079.7247773396352, "_timestamp": 1748554541.274776, "_runtime": 1.253654956817627, "_step": 0, "_wandb": {"runtime": 1}}