{"CV_RMSE": 265.85719297291877, "RMSE": 421.4636270249994, "RMSE_STHLM": 386.5705282478954, "RMSE_S\u00f6dermanland": 34.89309877710401, "CV_RMSE_STHLM": 137.67846277131218, "CV_RMSE_S\u00f6dermanland": 128.17873020160658, "_timestamp": 1748381184.7217462, "_runtime": 1.329005241394043, "_step": 0, "_wandb": {"runtime": 1}}