{"CV_RMSE": 271.6461889390814, "RMSE": 438.1136768420983, "RMSE_STHLM": 403.26307575078624, "RMSE_S\u00f6dermanland": 34.850601091312065, "CV_RMSE_STHLM": 143.623572685282, "CV_RMSE_S\u00f6dermanland": 128.0226162537994, "_timestamp": 1748466949.1229115, "_runtime": 1.2706005573272705, "_step": 0, "_wandb": {"runtime": 1}}