{"CV_RMSE": 3829.9989845297296, "RMSE": 1561.5915149054479, "RMSE_skane": 1388.2131748188772, "RMSE_kronoberg": 173.37834008657063, "CV_RMSE_'skane": 2201.183681002448, "CV_RMSE_kronoberg": 1628.8153035272817, "_timestamp": 1748572336.756088, "_runtime": 1.2754650115966797, "_step": 0, "_wandb": {"runtime": 1}}