{"CV_RMSE": 4305.699167917336, "RMSE": 277.8619504987456, "RMSE_Kalmar": 149.54947915179528, "RMSE_Blekinge": 128.3124713469503, "CV_RMSE_'Kalmar": 1447.2530240496317, "CV_RMSE_Blekinge": 2858.4461438677044, "_timestamp": 1748513093.3323057, "_runtime": 1.3884387016296387, "_step": 0, "_wandb": {"runtime": 1}}