{"CV_RMSE": 249.4199439261081, "RMSE": 388.08062747541624, "RMSE_STHLM": 354.5584489646152, "RMSE_S\u00f6dermanland": 33.52217851080103, "CV_RMSE_STHLM": 126.27724735581862, "CV_RMSE_S\u00f6dermanland": 123.14269657028949, "_timestamp": 1748440563.0717316, "_runtime": 1.3018245697021484, "_step": 0, "_wandb": {"runtime": 1}}