{"CV_RMSE": 274.3422579832448, "RMSE": 435.88541459544666, "RMSE_STHLM": 399.9828568327626, "RMSE_S\u00f6dermanland": 35.90255776268409, "CV_RMSE_STHLM": 142.45531109991546, "CV_RMSE_S\u00f6dermanland": 131.88694688332933, "_timestamp": 1748447724.9081504, "_runtime": 1.238100528717041, "_step": 0, "_wandb": {"runtime": 1}}