{"CV_RMSE": 1218.2362676566493, "RMSE": 1947.2165653606762, "RMSE_STHLM": 1789.0380211069917, "RMSE_S\u00f6dermanland": 158.17854425368452, "CV_RMSE_STHLM": 637.1722275410734, "CV_RMSE_S\u00f6dermanland": 581.0640401155758, "_timestamp": 1748403897.6604748, "_runtime": 1.3960816860198975, "_step": 0, "_wandb": {"runtime": 1}}