{"CV_RMSE": 768.8241781361063, "RMSE": 873.3993576397658, "RMSE_STHLM": 735.4083055961553, "RMSE_S\u00f6dermanland": 137.99105204361044, "CV_RMSE_STHLM": 261.91827266978225, "CV_RMSE_S\u00f6dermanland": 506.90590546632404, "_timestamp": 1748393227.8476863, "_runtime": 1.3312652111053467, "_step": 0, "_wandb": {"runtime": 1}}