{"CV_RMSE": 1356.0227651080475, "RMSE": 2184.977048585915, "RMSE_STHLM": 2010.7893988601993, "RMSE_S\u00f6dermanland": 174.18764972571554, "CV_RMSE_STHLM": 716.149766115623, "CV_RMSE_S\u00f6dermanland": 639.8729989924244, "_timestamp": 1748360488.8744602, "_runtime": 1.3077433109283447, "_step": 0, "_wandb": {"runtime": 1}}