{"CV_RMSE": 1452.6947230086646, "RMSE": 1905.709962324756, "RMSE_STHLM": 1672.3980299346008, "RMSE_S\u00f6dermanland": 233.31193239015516, "CV_RMSE_STHLM": 595.6304815754415, "CV_RMSE_S\u00f6dermanland": 857.0642414332231, "_timestamp": 1748347947.124407, "_runtime": 1.2812020778656006, "_step": 0, "_wandb": {"runtime": 1}}