{"CV_RMSE": 4341.087600204526, "RMSE": 1479.9630833862739, "RMSE_skane": 1224.5608188057906, "RMSE_kronoberg": 255.4022645804833, "CV_RMSE_'skane": 1941.6926302417398, "CV_RMSE_kronoberg": 2399.3949699627865, "_timestamp": 1748513860.3833895, "_runtime": 1.3233375549316406, "_step": 0, "_wandb": {"runtime": 1}}