{"CV_RMSE": 4643.655375707569, "RMSE": 1771.032154910631, "RMSE_skane": 1535.9857986261643, "RMSE_kronoberg": 235.04635628446673, "CV_RMSE_'skane": 2435.495452367068, "CV_RMSE_kronoberg": 2208.1599233405013, "_timestamp": 1748557671.4496202, "_runtime": 1.2869553565979004, "_step": 0, "_wandb": {"runtime": 1}}