{"CV_RMSE": 305.1705191919392, "RMSE": 22.108300726207723, "RMSE_Kalmar": 14.868569836832117, "RMSE_Blekinge": 7.239730889375607, "CV_RMSE_'Kalmar": 143.88938551773015, "CV_RMSE_Blekinge": 161.28113367420906, "_timestamp": 1748465429.3274484, "_runtime": 1.295797348022461, "_step": 0, "_wandb": {"runtime": 1}}