{"CV_RMSE": 2378.3188580020046, "RMSE": 1056.9777859021347, "RMSE_skane": 967.0361162027716, "RMSE_kronoberg": 89.94166969936313, "CV_RMSE_'skane": 1533.3553639578831, "CV_RMSE_kronoberg": 844.9634940441214, "_timestamp": 1748514759.3333774, "_runtime": 1.386007308959961, "_step": 0, "_wandb": {"runtime": 1}}