{"CV_RMSE": 1640.6450237523984, "RMSE": 558.5567170170777, "RMSE_skane": 461.87477805530045, "RMSE_kronoberg": 96.68193896177729, "CV_RMSE_'skane": 732.3595846542819, "CV_RMSE_kronoberg": 908.2854390981165, "_timestamp": 1748516939.1976004, "_runtime": 1.3671913146972656, "_step": 0, "_wandb": {"runtime": 1}}