{"CV_RMSE": 2495.992648136695, "RMSE": 180.6810314037433, "RMSE_Kalmar": 121.35738806324721, "RMSE_Blekinge": 59.32364334049608, "CV_RMSE_'Kalmar": 1174.4263360959408, "CV_RMSE_Blekinge": 1321.5663120407544, "_timestamp": 1748540895.216887, "_runtime": 1.3600990772247314, "_step": 0, "_wandb": {"runtime": 1}}