{"CV_RMSE": 1781.8091073219794, "RMSE": 2575.30107479907, "RMSE_STHLM": 2314.6667099697524, "RMSE_S\u00f6dermanland": 260.6343648293175, "CV_RMSE_STHLM": 824.3767467244865, "CV_RMSE_S\u00f6dermanland": 957.432360597493, "_timestamp": 1748318861.0641575, "_runtime": 1.2449095249176025, "_step": 0, "_wandb": {"runtime": 1}}