{"CV_RMSE": 274.9299547213118, "RMSE": 436.7905684553481, "RMSE_STHLM": 400.80802946767614, "RMSE_S\u00f6dermanland": 35.98253898767195, "CV_RMSE_STHLM": 142.74919925639438, "CV_RMSE_S\u00f6dermanland": 132.18075546491738, "_timestamp": 1748478018.681061, "_runtime": 1.3172290325164795, "_step": 0, "_wandb": {"runtime": 1}}