{"CV_RMSE": 4166.496528339407, "RMSE": 1670.3160741179927, "RMSE_skane": 1475.923213126394, "RMSE_kronoberg": 194.3928609915985, "CV_RMSE_'skane": 2340.258794597876, "CV_RMSE_kronoberg": 1826.237733741531, "_timestamp": 1748524826.635097, "_runtime": 1.3406989574432373, "_step": 0, "_wandb": {"runtime": 1}}