{"CV_RMSE": 4526.732034420593, "RMSE": 1859.2032229012423, "RMSE_skane": 1657.033185306047, "RMSE_kronoberg": 202.17003759519523, "CV_RMSE_'skane": 2627.4310549250217, "CV_RMSE_kronoberg": 1899.300979495571, "_timestamp": 1748572268.2536871, "_runtime": 1.265801191329956, "_step": 0, "_wandb": {"runtime": 1}}