{"CV_RMSE": 272.8131755480897, "RMSE": 434.4037129860484, "RMSE_STHLM": 398.8030164888082, "RMSE_S\u00f6dermanland": 35.600696497240186, "CV_RMSE_STHLM": 142.0351067827176, "CV_RMSE_S\u00f6dermanland": 130.77806876537213, "_timestamp": 1748464217.9019814, "_runtime": 1.3797173500061035, "_step": 0, "_wandb": {"runtime": 1}}