{"CV_RMSE": 541.225359983247, "RMSE": 499.4580894448688, "RMSE_STHLM": 389.9292988988398, "RMSE_S\u00f6dermanland": 109.52879054602899, "CV_RMSE_STHLM": 138.874700834569, "CV_RMSE_S\u00f6dermanland": 402.35065914867795, "_timestamp": 1748316702.0467424, "_runtime": 1.3440234661102295, "_step": 0, "_wandb": {"runtime": 1}}