{"CV_RMSE": 306.61492537414074, "RMSE": 22.23064942636996, "RMSE_Kalmar": 14.970252627195693, "RMSE_Blekinge": 7.260396799174268, "CV_RMSE_'Kalmar": 144.87341252124864, "CV_RMSE_Blekinge": 161.74151285289213, "_timestamp": 1748487151.9740767, "_runtime": 1.2542848587036133, "_step": 0, "_wandb": {"runtime": 1}}