{"CV_RMSE": 4318.810630609004, "RMSE": 256.21184035166846, "RMSE_Kalmar": 110.23015919118087, "RMSE_Blekinge": 145.9816811604876, "CV_RMSE_'Kalmar": 1066.7434760436859, "CV_RMSE_Blekinge": 3252.067154565318, "_timestamp": 1748512421.8347633, "_runtime": 1.371544361114502, "_step": 0, "_wandb": {"runtime": 1}}