{"CV_RMSE": 452.658446770468, "RMSE": 578.0623597240728, "RMSE_STHLM": 503.67104413680033, "RMSE_S\u00f6dermanland": 74.39131558727249, "CV_RMSE_STHLM": 179.38422624579354, "CV_RMSE_S\u00f6dermanland": 273.27422052467443, "_timestamp": 1748466647.724851, "_runtime": 1.4171359539031982, "_step": 0, "_wandb": {"runtime": 1}}