{"CV_RMSE": 1362.4221231463841, "RMSE": 587.2155490444286, "RMSE_skane": 531.9815757898316, "RMSE_kronoberg": 55.233973254597046, "CV_RMSE_'skane": 843.5225831762657, "CV_RMSE_kronoberg": 518.8995399701184, "_timestamp": 1748525036.8766065, "_runtime": 1.3231794834136963, "_step": 0, "_wandb": {"runtime": 1}}