{"CV_RMSE": 275.6292208015354, "RMSE": 437.20766081617955, "RMSE_STHLM": 401.05910894814224, "RMSE_S\u00f6dermanland": 36.148551868037295, "CV_RMSE_STHLM": 142.83862210262288, "CV_RMSE_S\u00f6dermanland": 132.7905986989125, "_timestamp": 1748565370.6961045, "_runtime": 1.2721624374389648, "_step": 0, "_wandb": {"runtime": 1}}