{"CV_RMSE": 338.1412307279729, "RMSE": 25.96928339156802, "RMSE_Kalmar": 19.07825914201739, "RMSE_Blekinge": 6.891024249550631, "CV_RMSE_'Kalmar": 184.62831427758763, "CV_RMSE_Blekinge": 153.51291645038532, "_timestamp": 1748537006.7891917, "_runtime": 1.4209356307983398, "_step": 0, "_wandb": {"runtime": 1}}