{"CV_RMSE": 303.9849199553717, "RMSE": 22.000266538109877, "RMSE_Kalmar": 14.771655428463749, "RMSE_Blekinge": 7.228611109646126, "CV_RMSE_'Kalmar": 142.95150414642336, "CV_RMSE_Blekinge": 161.03341580894835, "_timestamp": 1748490469.7659307, "_runtime": 1.2873036861419678, "_step": 0, "_wandb": {"runtime": 1}}