{"CV_RMSE": 275.18461482037367, "RMSE": 436.57407999779014, "RMSE_STHLM": 400.49153147066824, "RMSE_S\u00f6dermanland": 36.08254852712189, "CV_RMSE_STHLM": 142.6364773738035, "CV_RMSE_S\u00f6dermanland": 132.5481374465702, "_timestamp": 1748456490.514827, "_runtime": 1.2520380020141602, "_step": 0, "_wandb": {"runtime": 1}}