{"CV_RMSE": 705.9834797658348, "RMSE": 867.7381715883693, "RMSE_STHLM": 748.0825599221947, "RMSE_S\u00f6dermanland": 119.65561166617456, "CV_RMSE_STHLM": 266.4322532370302, "CV_RMSE_S\u00f6dermanland": 439.5512265288046, "_timestamp": 1748294109.4795856, "_runtime": 1.3140735626220703, "_step": 0, "_wandb": {"runtime": 1}}