{"CV_RMSE": 701.7282190114986, "RMSE": 1006.0505055094123, "RMSE_STHLM": 902.5271196644038, "RMSE_S\u00f6dermanland": 103.52338584500853, "CV_RMSE_STHLM": 321.4382301930999, "CV_RMSE_S\u00f6dermanland": 380.2899888183987, "_timestamp": 1748314501.6049252, "_runtime": 1.3324651718139648, "_step": 0, "_wandb": {"runtime": 1}}