{"CV_RMSE": 387.18632492014194, "RMSE": 317.3782660717869, "RMSE_STHLM": 234.73586959496117, "RMSE_S\u00f6dermanland": 82.64239647682572, "CV_RMSE_STHLM": 83.60201133180256, "CV_RMSE_S\u00f6dermanland": 303.5843135883394, "_timestamp": 1748311165.1833777, "_runtime": 1.3055787086486816, "_step": 0, "_wandb": {"runtime": 1}}