{"CV_RMSE": 1240.4983902775687, "RMSE": 2337.6751484295787, "RMSE_STHLM": 2214.706119961386, "RMSE_S\u00f6dermanland": 122.969028468193, "CV_RMSE_STHLM": 788.775428557676, "CV_RMSE_S\u00f6dermanland": 451.7229617198927, "_timestamp": 1748295650.9608128, "_runtime": 1.3055708408355713, "_step": 0, "_wandb": {"runtime": 1}}