{"CV_RMSE": 3010.321602707136, "RMSE": 176.15913261624257, "RMSE_Kalmar": 72.54201677837459, "RMSE_Blekinge": 103.617115837868, "CV_RMSE_'Kalmar": 702.0195172100766, "CV_RMSE_Blekinge": 2308.3020854970596, "_timestamp": 1748503240.3057725, "_runtime": 1.3044226169586182, "_step": 0, "_wandb": {"runtime": 1}}