{"CV_RMSE": 306.961847468461, "RMSE": 22.25566840526881, "RMSE_Kalmar": 14.986953785646339, "RMSE_Blekinge": 7.268714619622471, "CV_RMSE_'Kalmar": 145.03503663528716, "CV_RMSE_Blekinge": 161.92681083317385, "_timestamp": 1748505526.2764015, "_runtime": 1.2855594158172607, "_step": 0, "_wandb": {"runtime": 1}}