{"CV_RMSE": 274.2976466075511, "RMSE": 435.1447066853313, "RMSE_STHLM": 399.1760731010882, "RMSE_S\u00f6dermanland": 35.96863358424308, "CV_RMSE_STHLM": 142.16797221645405, "CV_RMSE_S\u00f6dermanland": 132.12967439109704, "_timestamp": 1748483399.2243335, "_runtime": 1.2560155391693115, "_step": 0, "_wandb": {"runtime": 1}}