{"CV_RMSE": 306.92111057866435, "RMSE": 22.252518806864444, "RMSE_Kalmar": 14.984618239721089, "RMSE_Blekinge": 7.267900567143357, "CV_RMSE_'Kalmar": 145.012434577946, "CV_RMSE_Blekinge": 161.90867600071834, "_timestamp": 1748550085.4660091, "_runtime": 1.347743034362793, "_step": 0, "_wandb": {"runtime": 1}}