{"CV_RMSE": 4492.874435367549, "RMSE": 1806.6096556606137, "RMSE_skane": 1598.0961254066394, "RMSE_kronoberg": 208.5135302539743, "CV_RMSE_'skane": 2533.979057198688, "CV_RMSE_kronoberg": 1958.895378168861, "_timestamp": 1748571036.195535, "_runtime": 1.3012008666992188, "_step": 0, "_wandb": {"runtime": 1}}