{"CV_RMSE": 275.107620843035, "RMSE": 436.4693594037743, "RMSE_STHLM": 400.3987775897207, "RMSE_S\u00f6dermanland": 36.07058181405365, "CV_RMSE_STHLM": 142.60344275059305, "CV_RMSE_S\u00f6dermanland": 132.50417809244198, "_timestamp": 1748534956.3420706, "_runtime": 1.535623550415039, "_step": 0, "_wandb": {"runtime": 1}}