{"CV_RMSE": 2823.0790875511557, "RMSE": 164.1291823556982, "RMSE_Kalmar": 66.13307594898049, "RMSE_Blekinge": 97.9961064067177, "CV_RMSE_'Kalmar": 639.9975091836822, "CV_RMSE_Blekinge": 2183.0815783674734, "_timestamp": 1748506508.1278193, "_runtime": 1.342853307723999, "_step": 0, "_wandb": {"runtime": 1}}