{"CV_RMSE": 3478.405012571562, "RMSE": 230.91778144781927, "RMSE_Kalmar": 132.2085972528221, "RMSE_Blekinge": 98.70918419499716, "CV_RMSE_'Kalmar": 1279.4380379305364, "CV_RMSE_Blekinge": 2198.966974641026, "_timestamp": 1748493023.2136269, "_runtime": 1.3107779026031494, "_step": 0, "_wandb": {"runtime": 1}}