{"CV_RMSE": 268.8555746302152, "RMSE": 419.83027843484416, "RMSE_STHLM": 383.85796239029133, "RMSE_S\u00f6dermanland": 35.972316044552805, "CV_RMSE_STHLM": 136.7123728338988, "CV_RMSE_S\u00f6dermanland": 132.14320179631642, "_timestamp": 1748457718.9321084, "_runtime": 1.2811102867126465, "_step": 0, "_wandb": {"runtime": 1}}