{"CV_RMSE": 304.4046918396619, "RMSE": 22.069168421450478, "RMSE_Kalmar": 14.860162414352075, "RMSE_Blekinge": 7.209006007098402, "CV_RMSE_'Kalmar": 143.8080233646975, "CV_RMSE_Blekinge": 160.5966684749644, "_timestamp": 1748501238.3066509, "_runtime": 1.3531818389892578, "_step": 0, "_wandb": {"runtime": 1}}