{"CV_RMSE": 306.18404640566837, "RMSE": 22.19716632542115, "RMSE_Kalmar": 14.945249731355576, "RMSE_Blekinge": 7.251916594065574, "CV_RMSE_'Kalmar": 144.63144901311847, "CV_RMSE_Blekinge": 161.5525973925499, "_timestamp": 1748481195.6408906, "_runtime": 1.275153636932373, "_step": 0, "_wandb": {"runtime": 1}}