{"CV_RMSE": 305.6853561884586, "RMSE": 22.167598655163864, "RMSE_Kalmar": 14.932551482170233, "RMSE_Blekinge": 7.2350471729936325, "CV_RMSE_'Kalmar": 144.50856273067967, "CV_RMSE_Blekinge": 161.17679345777896, "_timestamp": 1748470169.9562213, "_runtime": 1.3483083248138428, "_step": 0, "_wandb": {"runtime": 1}}