{"CV_RMSE": 5143.712188973274, "RMSE": 339.734191598522, "RMSE_Kalmar": 192.43338403856993, "RMSE_Blekinge": 147.30080755995203, "CV_RMSE_'Kalmar": 1862.258555211967, "CV_RMSE_Blekinge": 3281.4536337613076, "_timestamp": 1748516427.5929306, "_runtime": 1.3468716144561768, "_step": 0, "_wandb": {"runtime": 1}}