{"CV_RMSE": 4995.284492529858, "RMSE": 1923.9997309300911, "RMSE_skane": 1674.9847707591841, "RMSE_kronoberg": 249.01496017090693, "CV_RMSE_'skane": 2655.8955138887695, "CV_RMSE_kronoberg": 2339.388978641088, "_timestamp": 1748512044.9188395, "_runtime": 1.3375763893127441, "_step": 0, "_wandb": {"runtime": 1}}