{"CV_RMSE": 1163.6324314279566, "RMSE": 1161.8838270308788, "RMSE_STHLM": 935.8506646376513, "RMSE_S\u00f6dermanland": 226.03316239322743, "CV_RMSE_STHLM": 333.30652875895777, "CV_RMSE_S\u00f6dermanland": 830.3259026689988, "_timestamp": 1748393959.2305102, "_runtime": 1.501434326171875, "_step": 0, "_wandb": {"runtime": 1}}