{"CV_RMSE": 305.63102761469355, "RMSE": 22.138881449505128, "RMSE_Kalmar": 14.886089572658483, "RMSE_Blekinge": 7.252791876846646, "CV_RMSE_'Kalmar": 144.05893134830788, "CV_RMSE_Blekinge": 161.57209626638567, "_timestamp": 1748501254.5700426, "_runtime": 1.3169167041778564, "_step": 0, "_wandb": {"runtime": 1}}