{"CV_RMSE": 283.50005080229937, "RMSE": 407.5692835799536, "RMSE_STHLM": 365.8660471776331, "RMSE_S\u00f6dermanland": 41.703236402320485, "CV_RMSE_STHLM": 130.30448850806084, "CV_RMSE_S\u00f6dermanland": 153.1955622942385, "_timestamp": 1748511997.2092776, "_runtime": 1.2771997451782227, "_step": 0, "_wandb": {"runtime": 1}}