{"CV_RMSE": 266.95545917234085, "RMSE": 431.90883406780574, "RMSE_STHLM": 397.8060824885221, "RMSE_S\u00f6dermanland": 34.10275157928359, "CV_RMSE_STHLM": 141.68004520762562, "CV_RMSE_S\u00f6dermanland": 125.27541396471523, "_timestamp": 1748475897.1746032, "_runtime": 1.256033182144165, "_step": 0, "_wandb": {"runtime": 1}}