{"CV_RMSE": 275.20182862551474, "RMSE": 436.2138706509945, "RMSE_STHLM": 400.08746026490957, "RMSE_S\u00f6dermanland": 36.126410386084956, "CV_RMSE_STHLM": 142.4925659827537, "CV_RMSE_S\u00f6dermanland": 132.70926264276105, "_timestamp": 1748509869.9074643, "_runtime": 1.2802791595458984, "_step": 0, "_wandb": {"runtime": 1}}