{"CV_RMSE": 1927.0879157448157, "RMSE": 2623.856997228154, "RMSE_STHLM": 2324.641607673405, "RMSE_S\u00f6dermanland": 299.2153895547491, "CV_RMSE_STHLM": 827.9293418702273, "CV_RMSE_S\u00f6dermanland": 1099.1585738745885, "_timestamp": 1748330113.291757, "_runtime": 1.25360107421875, "_step": 0, "_wandb": {"runtime": 1}}