{"CV_RMSE": 274.30228448700433, "RMSE": 435.36078613076415, "RMSE_STHLM": 399.41395317802375, "RMSE_S\u00f6dermanland": 35.94683295274039, "CV_RMSE_STHLM": 142.25269404836618, "CV_RMSE_S\u00f6dermanland": 132.04959043863815, "_timestamp": 1748450478.4205837, "_runtime": 1.2993566989898682, "_step": 0, "_wandb": {"runtime": 1}}