{"CV_RMSE": 1078.5040932097822, "RMSE": 1547.7347894310876, "RMSE_STHLM": 1388.7891566537871, "RMSE_S\u00f6dermanland": 158.9456327773004, "CV_RMSE_STHLM": 494.6221768850053, "CV_RMSE_S\u00f6dermanland": 583.881916324777, "_timestamp": 1748294388.6833656, "_runtime": 1.4921586513519287, "_step": 0, "_wandb": {"runtime": 1}}