{"CV_RMSE": 1423.562288388557, "RMSE": 1573.2198461288049, "RMSE_STHLM": 1312.9930518429544, "RMSE_S\u00f6dermanland": 260.2267942858506, "CV_RMSE_STHLM": 467.62712570584046, "CV_RMSE_S\u00f6dermanland": 955.9351626827165, "_timestamp": 1748343586.5986042, "_runtime": 1.2955782413482666, "_step": 0, "_wandb": {"runtime": 1}}