{"CV_RMSE": 270.4434477857635, "RMSE": 429.13536579453745, "RMSE_STHLM": 393.68340016098625, "RMSE_S\u00f6dermanland": 35.451965633551204, "CV_RMSE_STHLM": 140.21173729516727, "CV_RMSE_S\u00f6dermanland": 130.23171049059627, "_timestamp": 1748566150.062022, "_runtime": 1.3233699798583984, "_step": 0, "_wandb": {"runtime": 1}}