{"CV_RMSE": 272.5554635605682, "RMSE": 436.471963443641, "RMSE_STHLM": 401.17100527683886, "RMSE_S\u00f6dermanland": 35.30095816680218, "CV_RMSE_STHLM": 142.8784743763969, "CV_RMSE_S\u00f6dermanland": 129.6769891841713, "_timestamp": 1748340905.3394587, "_runtime": 1.3797507286071777, "_step": 0, "_wandb": {"runtime": 1}}