{"CV_RMSE": 304.833712895581, "RMSE": 22.073723824142817, "RMSE_Kalmar": 14.834166835434653, "RMSE_Blekinge": 7.239556988708163, "CV_RMSE_'Kalmar": 143.55645324614179, "CV_RMSE_Blekinge": 161.27725964943926, "_timestamp": 1748499164.5763738, "_runtime": 1.2816169261932373, "_step": 0, "_wandb": {"runtime": 1}}