{"CV_RMSE": 270.0987199684617, "RMSE": 421.45286657518744, "RMSE_STHLM": 385.28001043854056, "RMSE_S\u00f6dermanland": 36.17285613664687, "CV_RMSE_STHLM": 137.21884028282014, "CV_RMSE_S\u00f6dermanland": 132.87987968564155, "_timestamp": 1748486440.9644206, "_runtime": 1.241652488708496, "_step": 0, "_wandb": {"runtime": 1}}