{"CV_RMSE": 272.70725804479156, "RMSE": 432.8054101798967, "RMSE_STHLM": 397.06504543175475, "RMSE_S\u00f6dermanland": 35.740364748141936, "CV_RMSE_STHLM": 141.41612223529057, "CV_RMSE_S\u00f6dermanland": 131.291135809501, "_timestamp": 1748458268.0675402, "_runtime": 1.2753760814666748, "_step": 0, "_wandb": {"runtime": 1}}