{"CV_RMSE": 612.3355447663223, "RMSE": 37.98480918860788, "RMSE_Kalmar": 18.560655265958047, "RMSE_Blekinge": 19.42415392264984, "CV_RMSE_'Kalmar": 179.61924450927143, "CV_RMSE_Blekinge": 432.7163002570509, "_timestamp": 1748552858.1425374, "_runtime": 1.3871824741363525, "_step": 0, "_wandb": {"runtime": 1}}