{"CV_RMSE": 5124.7759999822, "RMSE": 1977.525384501104, "RMSE_skane": 1722.796471342452, "RMSE_kronoberg": 254.7289131586522, "CV_RMSE_'skane": 2731.7068784499766, "CV_RMSE_kronoberg": 2393.0691215322236, "_timestamp": 1748516849.7214813, "_runtime": 1.3351962566375732, "_step": 0, "_wandb": {"runtime": 1}}