{"CV_RMSE": 265.370617041286, "RMSE": 435.2112155590662, "RMSE_STHLM": 401.94076247758716, "RMSE_S\u00f6dermanland": 33.270453081479054, "CV_RMSE_STHLM": 143.1526261297303, "CV_RMSE_S\u00f6dermanland": 122.21799091155572, "_timestamp": 1748431535.377995, "_runtime": 1.2958450317382812, "_step": 0, "_wandb": {"runtime": 1}}