{"CV_RMSE": 298.23595063859193, "RMSE": 435.2971279335336, "RMSE_STHLM": 392.12869192697616, "RMSE_S\u00f6dermanland": 43.16843600655745, "CV_RMSE_STHLM": 139.65802245123805, "CV_RMSE_S\u00f6dermanland": 158.5779281873539, "_timestamp": 1748520149.6143703, "_runtime": 1.3418734073638916, "_step": 0, "_wandb": {"runtime": 1}}