{"CV_RMSE": 269.8897021317142, "RMSE": 426.31758029646284, "RMSE_STHLM": 390.73001749584637, "RMSE_S\u00f6dermanland": 35.58756280061649, "CV_RMSE_STHLM": 139.15987959883728, "CV_RMSE_S\u00f6dermanland": 130.7298225328769, "_timestamp": 1748542343.2520144, "_runtime": 1.3219473361968994, "_step": 0, "_wandb": {"runtime": 1}}