{"CV_RMSE": 274.766587977201, "RMSE": 435.85967892515174, "RMSE_STHLM": 399.8264444755905, "RMSE_S\u00f6dermanland": 36.03323444956123, "CV_RMSE_STHLM": 142.3996042849353, "CV_RMSE_S\u00f6dermanland": 132.36698369226573, "_timestamp": 1748433624.1192248, "_runtime": 1.3666257858276367, "_step": 0, "_wandb": {"runtime": 1}}