{"CV_RMSE": 274.308507569639, "RMSE": 435.1678989137524, "RMSE_STHLM": 399.19848127157957, "RMSE_S\u00f6dermanland": 35.96941764217286, "CV_RMSE_STHLM": 142.17595296573867, "CV_RMSE_S\u00f6dermanland": 132.1325546039003, "_timestamp": 1748499812.3419845, "_runtime": 1.300081491470337, "_step": 0, "_wandb": {"runtime": 1}}