{"CV_RMSE": 1545.6202351454122, "RMSE": 661.9435365636701, "RMSE_skane": 598.4232176117458, "RMSE_kronoberg": 63.520318951924324, "CV_RMSE_'skane": 948.8740236972714, "CV_RMSE_kronoberg": 596.7462114481409, "_timestamp": 1748542263.6173398, "_runtime": 1.3560819625854492, "_step": 0, "_wandb": {"runtime": 1}}