{"CV_RMSE": 270.497162557435, "RMSE": 423.6347309709967, "RMSE_STHLM": 387.5760141448006, "RMSE_S\u00f6dermanland": 36.058716826196125, "CV_RMSE_STHLM": 138.03657013467372, "CV_RMSE_S\u00f6dermanland": 132.46059242276127, "_timestamp": 1748517593.8092003, "_runtime": 1.3179643154144287, "_step": 0, "_wandb": {"runtime": 1}}