{"CV_RMSE": 1513.8368512480379, "RMSE": 602.0543249640335, "RMSE_skane": 530.4434968541649, "RMSE_kronoberg": 71.61082810986868, "CV_RMSE_'skane": 841.0837687962445, "CV_RMSE_kronoberg": 672.7530824517935, "_timestamp": 1748530645.6485443, "_runtime": 1.3226962089538574, "_step": 0, "_wandb": {"runtime": 1}}