{"CV_RMSE": 3573.9365775377955, "RMSE": 222.51666510577837, "RMSE_Kalmar": 109.7729269165324, "RMSE_Blekinge": 112.74373818924596, "CV_RMSE_'Kalmar": 1062.3186475793457, "CV_RMSE_Blekinge": 2511.6179299584496, "_timestamp": 1748534029.366681, "_runtime": 1.3025550842285156, "_step": 0, "_wandb": {"runtime": 1}}