{"CV_RMSE": 305.3758340397133, "RMSE": 22.133470227760903, "RMSE_Kalmar": 14.896775969784043, "RMSE_Blekinge": 7.236694257976858, "CV_RMSE_'Kalmar": 144.1623480946843, "CV_RMSE_Blekinge": 161.21348594502902, "_timestamp": 1748491722.5266602, "_runtime": 1.313892126083374, "_step": 0, "_wandb": {"runtime": 1}}