{"CV_RMSE": 1721.8544269719278, "RMSE": 2149.3390330455795, "RMSE_STHLM": 1861.0457976924904, "RMSE_S\u00f6dermanland": 288.29323535308924, "CV_RMSE_STHLM": 662.8180522054774, "CV_RMSE_S\u00f6dermanland": 1059.0363747664503, "_timestamp": 1748391293.088424, "_runtime": 1.278886079788208, "_step": 0, "_wandb": {"runtime": 1}}