{"CV_RMSE": 267.8975616364396, "RMSE": 435.30921493759297, "RMSE_STHLM": 401.2875395170043, "RMSE_S\u00f6dermanland": 34.02167542058869, "CV_RMSE_STHLM": 142.91997845876685, "CV_RMSE_S\u00f6dermanland": 124.97758317767276, "_timestamp": 1748539476.525006, "_runtime": 1.4450390338897705, "_step": 0, "_wandb": {"runtime": 1}}