{"CV_RMSE": 263.32273848087556, "RMSE": 432.5541667959517, "RMSE_STHLM": 399.6157777336866, "RMSE_S\u00f6dermanland": 32.93838906226504, "CV_RMSE_STHLM": 142.32457457867747, "CV_RMSE_S\u00f6dermanland": 120.9981639021981, "_timestamp": 1748509682.2765534, "_runtime": 1.374523401260376, "_step": 0, "_wandb": {"runtime": 1}}