{"CV_RMSE": 305.9736005658384, "RMSE": 22.157123369122, "RMSE_Kalmar": 14.891153653349036, "RMSE_Blekinge": 7.265969715772964, "CV_RMSE_'Kalmar": 144.1079385807971, "CV_RMSE_Blekinge": 161.86566198504127, "_timestamp": 1748491796.9326668, "_runtime": 1.3194336891174316, "_step": 0, "_wandb": {"runtime": 1}}