{"CV_RMSE": 1588.0158801382217, "RMSE": 2039.0947998173215, "RMSE_STHLM": 1779.3109609469077, "RMSE_S\u00f6dermanland": 259.7838388704137, "CV_RMSE_STHLM": 633.7079006142528, "CV_RMSE_S\u00f6dermanland": 954.3079795239688, "_timestamp": 1748367703.809447, "_runtime": 1.2672569751739502, "_step": 0, "_wandb": {"runtime": 1}}