{"CV_RMSE": 343.14349789917674, "RMSE": 475.77247122080655, "RMSE_STHLM": 423.4122332240878, "RMSE_S\u00f6dermanland": 52.360237996718745, "CV_RMSE_STHLM": 150.7997664826589, "CV_RMSE_S\u00f6dermanland": 192.34373141651784, "_timestamp": 1748533282.252623, "_runtime": 1.3342549800872803, "_step": 0, "_wandb": {"runtime": 1}}