{"CV_RMSE": 1056.184857264196, "RMSE": 863.6638542306582, "RMSE_STHLM": 638.0031238541549, "RMSE_S\u00f6dermanland": 225.66073037650332, "CV_RMSE_STHLM": 227.2270722076531, "CV_RMSE_S\u00f6dermanland": 828.9577850565428, "_timestamp": 1748382750.9225793, "_runtime": 1.3094632625579834, "_step": 0, "_wandb": {"runtime": 1}}