{"CV_RMSE": 952.9079673119734, "RMSE": 538.2546475672793, "RMSE_STHLM": 308.79001303920097, "RMSE_S\u00f6dermanland": 229.46463452807836, "CV_RMSE_STHLM": 109.97665680066517, "CV_RMSE_S\u00f6dermanland": 842.9313105113082, "_timestamp": 1748347569.6560674, "_runtime": 1.347656488418579, "_step": 0, "_wandb": {"runtime": 1}}