{"CV_RMSE": 1462.0940050264985, "RMSE": 2229.4176139744163, "RMSE_STHLM": 2028.0261707761392, "RMSE_S\u00f6dermanland": 201.39144319827722, "CV_RMSE_STHLM": 722.2887034818066, "CV_RMSE_S\u00f6dermanland": 739.8053015446919, "_timestamp": 1748343729.5809634, "_runtime": 1.298518419265747, "_step": 0, "_wandb": {"runtime": 1}}