{"CV_RMSE": 492.9005259632439, "RMSE": 233.56870142498863, "RMSE_skane": 217.87536386444765, "RMSE_kronoberg": 15.693337560540973, "CV_RMSE_'skane": 345.46833593728485, "CV_RMSE_kronoberg": 147.43219002595904, "_timestamp": 1748517729.966079, "_runtime": 1.3479061126708984, "_step": 0, "_wandb": {"runtime": 1}}