{"CV_RMSE": 4857.442550516969, "RMSE": 1797.3646625123808, "RMSE_skane": 1540.2879738955062, "RMSE_kronoberg": 257.07668861687466, "CV_RMSE_'skane": 2442.3170833438257, "CV_RMSE_kronoberg": 2415.125467173144, "_timestamp": 1748567448.569476, "_runtime": 1.2797608375549316, "_step": 0, "_wandb": {"runtime": 1}}