{"CV_RMSE": 275.51507742436416, "RMSE": 437.0779350326155, "RMSE_STHLM": 400.9498639035409, "RMSE_S\u00f6dermanland": 36.128071129074634, "CV_RMSE_STHLM": 142.79971409306958, "CV_RMSE_S\u00f6dermanland": 132.71536333129458, "_timestamp": 1748323517.7757716, "_runtime": 1.2813327312469482, "_step": 0, "_wandb": {"runtime": 1}}