{"CV_RMSE": 2162.1444128227636, "RMSE": 300.2111854537558, "RMSE_skane": 84.28935145304742, "RMSE_kronoberg": 215.92183400070837, "CV_RMSE_'skane": 133.65119152174537, "CV_RMSE_kronoberg": 2028.4932213010181, "_timestamp": 1748515658.166817, "_runtime": 1.2794148921966553, "_step": 0, "_wandb": {"runtime": 8}}