{"CV_RMSE": 1805.3673509041894, "RMSE": 2571.6066823222022, "RMSE_STHLM": 2303.4740822623125, "RMSE_S\u00f6dermanland": 268.13260005988974, "CV_RMSE_STHLM": 820.3904527250025, "CV_RMSE_S\u00f6dermanland": 984.9768981791868, "_timestamp": 1748367113.5710483, "_runtime": 1.2775132656097412, "_step": 0, "_wandb": {"runtime": 1}}