{"CV_RMSE": 539.1436898778726, "RMSE": 494.9967022042978, "RMSE_STHLM": 385.6164447679888, "RMSE_S\u00f6dermanland": 109.380257436309, "CV_RMSE_STHLM": 137.33866256081913, "CV_RMSE_S\u00f6dermanland": 401.8050273170535, "_timestamp": 1748372701.2493737, "_runtime": 1.400040626525879, "_step": 0, "_wandb": {"runtime": 1}}