{"CV_RMSE": 961.2980403330348, "RMSE": 1842.3496484870857, "RMSE_STHLM": 1750.3660382283533, "RMSE_S\u00f6dermanland": 91.98361025873234, "CV_RMSE_STHLM": 623.3990638723855, "CV_RMSE_S\u00f6dermanland": 337.8989764606494, "_timestamp": 1748338381.5062187, "_runtime": 1.343416690826416, "_step": 0, "_wandb": {"runtime": 1}}