{"CV_RMSE": 302.6260887193016, "RMSE": 21.80415326934447, "RMSE_Kalmar": 14.53276062754483, "RMSE_Blekinge": 7.271392641799642, "CV_RMSE_'Kalmar": 140.63961897624029, "CV_RMSE_Blekinge": 161.98646974306135, "_timestamp": 1748498898.3803504, "_runtime": 1.3237323760986328, "_step": 0, "_wandb": {"runtime": 1}}