{"CV_RMSE": 4695.949410390249, "RMSE": 1741.269878113995, "RMSE_skane": 1493.4835469841744, "RMSE_kronoberg": 247.78633112982055, "CV_RMSE_'skane": 2368.102875767718, "CV_RMSE_kronoberg": 2327.846534622531, "_timestamp": 1748556633.9817638, "_runtime": 1.4903197288513184, "_step": 0, "_wandb": {"runtime": 1}}