{"CV_RMSE": 3909.108858183281, "RMSE": 224.4426559108852, "RMSE_Kalmar": 86.5768165985397, "RMSE_Blekinge": 137.8658393123455, "CV_RMSE_'Kalmar": 837.8401606310293, "CV_RMSE_Blekinge": 3071.2686975522515, "_timestamp": 1748564367.4047663, "_runtime": 1.3600292205810547, "_step": 0, "_wandb": {"runtime": 1}}