{"CV_RMSE": 773.3249915125635, "RMSE": 629.0356895605919, "RMSE_STHLM": 463.4525107835979, "RMSE_S\u00f6dermanland": 165.58317877699398, "CV_RMSE_STHLM": 165.06025314809582, "CV_RMSE_S\u00f6dermanland": 608.2647383644677, "_timestamp": 1748369500.8278208, "_runtime": 1.2952747344970703, "_step": 0, "_wandb": {"runtime": 1}}