{"CV_RMSE": 1314.3884574202943, "RMSE": 1329.9565731119344, "_timestamp": 1748282906.9982674, "_runtime": 1.3037753105163574, "_step": 0, "_wandb": {"runtime": 1}}