{"CV_RMSE": 2468.891074258052, "RMSE": 167.7574270683472, "RMSE_Kalmar": 100.65862064677455, "RMSE_Blekinge": 67.09880642157265, "CV_RMSE_'Kalmar": 974.1156836784633, "CV_RMSE_Blekinge": 1494.7753905795887, "_timestamp": 1748486570.0473719, "_runtime": 1.3088109493255615, "_step": 0, "_wandb": {"runtime": 1}}