{"CV_RMSE": 335.07866997105185, "RMSE": 23.505710042556817, "RMSE_Kalmar": 14.965575660050055, "RMSE_Blekinge": 8.540134382506762, "CV_RMSE_'Kalmar": 144.8281515488715, "CV_RMSE_Blekinge": 190.25051842218036, "_timestamp": 1748508144.7240818, "_runtime": 1.32126784324646, "_step": 0, "_wandb": {"runtime": 1}}