{"CV_RMSE": 744.5593333527407, "RMSE": 551.5618589705623, "RMSE_STHLM": 386.33230313957927, "RMSE_S\u00f6dermanland": 165.2295558309831, "CV_RMSE_STHLM": 137.5936180552518, "CV_RMSE_S\u00f6dermanland": 606.9657152974889, "_timestamp": 1748309930.9352844, "_runtime": 1.3958964347839355, "_step": 0, "_wandb": {"runtime": 1}}