{"CV_RMSE": 254.00353065731144, "RMSE": 396.7879792414181, "RMSE_STHLM": 362.81892360787606, "RMSE_S\u00f6dermanland": 33.969055633542055, "CV_RMSE_STHLM": 129.2192446565447, "CV_RMSE_S\u00f6dermanland": 124.78428600076674, "_timestamp": 1748535425.1565154, "_runtime": 1.3283624649047852, "_step": 0, "_wandb": {"runtime": 1}}