{"CV_RMSE": 1370.3071302422836, "RMSE": 1758.3136746920736, "RMSE_STHLM": 1534.012606588875, "RMSE_S\u00f6dermanland": 224.30106810319856, "CV_RMSE_STHLM": 546.3440229244114, "CV_RMSE_S\u00f6dermanland": 823.9631073178723, "_timestamp": 1748289095.4475214, "_runtime": 1.261101484298706, "_step": 0, "_wandb": {"runtime": 1}}