{"CV_RMSE": 270.86761120518184, "RMSE": 435.03279300992125, "RMSE_STHLM": 400.08612329884494, "RMSE_S\u00f6dermanland": 34.94666971107631, "CV_RMSE_STHLM": 142.4920898175546, "CV_RMSE_S\u00f6dermanland": 128.37552138762726, "_timestamp": 1748346264.3236704, "_runtime": 1.254676342010498, "_step": 0, "_wandb": {"runtime": 1}}