{"CV_RMSE": 4424.199673544848, "RMSE": 301.2983161852776, "RMSE_Kalmar": 181.58145439934577, "RMSE_Blekinge": 119.7168617859318, "CV_RMSE_'Kalmar": 1757.2398812839913, "CV_RMSE_Blekinge": 2666.959792260857, "_timestamp": 1748576243.0113475, "_runtime": 1.4150354862213135, "_step": 0, "_wandb": {"runtime": 1}}