{"CV_RMSE": 2359.4672209557775, "RMSE": 134.56519900373456, "RMSE_Kalmar": 50.65730701388963, "RMSE_Blekinge": 83.90789198984494, "CV_RMSE_'Kalmar": 490.2320033602222, "CV_RMSE_Blekinge": 1869.2352175955555, "_timestamp": 1748522646.782447, "_runtime": 1.328599214553833, "_step": 0, "_wandb": {"runtime": 1}}