{"CV_RMSE": 272.3216053348257, "RMSE": 430.9704607117803, "RMSE_STHLM": 395.14934663060245, "RMSE_S\u00f6dermanland": 35.82111408117784, "CV_RMSE_STHLM": 140.73383932233565, "CV_RMSE_S\u00f6dermanland": 131.58776601249002, "_timestamp": 1748457836.9287984, "_runtime": 1.30900239944458, "_step": 0, "_wandb": {"runtime": 1}}