{"CV_RMSE": 1693.6752155252143, "RMSE": 835.4386419778881, "RMSE_skane": 788.1872188181623, "RMSE_kronoberg": 47.251423159725825, "CV_RMSE_'skane": 1249.7683173649507, "CV_RMSE_kronoberg": 443.90689816026355, "_timestamp": 1748557572.5332634, "_runtime": 1.3454124927520752, "_step": 0, "_wandb": {"runtime": 1}}