{"CV_RMSE": 4209.75183932861, "RMSE": 285.8890710947819, "RMSE_Kalmar": 171.35689987130954, "RMSE_Blekinge": 114.5321712234724, "CV_RMSE_'Kalmar": 1658.2925793997697, "CV_RMSE_Blekinge": 2551.4592599288403, "_timestamp": 1748521252.1498067, "_runtime": 1.4039087295532227, "_step": 0, "_wandb": {"runtime": 1}}