{"CV_RMSE": 984.331328448685, "RMSE": 1672.9696706755633, "RMSE_STHLM": 1555.8577425284477, "RMSE_S\u00f6dermanland": 117.11192814711555, "CV_RMSE_STHLM": 554.1242454592809, "CV_RMSE_S\u00f6dermanland": 430.20708298940406, "_timestamp": 1748324368.9295368, "_runtime": 1.2721319198608398, "_step": 0, "_wandb": {"runtime": 1}}