{"CV_RMSE": 3609.6864967387774, "RMSE": 258.48412802402606, "RMSE_Kalmar": 170.52825116316106, "RMSE_Blekinge": 87.95587686086498, "CV_RMSE_'Kalmar": 1650.2733983531716, "CV_RMSE_Blekinge": 1959.4130983856057, "_timestamp": 1748515546.2940292, "_runtime": 1.3815951347351074, "_step": 0, "_wandb": {"runtime": 1}}