{"CV_RMSE": 1888.8051320714658, "RMSE": 2523.7075517002013, "RMSE_STHLM": 2225.280210093165, "RMSE_S\u00f6dermanland": 298.42734160703634, "CV_RMSE_STHLM": 792.5414282088834, "CV_RMSE_S\u00f6dermanland": 1096.2637038625824, "_timestamp": 1748299558.1997294, "_runtime": 1.2477915287017822, "_step": 0, "_wandb": {"runtime": 1}}