{"CV_RMSE": 305.1430225685717, "RMSE": 22.140446373846018, "RMSE_Kalmar": 14.927587602371657, "RMSE_Blekinge": 7.2128587714743615, "CV_RMSE_'Kalmar": 144.46052518424185, "CV_RMSE_Blekinge": 160.68249738432985, "_timestamp": 1748483711.7720704, "_runtime": 1.2779974937438965, "_step": 0, "_wandb": {"runtime": 1}}