{"CV_RMSE": 1701.0346173627554, "RMSE": 2588.3650512681565, "RMSE_STHLM": 2353.482612216684, "RMSE_S\u00f6dermanland": 234.88243905147223, "CV_RMSE_STHLM": 838.2011677859184, "CV_RMSE_S\u00f6dermanland": 862.8334495768369, "_timestamp": 1748356184.3110485, "_runtime": 1.3010234832763672, "_step": 0, "_wandb": {"runtime": 1}}