{"CV_RMSE": 306.18340956901875, "RMSE": 22.198801180065907, "RMSE_Kalmar": 14.948190797186294, "RMSE_Blekinge": 7.250610382879614, "CV_RMSE_'Kalmar": 144.6599109405125, "CV_RMSE_Blekinge": 161.52349862850625, "_timestamp": 1748564143.6624117, "_runtime": 1.3443927764892578, "_step": 0, "_wandb": {"runtime": 1}}