{"CV_RMSE": 1533.2111192090056, "RMSE": 2200.2823629387112, "RMSE_STHLM": 1974.324752148421, "RMSE_S\u00f6dermanland": 225.95761079029, "CV_RMSE_STHLM": 703.1627530405932, "CV_RMSE_S\u00f6dermanland": 830.0483661684124, "_timestamp": 1748290262.3821566, "_runtime": 1.3250586986541748, "_step": 0, "_wandb": {"runtime": 1}}