{"CV_RMSE": 2837.583997118929, "RMSE": 190.73253472948272, "RMSE_Kalmar": 112.01822059320794, "RMSE_Blekinge": 78.71431413627477, "CV_RMSE_'Kalmar": 1084.0472960633026, "CV_RMSE_Blekinge": 1753.536701055626, "_timestamp": 1748506796.715866, "_runtime": 1.3844501972198486, "_step": 0, "_wandb": {"runtime": 1}}