{"CV_RMSE": 2678.320080709733, "RMSE": 159.86188851159127, "RMSE_Kalmar": 70.07722562690286, "RMSE_Blekinge": 89.78466288468842, "CV_RMSE_'Kalmar": 678.1666996151889, "CV_RMSE_Blekinge": 2000.153381094544, "_timestamp": 1748553802.6050842, "_runtime": 1.333984136581421, "_step": 0, "_wandb": {"runtime": 1}}