{"CV_RMSE": 306.9626817078117, "RMSE": 22.255309133853572, "RMSE_Kalmar": 14.986252361448114, "RMSE_Blekinge": 7.269056772405456, "CV_RMSE_'Kalmar": 145.0282486591753, "CV_RMSE_Blekinge": 161.9344330486364, "_timestamp": 1748515258.9670477, "_runtime": 1.2772185802459717, "_step": 0, "_wandb": {"runtime": 1}}