{"CV_RMSE": 3934.7311254787346, "RMSE": 1418.1621395120599, "RMSE_skane": 1202.2483464999739, "RMSE_kronoberg": 215.91379301208596, "CV_RMSE_'skane": 1906.3134458244826, "CV_RMSE_kronoberg": 2028.4176796542522, "_timestamp": 1748503522.7094443, "_runtime": 1.3364253044128418, "_step": 0, "_wandb": {"runtime": 1}}