{"CV_RMSE": 275.599837470343, "RMSE": 437.1946967086475, "RMSE_STHLM": 401.053610550699, "RMSE_S\u00f6dermanland": 36.141086157948514, "CV_RMSE_STHLM": 142.8366638288995, "CV_RMSE_S\u00f6dermanland": 132.76317364144353, "_timestamp": 1748558318.5768018, "_runtime": 1.3332607746124268, "_step": 0, "_wandb": {"runtime": 1}}