{"CV_RMSE": 310.26336236509775, "RMSE": 22.452732527167115, "RMSE_Kalmar": 15.073346164886823, "RMSE_Blekinge": 7.379386362280292, "CV_RMSE_'Kalmar": 145.87109191825957, "CV_RMSE_Blekinge": 164.39227044683818, "_timestamp": 1748473714.623785, "_runtime": 1.4432439804077148, "_step": 0, "_wandb": {"runtime": 1}}