{"CV_RMSE": 878.0418493968527, "RMSE": 732.0041410401413, "RMSE_STHLM": 545.9091140219404, "RMSE_S\u00f6dermanland": 186.09502701820102, "CV_RMSE_STHLM": 194.42746443203256, "CV_RMSE_S\u00f6dermanland": 683.6143849648201, "_timestamp": 1748389240.4752073, "_runtime": 1.2939932346343994, "_step": 0, "_wandb": {"runtime": 1}}