{"CV_RMSE": 3634.607353359074, "RMSE": 190.059283080138, "RMSE_Kalmar": 47.571086729337516, "RMSE_Blekinge": 142.48819635080048, "CV_RMSE_'Kalmar": 460.3653554452017, "CV_RMSE_Blekinge": 3174.241997913872, "_timestamp": 1748570224.8539588, "_runtime": 1.3552978038787842, "_step": 0, "_wandb": {"runtime": 1}}