{"CV_RMSE": 723.9494282027571, "RMSE": 978.3348581166792, "RMSE_STHLM": 865.1373150126661, "RMSE_S\u00f6dermanland": 113.19754310401312, "CV_RMSE_STHLM": 308.1217188410762, "CV_RMSE_S\u00f6dermanland": 415.8277093616809, "_timestamp": 1748340562.5387874, "_runtime": 1.3175594806671143, "_step": 0, "_wandb": {"runtime": 1}}