{"CV_RMSE": 1169.1747512988868, "RMSE": 1116.3258809700662, "RMSE_STHLM": 883.7308038464364, "RMSE_S\u00f6dermanland": 232.59507712362975, "CV_RMSE_STHLM": 314.74385574269604, "CV_RMSE_S\u00f6dermanland": 854.4308955561909, "_timestamp": 1748295640.7363489, "_runtime": 1.3292407989501953, "_step": 0, "_wandb": {"runtime": 1}}