{"CV_RMSE": 801.5973932516151, "RMSE": 470.0214936509967, "RMSE_STHLM": 278.8435645571565, "RMSE_S\u00f6dermanland": 191.17792909384016, "CV_RMSE_STHLM": 99.31112311097779, "CV_RMSE_S\u00f6dermanland": 702.2862701406374, "_timestamp": 1748365473.1802425, "_runtime": 1.3326456546783447, "_step": 0, "_wandb": {"runtime": 1}}