{"CV_RMSE": 273.48333447940524, "RMSE": 432.5059032331257, "RMSE_STHLM": 396.499435727374, "RMSE_S\u00f6dermanland": 36.00646750575167, "CV_RMSE_STHLM": 141.2146783358277, "CV_RMSE_S\u00f6dermanland": 132.26865614357757, "_timestamp": 1748338518.1435556, "_runtime": 1.2467756271362305, "_step": 0, "_wandb": {"runtime": 1}}