{"CV_RMSE": 855.7913365087866, "RMSE": 1106.269508903908, "RMSE_STHLM": 967.0637310339471, "RMSE_S\u00f6dermanland": 139.20577786996088, "CV_RMSE_STHLM": 344.4231729048486, "CV_RMSE_S\u00f6dermanland": 511.36816360393794, "_timestamp": 1748284972.668868, "_runtime": 1.2970170974731445, "_step": 0, "_wandb": {"runtime": 1}}