{"CV_RMSE": 269.5718366072792, "RMSE": 427.0171563706587, "RMSE_STHLM": 391.6005215272536, "RMSE_S\u00f6dermanland": 35.4166348434051, "CV_RMSE_STHLM": 139.46991269272982, "CV_RMSE_S\u00f6dermanland": 130.10192391454936, "_timestamp": 1748567371.7236898, "_runtime": 1.289529800415039, "_step": 0, "_wandb": {"runtime": 1}}