{"CV_RMSE": 4578.323145087824, "RMSE": 1845.9491485045464, "RMSE_skane": 1634.48117709697, "RMSE_kronoberg": 211.46797140757644, "CV_RMSE_'skane": 2591.672056707669, "CV_RMSE_kronoberg": 1986.6510883801545, "_timestamp": 1748559402.2932892, "_runtime": 1.3374052047729492, "_step": 0, "_wandb": {"runtime": 1}}