{"CV_RMSE": 304.2668935284436, "RMSE": 21.995145221309503, "RMSE_Kalmar": 14.740221433429175, "RMSE_Blekinge": 7.254923787880329, "CV_RMSE_'Kalmar": 142.64730419447588, "CV_RMSE_Blekinge": 161.61958933396772, "_timestamp": 1748469874.951001, "_runtime": 1.483069896697998, "_step": 0, "_wandb": {"runtime": 1}}