{"CV_RMSE": 270.36654621157993, "RMSE": 431.50873975119526, "RMSE_STHLM": 396.3347660718478, "RMSE_S\u00f6dermanland": 35.173973679347434, "CV_RMSE_STHLM": 141.15603065479345, "CV_RMSE_S\u00f6dermanland": 129.21051555678648, "_timestamp": 1748425969.3285642, "_runtime": 1.3653812408447266, "_step": 0, "_wandb": {"runtime": 1}}