{"CV_RMSE": 738.9784479191701, "RMSE": 653.2821598945857, "RMSE_STHLM": 500.65584500184013, "RMSE_S\u00f6dermanland": 152.62631489274554, "CV_RMSE_STHLM": 178.31035239479863, "CV_RMSE_S\u00f6dermanland": 560.6680955243714, "_timestamp": 1748284591.118932, "_runtime": 1.2824480533599854, "_step": 0, "_wandb": {"runtime": 1}}