{"CV_RMSE": 534.144195106495, "RMSE": 382.05222054628643, "RMSE_STHLM": 262.05311219936783, "RMSE_S\u00f6dermanland": 119.99910834691863, "CV_RMSE_STHLM": 93.33114403618166, "CV_RMSE_S\u00f6dermanland": 440.81305107031335, "_timestamp": 1748325802.5105104, "_runtime": 1.8151633739471436, "_step": 0, "_wandb": {"runtime": 1}}