{"CV_RMSE": 306.5762038570932, "RMSE": 22.222619342877373, "RMSE_Kalmar": 14.959128134071934, "RMSE_Blekinge": 7.263491208805438, "CV_RMSE_'Kalmar": 144.76575613618, "CV_RMSE_Blekinge": 161.8104477209132, "_timestamp": 1748496012.4235823, "_runtime": 1.2996482849121094, "_step": 0, "_wandb": {"runtime": 1}}