{"CV_RMSE": 385.14447976034353, "RMSE": 531.3046651767979, "RMSE_STHLM": 472.245338117035, "RMSE_S\u00f6dermanland": 59.05932705976294, "CV_RMSE_STHLM": 168.1918497448878, "CV_RMSE_S\u00f6dermanland": 216.95263001545572, "_timestamp": 1748495839.4390678, "_runtime": 1.500945806503296, "_step": 0, "_wandb": {"runtime": 1}}