{"CV_RMSE": 306.97746495239755, "RMSE": 22.25658472445071, "RMSE_Kalmar": 14.987334392002033, "RMSE_Blekinge": 7.269250332448677, "CV_RMSE_'Kalmar": 145.0387199226003, "CV_RMSE_Blekinge": 161.93874502979725, "_timestamp": 1748460142.0958548, "_runtime": 1.2929596900939941, "_step": 0, "_wandb": {"runtime": 1}}