{"CV_RMSE": 579.3752242613932, "RMSE": 1266.4608003261073, "RMSE_STHLM": 1227.7787059173597, "RMSE_S\u00f6dermanland": 38.682094408747574, "CV_RMSE_STHLM": 437.2777345966062, "CV_RMSE_S\u00f6dermanland": 142.09748966478702, "_timestamp": 1748375645.347511, "_runtime": 1.341966152191162, "_step": 0, "_wandb": {"runtime": 1}}