{"CV_RMSE": 696.275372079503, "RMSE": 1448.9966086014952, "RMSE_STHLM": 1394.6725386879828, "RMSE_S\u00f6dermanland": 54.324069913512396, "CV_RMSE_STHLM": 496.7175642339472, "CV_RMSE_S\u00f6dermanland": 199.55780784555574, "_timestamp": 1748347197.212098, "_runtime": 1.2947709560394287, "_step": 0, "_wandb": {"runtime": 1}}