{"CV_RMSE": 274.3367401382492, "RMSE": 435.0031397347505, "RMSE_STHLM": 399.0075225572358, "RMSE_S\u00f6dermanland": 35.99561717751468, "CV_RMSE_STHLM": 142.10794234329728, "CV_RMSE_S\u00f6dermanland": 132.2287977949519, "_timestamp": 1748544126.199529, "_runtime": 1.2703289985656738, "_step": 0, "_wandb": {"runtime": 1}}