{"CV_RMSE": 305.29160896490134, "RMSE": 22.120573729968708, "RMSE_Kalmar": 14.880658808522464, "RMSE_Blekinge": 7.239914921446244, "CV_RMSE_'Kalmar": 144.00637556634643, "CV_RMSE_Blekinge": 161.28523339855494, "_timestamp": 1748480778.4361253, "_runtime": 1.265883207321167, "_step": 0, "_wandb": {"runtime": 1}}