{"CV_RMSE": 648.7066097515205, "RMSE": 996.8039038632846, "RMSE_STHLM": 908.2710711169324, "RMSE_S\u00f6dermanland": 88.53283274635231, "CV_RMSE_STHLM": 323.4839588465529, "CV_RMSE_S\u00f6dermanland": 325.2226509049677, "_timestamp": 1748290890.8535962, "_runtime": 1.302572250366211, "_step": 0, "_wandb": {"runtime": 1}}