{"CV_RMSE": 1352.1520611682895, "RMSE": 2038.1316592187218, "RMSE_STHLM": 1849.3452182349465, "RMSE_S\u00f6dermanland": 188.78644098377518, "CV_RMSE_STHLM": 658.6508493911563, "CV_RMSE_S\u00f6dermanland": 693.5012117771333, "_timestamp": 1748305557.442878, "_runtime": 1.279911994934082, "_step": 0, "_wandb": {"runtime": 1}}