{"CV_RMSE": 309.12795150953986, "RMSE": 465.03661951557814, "RMSE_STHLM": 421.77769601005485, "RMSE_S\u00f6dermanland": 43.258923505523306, "CV_RMSE_STHLM": 150.21762026476034, "CV_RMSE_S\u00f6dermanland": 158.9103312447795, "_timestamp": 1748490392.7102842, "_runtime": 1.3065083026885986, "_step": 0, "_wandb": {"runtime": 1}}