{"CV_RMSE": 326.78577700819136, "RMSE": 415.03830857465033, "RMSE_STHLM": 361.0885426326326, "RMSE_S\u00f6dermanland": 53.94976594201772, "CV_RMSE_STHLM": 128.60296334363647, "CV_RMSE_S\u00f6dermanland": 198.18281366455489, "_timestamp": 1748446995.879818, "_runtime": 1.2664470672607422, "_step": 0, "_wandb": {"runtime": 1}}