{"CV_RMSE": 2267.8909977752164, "RMSE": 193.28599890568674, "RMSE_Kalmar": 161.7473183685031, "RMSE_Blekinge": 31.538680537183648, "CV_RMSE_'Kalmar": 1565.2966293726106, "CV_RMSE_Blekinge": 702.594368402606, "_timestamp": 1748510641.054452, "_runtime": 1.4437448978424072, "_step": 0, "_wandb": {"runtime": 1}}