{"CV_RMSE": 1012.9341143126265, "RMSE": 1266.2251947377995, "RMSE_STHLM": 1096.8221132581145, "RMSE_S\u00f6dermanland": 169.40308147968494, "CV_RMSE_STHLM": 390.63708030562054, "CV_RMSE_S\u00f6dermanland": 622.297034007006, "_timestamp": 1748359705.208506, "_runtime": 1.3090159893035889, "_step": 0, "_wandb": {"runtime": 1}}