{"CV_RMSE": 1554.1995595626527, "RMSE": 1877.487501339609, "RMSE_STHLM": 1610.5470659158832, "RMSE_S\u00f6dermanland": 266.9404354237258, "CV_RMSE_STHLM": 573.6020416795785, "CV_RMSE_S\u00f6dermanland": 980.5975178830743, "_timestamp": 1748318156.080662, "_runtime": 1.2612519264221191, "_step": 0, "_wandb": {"runtime": 1}}