{"CV_RMSE": 259.45246488293446, "RMSE": 417.81910153804904, "RMSE_STHLM": 384.46541524587934, "RMSE_S\u00f6dermanland": 33.353686292169705, "CV_RMSE_STHLM": 136.92871931986207, "CV_RMSE_S\u00f6dermanland": 122.52374556307238, "_timestamp": 1748469036.6109786, "_runtime": 1.2747855186462402, "_step": 0, "_wandb": {"runtime": 1}}