{"CV_RMSE": 1361.1506755362705, "RMSE": 2104.458759770138, "RMSE_STHLM": 1920.0807074012012, "RMSE_S\u00f6dermanland": 184.37805236893692, "CV_RMSE_STHLM": 683.8435443850736, "CV_RMSE_S\u00f6dermanland": 677.3071311511968, "_timestamp": 1748341108.911338, "_runtime": 1.3261191844940186, "_step": 0, "_wandb": {"runtime": 1}}