{"CV_RMSE": 1242.6759781737087, "RMSE": 1595.122605644614, "RMSE_STHLM": 1391.7752477312931, "RMSE_S\u00f6dermanland": 203.3473579133208, "CV_RMSE_STHLM": 495.6856837982445, "CV_RMSE_S\u00f6dermanland": 746.9902943754641, "_timestamp": 1748303450.4592822, "_runtime": 1.2667350769042969, "_step": 0, "_wandb": {"runtime": 1}}