{"CV_RMSE": 1668.1423027208202, "RMSE": 668.6063829860889, "RMSE_skane": 590.7490117763697, "RMSE_kronoberg": 77.85737120971918, "CV_RMSE_'skane": 936.7056212098885, "CV_RMSE_kronoberg": 731.4366815109317, "_timestamp": 1748529927.3562107, "_runtime": 1.3131277561187744, "_step": 0, "_wandb": {"runtime": 1}}