{"CV_RMSE": 306.5095388184033, "RMSE": 22.214071955903798, "RMSE_Kalmar": 14.949306790465632, "RMSE_Blekinge": 7.264765165438167, "CV_RMSE_'Kalmar": 144.67071087547384, "CV_RMSE_Blekinge": 161.83882794292947, "_timestamp": 1748486150.6649244, "_runtime": 1.3480603694915771, "_step": 0, "_wandb": {"runtime": 1}}