{"CV_RMSE": 1755.0318089170717, "RMSE": 2549.1987012881855, "RMSE_STHLM": 2293.8339117548094, "RMSE_S\u00f6dermanland": 255.36478953337613, "CV_RMSE_STHLM": 816.95707185569, "CV_RMSE_S\u00f6dermanland": 938.0747370613817, "_timestamp": 1748319620.0846593, "_runtime": 1.2572572231292725, "_step": 0, "_wandb": {"runtime": 1}}