{"CV_RMSE": 3323.9092189143985, "RMSE": 221.03352594704492, "RMSE_Kalmar": 126.99438961686694, "RMSE_Blekinge": 94.03913633017798, "CV_RMSE_'Kalmar": 1228.977964034196, "CV_RMSE_Blekinge": 2094.9312548802027, "_timestamp": 1748574500.0492878, "_runtime": 1.3177497386932373, "_step": 0, "_wandb": {"runtime": 1}}