{"CV_RMSE": 304.56937214991615, "RMSE": 22.053805348432086, "RMSE_Kalmar": 14.819929501945513, "RMSE_Blekinge": 7.233875846486571, "CV_RMSE_'Kalmar": 143.4186725994727, "CV_RMSE_Blekinge": 161.15069955044342, "_timestamp": 1748506634.1261325, "_runtime": 1.3019015789031982, "_step": 0, "_wandb": {"runtime": 1}}