{"CV_RMSE": 274.97250035177314, "RMSE": 436.74277729193403, "RMSE_STHLM": 400.7422820331861, "RMSE_S\u00f6dermanland": 36.00049525874797, "CV_RMSE_STHLM": 142.72578307473978, "CV_RMSE_S\u00f6dermanland": 132.24671727703335, "_timestamp": 1748312151.070805, "_runtime": 1.2809150218963623, "_step": 0, "_wandb": {"runtime": 1}}