{"CV_RMSE": 290.4694285214813, "RMSE": 20.664466245024418, "RMSE_Kalmar": 13.482553609371234, "RMSE_Blekinge": 7.181912635653183, "CV_RMSE_'Kalmar": 130.4763252519797, "CV_RMSE_Blekinge": 159.9931032695016, "_timestamp": 1748567081.5200415, "_runtime": 1.3057353496551514, "_step": 0, "_wandb": {"runtime": 1}}