{"CV_RMSE": 261.32343303716647, "RMSE": 406.48309676908775, "RMSE_STHLM": 371.3483541421419, "RMSE_S\u00f6dermanland": 35.13474262694588, "CV_RMSE_STHLM": 132.2570315504265, "CV_RMSE_S\u00f6dermanland": 129.06640148673998, "_timestamp": 1748557121.3088517, "_runtime": 1.3612627983093262, "_step": 0, "_wandb": {"runtime": 1}}