{"CV_RMSE": 3603.98588676258, "RMSE": 283.01713095952334, "RMSE_Kalmar": 214.3565290994452, "RMSE_Blekinge": 68.66060186007813, "CV_RMSE_'Kalmar": 2074.4180235430176, "CV_RMSE_Blekinge": 1529.5678632195622, "_timestamp": 1748541589.473751, "_runtime": 1.329854965209961, "_step": 0, "_wandb": {"runtime": 1}}