{"CV_RMSE": 1262.2573465890146, "RMSE": 68.55486293093985, "RMSE_Kalmar": 21.02849017142839, "RMSE_Blekinge": 47.52637275951146, "CV_RMSE_'Kalmar": 203.50151778801668, "CV_RMSE_Blekinge": 1058.755828800998, "_timestamp": 1748541278.4662077, "_runtime": 1.3260247707366943, "_step": 0, "_wandb": {"runtime": 1}}