{"CV_RMSE": 1748.2763303599386, "RMSE": 2382.2033714548897, "RMSE_STHLM": 2110.9460645773993, "RMSE_S\u00f6dermanland": 271.2573068774906, "CV_RMSE_STHLM": 751.8209173405854, "CV_RMSE_S\u00f6dermanland": 996.4554130193533, "_timestamp": 1748309365.138997, "_runtime": 1.2972509860992432, "_step": 0, "_wandb": {"runtime": 1}}