{"CV_RMSE": 273.2312614967846, "RMSE": 433.9855396062191, "RMSE_STHLM": 398.2139157974692, "RMSE_S\u00f6dermanland": 35.77162380874987, "CV_RMSE_STHLM": 141.8252964850504, "CV_RMSE_S\u00f6dermanland": 131.40596501173422, "_timestamp": 1748440877.718685, "_runtime": 1.2679178714752197, "_step": 0, "_wandb": {"runtime": 1}}