{"CV_RMSE": 306.9682680889773, "RMSE": 22.256262241250038, "RMSE_Kalmar": 14.98749414298104, "RMSE_Blekinge": 7.268768098268997, "CV_RMSE_'Kalmar": 145.04026589981652, "CV_RMSE_Blekinge": 161.92800218916082, "_timestamp": 1748506564.5797477, "_runtime": 1.317504644393921, "_step": 0, "_wandb": {"runtime": 1}}