{"CV_RMSE": 271.0186463962019, "RMSE": 436.06326779145013, "RMSE_STHLM": 401.18170253895727, "RMSE_S\u00f6dermanland": 34.88156525249285, "CV_RMSE_STHLM": 142.8822842441874, "CV_RMSE_S\u00f6dermanland": 128.13636215201456, "_timestamp": 1748492096.403856, "_runtime": 1.2646210193634033, "_step": 0, "_wandb": {"runtime": 1}}