{"CV_RMSE": 4303.774914471945, "RMSE": 263.81693553634386, "RMSE_Kalmar": 124.86975909881686, "RMSE_Blekinge": 138.94717643752702, "CV_RMSE_'Kalmar": 1208.4170235369372, "CV_RMSE_Blekinge": 3095.3578909350076, "_timestamp": 1748547343.2396748, "_runtime": 1.3304097652435303, "_step": 0, "_wandb": {"runtime": 1}}