{"CV_RMSE": 1236.2067117714444, "RMSE": 1986.1624317458732, "RMSE_STHLM": 1826.7480281240926, "RMSE_S\u00f6dermanland": 159.41440362178048, "CV_RMSE_STHLM": 650.6027800995977, "CV_RMSE_S\u00f6dermanland": 585.6039316718467, "_timestamp": 1748288653.6330569, "_runtime": 1.2665507793426514, "_step": 0, "_wandb": {"runtime": 1}}