{"CV_RMSE": 269.4458963241733, "RMSE": 426.30821294915626, "RMSE_STHLM": 390.8534290619951, "RMSE_S\u00f6dermanland": 35.45478388716116, "CV_RMSE_STHLM": 139.20383306521393, "CV_RMSE_S\u00f6dermanland": 130.24206325895938, "_timestamp": 1748475024.3364253, "_runtime": 1.2949562072753906, "_step": 0, "_wandb": {"runtime": 1}}