{"CV_RMSE": 3552.0269652684956, "RMSE": 1507.142409553458, "RMSE_skane": 1358.3046631592754, "RMSE_kronoberg": 148.8377463941826, "CV_RMSE_'skane": 2153.760036721895, "CV_RMSE_kronoberg": 1398.2669285466006, "_timestamp": 1748504484.5733314, "_runtime": 1.2687172889709473, "_step": 0, "_wandb": {"runtime": 1}}