{"CV_RMSE": 272.9651001583791, "RMSE": 434.78737696187295, "RMSE_STHLM": 399.18207393116796, "RMSE_S\u00f6dermanland": 35.605303030704974, "CV_RMSE_STHLM": 142.1701094333404, "CV_RMSE_S\u00f6dermanland": 130.79499072503867, "_timestamp": 1748551777.3739471, "_runtime": 1.3395371437072754, "_step": 0, "_wandb": {"runtime": 1}}