{"CV_RMSE": 265.22130487597053, "RMSE": 422.36641948328827, "RMSE_STHLM": 387.76193381174215, "RMSE_S\u00f6dermanland": 34.60448567154613, "CV_RMSE_STHLM": 138.10278608253577, "CV_RMSE_S\u00f6dermanland": 127.11851879343477, "_timestamp": 1748360583.4228442, "_runtime": 1.3309342861175537, "_step": 0, "_wandb": {"runtime": 1}}