{"CV_RMSE": 310.80246667830704, "RMSE": 22.13811863086476, "RMSE_Kalmar": 14.474302948872948, "RMSE_Blekinge": 7.663815681991814, "CV_RMSE_'Kalmar": 140.07389950522207, "CV_RMSE_Blekinge": 170.72856717308497, "_timestamp": 1748477006.513477, "_runtime": 1.3048360347747803, "_step": 0, "_wandb": {"runtime": 1}}