{"CV_RMSE": 311.33229845877804, "RMSE": 22.24420426236773, "RMSE_Kalmar": 14.619818018395824, "RMSE_Blekinge": 7.624386243971909, "CV_RMSE_'Kalmar": 141.48210985544344, "CV_RMSE_Blekinge": 169.8501886033346, "_timestamp": 1748503616.7234225, "_runtime": 1.3739755153656006, "_step": 0, "_wandb": {"runtime": 1}}