{"CV_RMSE": 3403.142455328182, "RMSE": 233.45419978070942, "RMSE_Kalmar": 142.66644884846494, "RMSE_Blekinge": 90.78775093224446, "CV_RMSE_'Kalmar": 1380.6430533722412, "CV_RMSE_Blekinge": 2022.4994019559413, "_timestamp": 1748531876.7476451, "_runtime": 1.3218741416931152, "_step": 0, "_wandb": {"runtime": 1}}