{"CV_RMSE": 273.53072954598537, "RMSE": 98.45157566163358, "RMSE_skane": 83.41452140440403, "RMSE_kronoberg": 15.037054257229562, "CV_RMSE_'skane": 132.26404028182455, "CV_RMSE_kronoberg": 141.26668926416082, "_timestamp": 1748535980.2145224, "_runtime": 1.3678534030914307, "_step": 0, "_wandb": {"runtime": 1}}