{"CV_RMSE": 274.1503702876613, "RMSE": 436.90105719084625, "RMSE_STHLM": 401.16538507571147, "RMSE_S\u00f6dermanland": 35.7356721151348, "CV_RMSE_STHLM": 142.87647272186004, "CV_RMSE_S\u00f6dermanland": 131.2738975658013, "_timestamp": 1748487632.5558374, "_runtime": 1.9398794174194336, "_step": 0, "_wandb": {"runtime": 1}}