{"CV_RMSE": 306.7539250930305, "RMSE": 22.240015622574468, "RMSE_Kalmar": 14.975780740387599, "RMSE_Blekinge": 7.264234882186871, "CV_RMSE_'Kalmar": 144.92691039084772, "CV_RMSE_Blekinge": 161.82701470218277, "_timestamp": 1748477178.8818498, "_runtime": 1.8575658798217773, "_step": 0, "_wandb": {"runtime": 1}}