{"CV_RMSE": 4256.020714212205, "RMSE": 1548.8488496782657, "RMSE_skane": 1318.3275011350977, "RMSE_kronoberg": 230.52134854316793, "CV_RMSE_'skane": 2090.371302011254, "CV_RMSE_kronoberg": 2165.6494122009512, "_timestamp": 1748552210.3574944, "_runtime": 1.3081834316253662, "_step": 0, "_wandb": {"runtime": 1}}