{"CV_RMSE": 1040.4276174695283, "RMSE": 1666.4115938944906, "RMSE_STHLM": 1531.685433637449, "RMSE_S\u00f6dermanland": 134.72616025704144, "CV_RMSE_STHLM": 545.5151920354983, "CV_RMSE_S\u00f6dermanland": 494.91242543402984, "_timestamp": 1748311884.2735918, "_runtime": 1.2771077156066895, "_step": 0, "_wandb": {"runtime": 1}}