{"CV_RMSE": 271.8348537344793, "RMSE": 433.05862252905695, "RMSE_STHLM": 397.6084281565937, "RMSE_S\u00f6dermanland": 35.45019437246328, "CV_RMSE_STHLM": 141.60964991726723, "CV_RMSE_S\u00f6dermanland": 130.22520381721205, "_timestamp": 1748456030.1742787, "_runtime": 1.3238718509674072, "_step": 0, "_wandb": {"runtime": 1}}