{"CV_RMSE": 264.8554512508254, "RMSE": 409.72801451903814, "RMSE_STHLM": 373.87693091805124, "RMSE_S\u00f6dermanland": 35.85108360098689, "CV_RMSE_STHLM": 133.15759312475112, "CV_RMSE_S\u00f6dermanland": 131.6978581260743, "_timestamp": 1748302801.3115742, "_runtime": 1.482931137084961, "_step": 0, "_wandb": {"runtime": 1}}