{"CV_RMSE": 587.1246626323491, "RMSE": 526.8139595836276, "RMSE_STHLM": 406.3858714458163, "RMSE_S\u00f6dermanland": 120.42808813781134, "CV_RMSE_STHLM": 144.73576743222583, "CV_RMSE_S\u00f6dermanland": 442.3888952001233, "_timestamp": 1748361825.0692043, "_runtime": 1.3389654159545898, "_step": 0, "_wandb": {"runtime": 1}}