{"CV_RMSE": 278.0616690789627, "RMSE": 100.04254400619345, "RMSE_skane": 84.74831524033878, "RMSE_kronoberg": 15.294228765854664, "CV_RMSE_'skane": 134.37893537051602, "CV_RMSE_kronoberg": 143.68273370844673, "_timestamp": 1748568087.1797316, "_runtime": 1.2658936977386475, "_step": 0, "_wandb": {"runtime": 1}}