{"CV_RMSE": 275.5402018543529, "RMSE": 436.9366202015531, "RMSE_STHLM": 400.7858035121894, "RMSE_S\u00f6dermanland": 36.15081668936374, "CV_RMSE_STHLM": 142.74128340362898, "CV_RMSE_S\u00f6dermanland": 132.79891845072393, "_timestamp": 1748533744.050812, "_runtime": 1.2948110103607178, "_step": 0, "_wandb": {"runtime": 1}}