{"CV_RMSE": 5012.854508908216, "RMSE": 1891.5804404345004, "RMSE_skane": 1633.732688961439, "RMSE_kronoberg": 257.8477514730613, "CV_RMSE_'skane": 2590.4852361967846, "CV_RMSE_kronoberg": 2422.3692727114317, "_timestamp": 1748547941.4374292, "_runtime": 1.3085441589355469, "_step": 0, "_wandb": {"runtime": 1}}