{"CV_RMSE": 327.13887554072573, "RMSE": 23.065290441774962, "RMSE_Kalmar": 14.81703901130016, "RMSE_Blekinge": 8.248251430474804, "CV_RMSE_'Kalmar": 143.39070010935637, "CV_RMSE_Blekinge": 183.7481754313694, "_timestamp": 1748547536.7438369, "_runtime": 1.4111168384552002, "_step": 0, "_wandb": {"runtime": 1}}