{"CV_RMSE": 339.3296013197923, "RMSE": 472.9202251779861, "RMSE_STHLM": 421.40345798090885, "RMSE_S\u00f6dermanland": 51.51676719707725, "CV_RMSE_STHLM": 150.08433406522278, "CV_RMSE_S\u00f6dermanland": 189.2452672545695, "_timestamp": 1748561454.0501788, "_runtime": 1.328547716140747, "_step": 0, "_wandb": {"runtime": 1}}