{"CV_RMSE": 4271.577280968643, "RMSE": 292.1158039574215, "RMSE_Kalmar": 177.45928667471048, "RMSE_Blekinge": 114.65651728271104, "CV_RMSE_'Kalmar": 1717.3479355617144, "CV_RMSE_Blekinge": 2554.229345406929, "_timestamp": 1748469840.2230737, "_runtime": 1.2971718311309814, "_step": 0, "_wandb": {"runtime": 1}}