{"CV_RMSE": 311.5132792377057, "RMSE": 396.84083790451973, "RMSE_STHLM": 345.5412278561676, "RMSE_S\u00f6dermanland": 51.299610048352115, "CV_RMSE_STHLM": 123.06573212131019, "CV_RMSE_S\u00f6dermanland": 188.44754711639553, "_timestamp": 1748507147.737798, "_runtime": 1.4137458801269531, "_step": 0, "_wandb": {"runtime": 1}}