{"CV_RMSE": 267.44533941733846, "RMSE": 425.8054979998303, "RMSE_STHLM": 390.89980659638167, "RMSE_S\u00f6dermanland": 34.90569140344867, "CV_RMSE_STHLM": 139.2203505883433, "CV_RMSE_S\u00f6dermanland": 128.22498882899512, "_timestamp": 1748560924.4277413, "_runtime": 1.28261137008667, "_step": 0, "_wandb": {"runtime": 1}}