{"CV_RMSE": 306.59949772176896, "RMSE": 22.223666220173953, "RMSE_Kalmar": 14.959130329284525, "RMSE_Blekinge": 7.264535890889427, "CV_RMSE_'Kalmar": 144.76577738017284, "CV_RMSE_Blekinge": 161.83372034159612, "_timestamp": 1748495394.897125, "_runtime": 1.307379961013794, "_step": 0, "_wandb": {"runtime": 1}}