{"CV_RMSE": 4347.819914223136, "RMSE": 281.92923476822796, "RMSE_Kalmar": 153.3977179632766, "RMSE_Blekinge": 128.5315168049514, "CV_RMSE_'Kalmar": 1484.4940448059024, "CV_RMSE_Blekinge": 2863.3258694172337, "_timestamp": 1748485582.410514, "_runtime": 1.3312091827392578, "_step": 0, "_wandb": {"runtime": 1}}