{"CV_RMSE": 5102.429690408868, "RMSE": 1942.1439101866458, "RMSE_skane": 1683.092341481085, "RMSE_kronoberg": 259.0515687055609, "CV_RMSE_'skane": 2668.75107000172, "CV_RMSE_kronoberg": 2433.678620407148, "_timestamp": 1748577532.836175, "_runtime": 1.3009939193725586, "_step": 0, "_wandb": {"runtime": 1}}