{"CV_RMSE": 275.58499705949214, "RMSE": 437.1895057042409, "RMSE_STHLM": 401.0523358499696, "RMSE_S\u00f6dermanland": 36.13716985427127, "CV_RMSE_STHLM": 142.83620983972008, "CV_RMSE_S\u00f6dermanland": 132.74878721977203, "_timestamp": 1748433945.1892729, "_runtime": 1.2985827922821045, "_step": 0, "_wandb": {"runtime": 1}}