{"CV_RMSE": 1480.9056982818336, "RMSE": 2252.8130835111647, "RMSE_STHLM": 2048.2626664902546, "RMSE_S\u00f6dermanland": 204.55041702091026, "CV_RMSE_STHLM": 729.4960031029796, "CV_RMSE_S\u00f6dermanland": 751.409695178854, "_timestamp": 1748314648.596658, "_runtime": 1.26613187789917, "_step": 0, "_wandb": {"runtime": 1}}