{"CV_RMSE": 1311.2266605475909, "RMSE": 1501.9356711480386, "RMSE_STHLM": 1267.919078268119, "RMSE_S\u00f6dermanland": 234.01659287991973, "CV_RMSE_STHLM": 451.5738703764571, "CV_RMSE_S\u00f6dermanland": 859.6527901711338, "_timestamp": 1748294701.8833406, "_runtime": 1.2650566101074219, "_step": 0, "_wandb": {"runtime": 1}}