{"CV_RMSE": 270.4849989739656, "RMSE": 426.1780247390945, "RMSE_STHLM": 390.3960276192209, "RMSE_S\u00f6dermanland": 35.78199711987359, "CV_RMSE_STHLM": 139.04092792136876, "CV_RMSE_S\u00f6dermanland": 131.44407105259685, "_timestamp": 1748470120.723662, "_runtime": 1.2565038204193115, "_step": 0, "_wandb": {"runtime": 1}}