{"CV_RMSE": 2989.0347231669366, "RMSE": 178.17566487991309, "RMSE_Kalmar": 77.79682907828288, "RMSE_Blekinge": 100.37883580163022, "CV_RMSE_'Kalmar": 752.8725394672537, "CV_RMSE_Blekinge": 2236.162183699683, "_timestamp": 1748503213.7509344, "_runtime": 1.3160183429718018, "_step": 0, "_wandb": {"runtime": 1}}