{"CV_RMSE": 310.80605873195543, "RMSE": 22.652974929999495, "RMSE_Kalmar": 15.384315119840615, "RMSE_Blekinge": 7.268659810158879, "CV_RMSE_'Kalmar": 148.88046890168334, "CV_RMSE_Blekinge": 161.92558983027206, "_timestamp": 1748482813.0277727, "_runtime": 1.29371976852417, "_step": 0, "_wandb": {"runtime": 1}}