{"CV_RMSE": 304.00124034836836, "RMSE": 22.00351703064948, "RMSE_Kalmar": 14.776107208037, "RMSE_Blekinge": 7.227409822612478, "CV_RMSE_'Kalmar": 142.99458588422902, "CV_RMSE_Blekinge": 161.00665446413936, "_timestamp": 1748464220.138724, "_runtime": 1.3245680332183838, "_step": 0, "_wandb": {"runtime": 1}}