{"CV_RMSE": 1159.6773624206542, "RMSE": 1144.3483870422929, "RMSE_STHLM": 917.6248351422842, "RMSE_S\u00f6dermanland": 226.72355190000866, "CV_RMSE_STHLM": 326.8153350328673, "CV_RMSE_S\u00f6dermanland": 832.8620273877868, "_timestamp": 1748398360.676647, "_runtime": 1.2821898460388184, "_step": 0, "_wandb": {"runtime": 1}}