{"CV_RMSE": 1882.0624886337255, "RMSE": 736.0777876963181, "RMSE_skane": 644.5263921149276, "RMSE_kronoberg": 91.55139558139045, "CV_RMSE_'skane": 1021.976308850308, "CV_RMSE_kronoberg": 860.0861797834176, "_timestamp": 1748577021.8611262, "_runtime": 1.3302762508392334, "_step": 0, "_wandb": {"runtime": 1}}