{"CV_RMSE": 4809.090029435463, "RMSE": 1871.608617430028, "RMSE_skane": 1635.799260421484, "RMSE_kronoberg": 235.8093570085442, "CV_RMSE_'skane": 2593.7620408374482, "CV_RMSE_kronoberg": 2215.3279885980146, "_timestamp": 1748550284.4023225, "_runtime": 1.263610601425171, "_step": 0, "_wandb": {"runtime": 1}}