{"CV_RMSE": 271.1742182865366, "RMSE": 424.8104683012639, "RMSE_STHLM": 388.6738834857802, "RMSE_S\u00f6dermanland": 36.13658481548369, "CV_RMSE_STHLM": 138.4275801888414, "CV_RMSE_S\u00f6dermanland": 132.74663809769518, "_timestamp": 1748485077.6132784, "_runtime": 1.3108444213867188, "_step": 0, "_wandb": {"runtime": 1}}