{"CV_RMSE": 4743.053970942787, "RMSE": 1888.874102664137, "RMSE_skane": 1665.0269992855847, "RMSE_kronoberg": 223.8471033785521, "CV_RMSE_'skane": 2640.1062356536754, "CV_RMSE_kronoberg": 2102.9477352891117, "_timestamp": 1748510983.8675692, "_runtime": 1.2793653011322021, "_step": 0, "_wandb": {"runtime": 1}}