{"CV_RMSE": 306.7896372983532, "RMSE": 22.238277291300278, "RMSE_Kalmar": 14.969872919823835, "RMSE_Blekinge": 7.268404371476442, "CV_RMSE_'Kalmar": 144.86973793377905, "CV_RMSE_Blekinge": 161.91989936457418, "_timestamp": 1748482178.4019268, "_runtime": 1.2639007568359375, "_step": 0, "_wandb": {"runtime": 1}}