{"CV_RMSE": 1244.5368749476042, "RMSE": 1845.352317063988, "RMSE_STHLM": 1668.3091476119594, "RMSE_S\u00f6dermanland": 177.0431694520287, "CV_RMSE_STHLM": 594.1742116544375, "CV_RMSE_S\u00f6dermanland": 650.3626632931667, "_timestamp": 1748293319.8180711, "_runtime": 1.341421127319336, "_step": 0, "_wandb": {"runtime": 1}}