{"CV_RMSE": 1368.732221835044, "RMSE": 1975.4959580212344, "RMSE_STHLM": 1774.9867600575958, "RMSE_S\u00f6dermanland": 200.50919796363863, "CV_RMSE_STHLM": 632.1678211522898, "CV_RMSE_S\u00f6dermanland": 736.5644006827541, "_timestamp": 1748317856.1589296, "_runtime": 1.2535555362701416, "_step": 0, "_wandb": {"runtime": 1}}