{"CV_RMSE": 275.58550046213645, "RMSE": 437.12901957151377, "RMSE_STHLM": 400.9852040572978, "RMSE_S\u00f6dermanland": 36.14381551421599, "CV_RMSE_STHLM": 142.81230061399606, "CV_RMSE_S\u00f6dermanland": 132.77319984814037, "_timestamp": 1748534326.2998476, "_runtime": 1.2774786949157715, "_step": 0, "_wandb": {"runtime": 1}}