{"CV_RMSE": 1550.6159076218323, "RMSE": 644.3540754317205, "RMSE_skane": 576.6224418336931, "RMSE_kronoberg": 67.73163359802747, "CV_RMSE_'skane": 914.3061974107184, "CV_RMSE_kronoberg": 636.3097102111141, "_timestamp": 1748536535.4072928, "_runtime": 1.4284389019012451, "_step": 0, "_wandb": {"runtime": 1}}