{"CV_RMSE": 4529.358751227839, "RMSE": 332.8197334238762, "RMSE_Kalmar": 228.9671522489481, "RMSE_Blekinge": 103.8525811749281, "CV_RMSE_'Kalmar": 2215.811150796272, "CV_RMSE_Blekinge": 2313.547600431567, "_timestamp": 1748488397.2426877, "_runtime": 1.3576407432556152, "_step": 0, "_wandb": {"runtime": 1}}