{"CV_RMSE": 261.63849555799015, "RMSE": 408.56370192481023, "RMSE_STHLM": 373.5573620168521, "RMSE_S\u00f6dermanland": 35.00633990795813, "CV_RMSE_STHLM": 133.0437775287562, "CV_RMSE_S\u00f6dermanland": 128.59471802923395, "_timestamp": 1748468732.6052969, "_runtime": 1.254356861114502, "_step": 0, "_wandb": {"runtime": 1}}