{"CV_RMSE": 268.6221017143455, "RMSE": 421.14880784855814, "RMSE_STHLM": 385.3884317787023, "RMSE_S\u00f6dermanland": 35.76037606985584, "CV_RMSE_STHLM": 137.25745492711994, "CV_RMSE_S\u00f6dermanland": 131.36464678722552, "_timestamp": 1748459395.6636922, "_runtime": 1.2567143440246582, "_step": 0, "_wandb": {"runtime": 1}}