{"CV_RMSE": 4627.256304640417, "RMSE": 304.37381749760004, "RMSE_Kalmar": 170.90327707549963, "RMSE_Blekinge": 133.4705404221004, "CV_RMSE_'Kalmar": 1653.902681375803, "CV_RMSE_Blekinge": 2973.3536232646134, "_timestamp": 1748507243.3106408, "_runtime": 1.3421008586883545, "_step": 0, "_wandb": {"runtime": 1}}