{"CV_RMSE": 2312.4316405615036, "RMSE": 126.45632813757351, "RMSE_Kalmar": 40.05336935355347, "RMSE_Blekinge": 86.40295878402004, "CV_RMSE_'Kalmar": 387.61325180858194, "CV_RMSE_Blekinge": 1924.818388752922, "_timestamp": 1748524407.3494856, "_runtime": 1.3471906185150146, "_step": 0, "_wandb": {"runtime": 1}}