{"CV_RMSE": 306.72985113091454, "RMSE": 22.237733233382677, "RMSE_Kalmar": 14.973655998416936, "RMSE_Blekinge": 7.26407723496574, "CV_RMSE_'Kalmar": 144.9063483717768, "CV_RMSE_Blekinge": 161.82350275913774, "_timestamp": 1748470527.138176, "_runtime": 4.938557863235474, "_step": 0, "_wandb": {"runtime": 1}}