{"CV_RMSE": 305.5090762474929, "RMSE": 22.158794296943622, "RMSE_Kalmar": 14.93097552549854, "RMSE_Blekinge": 7.227818771445081, "CV_RMSE_'Kalmar": 144.49331153708263, "CV_RMSE_Blekinge": 161.01576471041022, "_timestamp": 1748533982.0441294, "_runtime": 1.3381304740905762, "_step": 0, "_wandb": {"runtime": 1}}