{"CV_RMSE": 1504.9557212747427, "RMSE": 1869.079368364404, "RMSE_STHLM": 1616.0807021589987, "RMSE_S\u00f6dermanland": 252.99866620540521, "CV_RMSE_STHLM": 575.5728658263154, "CV_RMSE_S\u00f6dermanland": 929.3828554484273, "_timestamp": 1748293606.694763, "_runtime": 1.2973780632019043, "_step": 0, "_wandb": {"runtime": 1}}