{"CV_RMSE": 420.510452425837, "RMSE": 364.1896177931583, "RMSE_STHLM": 276.5274705391751, "RMSE_S\u00f6dermanland": 87.66214725398319, "CV_RMSE_STHLM": 98.48623802344979, "CV_RMSE_S\u00f6dermanland": 322.0242144023872, "_timestamp": 1748365371.2486548, "_runtime": 1.3481347560882568, "_step": 0, "_wandb": {"runtime": 1}}