{"CV_RMSE": 415.0633569424633, "RMSE": 436.7572637338134, "RMSE_STHLM": 358.5281403624397, "RMSE_S\u00f6dermanland": 78.2291233713737, "CV_RMSE_STHLM": 127.69106700680479, "CV_RMSE_S\u00f6dermanland": 287.3722899356585, "_timestamp": 1748556225.1185737, "_runtime": 1.2903056144714355, "_step": 0, "_wandb": {"runtime": 1}}