{"CV_RMSE": 275.16926622126005, "RMSE": 436.5349091318389, "RMSE_STHLM": 400.4527819563569, "RMSE_S\u00f6dermanland": 36.08212717548199, "CV_RMSE_STHLM": 142.62267659704045, "CV_RMSE_S\u00f6dermanland": 132.54658962421956, "_timestamp": 1748427973.223079, "_runtime": 1.2473359107971191, "_step": 0, "_wandb": {"runtime": 1}}