{"CV_RMSE": 435.75193958524034, "RMSE": 467.8359729318567, "RMSE_STHLM": 386.70697787642695, "RMSE_S\u00f6dermanland": 81.12899505542977, "CV_RMSE_STHLM": 137.72705978978405, "CV_RMSE_S\u00f6dermanland": 298.0248797954563, "_timestamp": 1748526476.7833557, "_runtime": 1.3784828186035156, "_step": 0, "_wandb": {"runtime": 1}}