{"CV_RMSE": 4628.944033826757, "RMSE": 1896.8780770661858, "RMSE_skane": 1689.2689128858838, "RMSE_kronoberg": 207.60916418030212, "CV_RMSE_'skane": 2678.544787874023, "CV_RMSE_kronoberg": 1950.399245952734, "_timestamp": 1748522633.4866529, "_runtime": 1.268495798110962, "_step": 0, "_wandb": {"runtime": 1}}