{"CV_RMSE": 3979.3160431691304, "RMSE": 257.69315415784513, "RMSE_Kalmar": 139.79363678953487, "RMSE_Blekinge": 117.89951736831024, "CV_RMSE_'Kalmar": 1352.8416463503374, "CV_RMSE_Blekinge": 2626.4743968187927, "_timestamp": 1748505492.6578002, "_runtime": 1.2879900932312012, "_step": 0, "_wandb": {"runtime": 1}}