{"CV_RMSE": 1114.2020512583822, "RMSE": 2263.5539728121835, "RMSE_STHLM": 2170.6989957161923, "RMSE_S\u00f6dermanland": 92.85497709599125, "CV_RMSE_STHLM": 773.1021353955572, "CV_RMSE_S\u00f6dermanland": 341.099915862825, "_timestamp": 1748379155.6841328, "_runtime": 1.3291027545928955, "_step": 0, "_wandb": {"runtime": 1}}