{"CV_RMSE": 3969.7627839103643, "RMSE": 1449.0463947705732, "RMSE_skane": 1234.9176241949672, "RMSE_kronoberg": 214.1287705756061, "CV_RMSE_'skane": 1958.1146261019564, "CV_RMSE_kronoberg": 2011.648157808408, "_timestamp": 1748513619.4927475, "_runtime": 1.3476545810699463, "_step": 0, "_wandb": {"runtime": 1}}