{"CV_RMSE": 2903.8537138081733, "RMSE": 1413.2528513060051, "RMSE_skane": 1328.354539849346, "RMSE_kronoberg": 84.89831145665913, "CV_RMSE_'skane": 2106.2704120232756, "CV_RMSE_kronoberg": 797.5833017848978, "_timestamp": 1748534111.7625062, "_runtime": 1.3087882995605469, "_step": 0, "_wandb": {"runtime": 1}}