{"CV_RMSE": 4352.397843964005, "RMSE": 1521.5467803877523, "RMSE_skane": 1273.13980485626, "RMSE_kronoberg": 248.40697553149232, "CV_RMSE_'skane": 2018.720620808023, "CV_RMSE_kronoberg": 2333.677223155982, "_timestamp": 1748547951.772257, "_runtime": 1.276453971862793, "_step": 0, "_wandb": {"runtime": 1}}