{"CV_RMSE": 766.9380927010379, "RMSE": 1263.3597096158098, "RMSE_STHLM": 1167.8041242168824, "RMSE_S\u00f6dermanland": 95.55558539892733, "CV_RMSE_STHLM": 415.91757490905985, "CV_RMSE_S\u00f6dermanland": 351.020517791978, "_timestamp": 1748296468.540364, "_runtime": 1.2894251346588135, "_step": 0, "_wandb": {"runtime": 1}}