{"CV_RMSE": 4159.762608003346, "RMSE": 262.59510441884197, "RMSE_Kalmar": 134.13920931700255, "RMSE_Blekinge": 128.45589510183945, "CV_RMSE_'Kalmar": 1298.1213804871213, "CV_RMSE_Blekinge": 2861.641227516225, "_timestamp": 1748491894.6116362, "_runtime": 1.310730218887329, "_step": 0, "_wandb": {"runtime": 1}}