{"CV_RMSE": 302.2925895051392, "RMSE": 21.96953292637203, "RMSE_Kalmar": 14.851630516447608, "RMSE_Blekinge": 7.11790240992442, "CV_RMSE_'Kalmar": 143.72545661078328, "CV_RMSE_Blekinge": 158.5671328943559, "_timestamp": 1748482651.8205848, "_runtime": 1.3315377235412598, "_step": 0, "_wandb": {"runtime": 1}}