{"CV_RMSE": 306.98511702394063, "RMSE": 22.257200585350223, "RMSE_Kalmar": 14.987815955037261, "RMSE_Blekinge": 7.269384630312962, "CV_RMSE_'Kalmar": 145.043380210038, "CV_RMSE_Blekinge": 161.94173681390262, "_timestamp": 1748515467.6589606, "_runtime": 1.2980906963348389, "_step": 0, "_wandb": {"runtime": 1}}