{"CV_RMSE": 311.7719930167367, "RMSE": 476.8130779948782, "RMSE_STHLM": 434.02145575381957, "RMSE_S\u00f6dermanland": 42.791622241058654, "CV_RMSE_STHLM": 154.5782786618273, "CV_RMSE_S\u00f6dermanland": 157.19371435490936, "_timestamp": 1748425392.8249156, "_runtime": 1.268453598022461, "_step": 0, "_wandb": {"runtime": 1}}