{"CV_RMSE": 811.479451014327, "RMSE": 1183.56043035188, "RMSE_STHLM": 1066.0105104852205, "RMSE_S\u00f6dermanland": 117.5499198666596, "CV_RMSE_STHLM": 379.6634188510876, "CV_RMSE_S\u00f6dermanland": 431.8160321632393, "_timestamp": 1748297136.1873372, "_runtime": 1.274407148361206, "_step": 0, "_wandb": {"runtime": 1}}