{"CV_RMSE": 374.59908946996234, "RMSE": 28.60582161193461, "RMSE_Kalmar": 20.846294253535785, "RMSE_Blekinge": 7.759527358398822, "CV_RMSE_'Kalmar": 201.73833148583014, "CV_RMSE_Blekinge": 172.86075798413216, "_timestamp": 1748538006.134218, "_runtime": 1.3096559047698975, "_step": 0, "_wandb": {"runtime": 1}}