{"CV_RMSE": 264.65557695740927, "RMSE": 407.35716527780716, "RMSE_STHLM": 371.31179446067307, "RMSE_S\u00f6dermanland": 36.04537081713408, "CV_RMSE_STHLM": 132.24401069038612, "CV_RMSE_S\u00f6dermanland": 132.41156626702315, "_timestamp": 1748483656.7675853, "_runtime": 1.3632402420043945, "_step": 0, "_wandb": {"runtime": 1}}