{"CV_RMSE": 304.5252944279616, "RMSE": 22.049213215309862, "RMSE_Kalmar": 14.815308616322305, "RMSE_Blekinge": 7.2339045989875554, "CV_RMSE_'Kalmar": 143.37395435150617, "CV_RMSE_Blekinge": 161.15134007645545, "_timestamp": 1748471020.0968995, "_runtime": 1.265406608581543, "_step": 0, "_wandb": {"runtime": 1}}