{"CV_RMSE": 303.72901248472715, "RMSE": 21.96579968207532, "RMSE_Kalmar": 14.731026355768643, "RMSE_Blekinge": 7.234773326306677, "CV_RMSE_'Kalmar": 142.5583195719546, "CV_RMSE_Blekinge": 161.17069291277252, "_timestamp": 1748471263.7392375, "_runtime": 1.3890936374664307, "_step": 0, "_wandb": {"runtime": 1}}