{"CV_RMSE": 3833.6069451384424, "RMSE": 1608.491356166951, "RMSE_skane": 1444.1741002470953, "RMSE_kronoberg": 164.31725591985554, "CV_RMSE_'skane": 2289.9166494404258, "CV_RMSE_kronoberg": 1543.6902956980166, "_timestamp": 1748537412.4569106, "_runtime": 1.3204495906829834, "_step": 0, "_wandb": {"runtime": 1}}