{"CV_RMSE": 266.0824489840061, "RMSE": 424.70170990844736, "RMSE_STHLM": 390.0883549722704, "RMSE_S\u00f6dermanland": 34.613354936176975, "CV_RMSE_STHLM": 138.931349218458, "CV_RMSE_S\u00f6dermanland": 127.15109976554807, "_timestamp": 1748460776.2849932, "_runtime": 1.3973591327667236, "_step": 0, "_wandb": {"runtime": 1}}