{"CV_RMSE": 275.4166521429284, "RMSE": 436.7793456641986, "RMSE_STHLM": 400.6488875511821, "RMSE_S\u00f6dermanland": 36.130458113016516, "CV_RMSE_STHLM": 142.69252029919426, "CV_RMSE_S\u00f6dermanland": 132.72413184373414, "_timestamp": 1748524259.6003647, "_runtime": 1.2885515689849854, "_step": 0, "_wandb": {"runtime": 1}}