{"CV_RMSE": 266.94919897594775, "RMSE": 419.40180241742576, "RMSE_STHLM": 383.9581584935035, "RMSE_S\u00f6dermanland": 35.443643923922245, "CV_RMSE_STHLM": 136.74805803092724, "CV_RMSE_S\u00f6dermanland": 130.20114094502048, "_timestamp": 1748432127.6506355, "_runtime": 1.265092372894287, "_step": 0, "_wandb": {"runtime": 1}}