{"CV_RMSE": 275.567812054653, "RMSE": 437.1302054532016, "RMSE_STHLM": 400.9918494020839, "RMSE_S\u00f6dermanland": 36.13835605111771, "CV_RMSE_STHLM": 142.81466737707777, "CV_RMSE_S\u00f6dermanland": 132.75314467757528, "_timestamp": 1748480630.8709717, "_runtime": 1.3075556755065918, "_step": 0, "_wandb": {"runtime": 1}}