{"CV_RMSE": 677.9410762918551, "RMSE": 568.2928461005845, "RMSE_STHLM": 424.94153785087514, "RMSE_S\u00f6dermanland": 143.35130824970932, "CV_RMSE_STHLM": 151.3444337419025, "CV_RMSE_S\u00f6dermanland": 526.5966425499527, "_timestamp": 1748499230.5236757, "_runtime": 1.2974717617034912, "_step": 0, "_wandb": {"runtime": 1}}