{"CV_RMSE": 3099.5681601743145, "RMSE": 206.50451419722583, "RMSE_Kalmar": 119.11132967682444, "RMSE_Blekinge": 87.3931845204014, "CV_RMSE_'Kalmar": 1152.6902871950751, "CV_RMSE_Blekinge": 1946.8778729792393, "_timestamp": 1748503682.9326146, "_runtime": 1.3599915504455566, "_step": 0, "_wandb": {"runtime": 1}}