{"CV_RMSE": 273.60388706104004, "RMSE": 434.733415108423, "RMSE_STHLM": 398.9297572515779, "RMSE_S\u00f6dermanland": 35.80365785684512, "CV_RMSE_STHLM": 142.080245954262, "CV_RMSE_S\u00f6dermanland": 131.523641106778, "_timestamp": 1748506612.7210975, "_runtime": 1.3006305694580078, "_step": 0, "_wandb": {"runtime": 1}}