{"CV_RMSE": 1574.646249457847, "RMSE": 1824.7975483303276, "RMSE_STHLM": 1546.0365914083986, "RMSE_S\u00f6dermanland": 278.760956921929, "CV_RMSE_STHLM": 550.6264077038222, "CV_RMSE_S\u00f6dermanland": 1024.0198417540248, "_timestamp": 1748312473.511916, "_runtime": 1.2872419357299805, "_step": 0, "_wandb": {"runtime": 1}}