{"CV_RMSE": 532.0956336502054, "RMSE": 45.944891160935796, "RMSE_Kalmar": 39.002908226019734, "RMSE_Blekinge": 6.941982934916059, "CV_RMSE_'Kalmar": 377.4474989614813, "CV_RMSE_Blekinge": 154.6481346887241, "_timestamp": 1748479455.3226528, "_runtime": 1.6032967567443848, "_step": 0, "_wandb": {"runtime": 1}}