{"CV_RMSE": 717.9588085156738, "RMSE": 629.0891200379516, "RMSE_STHLM": 480.2017323829643, "RMSE_S\u00f6dermanland": 148.88738765498735, "CV_RMSE_STHLM": 171.02554774225084, "CV_RMSE_S\u00f6dermanland": 546.933260773423, "_timestamp": 1748293493.6459758, "_runtime": 1.305405855178833, "_step": 0, "_wandb": {"runtime": 1}}