{"CV_RMSE": 1064.9322918917637, "RMSE": 883.896616772327, "RMSE_STHLM": 657.771214154608, "RMSE_S\u00f6dermanland": 226.12540261771898, "CV_RMSE_STHLM": 234.26754758177566, "CV_RMSE_S\u00f6dermanland": 830.6647443099881, "_timestamp": 1748355159.7458496, "_runtime": 1.3375706672668457, "_step": 0, "_wandb": {"runtime": 1}}