{"CV_RMSE": 804.4795453259578, "RMSE": 1058.01552777255, "RMSE_STHLM": 929.0969720073182, "RMSE_S\u00f6dermanland": 128.9185557652318, "CV_RMSE_STHLM": 330.90117720877976, "CV_RMSE_S\u00f6dermanland": 473.57836811717806, "_timestamp": 1748324348.162754, "_runtime": 1.278555154800415, "_step": 0, "_wandb": {"runtime": 1}}