{"CV_RMSE": 4350.616219493719, "RMSE": 1599.3995785678555, "RMSE_skane": 1367.0289320218437, "RMSE_kronoberg": 232.37064654601178, "CV_RMSE_'skane": 2167.593444009266, "CV_RMSE_kronoberg": 2183.022775484453, "_timestamp": 1748567814.9171963, "_runtime": 1.31361722946167, "_step": 0, "_wandb": {"runtime": 1}}