{"CV_RMSE": 1048.463089891068, "RMSE": 1763.8743486551427, "RMSE_STHLM": 1637.189699702251, "RMSE_S\u00f6dermanland": 126.68464895289195, "CV_RMSE_STHLM": 583.0909100641179, "CV_RMSE_S\u00f6dermanland": 465.37217982695, "_timestamp": 1748305773.3701324, "_runtime": 1.267749547958374, "_step": 0, "_wandb": {"runtime": 1}}