{"CV_RMSE": 1330.0677662180624, "RMSE": 1532.9797082854448, "RMSE_STHLM": 1296.6164404866547, "RMSE_S\u00f6dermanland": 236.3632677987901, "CV_RMSE_STHLM": 461.7945375694457, "CV_RMSE_S\u00f6dermanland": 868.2732286486167, "_timestamp": 1748320408.513133, "_runtime": 1.312169075012207, "_step": 0, "_wandb": {"runtime": 1}}