{"CV_RMSE": 293.85714097987045, "RMSE": 432.3390904511578, "RMSE_STHLM": 390.1730594874456, "RMSE_S\u00f6dermanland": 42.16603096371223, "CV_RMSE_STHLM": 138.96151703153978, "CV_RMSE_S\u00f6dermanland": 154.89562394833064, "_timestamp": 1748533917.1772149, "_runtime": 1.3464198112487793, "_step": 0, "_wandb": {"runtime": 1}}