{"CV_RMSE": 975.6021658677972, "RMSE": 506.3229914961048, "RMSE_skane": 484.19908519728125, "RMSE_kronoberg": 22.12390629882356, "CV_RMSE_'skane": 767.7575346679935, "CV_RMSE_kronoberg": 207.84463119980379, "_timestamp": 1748546538.1138425, "_runtime": 1.3882625102996826, "_step": 0, "_wandb": {"runtime": 1}}