{"CV_RMSE": 272.72762797676876, "RMSE": 432.15638065039093, "RMSE_STHLM": 396.340194331652, "RMSE_S\u00f6dermanland": 35.81618631873891, "CV_RMSE_STHLM": 141.15796394874826, "CV_RMSE_S\u00f6dermanland": 131.56966402802047, "_timestamp": 1748509614.1332746, "_runtime": 1.2987525463104248, "_step": 0, "_wandb": {"runtime": 1}}