{"CV_RMSE": 4896.629391891633, "RMSE": 1976.3744599713757, "RMSE_skane": 1750.6278969147163, "RMSE_kronoberg": 225.74656305665948, "CV_RMSE_'skane": 2775.837045847859, "CV_RMSE_kronoberg": 2120.7923460437737, "_timestamp": 1748520739.9166536, "_runtime": 1.4403927326202393, "_step": 0, "_wandb": {"runtime": 1}}