{"CV_RMSE": 2777.383472532014, "RMSE": 200.11854856027196, "RMSE_Kalmar": 133.3911561364064, "RMSE_Blekinge": 66.72739242386554, "CV_RMSE_'Kalmar": 1290.8821561587715, "CV_RMSE_Blekinge": 1486.5013163732422, "_timestamp": 1748569323.309417, "_runtime": 1.2792201042175293, "_step": 0, "_wandb": {"runtime": 1}}