{"CV_RMSE": 4495.706644967111, "RMSE": 1785.6773616821506, "RMSE_skane": 1572.5507966144944, "RMSE_kronoberg": 213.12656506765623, "CV_RMSE_'skane": 2493.473778987042, "CV_RMSE_kronoberg": 2002.2328659800692, "_timestamp": 1748516213.7286153, "_runtime": 1.340745210647583, "_step": 0, "_wandb": {"runtime": 1}}