{"CV_RMSE": 1430.3299375085007, "RMSE": 1924.043051202225, "RMSE_STHLM": 1699.4412270370262, "RMSE_S\u00f6dermanland": 224.60182416519856, "CV_RMSE_STHLM": 605.2620120036896, "CV_RMSE_S\u00f6dermanland": 825.067925504811, "_timestamp": 1748313654.0741098, "_runtime": 1.3135898113250732, "_step": 0, "_wandb": {"runtime": 1}}