{"CV_RMSE": 313.2609277545604, "RMSE": 415.5095001938756, "RMSE_STHLM": 365.68736829494924, "RMSE_S\u00f6dermanland": 49.82213189892641, "CV_RMSE_STHLM": 130.24085139115724, "CV_RMSE_S\u00f6dermanland": 183.02007636340315, "_timestamp": 1748470896.2269654, "_runtime": 1.2808713912963867, "_step": 0, "_wandb": {"runtime": 1}}