{"CV_RMSE": 657.2919002973073, "RMSE": 741.308267933616, "RMSE_STHLM": 622.7568988746983, "RMSE_S\u00f6dermanland": 118.55136905891764, "CV_RMSE_STHLM": 221.7970751829159, "CV_RMSE_S\u00f6dermanland": 435.49482511439135, "_timestamp": 1748326199.0390613, "_runtime": 1.302760362625122, "_step": 0, "_wandb": {"runtime": 1}}