{"CV_RMSE": 3199.98112156469, "RMSE": 217.33666718667968, "RMSE_Kalmar": 130.29383129662514, "RMSE_Blekinge": 87.04283589005452, "CV_RMSE_'Kalmar": 1260.9080448060497, "CV_RMSE_Blekinge": 1939.0730767586404, "_timestamp": 1748547363.859655, "_runtime": 1.288484811782837, "_step": 0, "_wandb": {"runtime": 1}}