{"CV_RMSE": 3513.251654692015, "RMSE": 246.29512371993263, "RMSE_Kalmar": 156.6310253136781, "RMSE_Blekinge": 89.66409840625452, "CV_RMSE_'Kalmar": 1515.7841159388202, "CV_RMSE_Blekinge": 1997.4675387531947, "_timestamp": 1748498604.0820978, "_runtime": 1.3432507514953613, "_step": 0, "_wandb": {"runtime": 1}}