{"CV_RMSE": 4797.466594944826, "RMSE": 1914.725734771328, "RMSE_skane": 1689.1598770348494, "RMSE_kronoberg": 225.56585773647862, "CV_RMSE_'skane": 2678.3718980468016, "CV_RMSE_kronoberg": 2119.0946968980247, "_timestamp": 1748544385.7844923, "_runtime": 1.3233752250671387, "_step": 0, "_wandb": {"runtime": 1}}