{"CV_RMSE": 255.98272819682694, "RMSE": 403.05481869493207, "RMSE_STHLM": 369.16195705049444, "RMSE_S\u00f6dermanland": 33.892861644437616, "CV_RMSE_STHLM": 131.4783384825663, "CV_RMSE_S\u00f6dermanland": 124.50438971426064, "_timestamp": 1748464295.9648068, "_runtime": 1.2854406833648682, "_step": 0, "_wandb": {"runtime": 1}}