{"CV_RMSE": 308.55351200887037, "RMSE": 567.864806329617, "RMSE_STHLM": 535.8188827773279, "RMSE_S\u00f6dermanland": 32.045923552289054, "CV_RMSE_STHLM": 190.8337928371963, "CV_RMSE_S\u00f6dermanland": 117.71971917167409, "_timestamp": 1748325628.3029466, "_runtime": 1.3011596202850342, "_step": 0, "_wandb": {"runtime": 1}}