{"CV_RMSE": 513.5248448560449, "RMSE": 412.92049647582627, "RMSE_STHLM": 302.4511397467726, "RMSE_S\u00f6dermanland": 110.4693567290537, "CV_RMSE_STHLM": 107.71904462686796, "CV_RMSE_S\u00f6dermanland": 405.8058002291769, "_timestamp": 1748353501.5224671, "_runtime": 1.4857261180877686, "_step": 0, "_wandb": {"runtime": 1}}