{"CV_RMSE": 1605.5725409950733, "RMSE": 2280.150901552418, "RMSE_STHLM": 2040.9548893185802, "RMSE_S\u00f6dermanland": 239.19601223383802, "CV_RMSE_STHLM": 726.8933123809743, "CV_RMSE_S\u00f6dermanland": 878.6792286140989, "_timestamp": 1748329576.5354202, "_runtime": 1.3494672775268555, "_step": 0, "_wandb": {"runtime": 1}}