{"CV_RMSE": 275.6169527013094, "RMSE": 437.2088952166066, "RMSE_STHLM": 401.06417407705584, "RMSE_S\u00f6dermanland": 36.14472113955078, "CV_RMSE_STHLM": 142.8404260662249, "CV_RMSE_S\u00f6dermanland": 132.7765266350845, "_timestamp": 1748551247.040097, "_runtime": 1.3339979648590088, "_step": 0, "_wandb": {"runtime": 1}}