{"CV_RMSE": 274.7653015330343, "RMSE": 436.8579351650593, "RMSE_STHLM": 400.93226326189006, "RMSE_S\u00f6dermanland": 35.92567190316923, "CV_RMSE_STHLM": 142.79344556220857, "CV_RMSE_S\u00f6dermanland": 131.97185597082574, "_timestamp": 1748338618.3981628, "_runtime": 1.2813358306884766, "_step": 0, "_wandb": {"runtime": 1}}