{"CV_RMSE": 475.86603988630617, "RMSE": 1013.5596519166686, "RMSE_STHLM": 978.9282856509246, "RMSE_S\u00f6dermanland": 34.63136626574399, "CV_RMSE_STHLM": 348.6487760529609, "CV_RMSE_S\u00f6dermanland": 127.21726383334527, "_timestamp": 1748355475.2774432, "_runtime": 1.319681167602539, "_step": 0, "_wandb": {"runtime": 1}}