{"CV_RMSE": 251.76281225766422, "RMSE": 395.8568496420124, "RMSE_STHLM": 362.4632873843242, "RMSE_S\u00f6dermanland": 33.3935622576882, "CV_RMSE_STHLM": 129.09258355595244, "CV_RMSE_S\u00f6dermanland": 122.67022870171178, "_timestamp": 1748292035.2469323, "_runtime": 1.2819151878356934, "_step": 0, "_wandb": {"runtime": 1}}