{"CV_RMSE": 332.54585290088096, "RMSE": 128.8850738178677, "RMSE_skane": 112.47023505278365, "RMSE_kronoberg": 16.41483876508404, "CV_RMSE_'skane": 178.3354678426802, "CV_RMSE_kronoberg": 154.21038505820079, "_timestamp": 1748550089.0355115, "_runtime": 1.3667545318603516, "_step": 0, "_wandb": {"runtime": 1}}