{"CV_RMSE": 4844.05908372409, "RMSE": 1891.5652306847244, "RMSE_skane": 1655.3300319854854, "RMSE_kronoberg": 236.23519869923902, "CV_RMSE_'skane": 2624.730494691573, "CV_RMSE_kronoberg": 2219.328589032517, "_timestamp": 1748541161.9816945, "_runtime": 1.2884314060211182, "_step": 0, "_wandb": {"runtime": 1}}