{"CV_RMSE": 262.2209141727865, "RMSE": 409.2704354995633, "RMSE_STHLM": 374.16440265779147, "RMSE_S\u00f6dermanland": 35.10603284177183, "CV_RMSE_STHLM": 133.2599772030124, "CV_RMSE_S\u00f6dermanland": 128.96093696977408, "_timestamp": 1748523014.9059002, "_runtime": 1.2741761207580566, "_step": 0, "_wandb": {"runtime": 1}}