{"CV_RMSE": 273.40883188056534, "RMSE": 432.67961429200744, "RMSE_STHLM": 396.71425544579625, "RMSE_S\u00f6dermanland": 35.9653588462112, "CV_RMSE_STHLM": 141.29118713938132, "CV_RMSE_S\u00f6dermanland": 132.11764474118402, "_timestamp": 1748481801.079767, "_runtime": 1.3032078742980957, "_step": 0, "_wandb": {"runtime": 1}}