{"CV_RMSE": 5044.9484566144165, "RMSE": 1963.7238010204758, "RMSE_skane": 1716.4150196424046, "RMSE_kronoberg": 247.3087813780712, "CV_RMSE_'skane": 2721.5882975302397, "CV_RMSE_kronoberg": 2323.3601590841763, "_timestamp": 1748543163.2001731, "_runtime": 1.2799830436706543, "_step": 0, "_wandb": {"runtime": 1}}