{"CV_RMSE": 4782.416824567613, "RMSE": 1884.182062591006, "RMSE_skane": 1654.3414935894564, "RMSE_kronoberg": 229.8405690015495, "CV_RMSE_'skane": 2623.1630448035776, "CV_RMSE_kronoberg": 2159.2537797640352, "_timestamp": 1748542317.9794457, "_runtime": 1.338486671447754, "_step": 0, "_wandb": {"runtime": 1}}