{"CV_RMSE": 1575.8958041469932, "RMSE": 246.57790186890537, "RMSE_skane": 94.83966622568504, "RMSE_kronoberg": 151.73823564322032, "CV_RMSE_'skane": 150.38002044241813, "CV_RMSE_kronoberg": 1425.5157837045751, "_timestamp": 1748527590.6718535, "_runtime": 1.2824616432189941, "_step": 0, "_wandb": {"runtime": 1}}