{"CV_RMSE": 236.7426764662909, "RMSE": 343.18668963723087, "RMSE_STHLM": 308.6661535210471, "RMSE_S\u00f6dermanland": 34.5205361161838, "CV_RMSE_STHLM": 109.93254379459533, "CV_RMSE_S\u00f6dermanland": 126.81013267169558, "_timestamp": 1748563931.2703512, "_runtime": 1.3165371417999268, "_step": 0, "_wandb": {"runtime": 1}}