{"CV_RMSE": 264.98900765702115, "RMSE": 417.3797994997567, "RMSE_STHLM": 382.3099661732983, "RMSE_S\u00f6dermanland": 35.0698333264584, "CV_RMSE_STHLM": 136.1610484986025, "CV_RMSE_S\u00f6dermanland": 128.82795915841862, "_timestamp": 1748480830.1524725, "_runtime": 1.3067924976348877, "_step": 0, "_wandb": {"runtime": 1}}