{"CV_RMSE": 279.1304001918352, "RMSE": 100.54575772196448, "RMSE_skane": 85.21684777783686, "RMSE_kronoberg": 15.328909944127615, "CV_RMSE_'skane": 135.12185165618953, "CV_RMSE_kronoberg": 144.00854853564567, "_timestamp": 1748548582.429702, "_runtime": 1.2967970371246338, "_step": 0, "_wandb": {"runtime": 1}}