{"CV_RMSE": 269.82600067847216, "RMSE": 428.05347826100694, "RMSE_STHLM": 392.6714875834822, "RMSE_S\u00f6dermanland": 35.381990677524726, "CV_RMSE_STHLM": 139.8513410467487, "CV_RMSE_S\u00f6dermanland": 129.97465963172348, "_timestamp": 1748525636.5053415, "_runtime": 1.330413579940796, "_step": 0, "_wandb": {"runtime": 1}}