{"CV_RMSE": 3617.5230793291557, "RMSE": 222.08644359330998, "RMSE_Kalmar": 105.55297032328986, "RMSE_Blekinge": 116.53347327002012, "CV_RMSE_'Kalmar": 1021.4803579673211, "CV_RMSE_Blekinge": 2596.0427213618345, "_timestamp": 1748465493.163173, "_runtime": 1.320831060409546, "_step": 0, "_wandb": {"runtime": 1}}