{"CV_RMSE": 275.15870310817945, "RMSE": 436.85584425443386, "RMSE_STHLM": 400.81135753872746, "RMSE_S\u00f6dermanland": 36.04448671570641, "CV_RMSE_STHLM": 142.75038456068648, "CV_RMSE_S\u00f6dermanland": 132.40831854749294, "_timestamp": 1748547724.3517904, "_runtime": 1.313253402709961, "_step": 0, "_wandb": {"runtime": 1}}