{"CV_RMSE": 3173.5217315545397, "RMSE": 218.524924027019, "RMSE_Kalmar": 134.494725206269, "RMSE_Blekinge": 84.03019882075, "CV_RMSE_'Kalmar": 1301.5618568348614, "CV_RMSE_Blekinge": 1871.9598747196785, "_timestamp": 1748500300.8123357, "_runtime": 1.3802597522735596, "_step": 0, "_wandb": {"runtime": 1}}