{"CV_RMSE": 1855.2970209177759, "RMSE": 2463.6479905079614, "RMSE_STHLM": 2168.873507501581, "RMSE_S\u00f6dermanland": 294.7744830063801, "CV_RMSE_STHLM": 772.4519813025022, "CV_RMSE_S\u00f6dermanland": 1082.8450396152737, "_timestamp": 1748298231.6006644, "_runtime": 1.2655444145202637, "_step": 0, "_wandb": {"runtime": 1}}