{"CV_RMSE": 4591.698201924606, "RMSE": 1875.8150399841043, "RMSE_skane": 1668.6986158489267, "RMSE_kronoberg": 207.11642413517754, "CV_RMSE_'skane": 2645.9280378154226, "CV_RMSE_kronoberg": 1945.7701641091837, "_timestamp": 1748523311.0205028, "_runtime": 1.3181006908416748, "_step": 0, "_wandb": {"runtime": 1}}