{"CV_RMSE": 306.7560779727932, "RMSE": 22.235013451933668, "RMSE_Kalmar": 14.966765732308186, "RMSE_Blekinge": 7.268247719625483, "CV_RMSE_'Kalmar": 144.839668377176, "CV_RMSE_Blekinge": 161.9164095956172, "_timestamp": 1748509012.357499, "_runtime": 1.327469825744629, "_step": 0, "_wandb": {"runtime": 1}}