{"CV_RMSE": 264.593421132809, "RMSE": 431.73702513127125, "RMSE_STHLM": 398.32786071253827, "RMSE_S\u00f6dermanland": 33.409164418732956, "CV_RMSE_STHLM": 141.86587837011652, "CV_RMSE_S\u00f6dermanland": 122.7275427626925, "_timestamp": 1748544210.557895, "_runtime": 1.327712059020996, "_step": 0, "_wandb": {"runtime": 1}}