{"CV_RMSE": 1512.6503746176238, "RMSE": 2033.2989259463852, "RMSE_STHLM": 1795.6116518640927, "RMSE_S\u00f6dermanland": 237.68727408229248, "CV_RMSE_STHLM": 639.5134494173658, "CV_RMSE_S\u00f6dermanland": 873.136925200258, "_timestamp": 1748334587.9253206, "_runtime": 1.2829205989837646, "_step": 0, "_wandb": {"runtime": 1}}