{"CV_RMSE": 306.96222849342644, "RMSE": 22.255230681126633, "RMSE_Kalmar": 14.986149622196821, "RMSE_Blekinge": 7.269081058929812, "CV_RMSE_'Kalmar": 145.02725440835633, "CV_RMSE_Blekinge": 161.93497408507008, "_timestamp": 1748521345.8713126, "_runtime": 1.2882575988769531, "_step": 0, "_wandb": {"runtime": 1}}