{"CV_RMSE": 274.23483425733014, "RMSE": 434.5807343761768, "RMSE_STHLM": 398.5704863085558, "RMSE_S\u00f6dermanland": 36.010248067620964, "CV_RMSE_STHLM": 141.95229033545718, "CV_RMSE_S\u00f6dermanland": 132.28254392187293, "_timestamp": 1748526009.3925765, "_runtime": 1.4296514987945557, "_step": 0, "_wandb": {"runtime": 1}}