{"CV_RMSE": 5235.845654646048, "RMSE": 2027.6200179473535, "RMSE_skane": 1768.8395454371912, "RMSE_kronoberg": 258.78047251016227, "CV_RMSE_'skane": 2804.7138669722904, "CV_RMSE_kronoberg": 2431.131787673758, "_timestamp": 1748532855.3139083, "_runtime": 1.3013863563537598, "_step": 0, "_wandb": {"runtime": 1}}