{"CV_RMSE": 306.96132062827803, "RMSE": 22.255955204195164, "RMSE_Kalmar": 14.987502676944844, "RMSE_Blekinge": 7.26845252725032, "CV_RMSE_'Kalmar": 145.040348486563, "CV_RMSE_Blekinge": 161.92097214171505, "_timestamp": 1748569291.532892, "_runtime": 1.3302879333496094, "_step": 0, "_wandb": {"runtime": 1}}