{"CV_RMSE": 3864.886926861437, "RMSE": 1581.7271095239275, "RMSE_skane": 1407.9696573482913, "RMSE_kronoberg": 173.75745217563613, "CV_RMSE_'skane": 2232.5100275078617, "CV_RMSE_kronoberg": 1632.3768993535755, "_timestamp": 1748514350.7048602, "_runtime": 1.3481242656707764, "_step": 0, "_wandb": {"runtime": 1}}