{"CV_RMSE": 275.5667988324476, "RMSE": 437.1980890710979, "RMSE_STHLM": 401.06732657281486, "RMSE_S\u00f6dermanland": 36.13076249828304, "CV_RMSE_STHLM": 142.8415488387548, "CV_RMSE_S\u00f6dermanland": 132.72524999369278, "_timestamp": 1748456658.5477858, "_runtime": 1.2789506912231445, "_step": 0, "_wandb": {"runtime": 1}}