{"CV_RMSE": 2343.5800869923155, "RMSE": 539.2478427474485, "RMSE_skane": 348.62858483445314, "RMSE_kronoberg": 190.61925791299538, "CV_RMSE_'skane": 552.7937391666804, "CV_RMSE_kronoberg": 1790.7863478256352, "_timestamp": 1748539096.848244, "_runtime": 1.2978720664978027, "_step": 0, "_wandb": {"runtime": 1}}