{"CV_RMSE": 264.14909517388236, "RMSE": 413.6373864109287, "RMSE_STHLM": 378.41895065527166, "RMSE_S\u00f6dermanland": 35.218435755657026, "CV_RMSE_STHLM": 134.77524954085655, "CV_RMSE_S\u00f6dermanland": 129.3738456330258, "_timestamp": 1748507451.9430392, "_runtime": 1.3157832622528076, "_step": 0, "_wandb": {"runtime": 1}}