{"CV_RMSE": 1533.65912550233, "RMSE": 529.6789377210013, "RMSE_skane": 440.8337272016192, "RMSE_kronoberg": 88.84521051938204, "CV_RMSE_'skane": 698.9963961970706, "CV_RMSE_kronoberg": 834.6627293052593, "_timestamp": 1748574060.9880092, "_runtime": 1.3013951778411865, "_step": 0, "_wandb": {"runtime": 1}}