{"CV_RMSE": 585.5128659981535, "RMSE": 499.63662361272156, "RMSE_STHLM": 376.77659706396236, "RMSE_S\u00f6dermanland": 122.86002654875924, "CV_RMSE_STHLM": 134.19031949250737, "CV_RMSE_S\u00f6dermanland": 451.3225465056462, "_timestamp": 1748466348.4769988, "_runtime": 5.845603704452515, "_step": 0, "_wandb": {"runtime": 1}}