{"CV_RMSE": 306.1778814686416, "RMSE": 22.18964264300819, "RMSE_Kalmar": 14.93243669129289, "RMSE_Blekinge": 7.257205951715302, "CV_RMSE_'Kalmar": 144.5074518512215, "CV_RMSE_Blekinge": 161.6704296174201, "_timestamp": 1748488021.5715275, "_runtime": 1.2805454730987549, "_step": 0, "_wandb": {"runtime": 1}}