{"CV_RMSE": 1508.897350818916, "RMSE": 855.4003326319514, "RMSE_skane": 835.8644973430094, "RMSE_kronoberg": 19.5358352889421, "CV_RMSE_'skane": 1325.3665391273933, "CV_RMSE_kronoberg": 183.53081169152284, "_timestamp": 1748539158.8408582, "_runtime": 1.3685293197631836, "_step": 0, "_wandb": {"runtime": 1}}