{"CV_RMSE": 747.5278582178242, "RMSE": 784.2238203655996, "RMSE_STHLM": 643.078451999686, "RMSE_S\u00f6dermanland": 141.14536836591367, "CV_RMSE_STHLM": 229.03466830222294, "CV_RMSE_S\u00f6dermanland": 518.4931899156013, "_timestamp": 1748342158.50168, "_runtime": 1.2960929870605469, "_step": 0, "_wandb": {"runtime": 1}}