{"CV_RMSE": 4317.317739742192, "RMSE": 1731.1788295616711, "RMSE_skane": 1529.8303859725013, "RMSE_kronoberg": 201.34844358916993, "CV_RMSE_'skane": 2425.735284311577, "CV_RMSE_kronoberg": 1891.5824554306155, "_timestamp": 1748533053.9414415, "_runtime": 1.3138635158538818, "_step": 0, "_wandb": {"runtime": 1}}