{"CV_RMSE": 5245.774843873426, "RMSE": 2023.2846219230944, "RMSE_skane": 1762.3523237029453, "RMSE_kronoberg": 260.9322982201491, "CV_RMSE_'skane": 2794.4275745818372, "CV_RMSE_kronoberg": 2451.347269291589, "_timestamp": 1748506473.5038433, "_runtime": 1.2519032955169678, "_step": 0, "_wandb": {"runtime": 1}}