{"CV_RMSE": 4059.2219958350315, "RMSE": 1489.578859301288, "RMSE_skane": 1272.2243052663196, "RMSE_kronoberg": 217.35455403496837, "CV_RMSE_'skane": 2017.2689829804222, "CV_RMSE_kronoberg": 2041.9530128546091, "_timestamp": 1748564636.451637, "_runtime": 1.329775094985962, "_step": 0, "_wandb": {"runtime": 1}}