{"CV_RMSE": 267.77637075100864, "RMSE": 441.2561117639251, "RMSE_STHLM": 407.90943967629966, "RMSE_S\u00f6dermanland": 33.34667208762548, "CV_RMSE_STHLM": 145.2783916536089, "CV_RMSE_S\u00f6dermanland": 122.49797909739972, "_timestamp": 1748480008.6810524, "_runtime": 1.2680773735046387, "_step": 0, "_wandb": {"runtime": 1}}