{"CV_RMSE": 1034.1531354939711, "RMSE": 1256.8270436216844, "RMSE_STHLM": 1080.0185153507873, "RMSE_S\u00f6dermanland": 176.8085282708971, "CV_RMSE_STHLM": 384.65241939679805, "CV_RMSE_S\u00f6dermanland": 649.500716097173, "_timestamp": 1748293115.173616, "_runtime": 1.3109660148620605, "_step": 0, "_wandb": {"runtime": 1}}