{"CV_RMSE": 305.67654525264027, "RMSE": 22.13727960615747, "RMSE_Kalmar": 14.879644850277995, "RMSE_Blekinge": 7.257634755879476, "CV_RMSE_'Kalmar": 143.99656306720638, "CV_RMSE_Blekinge": 161.67998218543386, "_timestamp": 1748463354.052268, "_runtime": 1.3100190162658691, "_step": 0, "_wandb": {"runtime": 1}}