{"CV_RMSE": 740.6931377449462, "RMSE": 959.5870330462627, "RMSE_STHLM": 839.3293199348295, "RMSE_S\u00f6dermanland": 120.25771311143315, "CV_RMSE_STHLM": 298.9301099886611, "CV_RMSE_S\u00f6dermanland": 441.76302775628506, "_timestamp": 1748391114.5995874, "_runtime": 1.2781214714050293, "_step": 0, "_wandb": {"runtime": 1}}