{"CV_RMSE": 2122.6987619148076, "RMSE": 1229.9994050153969, "RMSE_skane": 1207.9243991434337, "RMSE_kronoberg": 22.075005871963214, "CV_RMSE_'skane": 1915.3135292971992, "CV_RMSE_kronoberg": 207.38523261760847, "_timestamp": 1748508048.422157, "_runtime": 1.369568109512329, "_step": 0, "_wandb": {"runtime": 1}}