{"CV_RMSE": 4627.990990335087, "RMSE": 1844.620507654941, "RMSE_skane": 1626.5223771859785, "RMSE_kronoberg": 218.09813046896258, "CV_RMSE_'skane": 2579.0523951151877, "CV_RMSE_kronoberg": 2048.938595219899, "_timestamp": 1748570047.1247346, "_runtime": 1.2718126773834229, "_step": 0, "_wandb": {"runtime": 1}}