{"CV_RMSE": 274.76945648514754, "RMSE": 434.77831529194606, "RMSE_STHLM": 398.6281188122849, "RMSE_S\u00f6dermanland": 36.150196479661126, "CV_RMSE_STHLM": 141.97281635578017, "CV_RMSE_S\u00f6dermanland": 132.7966401293674, "_timestamp": 1748481544.6218708, "_runtime": 1.529310703277588, "_step": 0, "_wandb": {"runtime": 1}}