{"CV_RMSE": 5231.397125869118, "RMSE": 2021.4306143404485, "RMSE_skane": 1761.963040840388, "RMSE_kronoberg": 259.4675735000606, "CV_RMSE_'skane": 2793.8103184572747, "CV_RMSE_kronoberg": 2437.586807411843, "_timestamp": 1748512208.0294287, "_runtime": 1.2791657447814941, "_step": 0, "_wandb": {"runtime": 1}}