{"CV_RMSE": 1364.7794065702997, "RMSE": 1931.6785598776287, "RMSE_STHLM": 1727.6566103958125, "RMSE_S\u00f6dermanland": 204.02194948181616, "CV_RMSE_STHLM": 615.3110207187302, "CV_RMSE_S\u00f6dermanland": 749.4683858515696, "_timestamp": 1748364782.3907125, "_runtime": 1.3187084197998047, "_step": 0, "_wandb": {"runtime": 1}}