{"CV_RMSE": 273.9609106542641, "RMSE": 98.75181577013133, "RMSE_skane": 83.72063768405815, "RMSE_kronoberg": 15.031178086073185, "CV_RMSE_'skane": 132.74942550326344, "CV_RMSE_kronoberg": 141.2114851510007, "_timestamp": 1748573075.3809166, "_runtime": 1.3659605979919434, "_step": 0, "_wandb": {"runtime": 1}}