{"CV_RMSE": 279.6630107197796, "RMSE": 100.81147590245071, "RMSE_skane": 85.46831544926835, "RMSE_kronoberg": 15.343160453182362, "CV_RMSE_'skane": 135.52058475042548, "CV_RMSE_kronoberg": 144.14242596935412, "_timestamp": 1748567578.4769995, "_runtime": 1.247039556503296, "_step": 0, "_wandb": {"runtime": 1}}