{"CV_RMSE": 1357.2664228388664, "RMSE": 581.8266792920418, "RMSE_skane": 526.1587142855885, "RMSE_kronoberg": 55.667965006453265, "CV_RMSE_'skane": 834.2897160976562, "CV_RMSE_kronoberg": 522.9767067412103, "_timestamp": 1748527735.5105019, "_runtime": 1.3855807781219482, "_step": 0, "_wandb": {"runtime": 1}}