{"CV_RMSE": 1407.3101848627957, "RMSE": 87.45013583758896, "RMSE_Kalmar": 42.92417708153149, "RMSE_Blekinge": 44.52595875605748, "CV_RMSE_'Kalmar": 415.395262079337, "CV_RMSE_Blekinge": 991.9149227834587, "_timestamp": 1748577997.7503917, "_runtime": 1.2814927101135254, "_step": 0, "_wandb": {"runtime": 1}}