{"CV_RMSE": 525.1414686919387, "RMSE": 559.317038877074, "RMSE_STHLM": 461.06328811418814, "RMSE_S\u00f6dermanland": 98.25375076288579, "CV_RMSE_STHLM": 164.20932303235824, "CV_RMSE_S\u00f6dermanland": 360.9321456595805, "_timestamp": 1748285229.9250035, "_runtime": 1.3226895332336426, "_step": 0, "_wandb": {"runtime": 1}}