{"CV_RMSE": 1812.5726293257958, "RMSE": 2485.6892096511815, "RMSE_STHLM": 2206.1603204326816, "RMSE_S\u00f6dermanland": 279.5288892184997, "CV_RMSE_STHLM": 785.73181178845, "CV_RMSE_S\u00f6dermanland": 1026.8408175373459, "_timestamp": 1748329835.6613722, "_runtime": 1.4669971466064453, "_step": 0, "_wandb": {"runtime": 1}}