{"CV_RMSE": 271.1483005784282, "RMSE": 436.7372944315411, "RMSE_STHLM": 401.8890099391569, "RMSE_S\u00f6dermanland": 34.84828449238423, "CV_RMSE_STHLM": 143.13419427987384, "CV_RMSE_S\u00f6dermanland": 128.01410629855434, "_timestamp": 1748519798.0651376, "_runtime": 1.3587267398834229, "_step": 0, "_wandb": {"runtime": 1}}