{"CV_RMSE": 306.8234744969445, "RMSE": 22.241200766740008, "RMSE_Kalmar": 14.972356269459626, "RMSE_Blekinge": 7.268844497280384, "CV_RMSE_'Kalmar": 144.89377034960927, "CV_RMSE_Blekinge": 161.9297041473353, "_timestamp": 1748483130.7222311, "_runtime": 1.307096242904663, "_step": 0, "_wandb": {"runtime": 1}}