{"CV_RMSE": 4957.357764014527, "RMSE": 319.40554424511123, "RMSE_Kalmar": 171.28135746430988, "RMSE_Blekinge": 148.12418678080135, "CV_RMSE_'Kalmar": 1657.56152384816, "CV_RMSE_Blekinge": 3299.7962401663667, "_timestamp": 1748488686.9187615, "_runtime": 1.3821394443511963, "_step": 0, "_wandb": {"runtime": 1}}