{"CV_RMSE": 4710.781492903827, "RMSE": 1807.2084985075574, "RMSE_skane": 1570.9117753684297, "RMSE_kronoberg": 236.29672313912755, "CV_RMSE_'skane": 2490.874908089476, "CV_RMSE_kronoberg": 2219.9065848143505, "_timestamp": 1748557147.482601, "_runtime": 1.3716280460357666, "_step": 0, "_wandb": {"runtime": 1}}