{"CV_RMSE": 951.4370465142085, "RMSE": 868.8825540634888, "RMSE_STHLM": 675.358187581044, "RMSE_S\u00f6dermanland": 193.52436648244472, "CV_RMSE_STHLM": 240.53121045624837, "CV_RMSE_S\u00f6dermanland": 710.9058360579602, "_timestamp": 1748372458.3301468, "_runtime": 1.2620267868041992, "_step": 0, "_wandb": {"runtime": 1}}