{"CV_RMSE": 306.85171962759705, "RMSE": 22.24972274861765, "RMSE_Kalmar": 14.985181940736997, "RMSE_Blekinge": 7.2645408078806515, "CV_RMSE_'Kalmar": 145.0178897490677, "CV_RMSE_Blekinge": 161.83382987852937, "_timestamp": 1748501579.5060573, "_runtime": 1.27888822555542, "_step": 0, "_wandb": {"runtime": 1}}