{"CV_RMSE": 301.0371673037715, "RMSE": 21.913548784654928, "RMSE_Kalmar": 14.852285346047466, "RMSE_Blekinge": 7.06126343860746, "CV_RMSE_'Kalmar": 143.73179367142708, "CV_RMSE_Blekinge": 157.3053736323444, "_timestamp": 1748474668.8640413, "_runtime": 1.3159332275390625, "_step": 0, "_wandb": {"runtime": 1}}