{"CV_RMSE": 262.98031862093353, "RMSE": 414.9971610230351, "RMSE_STHLM": 380.2770393181856, "RMSE_S\u00f6dermanland": 34.720121704849554, "CV_RMSE_STHLM": 135.4370143990372, "CV_RMSE_S\u00f6dermanland": 127.54330422189632, "_timestamp": 1748485575.6634827, "_runtime": 1.2672595977783203, "_step": 0, "_wandb": {"runtime": 1}}