{"CV_RMSE": 274.4822545766476, "RMSE": 436.4236058601861, "RMSE_STHLM": 400.53662760035064, "RMSE_S\u00f6dermanland": 35.88697825983549, "CV_RMSE_STHLM": 142.65253852010906, "CV_RMSE_S\u00f6dermanland": 131.82971605653853, "_timestamp": 1748462916.6226754, "_runtime": 1.2607505321502686, "_step": 0, "_wandb": {"runtime": 1}}