{"CV_RMSE": 1294.665669882765, "RMSE": 1297.5636404764375, "RMSE_STHLM": 1046.5975515269713, "RMSE_S\u00f6dermanland": 250.96608894946618, "CV_RMSE_STHLM": 372.7494247622771, "CV_RMSE_S\u00f6dermanland": 921.916245120488, "_timestamp": 1748311894.5038006, "_runtime": 1.2959115505218506, "_step": 0, "_wandb": {"runtime": 1}}