{"CV_RMSE": 175.98166744319545, "RMSE": 237.20565706009688, "RMSE_STHLM": 209.62310634564435, "RMSE_S\u00f6dermanland": 27.582550714452523, "CV_RMSE_STHLM": 74.65801175745149, "CV_RMSE_S\u00f6dermanland": 101.32365568574396, "_timestamp": 1748325969.1675105, "_runtime": 1.3023834228515625, "_step": 0, "_wandb": {"runtime": 1}}