{"CV_RMSE": 228.0649767070285, "RMSE": 365.86092777875245, "RMSE_STHLM": 336.39062225788524, "RMSE_S\u00f6dermanland": 29.47030552086719, "CV_RMSE_STHLM": 119.8067115283327, "CV_RMSE_S\u00f6dermanland": 108.25826517869581, "_timestamp": 1748296483.2816517, "_runtime": 1.3377296924591064, "_step": 0, "_wandb": {"runtime": 1}}