{"CV_RMSE": 1652.792329863903, "RMSE": 2258.7763134181228, "RMSE_STHLM": 2003.0511472894862, "RMSE_S\u00f6dermanland": 255.72516612863677, "CV_RMSE_STHLM": 713.393760411768, "CV_RMSE_S\u00f6dermanland": 939.3985694521351, "_timestamp": 1748318319.2633085, "_runtime": 1.239957571029663, "_step": 0, "_wandb": {"runtime": 1}}