{"CV_RMSE": 801.5620795174332, "RMSE": 433.0206933313347, "RMSE_skane": 418.299861571694, "RMSE_kronoberg": 14.720831759640705, "CV_RMSE_'skane": 663.2661652828128, "CV_RMSE_kronoberg": 138.2959142346204, "_timestamp": 1748543183.9101357, "_runtime": 1.3298876285552979, "_step": 0, "_wandb": {"runtime": 1}}