{"CV_RMSE": 273.02742273937463, "RMSE": 434.23495782807373, "RMSE_STHLM": 398.5515589439576, "RMSE_S\u00f6dermanland": 35.683398884116095, "CV_RMSE_STHLM": 141.94554928751955, "CV_RMSE_S\u00f6dermanland": 131.08187345185505, "_timestamp": 1748447095.4656177, "_runtime": 1.2736897468566895, "_step": 0, "_wandb": {"runtime": 1}}