{"CV_RMSE": 258.00099618129155, "RMSE": 421.209798483083, "RMSE_STHLM": 388.6576871843876, "RMSE_S\u00f6dermanland": 32.55211129869536, "CV_RMSE_STHLM": 138.42181181873718, "CV_RMSE_S\u00f6dermanland": 119.57918436255439, "_timestamp": 1748517367.703004, "_runtime": 1.408653974533081, "_step": 0, "_wandb": {"runtime": 1}}