{"CV_RMSE": 853.3411498893563, "RMSE": 1706.9997073012014, "RMSE_STHLM": 1633.0281080442953, "RMSE_S\u00f6dermanland": 73.97159925690616, "CV_RMSE_STHLM": 581.6087444558234, "CV_RMSE_S\u00f6dermanland": 271.73240543353285, "_timestamp": 1748347449.2158942, "_runtime": 1.313993215560913, "_step": 0, "_wandb": {"runtime": 1}}