{"CV_RMSE": 306.82461631799504, "RMSE": 22.244008692667332, "RMSE_Kalmar": 14.97723023122697, "RMSE_Blekinge": 7.266778461440363, "CV_RMSE_'Kalmar": 144.9409377215513, "CV_RMSE_Blekinge": 161.88367859644373, "_timestamp": 1748467752.4480166, "_runtime": 1.3060755729675293, "_step": 0, "_wandb": {"runtime": 1}}