{"CV_RMSE": 4706.929500525881, "RMSE": 1844.1568879551262, "RMSE_skane": 1615.8558936650213, "RMSE_kronoberg": 228.30099429010494, "CV_RMSE_'skane": 2562.139366276461, "CV_RMSE_kronoberg": 2144.79013424942, "_timestamp": 1748565678.5365148, "_runtime": 1.2731378078460693, "_step": 0, "_wandb": {"runtime": 1}}