{"CV_RMSE": 557.6505091500547, "RMSE": 558.3051807495475, "RMSE_STHLM": 450.1429923099911, "RMSE_S\u00f6dermanland": 108.16218843955639, "CV_RMSE_STHLM": 160.32002100474554, "CV_RMSE_S\u00f6dermanland": 397.33048814530923, "_timestamp": 1748485339.2804024, "_runtime": 1.3196325302124023, "_step": 0, "_wandb": {"runtime": 1}}