{"CV_RMSE": 4976.422594629757, "RMSE": 1879.304659249928, "RMSE_skane": 1623.6296901037113, "RMSE_kronoberg": 255.67496914621663, "CV_RMSE_'skane": 2574.4656819826287, "CV_RMSE_kronoberg": 2401.9569126471292, "_timestamp": 1748526738.6371698, "_runtime": 1.5307857990264893, "_step": 0, "_wandb": {"runtime": 1}}