{"CV_RMSE": 275.1739790487741, "RMSE": 436.9878377761887, "RMSE_STHLM": 400.95291723420206, "RMSE_S\u00f6dermanland": 36.034920541986644, "CV_RMSE_STHLM": 142.80080154759867, "CV_RMSE_S\u00f6dermanland": 132.37317750117543, "_timestamp": 1748340726.8378594, "_runtime": 1.2435352802276611, "_step": 0, "_wandb": {"runtime": 1}}