{"CV_RMSE": 269.1461017780344, "RMSE": 435.1624316288468, "RMSE_STHLM": 400.7486266682143, "RMSE_S\u00f6dermanland": 34.41380496063251, "CV_RMSE_STHLM": 142.7280427389762, "CV_RMSE_S\u00f6dermanland": 126.4180590390582, "_timestamp": 1748472999.367851, "_runtime": 1.2561531066894531, "_step": 0, "_wandb": {"runtime": 1}}