{"CV_RMSE": 1533.5893329816927, "RMSE": 2288.462183217663, "RMSE_STHLM": 2071.8577190588035, "RMSE_S\u00f6dermanland": 216.60446415885966, "CV_RMSE_STHLM": 737.8994646430245, "CV_RMSE_S\u00f6dermanland": 795.6898683386681, "_timestamp": 1748293797.1739707, "_runtime": 1.2465896606445312, "_step": 0, "_wandb": {"runtime": 1}}