{"CV_RMSE": 926.9040617261978, "RMSE": 1962.6902318460661, "RMSE_STHLM": 1893.994637312247, "RMSE_S\u00f6dermanland": 68.69559453381896, "CV_RMSE_STHLM": 674.5528981325772, "CV_RMSE_S\u00f6dermanland": 252.3511635936207, "_timestamp": 1748354592.2521076, "_runtime": 1.3276987075805664, "_step": 0, "_wandb": {"runtime": 1}}