{"CV_RMSE": 2152.4435106919564, "RMSE": 129.6929881748278, "RMSE_Kalmar": 58.47364494848474, "RMSE_Blekinge": 71.21934322634306, "CV_RMSE_'Kalmar": 565.8739833724329, "CV_RMSE_Blekinge": 1586.5695273195236, "_timestamp": 1748553708.1627903, "_runtime": 1.30751633644104, "_step": 0, "_wandb": {"runtime": 1}}