{"CV_RMSE": 593.8693711687649, "RMSE": 585.6612412890324, "RMSE_STHLM": 469.51793034009955, "RMSE_S\u00f6dermanland": 116.14331094893284, "CV_RMSE_STHLM": 167.2204738053382, "CV_RMSE_S\u00f6dermanland": 426.6488973634267, "_timestamp": 1748359389.9296083, "_runtime": 1.403287410736084, "_step": 0, "_wandb": {"runtime": 1}}