{"CV_RMSE": 267.10200928148817, "RMSE": 436.64441883491054, "RMSE_STHLM": 403.00591161745473, "RMSE_S\u00f6dermanland": 33.63850721745583, "CV_RMSE_STHLM": 143.53198276838512, "CV_RMSE_S\u00f6dermanland": 123.57002651310306, "_timestamp": 1748344575.006947, "_runtime": 1.286086082458496, "_step": 0, "_wandb": {"runtime": 1}}