{"CV_RMSE": 1470.752987608178, "RMSE": 2141.7904760430397, "RMSE_STHLM": 1928.3809736788626, "RMSE_S\u00f6dermanland": 213.40950236417706, "CV_RMSE_STHLM": 686.7997136173234, "CV_RMSE_S\u00f6dermanland": 783.9532739908545, "_timestamp": 1748298871.687386, "_runtime": 1.2492799758911133, "_step": 0, "_wandb": {"runtime": 1}}