{"CV_RMSE": 4612.139975410307, "RMSE": 1760.153167212133, "RMSE_skane": 1526.9336151489265, "RMSE_kronoberg": 233.21955206320652, "CV_RMSE_'skane": 2421.1420959021034, "CV_RMSE_kronoberg": 2190.9978795082034, "_timestamp": 1748509554.5079334, "_runtime": 1.2652244567871094, "_step": 0, "_wandb": {"runtime": 1}}