{"CV_RMSE": 3724.2701831237227, "RMSE": 250.20594302009908, "RMSE_Kalmar": 146.7978347855902, "RMSE_Blekinge": 103.40810823450887, "CV_RMSE_'Kalmar": 1420.6242076024857, "CV_RMSE_Blekinge": 2303.6459755212372, "_timestamp": 1748531592.1769361, "_runtime": 1.367603063583374, "_step": 0, "_wandb": {"runtime": 1}}