{"CV_RMSE": 847.3290281478805, "RMSE": 790.9275482305945, "RMSE_STHLM": 620.4169888397439, "RMSE_S\u00f6dermanland": 170.51055939085057, "CV_RMSE_STHLM": 220.9637079365926, "CV_RMSE_S\u00f6dermanland": 626.3653202112879, "_timestamp": 1748290466.8530457, "_runtime": 1.286522626876831, "_step": 0, "_wandb": {"runtime": 1}}