{"CV_RMSE": 270.0391433633976, "RMSE": 432.4629176915978, "RMSE_STHLM": 397.49008153791556, "RMSE_S\u00f6dermanland": 34.97283615368225, "CV_RMSE_STHLM": 141.56750034987098, "CV_RMSE_S\u00f6dermanland": 128.47164301352663, "_timestamp": 1748454257.572604, "_runtime": 1.8071930408477783, "_step": 0, "_wandb": {"runtime": 1}}