{"CV_RMSE": 303.3249168784536, "RMSE": 21.909998681130098, "RMSE_Kalmar": 14.664438358995847, "RMSE_Blekinge": 7.245560322134253, "CV_RMSE_'Kalmar": 141.9139196031856, "CV_RMSE_Blekinge": 161.41099727526802, "_timestamp": 1748463970.2818198, "_runtime": 1.2873268127441406, "_step": 0, "_wandb": {"runtime": 1}}