{"CV_RMSE": 1169.7631980995598, "RMSE": 1537.057701351076, "RMSE_STHLM": 1349.4558320144822, "RMSE_S\u00f6dermanland": 187.60186933659392, "CV_RMSE_STHLM": 480.6134740059494, "CV_RMSE_S\u00f6dermanland": 689.1497240936103, "_timestamp": 1748291576.9856796, "_runtime": 1.288076639175415, "_step": 0, "_wandb": {"runtime": 1}}