{"CV_RMSE": 4300.704106678967, "RMSE": 262.6290834705027, "RMSE_Kalmar": 123.01328299254034, "RMSE_Blekinge": 139.61580047796235, "CV_RMSE_'Kalmar": 1190.4511257342613, "CV_RMSE_Blekinge": 3110.2529809447055, "_timestamp": 1748536137.851995, "_runtime": 1.4268388748168945, "_step": 0, "_wandb": {"runtime": 1}}