{"CV_RMSE": 4568.631407884791, "RMSE": 1907.449937428625, "RMSE_skane": 1709.7109394526465, "RMSE_kronoberg": 197.7389979759785, "CV_RMSE_'skane": 2710.958149237811, "CV_RMSE_kronoberg": 1857.6732586469795, "_timestamp": 1748528775.3366761, "_runtime": 1.4194390773773193, "_step": 0, "_wandb": {"runtime": 1}}