{"CV_RMSE": 822.2674274506398, "RMSE": 585.6158444579032, "RMSE_STHLM": 400.6174002845976, "RMSE_S\u00f6dermanland": 184.99844417330567, "CV_RMSE_STHLM": 142.6813059976802, "CV_RMSE_S\u00f6dermanland": 679.5861214529597, "_timestamp": 1748289142.4262786, "_runtime": 1.2624385356903076, "_step": 0, "_wandb": {"runtime": 1}}