{"CV_RMSE": 306.6443179362973, "RMSE": 22.23488006899475, "RMSE_Kalmar": 14.975399882226538, "RMSE_Blekinge": 7.259480186768212, "CV_RMSE_'Kalmar": 144.92322466670842, "CV_RMSE_Blekinge": 161.7210932695889, "_timestamp": 1748544168.523178, "_runtime": 1.3156921863555908, "_step": 0, "_wandb": {"runtime": 1}}