{"CV_RMSE": 442.56870471917375, "RMSE": 449.8717351391165, "RMSE_STHLM": 364.75916038790604, "RMSE_S\u00f6dermanland": 85.11257475121047, "CV_RMSE_STHLM": 129.91026685758425, "CV_RMSE_S\u00f6dermanland": 312.6584378615895, "_timestamp": 1748509798.5007818, "_runtime": 1.2983617782592773, "_step": 0, "_wandb": {"runtime": 1}}