{"CV_RMSE": 269.610267100623, "RMSE": 429.7823611274344, "RMSE_STHLM": 394.65101927944386, "RMSE_S\u00f6dermanland": 35.13134184799052, "CV_RMSE_STHLM": 140.55635827127008, "CV_RMSE_S\u00f6dermanland": 129.05390882935293, "_timestamp": 1748289413.3681839, "_runtime": 1.284043788909912, "_step": 0, "_wandb": {"runtime": 1}}