{"CV_RMSE": 280.5388253966582, "RMSE": 100.10246065688979, "RMSE_skane": 84.50317787454868, "RMSE_kronoberg": 15.5992827823411, "CV_RMSE_'skane": 133.99023975879814, "CV_RMSE_kronoberg": 146.54858563786004, "_timestamp": 1748538089.709632, "_runtime": 1.313053846359253, "_step": 0, "_wandb": {"runtime": 1}}