{"CV_RMSE": 270.06227534660087, "RMSE": 426.0161693169825, "RMSE_STHLM": 390.3442244991735, "RMSE_S\u00f6dermanland": 35.67194481780901, "CV_RMSE_STHLM": 139.0224780566902, "CV_RMSE_S\u00f6dermanland": 131.03979728991067, "_timestamp": 1748548203.916576, "_runtime": 1.3518218994140625, "_step": 0, "_wandb": {"runtime": 1}}