{"CV_RMSE": 3167.5004547986136, "RMSE": 1597.9632258031347, "RMSE_skane": 1516.8086197991322, "RMSE_kronoberg": 81.15460600400249, "CV_RMSE_'skane": 2405.0876635292793, "CV_RMSE_kronoberg": 762.4127912693344, "_timestamp": 1748573615.7917402, "_runtime": 1.332111120223999, "_step": 0, "_wandb": {"runtime": 1}}