{"CV_RMSE": 5025.482910154037, "RMSE": 1952.1448665350188, "RMSE_skane": 1704.9776808901613, "RMSE_kronoberg": 247.1671856448575, "CV_RMSE_'skane": 2703.4529823839766, "CV_RMSE_kronoberg": 2322.0299277700606, "_timestamp": 1748520787.3454564, "_runtime": 1.265669345855713, "_step": 0, "_wandb": {"runtime": 1}}