{"CV_RMSE": 4877.302373892086, "RMSE": 1939.8165055949403, "RMSE_skane": 1709.1217551014397, "RMSE_kronoberg": 230.69475049350052, "CV_RMSE_'skane": 2710.0239245794496, "CV_RMSE_kronoberg": 2167.2784493126355, "_timestamp": 1748534027.7547615, "_runtime": 1.357736349105835, "_step": 0, "_wandb": {"runtime": 1}}