{"CV_RMSE": 558.4250373493821, "RMSE": 513.9900532181414, "RMSE_STHLM": 400.83662529723256, "RMSE_S\u00f6dermanland": 113.15342792090883, "CV_RMSE_STHLM": 142.7593837623701, "CV_RMSE_S\u00f6dermanland": 415.66565358701206, "_timestamp": 1748380538.7193227, "_runtime": 1.3028616905212402, "_step": 0, "_wandb": {"runtime": 1}}