{"CV_RMSE": 1252.1542989437557, "RMSE": 1786.6845754672954, "RMSE_STHLM": 1601.0464608017853, "RMSE_S\u00f6dermanland": 185.63811466551016, "CV_RMSE_STHLM": 570.2183675194328, "CV_RMSE_S\u00f6dermanland": 681.935931424323, "_timestamp": 1748323965.4223099, "_runtime": 1.2708969116210938, "_step": 0, "_wandb": {"runtime": 1}}