{"CV_RMSE": 5009.2456962041015, "RMSE": 1941.8255900450204, "RMSE_skane": 1694.6423618815609, "RMSE_kronoberg": 247.1832281634596, "CV_RMSE_'skane": 2687.06505583757, "CV_RMSE_kronoberg": 2322.180640366531, "_timestamp": 1748541341.90498, "_runtime": 1.3282828330993652, "_step": 0, "_wandb": {"runtime": 1}}