{"CV_RMSE": 1698.6602573585415, "RMSE": 2283.0977183229597, "RMSE_STHLM": 2016.1569264521247, "RMSE_S\u00f6dermanland": 266.9407918708349, "CV_RMSE_STHLM": 718.0614300779233, "CV_RMSE_S\u00f6dermanland": 980.598827280618, "_timestamp": 1748298347.0939739, "_runtime": 1.4298908710479736, "_step": 0, "_wandb": {"runtime": 1}}