{"CV_RMSE": 326.32726894009244, "RMSE": 22.90349960470076, "RMSE_Kalmar": 14.595397170505667, "RMSE_Blekinge": 8.308102434195092, "CV_RMSE_'Kalmar": 141.24577906940968, "CV_RMSE_Blekinge": 185.08148987068276, "_timestamp": 1748461107.498874, "_runtime": 1.3698608875274658, "_step": 0, "_wandb": {"runtime": 1}}