{"CV_RMSE": 295.28847049911974, "RMSE": 21.57005264237485, "RMSE_Kalmar": 14.701215986638832, "RMSE_Blekinge": 6.868836655736019, "CV_RMSE_'Kalmar": 142.26983212876289, "CV_RMSE_Blekinge": 153.01863837035685, "_timestamp": 1748541352.3860338, "_runtime": 1.3144147396087646, "_step": 0, "_wandb": {"runtime": 1}}