{"CV_RMSE": 274.6725890659121, "RMSE": 434.89271617882554, "RMSE_STHLM": 398.7840025445324, "RMSE_S\u00f6dermanland": 36.10871363429309, "CV_RMSE_STHLM": 142.02833489912118, "CV_RMSE_S\u00f6dermanland": 132.64425416679094, "_timestamp": 1748544163.016459, "_runtime": 1.3244249820709229, "_step": 0, "_wandb": {"runtime": 1}}