{"CV_RMSE": 1713.7516511905865, "RMSE": 2457.6227931304616, "RMSE_STHLM": 2204.8700773637884, "RMSE_S\u00f6dermanland": 252.7527157666731, "CV_RMSE_STHLM": 785.2722871497466, "CV_RMSE_S\u00f6dermanland": 928.47936404084, "_timestamp": 1748301730.556587, "_runtime": 1.2886509895324707, "_step": 0, "_wandb": {"runtime": 1}}