{"CV_RMSE": 2980.6982746374133, "RMSE": 1166.4436735954287, "RMSE_skane": 1021.5896528235667, "RMSE_kronoberg": 144.85402077186208, "CV_RMSE_'skane": 1619.8567433777484, "CV_RMSE_kronoberg": 1360.8415312596649, "_timestamp": 1748503459.0204315, "_runtime": 1.3217074871063232, "_step": 0, "_wandb": {"runtime": 1}}