{"CV_RMSE": 2539.593061939543, "RMSE": 163.4577595114, "RMSE_Kalmar": 87.44519262325575, "RMSE_Blekinge": 76.01256688814425, "CV_RMSE_'Kalmar": 846.2437995798944, "CV_RMSE_Blekinge": 1693.349262359649, "_timestamp": 1748552549.4089708, "_runtime": 1.297095775604248, "_step": 0, "_wandb": {"runtime": 1}}