{"CV_RMSE": 953.238685376463, "RMSE": 747.6097516247609, "RMSE_STHLM": 540.522197596331, "RMSE_S\u00f6dermanland": 207.08755402842982, "CV_RMSE_STHLM": 192.50889506794536, "CV_RMSE_S\u00f6dermanland": 760.7297903085176, "_timestamp": 1748293399.1379218, "_runtime": 1.2776987552642822, "_step": 0, "_wandb": {"runtime": 1}}