{"CV_RMSE": 272.6584403650935, "RMSE": 430.85613811040884, "RMSE_STHLM": 394.9212117040939, "RMSE_S\u00f6dermanland": 35.93492640631498, "CV_RMSE_STHLM": 140.65258826026295, "CV_RMSE_S\u00f6dermanland": 132.00585210483055, "_timestamp": 1748344868.215881, "_runtime": 1.2663490772247314, "_step": 0, "_wandb": {"runtime": 1}}