{"CV_RMSE": 3056.6991076115464, "RMSE": 1315.870711022941, "RMSE_skane": 1191.6256389419837, "RMSE_kronoberg": 124.24507208095731, "CV_RMSE_'skane": 1889.4698291891916, "CV_RMSE_kronoberg": 1167.2292784223548, "_timestamp": 1748528591.4301407, "_runtime": 1.3188257217407227, "_step": 0, "_wandb": {"runtime": 1}}