{"CV_RMSE": 4662.789769564641, "RMSE": 1755.930274559266, "RMSE_skane": 1515.3671327842, "RMSE_kronoberg": 240.56314177506601, "CV_RMSE_'skane": 2402.802007585941, "CV_RMSE_kronoberg": 2259.9877619787, "_timestamp": 1748508169.3010337, "_runtime": 1.3489618301391602, "_step": 0, "_wandb": {"runtime": 1}}