{"CV_RMSE": 583.3447764916773, "RMSE": 479.5812265612412, "RMSE_STHLM": 355.2215806167037, "RMSE_S\u00f6dermanland": 124.35964594453749, "CV_RMSE_STHLM": 126.5134240423559, "CV_RMSE_S\u00f6dermanland": 456.83135244932146, "_timestamp": 1748558034.110276, "_runtime": 1.2656750679016113, "_step": 0, "_wandb": {"runtime": 1}}