{"CV_RMSE": 584.8224895945193, "RMSE": 1097.8117511283472, "RMSE_STHLM": 1039.3810935562806, "RMSE_S\u00f6dermanland": 58.43065757206655, "CV_RMSE_STHLM": 370.17925769713196, "CV_RMSE_S\u00f6dermanland": 214.64323189738732, "_timestamp": 1748327806.8342752, "_runtime": 1.294546127319336, "_step": 0, "_wandb": {"runtime": 1}}