{"CV_RMSE": 277.95853792966363, "RMSE": 100.05985151121254, "RMSE_skane": 84.78234386237435, "RMSE_kronoberg": 15.277507648838203, "CV_RMSE_'skane": 134.43289195936734, "CV_RMSE_kronoberg": 143.52564597029627, "_timestamp": 1748554787.753209, "_runtime": 1.3244690895080566, "_step": 0, "_wandb": {"runtime": 1}}