{"CV_RMSE": 833.248317716931, "RMSE": 505.21582775644254, "RMSE_STHLM": 308.27530667210027, "RMSE_S\u00f6dermanland": 196.94052108434224, "CV_RMSE_STHLM": 109.79334230506143, "CV_RMSE_S\u00f6dermanland": 723.4549754118696, "_timestamp": 1748392163.3201249, "_runtime": 1.3052198886871338, "_step": 0, "_wandb": {"runtime": 1}}