{"CV_RMSE": 447.511188690739, "RMSE": 476.4483655793214, "RMSE_STHLM": 392.69920549750884, "RMSE_S\u00f6dermanland": 83.7491600818125, "CV_RMSE_STHLM": 139.8612128799992, "CV_RMSE_S\u00f6dermanland": 307.6499758107398, "_timestamp": 1748565834.8200526, "_runtime": 1.3421745300292969, "_step": 0, "_wandb": {"runtime": 1}}