{"CV_RMSE": 271.04494515388467, "RMSE": 435.14897089321477, "RMSE_STHLM": 400.16131720882805, "RMSE_S\u00f6dermanland": 34.98765368438673, "CV_RMSE_STHLM": 142.51887039491305, "CV_RMSE_S\u00f6dermanland": 128.52607475897165, "_timestamp": 1748463189.751898, "_runtime": 1.2655360698699951, "_step": 0, "_wandb": {"runtime": 1}}