{"CV_RMSE": 306.9784019960374, "RMSE": 22.256687827872028, "RMSE_Kalmar": 14.987442315449451, "RMSE_Blekinge": 7.269245512422578, "CV_RMSE_'Kalmar": 145.03976434305918, "CV_RMSE_Blekinge": 161.9386376529782, "_timestamp": 1748524890.7646215, "_runtime": 1.27946138381958, "_step": 0, "_wandb": {"runtime": 1}}