{"CV_RMSE": 1434.447103967029, "RMSE": 2079.853143691914, "RMSE_STHLM": 1870.7382831463492, "RMSE_S\u00f6dermanland": 209.11486054556445, "CV_RMSE_STHLM": 666.2700652282209, "CV_RMSE_S\u00f6dermanland": 768.1770387388082, "_timestamp": 1748285613.4133656, "_runtime": 1.2544865608215332, "_step": 0, "_wandb": {"runtime": 1}}