{"CV_RMSE": 2238.1784955927315, "RMSE": 787.0239502232629, "RMSE_skane": 660.2137011950016, "RMSE_kronoberg": 126.81024902826127, "CV_RMSE_'skane": 1046.8504775819265, "CV_RMSE_kronoberg": 1191.3280180108052, "_timestamp": 1748543583.3571863, "_runtime": 1.4352912902832031, "_step": 0, "_wandb": {"runtime": 1}}