{"CV_RMSE": 274.8286963806629, "RMSE": 437.5991708708649, "RMSE_STHLM": 401.73396920434993, "RMSE_S\u00f6dermanland": 35.86520166651495, "CV_RMSE_STHLM": 143.07897597305697, "CV_RMSE_S\u00f6dermanland": 131.74972040760593, "_timestamp": 1748451549.7918882, "_runtime": 1.2601511478424072, "_step": 0, "_wandb": {"runtime": 1}}