{"CV_RMSE": 1310.9387225279797, "RMSE": 1534.3923942567997, "RMSE_STHLM": 1303.9472173825734, "RMSE_S\u00f6dermanland": 230.4451768742262, "CV_RMSE_STHLM": 464.4054197246997, "CV_RMSE_S\u00f6dermanland": 846.53330280328, "_timestamp": 1748324059.5674212, "_runtime": 1.2600281238555908, "_step": 0, "_wandb": {"runtime": 1}}