{"CV_RMSE": 3780.028586292334, "RMSE": 255.40755791352578, "RMSE_Kalmar": 151.56926896798794, "RMSE_Blekinge": 103.83828894553784, "CV_RMSE_'Kalmar": 1466.7993771095605, "CV_RMSE_Blekinge": 2313.2292091827735, "_timestamp": 1748486334.2195952, "_runtime": 1.315805196762085, "_step": 0, "_wandb": {"runtime": 1}}