{"CV_RMSE": 1634.0058986480801, "RMSE": 2013.6720169698756, "RMSE_STHLM": 1737.2951145452732, "RMSE_S\u00f6dermanland": 276.37690242460246, "CV_RMSE_STHLM": 618.7438081087241, "CV_RMSE_S\u00f6dermanland": 1015.262090539356, "_timestamp": 1748343719.2409813, "_runtime": 1.3089072704315186, "_step": 0, "_wandb": {"runtime": 1}}