{"CV_RMSE": 738.4362091355835, "RMSE": 594.5386634963278, "RMSE_STHLM": 435.76898859222985, "RMSE_S\u00f6dermanland": 158.76967490409797, "CV_RMSE_STHLM": 155.20066867155, "CV_RMSE_S\u00f6dermanland": 583.2355404640334, "_timestamp": 1748512472.7794847, "_runtime": 1.3471007347106934, "_step": 0, "_wandb": {"runtime": 1}}