{"CV_RMSE": 277.6115113304753, "RMSE": 453.407254167349, "RMSE_STHLM": 418.40036386962436, "RMSE_S\u00f6dermanland": 35.0068902977246, "CV_RMSE_STHLM": 149.01477146128292, "CV_RMSE_S\u00f6dermanland": 128.59673986919242, "_timestamp": 1748446827.460216, "_runtime": 1.2776269912719727, "_step": 0, "_wandb": {"runtime": 1}}