{"CV_RMSE": 4812.903865364777, "RMSE": 328.73176454570796, "RMSE_Kalmar": 199.23545182778236, "RMSE_Blekinge": 129.49631271792563, "CV_RMSE_'Kalmar": 1928.085017688216, "CV_RMSE_Blekinge": 2884.818847676561, "_timestamp": 1748568425.3588197, "_runtime": 1.3201336860656738, "_step": 0, "_wandb": {"runtime": 1}}