{"CV_RMSE": 2279.840922643904, "RMSE": 960.2017478919383, "RMSE_skane": 863.2204052945199, "RMSE_kronoberg": 96.98134259741842, "CV_RMSE_'skane": 1368.7427145261943, "CV_RMSE_kronoberg": 911.0982081177096, "_timestamp": 1748557593.0537043, "_runtime": 1.2951483726501465, "_step": 0, "_wandb": {"runtime": 1}}