{"CV_RMSE": 302.6639318451796, "RMSE": 21.853873765697244, "RMSE_Kalmar": 14.617666021549438, "RMSE_Blekinge": 7.236207744147806, "CV_RMSE_'Kalmar": 141.46128407951068, "CV_RMSE_Blekinge": 161.20264776566896, "_timestamp": 1748497142.5983934, "_runtime": 1.331890344619751, "_step": 0, "_wandb": {"runtime": 1}}