{"CV_RMSE": 3988.9894556472573, "RMSE": 1563.5188317504496, "RMSE_skane": 1370.1718012622298, "RMSE_kronoberg": 193.34703048821987, "CV_RMSE_'skane": 2172.5768518957134, "CV_RMSE_kronoberg": 1816.4126037515437, "_timestamp": 1748524587.8280303, "_runtime": 1.2746422290802002, "_step": 0, "_wandb": {"runtime": 1}}