{"CV_RMSE": 242.60771623897983, "RMSE": 395.6121350039104, "RMSE_STHLM": 364.95208997959753, "RMSE_S\u00f6dermanland": 30.660045024312865, "CV_RMSE_STHLM": 129.9789794149734, "CV_RMSE_S\u00f6dermanland": 112.62873682400645, "_timestamp": 1748433735.5526078, "_runtime": 1.3506736755371094, "_step": 0, "_wandb": {"runtime": 1}}