{"CV_RMSE": 3037.8203764361347, "RMSE": 186.40482903663707, "RMSE_Kalmar": 88.47455580947778, "RMSE_Blekinge": 97.9302732271593, "CV_RMSE_'Kalmar": 856.2053788013977, "CV_RMSE_Blekinge": 2181.614997634737, "_timestamp": 1748473687.8622305, "_runtime": 1.3518824577331543, "_step": 0, "_wandb": {"runtime": 1}}