{"CV_RMSE": 272.1857274400106, "RMSE": 436.19241649866217, "RMSE_STHLM": 400.9729020347089, "RMSE_S\u00f6dermanland": 35.219514463953246, "CV_RMSE_STHLM": 142.80791920508034, "CV_RMSE_S\u00f6dermanland": 129.37780823493028, "_timestamp": 1748511206.2639346, "_runtime": 1.3239965438842773, "_step": 0, "_wandb": {"runtime": 1}}