{"CV_RMSE": 325.6563975771361, "RMSE": 23.09001434708626, "RMSE_Kalmar": 14.978411150703511, "RMSE_Blekinge": 8.111603196382747, "CV_RMSE_'Kalmar": 144.9523659745501, "CV_RMSE_Blekinge": 180.70403160258596, "_timestamp": 1748489701.7752144, "_runtime": 1.3303184509277344, "_step": 0, "_wandb": {"runtime": 1}}