{"CV_RMSE": 4647.843877165337, "RMSE": 1911.237853330778, "RMSE_skane": 1704.1241922265604, "RMSE_kronoberg": 207.11366110421764, "CV_RMSE_'skane": 2702.099670549514, "CV_RMSE_kronoberg": 1945.7442066158235, "_timestamp": 1748531735.9883704, "_runtime": 1.2642543315887451, "_step": 0, "_wandb": {"runtime": 1}}