{"CV_RMSE": 681.2423320842089, "RMSE": 909.1940504254937, "RMSE_STHLM": 801.447406005641, "RMSE_S\u00f6dermanland": 107.74664441985274, "CV_RMSE_STHLM": 285.43833217454574, "CV_RMSE_S\u00f6dermanland": 395.80399990966316, "_timestamp": 1748301850.9508598, "_runtime": 1.2677838802337646, "_step": 0, "_wandb": {"runtime": 1}}