{"CV_RMSE": 1567.6242088355702, "RMSE": 2510.8074643559526, "RMSE_STHLM": 2307.8146626407192, "RMSE_S\u00f6dermanland": 202.99280171523347, "CV_RMSE_STHLM": 821.9363658000187, "CV_RMSE_S\u00f6dermanland": 745.6878430355515, "_timestamp": 1748367873.0461004, "_runtime": 1.269810438156128, "_step": 0, "_wandb": {"runtime": 1}}