{"CV_RMSE": 903.0912729176474, "RMSE": 1952.244917491716, "RMSE_STHLM": 1889.606223789561, "RMSE_S\u00f6dermanland": 62.63869370215501, "CV_RMSE_STHLM": 672.9899491138127, "CV_RMSE_S\u00f6dermanland": 230.10132380383473, "_timestamp": 1748293409.8977733, "_runtime": 1.3398332595825195, "_step": 0, "_wandb": {"runtime": 1}}