{"CV_RMSE": 645.7088799832712, "RMSE": 986.8487183211646, "RMSE_STHLM": 898.1507385563257, "RMSE_S\u00f6dermanland": 88.6979797648389, "CV_RMSE_STHLM": 319.879566561414, "CV_RMSE_S\u00f6dermanland": 325.82931342185725, "_timestamp": 1748399488.1678083, "_runtime": 1.3270952701568604, "_step": 0, "_wandb": {"runtime": 1}}