{"CV_RMSE": 306.9805166513364, "RMSE": 22.256782653598734, "RMSE_Kalmar": 14.987442140764951, "RMSE_Blekinge": 7.269340512833782, "CV_RMSE_'Kalmar": 145.03976265256404, "CV_RMSE_Blekinge": 161.94075399877238, "_timestamp": 1748489813.0098553, "_runtime": 1.2745063304901123, "_step": 0, "_wandb": {"runtime": 1}}