{"CV_RMSE": 4071.8624119792576, "RMSE": 1658.4917308358959, "RMSE_skane": 1473.81658781365, "RMSE_kronoberg": 184.67514302224606, "CV_RMSE_'skane": 2336.9184796199524, "CV_RMSE_kronoberg": 1734.9439323593053, "_timestamp": 1748563764.0583065, "_runtime": 1.386887550354004, "_step": 0, "_wandb": {"runtime": 1}}