{"CV_RMSE": 4771.45044419009, "RMSE": 1933.1235889002755, "RMSE_skane": 1714.62503670223, "RMSE_kronoberg": 218.49855219804556, "CV_RMSE_'skane": 2718.750058195925, "CV_RMSE_kronoberg": 2052.700385994165, "_timestamp": 1748503221.6005514, "_runtime": 1.2801003456115723, "_step": 0, "_wandb": {"runtime": 1}}