{"CV_RMSE": 274.6554304596588, "RMSE": 437.1523630017662, "RMSE_STHLM": 401.2914219232083, "RMSE_S\u00f6dermanland": 35.8609410785579, "CV_RMSE_STHLM": 142.92136119148694, "CV_RMSE_S\u00f6dermanland": 131.73406926817188, "_timestamp": 1748533013.932983, "_runtime": 1.3109948635101318, "_step": 0, "_wandb": {"runtime": 1}}