{"CV_RMSE": 728.6796148650114, "RMSE": 1320.5999717997086, "RMSE_STHLM": 1242.7227753953284, "RMSE_S\u00f6dermanland": 77.87719640438011, "CV_RMSE_STHLM": 442.60011786932944, "CV_RMSE_S\u00f6dermanland": 286.07949699568206, "_timestamp": 1748393000.3170269, "_runtime": 1.3202168941497803, "_step": 0, "_wandb": {"runtime": 1}}