{"CV_RMSE": 1650.2434544865837, "RMSE": 2306.5147105445385, "RMSE_STHLM": 2056.683187197869, "RMSE_S\u00f6dermanland": 249.8315233466698, "CV_RMSE_STHLM": 732.495001376368, "CV_RMSE_S\u00f6dermanland": 917.7484531102156, "_timestamp": 1748319664.3057787, "_runtime": 1.3311216831207275, "_step": 0, "_wandb": {"runtime": 1}}