{"CV_RMSE": 3908.9269509496007, "RMSE": 1541.913618146219, "RMSE_skane": 1354.4322643653688, "RMSE_kronoberg": 187.4813537808501, "CV_RMSE_'skane": 2147.619869501113, "CV_RMSE_kronoberg": 1761.3070814484877, "_timestamp": 1748547853.7665036, "_runtime": 1.3695144653320312, "_step": 0, "_wandb": {"runtime": 1}}