{"CV_RMSE": 1512.7335797236149, "RMSE": 1846.8353543771705, "RMSE_STHLM": 1589.1039031304963, "RMSE_S\u00f6dermanland": 257.7314512466743, "CV_RMSE_STHLM": 565.9649833072602, "CV_RMSE_S\u00f6dermanland": 946.7685964163546, "_timestamp": 1748342726.4413915, "_runtime": 1.3151795864105225, "_step": 0, "_wandb": {"runtime": 1}}