{"CV_RMSE": 1025.4715049078834, "RMSE": 1429.3079068977843, "RMSE_STHLM": 1273.6343275375336, "RMSE_S\u00f6dermanland": 155.67357936025064, "CV_RMSE_STHLM": 453.60937664573817, "CV_RMSE_S\u00f6dermanland": 571.8621282621452, "_timestamp": 1748342889.2547846, "_runtime": 1.3954014778137207, "_step": 0, "_wandb": {"runtime": 1}}