{"CV_RMSE": 254.83051061606534, "RMSE": 398.38774210909935, "RMSE_STHLM": 364.34114826110596, "RMSE_S\u00f6dermanland": 34.046593847993414, "CV_RMSE_STHLM": 129.76139035813034, "CV_RMSE_S\u00f6dermanland": 125.06912025793498, "_timestamp": 1748508033.0993562, "_runtime": 1.3127882480621338, "_step": 0, "_wandb": {"runtime": 1}}