{"CV_RMSE": 5037.733962079916, "RMSE": 1928.138455505324, "RMSE_skane": 1674.5278688464161, "RMSE_kronoberg": 253.61058665890783, "CV_RMSE_'skane": 2655.1710393970657, "CV_RMSE_kronoberg": 2382.5629226828505, "_timestamp": 1748506048.167729, "_runtime": 1.289745807647705, "_step": 0, "_wandb": {"runtime": 1}}