{"CV_RMSE": 4689.812358615043, "RMSE": 1865.6720483700383, "RMSE_skane": 1643.9317441295984, "RMSE_kronoberg": 221.74030424043994, "CV_RMSE_'skane": 2606.6570995712445, "CV_RMSE_kronoberg": 2083.155259043799, "_timestamp": 1748502835.4942498, "_runtime": 1.292585849761963, "_step": 0, "_wandb": {"runtime": 1}}