{"CV_RMSE": 266.6963693394005, "RMSE": 423.29800555812926, "RMSE_STHLM": 388.3488807757768, "RMSE_S\u00f6dermanland": 34.94912478235244, "CV_RMSE_STHLM": 138.31182932259563, "CV_RMSE_S\u00f6dermanland": 128.3845400168049, "_timestamp": 1748523670.4863598, "_runtime": 1.3383219242095947, "_step": 0, "_wandb": {"runtime": 1}}