{"CV_RMSE": 275.6058855702041, "RMSE": 437.20337347822937, "RMSE_STHLM": 401.06139568445815, "RMSE_S\u00f6dermanland": 36.14197779377124, "CV_RMSE_STHLM": 142.83943653186083, "CV_RMSE_S\u00f6dermanland": 132.76644903834332, "_timestamp": 1748565898.0546663, "_runtime": 1.259965181350708, "_step": 0, "_wandb": {"runtime": 1}}