{"CV_RMSE": 3884.0402673693193, "RMSE": 1447.7602020606416, "RMSE_skane": 1244.3477399061812, "RMSE_kronoberg": 203.4124621544604, "CV_RMSE_'skane": 1973.0672408660378, "CV_RMSE_kronoberg": 1910.9730265032815, "_timestamp": 1748550816.1143749, "_runtime": 1.346078872680664, "_step": 0, "_wandb": {"runtime": 1}}