{"CV_RMSE": 1161.93964200256, "RMSE": 1471.7181367627127, "RMSE_STHLM": 1279.4596830173448, "RMSE_S\u00f6dermanland": 192.25845374536794, "CV_RMSE_STHLM": 455.68409763182046, "CV_RMSE_S\u00f6dermanland": 706.2555443707395, "_timestamp": 1748311815.768558, "_runtime": 1.288567066192627, "_step": 0, "_wandb": {"runtime": 1}}