{"CV_RMSE": 2458.5173259574585, "RMSE": 197.79082655004555, "RMSE_Kalmar": 154.58282393644805, "RMSE_Blekinge": 43.20800261359751, "CV_RMSE_'Kalmar": 1495.962812288207, "CV_RMSE_Blekinge": 962.5545136692515, "_timestamp": 1748483515.6303308, "_runtime": 1.3083627223968506, "_step": 0, "_wandb": {"runtime": 1}}