{"CV_RMSE": 3278.410284410285, "RMSE": 1640.0524615121706, "RMSE_skane": 1553.2412499198363, "RMSE_kronoberg": 86.8112115923344, "CV_RMSE_'skane": 2462.8561045240535, "CV_RMSE_kronoberg": 815.5541798862314, "_timestamp": 1748547302.1257706, "_runtime": 1.3080296516418457, "_step": 0, "_wandb": {"runtime": 1}}