{"CV_RMSE": 3920.2819906948944, "RMSE": 1734.4698522566305, "RMSE_skane": 1584.6333478832657, "RMSE_kronoberg": 149.83650437336482, "CV_RMSE_'skane": 2512.632158377271, "CV_RMSE_kronoberg": 1407.6498323176236, "_timestamp": 1748570434.736366, "_runtime": 1.3060219287872314, "_step": 0, "_wandb": {"runtime": 1}}