{"CV_RMSE": 271.41254221181873, "RMSE": 438.98159286447384, "RMSE_STHLM": 404.2946054047145, "RMSE_S\u00f6dermanland": 34.686987459759315, "CV_RMSE_STHLM": 143.9909556249478, "CV_RMSE_S\u00f6dermanland": 127.42158658687096, "_timestamp": 1748455532.4066222, "_runtime": 1.3166332244873047, "_step": 0, "_wandb": {"runtime": 1}}