{"CV_RMSE": 3056.9827093221356, "RMSE": 213.98665497242007, "RMSE_Kalmar": 135.7200588450873, "RMSE_Blekinge": 78.26659612733278, "CV_RMSE_'Kalmar": 1313.4199243072962, "CV_RMSE_Blekinge": 1743.5627850148392, "_timestamp": 1748517919.0001216, "_runtime": 1.3766067028045654, "_step": 0, "_wandb": {"runtime": 1}}