{"CV_RMSE": 3077.528585808708, "RMSE": 1353.5065204918078, "RMSE_skane": 1234.2360942579576, "RMSE_kronoberg": 119.27042623385029, "CV_RMSE_'skane": 1957.0339760961272, "CV_RMSE_kronoberg": 1120.494609712581, "_timestamp": 1748526516.23585, "_runtime": 1.3309791088104248, "_step": 0, "_wandb": {"runtime": 1}}