{"CV_RMSE": 3326.3917646519853, "RMSE": 1356.1931760196028, "RMSE_skane": 1205.5993060425708, "RMSE_kronoberg": 150.59386997703209, "CV_RMSE_'skane": 1911.6268066214125, "CV_RMSE_kronoberg": 1414.7649580305729, "_timestamp": 1748551308.1405447, "_runtime": 1.3326027393341064, "_step": 0, "_wandb": {"runtime": 1}}