{"CV_RMSE": 4748.932060688479, "RMSE": 1789.1322420699703, "RMSE_skane": 1544.2796026858416, "RMSE_kronoberg": 244.8526393841288, "CV_RMSE_'skane": 2448.6463044701504, "CV_RMSE_kronoberg": 2300.285756218329, "_timestamp": 1748531562.5069742, "_runtime": 1.6780331134796143, "_step": 0, "_wandb": {"runtime": 1}}