{"CV_RMSE": 274.1427819335261, "RMSE": 434.0327723341736, "RMSE_STHLM": 397.9914430240705, "RMSE_S\u00f6dermanland": 36.041329310103094, "CV_RMSE_STHLM": 141.7460620188617, "CV_RMSE_S\u00f6dermanland": 132.39671991466443, "_timestamp": 1748454393.7648656, "_runtime": 1.287740707397461, "_step": 0, "_wandb": {"runtime": 1}}