{"CV_RMSE": 466.4113487938941, "RMSE": 1061.3969021320415, "RMSE_STHLM": 1034.7515397362793, "RMSE_S\u00f6dermanland": 26.645362395762294, "CV_RMSE_STHLM": 368.53042570742036, "CV_RMSE_S\u00f6dermanland": 97.88092308647374, "_timestamp": 1748340929.4470546, "_runtime": 1.320723533630371, "_step": 0, "_wandb": {"runtime": 1}}