{"CV_RMSE": 1563.5272015399585, "RMSE": 1857.3714367136092, "RMSE_STHLM": 1585.459497096285, "RMSE_S\u00f6dermanland": 271.9119396173242, "CV_RMSE_STHLM": 564.6670151906042, "CV_RMSE_S\u00f6dermanland": 998.8601863493543, "_timestamp": 1748289854.1869655, "_runtime": 1.2558045387268066, "_step": 0, "_wandb": {"runtime": 1}}