{"CV_RMSE": 3799.1541985937874, "RMSE": 1562.0059141463385, "RMSE_skane": 1392.6616469960056, "RMSE_kronoberg": 169.34426715033294, "CV_RMSE_'skane": 2208.237283820305, "CV_RMSE_kronoberg": 1590.9169147734826, "_timestamp": 1748551749.6418648, "_runtime": 1.3333497047424316, "_step": 0, "_wandb": {"runtime": 1}}