{"CV_RMSE": 1038.6331885706477, "RMSE": 1060.352786029043, "RMSE_STHLM": 861.0998903125601, "RMSE_S\u00f6dermanland": 199.2528957164829, "CV_RMSE_STHLM": 306.68377573458804, "CV_RMSE_S\u00f6dermanland": 731.9494128360597, "_timestamp": 1748331400.978766, "_runtime": 1.289599895477295, "_step": 0, "_wandb": {"runtime": 1}}