{"CV_RMSE": 645.4436739004508, "RMSE": 1367.5934018012854, "RMSE_STHLM": 1319.852864714084, "RMSE_S\u00f6dermanland": 47.74053708720134, "CV_RMSE_STHLM": 470.0702723556295, "CV_RMSE_S\u00f6dermanland": 175.37340154482123, "_timestamp": 1748363551.6176214, "_runtime": 1.4292933940887451, "_step": 0, "_wandb": {"runtime": 1}}