{"CV_RMSE": 305.74394547865535, "RMSE": 22.135489470112102, "RMSE_Kalmar": 14.871130475200232, "RMSE_Blekinge": 7.264358994911869, "CV_RMSE_'Kalmar": 143.9141658890345, "CV_RMSE_Blekinge": 161.82977958962084, "_timestamp": 1748497612.1758192, "_runtime": 1.2495660781860352, "_step": 0, "_wandb": {"runtime": 1}}