{"CV_RMSE": 1353.0343743364183, "RMSE": 1639.6789106431042, "RMSE_STHLM": 1407.8478283222908, "RMSE_S\u00f6dermanland": 231.8310823208136, "CV_RMSE_STHLM": 501.4099903007763, "CV_RMSE_S\u00f6dermanland": 851.6243840356419, "_timestamp": 1748324617.3252401, "_runtime": 1.2627451419830322, "_step": 0, "_wandb": {"runtime": 1}}