{"CV_RMSE": 306.44991177550236, "RMSE": 22.216836765911204, "RMSE_Kalmar": 14.958927519726453, "RMSE_Blekinge": 7.2579092461847505, "CV_RMSE_'Kalmar": 144.76381470703018, "CV_RMSE_Blekinge": 161.68609706847218, "_timestamp": 1748499102.2076128, "_runtime": 1.3063278198242188, "_step": 0, "_wandb": {"runtime": 1}}