{"CV_RMSE": 4105.741540554734, "RMSE": 1566.7299120752184, "RMSE_skane": 1359.083834524933, "RMSE_kronoberg": 207.64607755028524, "CV_RMSE_'skane": 2154.995509289006, "CV_RMSE_kronoberg": 1950.7460312657277, "_timestamp": 1748574518.7999947, "_runtime": 1.2906816005706787, "_step": 0, "_wandb": {"runtime": 1}}