{"CV_RMSE": 1337.6873826801434, "RMSE": 2296.409282123156, "RMSE_STHLM": 2139.712389913661, "RMSE_S\u00f6dermanland": 156.69689220949516, "CV_RMSE_STHLM": 762.0661459922021, "CV_RMSE_S\u00f6dermanland": 575.6212366879414, "_timestamp": 1748373300.662633, "_runtime": 1.3327479362487793, "_step": 0, "_wandb": {"runtime": 1}}