{"CV_RMSE": 1370.678513857276, "RMSE": 289.4638604174614, "RMSE_skane": 172.71347070762477, "RMSE_kronoberg": 116.7503897098366, "CV_RMSE_'skane": 273.8585687753035, "CV_RMSE_kronoberg": 1096.8199450819723, "_timestamp": 1748539195.7113957, "_runtime": 1.3335278034210205, "_step": 0, "_wandb": {"runtime": 1}}