{"CV_RMSE": 1097.2958561055054, "RMSE": 1130.7567866384857, "RMSE_STHLM": 921.3788274900907, "RMSE_S\u00f6dermanland": 209.3779591483951, "CV_RMSE_STHLM": 328.1523327032377, "CV_RMSE_S\u00f6dermanland": 769.1435234022678, "_timestamp": 1748290765.7385662, "_runtime": 1.4314501285552979, "_step": 0, "_wandb": {"runtime": 1}}