{"CV_RMSE": 1934.1563523256077, "RMSE": 998.90112123431, "RMSE_skane": 954.0455188751578, "RMSE_kronoberg": 44.855602359152236, "CV_RMSE_'skane": 1512.7571652354509, "CV_RMSE_kronoberg": 421.3991870901567, "_timestamp": 1748515430.528198, "_runtime": 1.4004099369049072, "_step": 0, "_wandb": {"runtime": 1}}