{"CV_RMSE": 2270.758287810362, "RMSE": 1141.005716809807, "RMSE_skane": 1081.9001131752684, "RMSE_kronoberg": 59.10560363453851, "CV_RMSE_'skane": 1715.4864373815037, "CV_RMSE_kronoberg": 555.2718504288587, "_timestamp": 1748548667.7071846, "_runtime": 1.3444545269012451, "_step": 0, "_wandb": {"runtime": 1}}