{"CV_RMSE": 751.0444936914599, "RMSE": 916.2704433074834, "RMSE_STHLM": 788.2417750036135, "RMSE_S\u00f6dermanland": 128.02866830386995, "CV_RMSE_STHLM": 280.7350999221417, "CV_RMSE_S\u00f6dermanland": 470.3093937693182, "_timestamp": 1748403745.9722, "_runtime": 1.2780039310455322, "_step": 0, "_wandb": {"runtime": 1}}