{"CV_RMSE": 3800.780626234584, "RMSE": 258.19835930372693, "RMSE_Kalmar": 154.85656326221726, "RMSE_Blekinge": 103.34179604150968, "CV_RMSE_'Kalmar": 1498.6119025375863, "CV_RMSE_Blekinge": 2302.168723696998, "_timestamp": 1748519526.6813803, "_runtime": 1.279428243637085, "_step": 0, "_wandb": {"runtime": 1}}