{"CV_RMSE": 361.0312365477418, "RMSE": 634.5790081003079, "RMSE_STHLM": 593.8763190706374, "RMSE_S\u00f6dermanland": 40.7026890296705, "CV_RMSE_STHLM": 211.5111543979318, "CV_RMSE_S\u00f6dermanland": 149.52008214981, "_timestamp": 1748286689.0998495, "_runtime": 1.3704664707183838, "_step": 0, "_wandb": {"runtime": 1}}