{"CV_RMSE": 2450.7142430685585, "RMSE": 158.52239581270123, "RMSE_Kalmar": 85.7731511505261, "RMSE_Blekinge": 72.74924466217514, "CV_RMSE_'Kalmar": 830.0627530696074, "CV_RMSE_Blekinge": 1620.651489998951, "_timestamp": 1748506193.9553585, "_runtime": 1.3768484592437744, "_step": 0, "_wandb": {"runtime": 1}}