{"CV_RMSE": 275.4092613134612, "RMSE": 436.9245108375345, "RMSE_STHLM": 400.8118658972253, "RMSE_S\u00f6dermanland": 36.112644940309245, "CV_RMSE_STHLM": 142.75056561436597, "CV_RMSE_S\u00f6dermanland": 132.6586956990952, "_timestamp": 1748565735.5071657, "_runtime": 1.3039445877075195, "_step": 0, "_wandb": {"runtime": 1}}