{"CV_RMSE": 275.054516331798, "RMSE": 435.9722849710024, "RMSE_STHLM": 399.8643445470784, "RMSE_S\u00f6dermanland": 36.107940423924, "CV_RMSE_STHLM": 142.41310252962825, "CV_RMSE_S\u00f6dermanland": 132.6414138021698, "_timestamp": 1748513601.8418152, "_runtime": 1.3272392749786377, "_step": 0, "_wandb": {"runtime": 1}}