{"CV_RMSE": 259.23837460001664, "RMSE": 405.88859174828673, "RMSE_STHLM": 371.31855970524845, "RMSE_S\u00f6dermanland": 34.57003204303829, "CV_RMSE_STHLM": 132.24642015620248, "CV_RMSE_S\u00f6dermanland": 126.99195444381414, "_timestamp": 1748514688.948818, "_runtime": 1.2756030559539795, "_step": 0, "_wandb": {"runtime": 1}}