{"CV_RMSE": 275.10664026947234, "RMSE": 436.8124692816178, "RMSE_STHLM": 400.7790200101027, "RMSE_S\u00f6dermanland": 36.03344927151505, "CV_RMSE_STHLM": 142.73886743533538, "CV_RMSE_S\u00f6dermanland": 132.36777283413693, "_timestamp": 1748501817.447821, "_runtime": 6.904815912246704, "_step": 0, "_wandb": {"runtime": 1}}