{"CV_RMSE": 256.53143844853145, "RMSE": 421.7877765780238, "RMSE_STHLM": 389.7407141670742, "RMSE_S\u00f6dermanland": 32.0470624109496, "CV_RMSE_STHLM": 138.80753571443086, "CV_RMSE_S\u00f6dermanland": 117.72390273410058, "_timestamp": 1748548099.2374012, "_runtime": 1.3804361820220947, "_step": 0, "_wandb": {"runtime": 1}}