{"CV_RMSE": 274.63174803258585, "RMSE": 437.590867176432, "RMSE_STHLM": 401.78414379986606, "RMSE_S\u00f6dermanland": 35.80672337656595, "CV_RMSE_STHLM": 143.09684583295586, "CV_RMSE_S\u00f6dermanland": 131.53490219963, "_timestamp": 1748564020.7044077, "_runtime": 1.3373997211456299, "_step": 0, "_wandb": {"runtime": 1}}