{"CV_RMSE": 3816.7533989314206, "RMSE": 1745.30897198858, "RMSE_skane": 1610.9310609252493, "RMSE_kronoberg": 134.37791106333069, "CV_RMSE_'skane": 2554.3304348709025, "CV_RMSE_kronoberg": 1262.4229640605179, "_timestamp": 1748521489.864962, "_runtime": 1.3368310928344727, "_step": 0, "_wandb": {"runtime": 1}}