{"CV_RMSE": 303.50822953730517, "RMSE": 21.90912370562367, "RMSE_Kalmar": 14.64834250407981, "RMSE_Blekinge": 7.260781201543861, "CV_RMSE_'Kalmar": 141.75815326528848, "CV_RMSE_Blekinge": 161.7500762720167, "_timestamp": 1748474291.543082, "_runtime": 1.2986009120941162, "_step": 0, "_wandb": {"runtime": 1}}