{"CV_RMSE": 4392.114041112947, "RMSE": 1890.9571312559283, "RMSE_skane": 1712.4737328955243, "RMSE_kronoberg": 178.48339836040407, "CV_RMSE_'skane": 2715.338899940049, "CV_RMSE_kronoberg": 1676.7751411728984, "_timestamp": 1748538948.718977, "_runtime": 1.274393081665039, "_step": 0, "_wandb": {"runtime": 1}}