{"CV_RMSE": 4164.302113583601, "RMSE": 1462.3357877398082, "RMSE_skane": 1225.9930972083573, "RMSE_kronoberg": 236.34269053145093, "CV_RMSE_'skane": 1943.9636847912643, "CV_RMSE_kronoberg": 2220.338428792337, "_timestamp": 1748540551.4941359, "_runtime": 1.2674918174743652, "_step": 0, "_wandb": {"runtime": 1}}