{"CV_RMSE": 1458.1324849264188, "RMSE": 565.2984508216739, "RMSE_skane": 493.3576655993268, "RMSE_kronoberg": 71.94078522234707, "CV_RMSE_'skane": 782.2795966162687, "CV_RMSE_kronoberg": 675.85288831015, "_timestamp": 1748527320.8601682, "_runtime": 1.2933101654052734, "_step": 0, "_wandb": {"runtime": 1}}