{"CV_RMSE": 1251.049737719406, "RMSE": 91.4631474270271, "RMSE_Kalmar": 62.4212371162403, "RMSE_Blekinge": 29.0419103107868, "CV_RMSE_'Kalmar": 604.0764882216803, "CV_RMSE_Blekinge": 646.9732494977258, "_timestamp": 1748577771.6275733, "_runtime": 1.3384432792663574, "_step": 0, "_wandb": {"runtime": 1}}