{"CV_RMSE": 749.5523117116131, "RMSE": 299.862787323056, "RMSE_skane": 264.7642358115358, "RMSE_kronoberg": 35.09855151152023, "CV_RMSE_'skane": 419.8164415616318, "CV_RMSE_kronoberg": 329.7358701499813, "_timestamp": 1748524275.7761288, "_runtime": 1.4964656829833984, "_step": 0, "_wandb": {"runtime": 1}}