{"CV_RMSE": 306.82204649508486, "RMSE": 22.249356413552356, "RMSE_Kalmar": 14.986889284389513, "RMSE_Blekinge": 7.262467129162845, "CV_RMSE_'Kalmar": 145.03441242957592, "CV_RMSE_Blekinge": 161.78763406550894, "_timestamp": 1748475437.8717122, "_runtime": 1.2662971019744873, "_step": 0, "_wandb": {"runtime": 1}}