{"CV_RMSE": 491.35174843302093, "RMSE": 891.6867861435077, "RMSE_STHLM": 839.302765602819, "RMSE_S\u00f6dermanland": 52.38402054068864, "CV_RMSE_STHLM": 298.92065256926674, "CV_RMSE_S\u00f6dermanland": 192.43109586375417, "_timestamp": 1748306951.4846847, "_runtime": 1.318288803100586, "_step": 0, "_wandb": {"runtime": 1}}