{"CV_RMSE": 637.0054547890941, "RMSE": 761.9778990807503, "RMSE_STHLM": 651.7609814673291, "RMSE_S\u00f6dermanland": 110.2169176134212, "CV_RMSE_STHLM": 232.12698192346505, "CV_RMSE_S\u00f6dermanland": 404.87847286562896, "_timestamp": 1748385335.5814843, "_runtime": 1.3510913848876953, "_step": 0, "_wandb": {"runtime": 1}}