{"CV_RMSE": 4475.91048887404, "RMSE": 1586.1278656989343, "RMSE_skane": 1335.0174087367286, "RMSE_kronoberg": 251.11045696220572, "CV_RMSE_'skane": 2116.8352146988295, "CV_RMSE_kronoberg": 2359.0752741752103, "_timestamp": 1748516518.7888715, "_runtime": 1.4656474590301514, "_step": 0, "_wandb": {"runtime": 1}}