{"CV_RMSE": 1847.920832735766, "RMSE": 2504.2368703787643, "RMSE_STHLM": 2216.043630316107, "RMSE_S\u00f6dermanland": 288.1932400626576, "CV_RMSE_STHLM": 789.251787607636, "CV_RMSE_S\u00f6dermanland": 1058.66904512813, "_timestamp": 1748373799.285771, "_runtime": 1.3170719146728516, "_step": 0, "_wandb": {"runtime": 1}}