{"CV_RMSE": 331.24987721148375, "RMSE": 439.87692650451567, "RMSE_STHLM": 387.2481868825749, "RMSE_S\u00f6dermanland": 52.6287396219408, "CV_RMSE_STHLM": 137.91981329415015, "CV_RMSE_S\u00f6dermanland": 193.33006391733358, "_timestamp": 1748365249.6418548, "_runtime": 1.3582947254180908, "_step": 0, "_wandb": {"runtime": 1}}