{"CV_RMSE": 2124.084335251074, "RMSE": 178.89343579768968, "RMSE_Kalmar": 147.71379197003145, "RMSE_Blekinge": 31.17964382765821, "CV_RMSE_'Kalmar": 1429.4883093874012, "CV_RMSE_Blekinge": 694.596025863673, "_timestamp": 1748489227.1201653, "_runtime": 1.3333642482757568, "_step": 0, "_wandb": {"runtime": 1}}