{"CV_RMSE": 2583.380304230765, "RMSE": 1071.246406859324, "RMSE_skane": 957.9422080607145, "RMSE_kronoberg": 113.30419879860938, "CV_RMSE_'skane": 1518.935847876397, "CV_RMSE_kronoberg": 1064.444456354368, "_timestamp": 1748531472.942368, "_runtime": 1.3316071033477783, "_step": 0, "_wandb": {"runtime": 1}}