{"CV_RMSE": 302.83881563971687, "RMSE": 22.020988572834952, "RMSE_Kalmar": 14.899255289918491, "RMSE_Blekinge": 7.121733282916462, "CV_RMSE_'Kalmar": 144.18634151534025, "CV_RMSE_Blekinge": 158.65247412437662, "_timestamp": 1748536378.8952339, "_runtime": 1.4109838008880615, "_step": 0, "_wandb": {"runtime": 1}}