{"CV_RMSE": 270.2394084291964, "RMSE": 429.6898240233116, "RMSE_STHLM": 394.3588934787105, "RMSE_S\u00f6dermanland": 35.330930544601074, "CV_RMSE_STHLM": 140.4523166327026, "CV_RMSE_S\u00f6dermanland": 129.78709179649374, "_timestamp": 1748439011.7424078, "_runtime": 1.2538557052612305, "_step": 0, "_wandb": {"runtime": 1}}