{"CV_RMSE": 438.6631757530006, "RMSE": 945.6823115062701, "RMSE_STHLM": 914.9782495872973, "RMSE_S\u00f6dermanland": 30.70406191897282, "CV_RMSE_STHLM": 325.87274421391675, "CV_RMSE_S\u00f6dermanland": 112.79043153908383, "_timestamp": 1748327529.7940152, "_runtime": 1.320885181427002, "_step": 0, "_wandb": {"runtime": 1}}