{"CV_RMSE": 264.12378234937427, "RMSE": 434.0499441485565, "RMSE_STHLM": 401.03067117919426, "RMSE_S\u00f6dermanland": 33.01927296936223, "CV_RMSE_STHLM": 142.8284938904926, "CV_RMSE_S\u00f6dermanland": 121.29528845888166, "_timestamp": 1748458472.5246906, "_runtime": 1.2792785167694092, "_step": 0, "_wandb": {"runtime": 1}}