{"CV_RMSE": 3647.888731570047, "RMSE": 1358.90986619397, "RMSE_skane": 1167.697297695766, "RMSE_kronoberg": 191.21256849820384, "CV_RMSE_'skane": 1851.5284847184453, "CV_RMSE_kronoberg": 1796.360246851602, "_timestamp": 1748524655.8187695, "_runtime": 1.323763370513916, "_step": 0, "_wandb": {"runtime": 1}}