{"CV_RMSE": 275.54677561043127, "RMSE": 437.08892317958674, "RMSE_STHLM": 400.95247638780893, "RMSE_S\u00f6dermanland": 36.13644679177781, "CV_RMSE_STHLM": 142.8006445385944, "CV_RMSE_S\u00f6dermanland": 132.74613107183686, "_timestamp": 1748506250.8222475, "_runtime": 1.2612385749816895, "_step": 0, "_wandb": {"runtime": 1}}