{"CV_RMSE": 273.63814038665885, "RMSE": 435.14553963655146, "RMSE_STHLM": 399.3758026633181, "RMSE_S\u00f6dermanland": 35.76973697323336, "CV_RMSE_STHLM": 142.23910660743422, "CV_RMSE_S\u00f6dermanland": 131.3990337792246, "_timestamp": 1748471405.97222, "_runtime": 1.258681058883667, "_step": 0, "_wandb": {"runtime": 1}}