{"CV_RMSE": 273.108352797282, "RMSE": 433.57893430935985, "RMSE_STHLM": 397.8007072050287, "RMSE_S\u00f6dermanland": 35.77822710433119, "CV_RMSE_STHLM": 141.67813078137152, "CV_RMSE_S\u00f6dermanland": 131.4302220159105, "_timestamp": 1748488131.0216486, "_runtime": 1.257368564605713, "_step": 0, "_wandb": {"runtime": 1}}