{"CV_RMSE": 274.3693038996761, "RMSE": 435.9694363793548, "RMSE_STHLM": 400.06774640847146, "RMSE_S\u00f6dermanland": 35.90168997088335, "CV_RMSE_STHLM": 142.48554482296174, "CV_RMSE_S\u00f6dermanland": 131.88375907671437, "_timestamp": 1748429400.4800515, "_runtime": 1.2485535144805908, "_step": 0, "_wandb": {"runtime": 1}}