{"CV_RMSE": 1231.4703181643451, "RMSE": 1206.9592433435935, "RMSE_STHLM": 965.3158346022086, "RMSE_S\u00f6dermanland": 241.6434087413848, "CV_RMSE_STHLM": 343.80065340007434, "CV_RMSE_S\u00f6dermanland": 887.6696647642708, "_timestamp": 1748357274.36798, "_runtime": 1.3803019523620605, "_step": 0, "_wandb": {"runtime": 1}}