{"CV_RMSE": 1650.6565723022854, "RMSE": 1910.9380805408023, "RMSE_STHLM": 1618.5121398446863, "RMSE_S\u00f6dermanland": 292.42594069611584, "CV_RMSE_STHLM": 576.4388309696152, "CV_RMSE_S\u00f6dermanland": 1074.2177413326704, "_timestamp": 1748312234.6387804, "_runtime": 1.2569923400878906, "_step": 0, "_wandb": {"runtime": 1}}