{"CV_RMSE": 262.42299605972323, "RMSE": 428.9216127420242, "RMSE_STHLM": 395.8644515793505, "RMSE_S\u00f6dermanland": 33.05716116267368, "CV_RMSE_STHLM": 140.9885264825546, "CV_RMSE_S\u00f6dermanland": 121.43446957716861, "_timestamp": 1748488929.183076, "_runtime": 1.349470853805542, "_step": 0, "_wandb": {"runtime": 1}}