{"CV_RMSE": 1822.7507449733391, "RMSE": 817.0148641940355, "RMSE_skane": 749.4932713865365, "RMSE_kronoberg": 67.52159280749885, "CV_RMSE_'skane": 1188.414278097045, "CV_RMSE_kronoberg": 634.336466876294, "_timestamp": 1748527599.3519802, "_runtime": 1.3659932613372803, "_step": 0, "_wandb": {"runtime": 1}}