{"CV_RMSE": 267.68613807417853, "RMSE": 423.29093119484247, "RMSE_STHLM": 388.04268256044173, "RMSE_S\u00f6dermanland": 35.24824863440076, "CV_RMSE_STHLM": 138.2027757437268, "CV_RMSE_S\u00f6dermanland": 129.48336233045177, "_timestamp": 1748539503.1739504, "_runtime": 1.3471853733062744, "_step": 0, "_wandb": {"runtime": 1}}