{"CV_RMSE": 1379.0935424615993, "RMSE": 1534.16923710114, "RMSE_STHLM": 1283.1549310536614, "RMSE_S\u00f6dermanland": 251.01430604747864, "CV_RMSE_STHLM": 457.00017330759607, "CV_RMSE_S\u00f6dermanland": 922.0933691540032, "_timestamp": 1748308326.8850842, "_runtime": 1.2629010677337646, "_step": 0, "_wandb": {"runtime": 1}}