{"CV_RMSE": 1395.0832061668782, "RMSE": 1813.1379126934185, "RMSE_STHLM": 1587.2541706362035, "RMSE_S\u00f6dermanland": 225.8837420572149, "CV_RMSE_STHLM": 565.3061945281295, "CV_RMSE_S\u00f6dermanland": 829.7770116387487, "_timestamp": 1748330975.891943, "_runtime": 1.3113319873809814, "_step": 0, "_wandb": {"runtime": 1}}