{"CV_RMSE": 1041.6113634088463, "RMSE": 1751.4885522704942, "RMSE_STHLM": 1625.5395828084122, "RMSE_S\u00f6dermanland": 125.94896946208196, "CV_RMSE_STHLM": 578.941679670586, "CV_RMSE_S\u00f6dermanland": 462.6696837382603, "_timestamp": 1748307646.555091, "_runtime": 1.338852882385254, "_step": 0, "_wandb": {"runtime": 1}}