{"CV_RMSE": 4834.760849827244, "RMSE": 1805.1615082599942, "RMSE_skane": 1552.57256400655, "RMSE_kronoberg": 252.58894425344423, "CV_RMSE_'skane": 2461.7958203063686, "CV_RMSE_kronoberg": 2372.965029520875, "_timestamp": 1748578797.1893964, "_runtime": 1.2933883666992188, "_step": 0, "_wandb": {"runtime": 1}}