{"CV_RMSE": 2796.3923867900457, "RMSE": 1032.3427729644507, "RMSE_skane": 883.8611605804567, "RMSE_kronoberg": 148.48161238399402, "CV_RMSE_'skane": 1401.4711848527327, "CV_RMSE_kronoberg": 1394.9212019373133, "_timestamp": 1748508341.9025836, "_runtime": 1.3436505794525146, "_step": 0, "_wandb": {"runtime": 1}}