{"CV_RMSE": 306.78470309017314, "RMSE": 22.24219744439835, "RMSE_Kalmar": 14.9771955987694, "RMSE_Blekinge": 7.26500184562895, "CV_RMSE_'Kalmar": 144.94060256873613, "CV_RMSE_Blekinge": 161.844100521437, "_timestamp": 1748549989.6720593, "_runtime": 1.3311073780059814, "_step": 0, "_wandb": {"runtime": 1}}