{"CV_RMSE": 1354.0409304339717, "RMSE": 2175.9353161050167, "RMSE_STHLM": 2001.3743493874824, "RMSE_S\u00f6dermanland": 174.5609667175344, "CV_RMSE_STHLM": 712.7965629001718, "CV_RMSE_S\u00f6dermanland": 641.2443675337998, "_timestamp": 1748303779.6066961, "_runtime": 1.2713470458984375, "_step": 0, "_wandb": {"runtime": 1}}