{"CV_RMSE": 241.9222639856667, "RMSE": 384.3163433853945, "RMSE_STHLM": 352.65018857430937, "RMSE_S\u00f6dermanland": 31.666154811085086, "CV_RMSE_STHLM": 125.59761365923167, "CV_RMSE_S\u00f6dermanland": 116.324650326435, "_timestamp": 1748324869.3072264, "_runtime": 1.2913024425506592, "_step": 0, "_wandb": {"runtime": 1}}