{"CV_RMSE": 4332.981091107885, "RMSE": 1778.6722618703525, "RMSE_skane": 1584.9616405380839, "RMSE_kronoberg": 193.71062133226854, "CV_RMSE_'skane": 2513.1527069842764, "CV_RMSE_kronoberg": 1819.8283841236084, "_timestamp": 1748514340.3755808, "_runtime": 1.416496753692627, "_step": 0, "_wandb": {"runtime": 1}}