{"CV_RMSE": 2165.0092941702464, "RMSE": 147.28896314681555, "RMSE_Kalmar": 88.58709960566142, "RMSE_Blekinge": 58.70186354115413, "CV_RMSE_'Kalmar": 857.2945123128525, "CV_RMSE_Blekinge": 1307.714781857394, "_timestamp": 1748494353.509016, "_runtime": 1.3060059547424316, "_step": 0, "_wandb": {"runtime": 1}}