{"CV_RMSE": 269.67300498450277, "RMSE": 427.311201850954, "RMSE_STHLM": 391.8956392485365, "RMSE_S\u00f6dermanland": 35.4155626024175, "CV_RMSE_STHLM": 139.57501991439764, "CV_RMSE_S\u00f6dermanland": 130.09798507010512, "_timestamp": 1748432232.7451599, "_runtime": 1.2710399627685547, "_step": 0, "_wandb": {"runtime": 1}}