{"CV_RMSE": 3493.999956390837, "RMSE": 166.22091432018476, "RMSE_Kalmar": 16.582887461930962, "RMSE_Blekinge": 149.6380268582538, "CV_RMSE_'Kalmar": 160.47955608320285, "CV_RMSE_Blekinge": 3333.520400307634, "_timestamp": 1748506670.9049428, "_runtime": 1.6130366325378418, "_step": 0, "_wandb": {"runtime": 1}}