{"CV_RMSE": 669.0814604383279, "RMSE": 1619.4312177418908, "RMSE_STHLM": 1591.6029068707307, "RMSE_S\u00f6dermanland": 27.828310871160017, "CV_RMSE_STHLM": 566.8550123401891, "CV_RMSE_S\u00f6dermanland": 102.22644809813883, "_timestamp": 1748312694.3327768, "_runtime": 1.2892627716064453, "_step": 0, "_wandb": {"runtime": 1}}