{"CV_RMSE": 1127.7161519318784, "RMSE": 1920.0213328141933, "RMSE_STHLM": 1786.2102112260275, "RMSE_S\u00f6dermanland": 133.81112158816595, "CV_RMSE_STHLM": 636.165093036575, "CV_RMSE_S\u00f6dermanland": 491.5510588953035, "_timestamp": 1748395207.2074978, "_runtime": 1.433884859085083, "_step": 0, "_wandb": {"runtime": 1}}