{"CV_RMSE": 272.79136107555973, "RMSE": 433.91020654754595, "RMSE_STHLM": 398.26310217099456, "RMSE_S\u00f6dermanland": 35.647104376551404, "CV_RMSE_STHLM": 141.8428143861872, "CV_RMSE_S\u00f6dermanland": 130.9485466893725, "_timestamp": 1748486629.7576313, "_runtime": 1.258479356765747, "_step": 0, "_wandb": {"runtime": 1}}