{"CV_RMSE": 1731.4457684383142, "RMSE": 716.5357643264898, "RMSE_skane": 640.3040276677519, "RMSE_kronoberg": 76.2317366587379, "CV_RMSE_'skane": 1015.2812278029893, "CV_RMSE_kronoberg": 716.1645406353248, "_timestamp": 1748502060.4456277, "_runtime": 1.3408195972442627, "_step": 0, "_wandb": {"runtime": 1}}