{"CV_RMSE": 452.29199132474616, "RMSE": 30.775268763240135, "RMSE_Kalmar": 18.51581169577235, "RMSE_Blekinge": 12.259457067467784, "CV_RMSE_'Kalmar": 179.1852744752163, "CV_RMSE_Blekinge": 273.10671684952985, "_timestamp": 1748507260.916584, "_runtime": 1.301609992980957, "_step": 0, "_wandb": {"runtime": 1}}