{"CV_RMSE": 306.9248837899752, "RMSE": 22.252215117355632, "RMSE_Kalmar": 14.98378183242441, "RMSE_Blekinge": 7.26843328493122, "CV_RMSE_'Kalmar": 145.0043403137846, "CV_RMSE_Blekinge": 161.92054347619055, "_timestamp": 1748493807.896794, "_runtime": 1.28786301612854, "_step": 0, "_wandb": {"runtime": 1}}