{"CV_RMSE": 408.1764694331993, "RMSE": 634.2002872134708, "RMSE_STHLM": 579.2450766074893, "RMSE_S\u00f6dermanland": 54.95521060598153, "CV_RMSE_STHLM": 206.30018557449165, "CV_RMSE_S\u00f6dermanland": 201.87628385870767, "_timestamp": 1748299153.3059685, "_runtime": 1.286752462387085, "_step": 0, "_wandb": {"runtime": 1}}