{"CV_RMSE": 3766.4326171975817, "RMSE": 1655.8528535915584, "RMSE_skane": 1509.754675760366, "RMSE_kronoberg": 146.0981778311925, "CV_RMSE_'skane": 2393.9027628335607, "CV_RMSE_kronoberg": 1372.5298543640213, "_timestamp": 1748558868.0350926, "_runtime": 1.334890604019165, "_step": 0, "_wandb": {"runtime": 1}}