{"CV_RMSE": 275.0829779773069, "RMSE": 437.2001465708705, "RMSE_STHLM": 401.2154520575083, "RMSE_S\u00f6dermanland": 35.98469451336226, "CV_RMSE_STHLM": 142.89430425475166, "CV_RMSE_S\u00f6dermanland": 132.18867372255522, "_timestamp": 1748426353.6550128, "_runtime": 1.2951338291168213, "_step": 0, "_wandb": {"runtime": 1}}