{"CV_RMSE": 1780.7865981916566, "RMSE": 2444.5675050991736, "RMSE_STHLM": 2170.2055614507854, "RMSE_S\u00f6dermanland": 274.3619436483882, "CV_RMSE_STHLM": 772.9263970343121, "CV_RMSE_S\u00f6dermanland": 1007.8602011573444, "_timestamp": 1748326136.350796, "_runtime": 1.2686619758605957, "_step": 0, "_wandb": {"runtime": 1}}