{"CV_RMSE": 252.37118726952127, "RMSE": 393.22300621737423, "RMSE_STHLM": 359.3632756031768, "RMSE_S\u00f6dermanland": 33.85973061419742, "CV_RMSE_STHLM": 127.98850338063282, "CV_RMSE_S\u00f6dermanland": 124.38268388888847, "_timestamp": 1748440069.7139099, "_runtime": 1.2459349632263184, "_step": 0, "_wandb": {"runtime": 1}}