{"CV_RMSE": 4604.725391674623, "RMSE": 1916.3267663657787, "RMSE_skane": 1715.768096308614, "RMSE_kronoberg": 200.55867005716453, "CV_RMSE_'skane": 2720.5625205739125, "CV_RMSE_kronoberg": 1884.1628711007106, "_timestamp": 1748524606.5790615, "_runtime": 1.2551496028900146, "_step": 0, "_wandb": {"runtime": 1}}