{"CV_RMSE": 5181.402913727335, "RMSE": 1993.1217328030634, "RMSE_skane": 1734.3081499600733, "RMSE_kronoberg": 258.81358284299023, "CV_RMSE_'skane": 2749.960068647051, "CV_RMSE_kronoberg": 2431.442845080284, "_timestamp": 1748548278.5378397, "_runtime": 1.3073616027832031, "_step": 0, "_wandb": {"runtime": 1}}