{"CV_RMSE": 274.8775406384981, "RMSE": 436.45145072997866, "RMSE_STHLM": 400.44830354600583, "RMSE_S\u00f6dermanland": 36.00314718397284, "CV_RMSE_STHLM": 142.62108159533253, "CV_RMSE_S\u00f6dermanland": 132.25645904316553, "_timestamp": 1748315217.7718349, "_runtime": 1.2616088390350342, "_step": 0, "_wandb": {"runtime": 1}}