{"CV_RMSE": 4190.603126426431, "RMSE": 1477.6264317335256, "RMSE_skane": 1241.02047839466, "RMSE_kronoberg": 236.6059533388657, "CV_RMSE_'skane": 1967.791456228319, "CV_RMSE_kronoberg": 2222.811670198112, "_timestamp": 1748555285.0233362, "_runtime": 1.2458512783050537, "_step": 0, "_wandb": {"runtime": 1}}