{"CV_RMSE": 4317.3758297244085, "RMSE": 1713.9383921640579, "RMSE_skane": 1509.0818019545159, "RMSE_kronoberg": 204.85659020954205, "CV_RMSE_'skane": 2392.835838194264, "CV_RMSE_kronoberg": 1924.5399915301446, "_timestamp": 1748556572.4118454, "_runtime": 1.2777905464172363, "_step": 0, "_wandb": {"runtime": 1}}