{"CV_RMSE": 227.38692305193916, "RMSE": 319.28470096169673, "RMSE_STHLM": 285.0182785723467, "RMSE_S\u00f6dermanland": 34.266422389350076, "CV_RMSE_STHLM": 101.51026937677563, "CV_RMSE_S\u00f6dermanland": 125.87665367516355, "_timestamp": 1748559770.0957456, "_runtime": 1.3737616539001465, "_step": 0, "_wandb": {"runtime": 5}}