{"CV_RMSE": 1556.0538046459028, "RMSE": 2176.5774644790463, "RMSE_STHLM": 1941.1889552056416, "RMSE_S\u00f6dermanland": 235.38850927340465, "CV_RMSE_STHLM": 691.361321600743, "CV_RMSE_S\u00f6dermanland": 864.6924830451599, "_timestamp": 1748343682.1357043, "_runtime": 1.2636103630065918, "_step": 0, "_wandb": {"runtime": 1}}