{"CV_RMSE": 273.435772845874, "RMSE": 435.46022750595216, "RMSE_STHLM": 399.78527943875434, "RMSE_S\u00f6dermanland": 35.67494806719779, "CV_RMSE_STHLM": 142.38494321126987, "CV_RMSE_S\u00f6dermanland": 131.05082963460413, "_timestamp": 1748474144.59867, "_runtime": 1.3178160190582275, "_step": 0, "_wandb": {"runtime": 1}}