{"CV_RMSE": 274.33817031747753, "RMSE": 435.2550204523412, "RMSE_STHLM": 399.2860145577245, "RMSE_S\u00f6dermanland": 35.969005894616735, "CV_RMSE_STHLM": 142.20712825562012, "CV_RMSE_S\u00f6dermanland": 132.13104206185739, "_timestamp": 1748478443.2716205, "_runtime": 1.2671194076538086, "_step": 0, "_wandb": {"runtime": 1}}