{"CV_RMSE": 1457.5915949305477, "RMSE": 2098.1171971338326, "RMSE_STHLM": 1883.986328340661, "RMSE_S\u00f6dermanland": 214.1308687931717, "CV_RMSE_STHLM": 670.9884034454273, "CV_RMSE_S\u00f6dermanland": 786.6031914851205, "_timestamp": 1748287939.50603, "_runtime": 1.2797911167144775, "_step": 0, "_wandb": {"runtime": 1}}