{"CV_RMSE": 4126.290662223872, "RMSE": 1606.3923529612803, "RMSE_skane": 1404.1683350628848, "RMSE_kronoberg": 202.22401789839535, "CV_RMSE_'skane": 2226.4825608819524, "CV_RMSE_kronoberg": 1899.808101341919, "_timestamp": 1748536613.6275446, "_runtime": 1.2952146530151367, "_step": 0, "_wandb": {"runtime": 1}}