{"CV_RMSE": 4599.620235680677, "RMSE": 1686.9005962995734, "RMSE_skane": 1440.410208442096, "RMSE_kronoberg": 246.49038785747746, "CV_RMSE_'skane": 2283.948533470554, "CV_RMSE_kronoberg": 2315.6717022101225, "_timestamp": 1748514648.2981954, "_runtime": 1.2386524677276611, "_step": 0, "_wandb": {"runtime": 1}}