{"CV_RMSE": 410.34172310165513, "RMSE": 523.6655319461223, "RMSE_STHLM": 456.19038046887954, "RMSE_S\u00f6dermanland": 67.47515147724278, "CV_RMSE_STHLM": 162.4738197158653, "CV_RMSE_S\u00f6dermanland": 247.86790338578982, "_timestamp": 1748312108.107175, "_runtime": 1.4645411968231201, "_step": 0, "_wandb": {"runtime": 1}}