{"CV_RMSE": 4583.104522686728, "RMSE": 1897.9953041428644, "RMSE_skane": 1696.483121365846, "RMSE_kronoberg": 201.51218277701844, "CV_RMSE_'skane": 2689.9838076625465, "CV_RMSE_kronoberg": 1893.1207150241814, "_timestamp": 1748532265.5408578, "_runtime": 1.3530638217926025, "_step": 0, "_wandb": {"runtime": 1}}