{"CV_RMSE": 840.1675255292844, "RMSE": 1112.881787457878, "RMSE_STHLM": 979.0956917165204, "RMSE_S\u00f6dermanland": 133.78609574135783, "CV_RMSE_STHLM": 348.7083983161331, "CV_RMSE_S\u00f6dermanland": 491.4591272131512, "_timestamp": 1748298803.971092, "_runtime": 1.3131060600280762, "_step": 0, "_wandb": {"runtime": 1}}