{"CV_RMSE": 275.29762784806553, "RMSE": 436.81609217283733, "RMSE_STHLM": 400.7254589363759, "RMSE_S\u00f6dermanland": 36.09063323646143, "CV_RMSE_STHLM": 142.71979146922766, "CV_RMSE_S\u00f6dermanland": 132.5778363788379, "_timestamp": 1748434964.576535, "_runtime": 1.2606780529022217, "_step": 0, "_wandb": {"runtime": 1}}