{"CV_RMSE": 3259.4380239729635, "RMSE": 1371.487523949656, "RMSE_skane": 1232.5731806976744, "RMSE_kronoberg": 138.91434325198162, "CV_RMSE_'skane": 1954.397220979399, "CV_RMSE_kronoberg": 1305.0408029935645, "_timestamp": 1748504931.7877908, "_runtime": 1.329047679901123, "_step": 0, "_wandb": {"runtime": 1}}