{"CV_RMSE": 1495.9857745614063, "RMSE": 1892.1867698651251, "RMSE_STHLM": 1644.3729369396578, "RMSE_S\u00f6dermanland": 247.81383292546738, "CV_RMSE_STHLM": 585.6492454474445, "CV_RMSE_S\u00f6dermanland": 910.3365291139619, "_timestamp": 1748352928.4590394, "_runtime": 1.2897653579711914, "_step": 0, "_wandb": {"runtime": 1}}