{"CV_RMSE": 1512.5061460807058, "RMSE": 2065.4736642936027, "RMSE_STHLM": 1831.2842107664742, "RMSE_S\u00f6dermanland": 234.1894535271286, "CV_RMSE_STHLM": 652.2183576137027, "CV_RMSE_S\u00f6dermanland": 860.2877884670031, "_timestamp": 1748306538.9685063, "_runtime": 1.2490084171295166, "_step": 0, "_wandb": {"runtime": 1}}