{"CV_RMSE": 522.649695310487, "RMSE": 748.1340515354559, "RMSE_STHLM": 670.9032073692352, "RMSE_S\u00f6dermanland": 77.2308441662207, "CV_RMSE_STHLM": 238.9445534753905, "CV_RMSE_S\u00f6dermanland": 283.70514183509647, "_timestamp": 1748378562.6105196, "_runtime": 1.300527572631836, "_step": 0, "_wandb": {"runtime": 1}}