{"CV_RMSE": 274.327670197349, "RMSE": 436.2465869324051, "RMSE_STHLM": 400.3872028075456, "RMSE_S\u00f6dermanland": 35.859384124859474, "CV_RMSE_STHLM": 142.5993203509264, "CV_RMSE_S\u00f6dermanland": 131.72834984642256, "_timestamp": 1748465135.3834016, "_runtime": 1.2701115608215332, "_step": 0, "_wandb": {"runtime": 1}}