{"CV_RMSE": 275.3531090556436, "RMSE": 436.9637338967066, "RMSE_STHLM": 400.87222703685603, "RMSE_S\u00f6dermanland": 36.09150685985051, "CV_RMSE_STHLM": 142.77206344802946, "CV_RMSE_S\u00f6dermanland": 132.58104560761413, "_timestamp": 1748557205.3865626, "_runtime": 1.298635482788086, "_step": 0, "_wandb": {"runtime": 1}}