{"CV_RMSE": 3842.6224354205456, "RMSE": 1689.9240736401575, "RMSE_skane": 1540.9873977205868, "RMSE_kronoberg": 148.93667591957058, "CV_RMSE_'skane": 2443.4261063222834, "CV_RMSE_kronoberg": 1399.1963290982621, "_timestamp": 1748507917.6766853, "_runtime": 1.3824212551116943, "_step": 0, "_wandb": {"runtime": 1}}