{"CV_RMSE": 305.26247628641966, "RMSE": 22.11490270338842, "RMSE_Kalmar": 14.872944241028197, "RMSE_Blekinge": 7.241958462360223, "CV_RMSE_'Kalmar": 143.93171846156318, "CV_RMSE_Blekinge": 161.33075782485648, "_timestamp": 1748466812.9290195, "_runtime": 1.324460506439209, "_step": 0, "_wandb": {"runtime": 1}}