{"CV_RMSE": 250.3033311355466, "RMSE": 374.72385192840693, "RMSE_STHLM": 339.50136799337423, "RMSE_S\u00f6dermanland": 35.22248393503273, "CV_RMSE_STHLM": 120.91461463950803, "CV_RMSE_S\u00f6dermanland": 129.3887164960386, "_timestamp": 1748508595.4280965, "_runtime": 1.3207464218139648, "_step": 0, "_wandb": {"runtime": 1}}