{"CV_RMSE": 3979.685542922817, "RMSE": 1329.1936139325142, "RMSE_skane": 1089.4577888099266, "RMSE_kronoberg": 239.73582512258764, "CV_RMSE_'skane": 1727.4700668233506, "CV_RMSE_kronoberg": 2252.2154760994663, "_timestamp": 1748555023.5809042, "_runtime": 1.2547252178192139, "_step": 0, "_wandb": {"runtime": 1}}