{"CV_RMSE": 2838.1755198407445, "RMSE": 195.2617024789132, "RMSE_Kalmar": 119.97911775114896, "RMSE_Blekinge": 75.28258472776426, "CV_RMSE_'Kalmar": 1161.0882363014416, "CV_RMSE_Blekinge": 1677.087283539303, "_timestamp": 1748569244.357617, "_runtime": 1.4331629276275635, "_step": 0, "_wandb": {"runtime": 1}}