{"CV_RMSE": 277.19841340372886, "RMSE": 373.6409970170329, "RMSE_STHLM": 330.1947725199086, "RMSE_S\u00f6dermanland": 43.44622449712427, "CV_RMSE_STHLM": 117.60003770000702, "CV_RMSE_S\u00f6dermanland": 159.5983757037218, "_timestamp": 1748326089.7709146, "_runtime": 1.3315086364746094, "_step": 0, "_wandb": {"runtime": 1}}