{"CV_RMSE": 4363.079043104819, "RMSE": 1750.7673013588276, "RMSE_skane": 1547.536227996685, "RMSE_kronoberg": 203.23107336214255, "CV_RMSE_'skane": 2453.810086675505, "CV_RMSE_kronoberg": 1909.2689564293144, "_timestamp": 1748545210.3450143, "_runtime": 1.30307936668396, "_step": 0, "_wandb": {"runtime": 1}}