{"CV_RMSE": 591.5775688672395, "RMSE": 36.866435094616705, "RMSE_Kalmar": 18.230785290904645, "RMSE_Blekinge": 18.635649803712056, "CV_RMSE_'Kalmar": 176.42695442810947, "CV_RMSE_Blekinge": 415.15061443913, "_timestamp": 1748485891.19497, "_runtime": 1.358874797821045, "_step": 0, "_wandb": {"runtime": 1}}