{"CV_RMSE": 985.4694156605228, "RMSE": 1327.4288859697288, "RMSE_STHLM": 1172.875946092263, "RMSE_S\u00f6dermanland": 154.5529398774659, "CV_RMSE_STHLM": 417.7239222330972, "CV_RMSE_S\u00f6dermanland": 567.7454934274257, "_timestamp": 1748286851.2467113, "_runtime": 1.2678241729736328, "_step": 0, "_wandb": {"runtime": 1}}