{"CV_RMSE": 306.64057574854803, "RMSE": 22.235168466382497, "RMSE_Kalmar": 14.976206789897974, "RMSE_Blekinge": 7.258961676484521, "CV_RMSE_'Kalmar": 144.93103345062553, "CV_RMSE_Blekinge": 161.7095422979225, "_timestamp": 1748549167.9299374, "_runtime": 1.3424403667449951, "_step": 0, "_wandb": {"runtime": 1}}