{"CV_RMSE": 774.3071418055321, "RMSE": 1018.1626473021663, "RMSE_STHLM": 894.0608348721321, "RMSE_S\u00f6dermanland": 124.10181243003422, "CV_RMSE_STHLM": 318.4229328788757, "CV_RMSE_S\u00f6dermanland": 455.88420892665636, "_timestamp": 1748290456.5717518, "_runtime": 1.2785308361053467, "_step": 0, "_wandb": {"runtime": 1}}