{"CV_RMSE": 239.48761518434847, "RMSE": 377.74097464055194, "RMSE_STHLM": 346.1027966453157, "RMSE_S\u00f6dermanland": 31.63817799523624, "CV_RMSE_STHLM": 123.26573683450104, "CV_RMSE_S\u00f6dermanland": 116.22187834984743, "_timestamp": 1748397435.2055123, "_runtime": 1.3300232887268066, "_step": 0, "_wandb": {"runtime": 1}}