{"CV_RMSE": 2281.659004984642, "RMSE": 1035.1400758601246, "RMSE_skane": 953.1423007974678, "RMSE_kronoberg": 81.99777506265683, "CV_RMSE_'skane": 1511.3250012644837, "CV_RMSE_kronoberg": 770.3340037201581, "_timestamp": 1748540677.3838089, "_runtime": 1.370487928390503, "_step": 0, "_wandb": {"runtime": 1}}