{"CV_RMSE": 1151.4325885100302, "RMSE": 1796.718503262204, "RMSE_STHLM": 1642.5200627781883, "RMSE_S\u00f6dermanland": 154.19844048401566, "CV_RMSE_STHLM": 584.9893377524216, "CV_RMSE_S\u00f6dermanland": 566.4432507576086, "_timestamp": 1748345882.01761, "_runtime": 1.3275120258331299, "_step": 0, "_wandb": {"runtime": 1}}