{"CV_RMSE": 3822.9644535720113, "RMSE": 247.69029229582196, "RMSE_Kalmar": 134.5170135234376, "RMSE_Blekinge": 113.17327877238435, "CV_RMSE_'Kalmar": 1301.7775502268155, "CV_RMSE_Blekinge": 2521.186903345196, "_timestamp": 1748483841.0762765, "_runtime": 1.307617425918579, "_step": 0, "_wandb": {"runtime": 1}}