{"CV_RMSE": 3234.4131990439837, "RMSE": 199.57187930101372, "RMSE_Kalmar": 96.1518594433205, "RMSE_Blekinge": 103.4200198576932, "CV_RMSE_'Kalmar": 930.5018655805209, "CV_RMSE_Blekinge": 2303.9113334634626, "_timestamp": 1748501934.050884, "_runtime": 1.3710129261016846, "_step": 0, "_wandb": {"runtime": 1}}