{"CV_RMSE": 273.038134859946, "RMSE": 431.29512956475355, "RMSE_STHLM": 395.29287579379854, "RMSE_S\u00f6dermanland": 36.00225377095498, "CV_RMSE_STHLM": 140.78495774215222, "CV_RMSE_S\u00f6dermanland": 132.2531771177938, "_timestamp": 1748508764.4114978, "_runtime": 1.265286922454834, "_step": 0, "_wandb": {"runtime": 1}}