{"CV_RMSE": 1174.1460940692575, "RMSE": 427.89298597536765, "RMSE_skane": 364.41851776378724, "RMSE_kronoberg": 63.474468211580415, "CV_RMSE_'skane": 577.8306307036795, "CV_RMSE_kronoberg": 596.315463365578, "_timestamp": 1748533577.091283, "_runtime": 1.5494849681854248, "_step": 0, "_wandb": {"runtime": 1}}