{"CV_RMSE": 255.14585997097612, "RMSE": 407.01418809419033, "RMSE_STHLM": 373.79868482164096, "RMSE_S\u00f6dermanland": 33.21550327254938, "CV_RMSE_STHLM": 133.12972550038657, "CV_RMSE_S\u00f6dermanland": 122.01613447058955, "_timestamp": 1748467829.3352952, "_runtime": 1.2847671508789062, "_step": 0, "_wandb": {"runtime": 1}}