{"CV_RMSE": 306.97291699503467, "RMSE": 22.256261001508946, "RMSE_Kalmar": 14.9871229846336, "RMSE_Blekinge": 7.269138016875347, "CV_RMSE_'Kalmar": 145.0366740448413, "CV_RMSE_Blekinge": 161.9362429501934, "_timestamp": 1748461272.837033, "_runtime": 1.2410929203033447, "_step": 0, "_wandb": {"runtime": 1}}