{"CV_RMSE": 1128.4905729852803, "RMSE": 447.85186632790965, "RMSE_skane": 394.2766561138334, "RMSE_kronoberg": 53.57521021407628, "CV_RMSE_'skane": 625.1744018718288, "CV_RMSE_kronoberg": 503.3161711134515, "_timestamp": 1748569559.129446, "_runtime": 1.2872891426086426, "_step": 0, "_wandb": {"runtime": 1}}