{"CV_RMSE": 306.95694685254057, "RMSE": 22.25473125442307, "RMSE_Kalmar": 14.985685789624963, "RMSE_Blekinge": 7.2690454647981095, "CV_RMSE_'Kalmar": 145.02276570604803, "CV_RMSE_Blekinge": 161.93418114649253, "_timestamp": 1748514858.2636373, "_runtime": 1.3163363933563232, "_step": 0, "_wandb": {"runtime": 1}}