{"CV_RMSE": 4837.207699214887, "RMSE": 1939.010260526114, "RMSE_skane": 1713.2862527861041, "RMSE_kronoberg": 225.72400774000994, "CV_RMSE_'skane": 2716.627250717924, "CV_RMSE_kronoberg": 2120.580448496962, "_timestamp": 1748536027.4785008, "_runtime": 1.276770830154419, "_step": 0, "_wandb": {"runtime": 1}}