{"CV_RMSE": 4334.209310037103, "RMSE": 264.1349832979773, "RMSE_Kalmar": 123.01662193429023, "RMSE_Blekinge": 141.1183613636871, "CV_RMSE_'Kalmar": 1190.4834380737764, "CV_RMSE_Blekinge": 3143.7258719633264, "_timestamp": 1748524580.2879014, "_runtime": 1.3079593181610107, "_step": 0, "_wandb": {"runtime": 1}}