{"CV_RMSE": 1110.8780851749784, "RMSE": 378.9742792729185, "RMSE_skane": 313.66875134015413, "RMSE_kronoberg": 65.30552793276438, "CV_RMSE_'skane": 497.3605993765657, "CV_RMSE_kronoberg": 613.5174857984127, "_timestamp": 1748554900.9276087, "_runtime": 1.35807466506958, "_step": 0, "_wandb": {"runtime": 1}}