{"CV_RMSE": 271.7863103264549, "RMSE": 430.93691478450273, "RMSE_STHLM": 395.2735630424732, "RMSE_S\u00f6dermanland": 35.66335174202953, "CV_RMSE_STHLM": 140.77807943736678, "CV_RMSE_S\u00f6dermanland": 131.00823088908808, "_timestamp": 1748342025.7366526, "_runtime": 1.2548036575317383, "_step": 0, "_wandb": {"runtime": 1}}