{"CV_RMSE": 305.6328709190334, "RMSE": 22.140999018677295, "RMSE_Kalmar": 14.889687267560149, "RMSE_Blekinge": 7.2513117511171465, "CV_RMSE_'Kalmar": 144.09374775058208, "CV_RMSE_Blekinge": 161.53912316845128, "_timestamp": 1748488987.6024952, "_runtime": 1.2711892127990723, "_step": 0, "_wandb": {"runtime": 1}}