{"CV_RMSE": 264.6341799779875, "RMSE": 412.06037595570666, "RMSE_STHLM": 376.5264011583367, "RMSE_S\u00f6dermanland": 35.533974797369964, "CV_RMSE_STHLM": 134.10121133458765, "CV_RMSE_S\u00f6dermanland": 130.53296864339987, "_timestamp": 1748523586.1902366, "_runtime": 1.2914776802062988, "_step": 0, "_wandb": {"runtime": 1}}