{"CV_RMSE": 269.747630745775, "RMSE": 435.5108155275519, "RMSE_STHLM": 400.95308372048925, "RMSE_S\u00f6dermanland": 34.55773180706265, "CV_RMSE_STHLM": 142.80086084227952, "CV_RMSE_S\u00f6dermanland": 126.94676990349545, "_timestamp": 1748342896.7500534, "_runtime": 1.2879514694213867, "_step": 0, "_wandb": {"runtime": 1}}