{"CV_RMSE": 403.7314319884822, "RMSE": 770.5123143529913, "RMSE_STHLM": 731.5317806103121, "RMSE_S\u00f6dermanland": 38.980533742679214, "CV_RMSE_STHLM": 260.5376345663953, "CV_RMSE_S\u00f6dermanland": 143.1937974220869, "_timestamp": 1748372559.4460635, "_runtime": 1.30108642578125, "_step": 0, "_wandb": {"runtime": 1}}