{"CV_RMSE": 263.8729119537071, "RMSE": 423.34512765924325, "RMSE_STHLM": 389.25218908910193, "RMSE_S\u00f6dermanland": 34.09293857014131, "CV_RMSE_STHLM": 138.6335457776778, "CV_RMSE_S\u00f6dermanland": 125.23936617602929, "_timestamp": 1748451607.76138, "_runtime": 1.3920319080352783, "_step": 0, "_wandb": {"runtime": 1}}