{"CV_RMSE": 306.8419948195211, "RMSE": 22.2504636115134, "RMSE_Kalmar": 14.987263653311505, "RMSE_Blekinge": 7.263199958201895, "CV_RMSE_'Kalmar": 145.03803535462745, "CV_RMSE_Blekinge": 161.8039594648937, "_timestamp": 1748478611.9071202, "_runtime": 1.2545621395111084, "_step": 0, "_wandb": {"runtime": 1}}