{"CV_RMSE": 3698.512362960025, "RMSE": 238.16176937216127, "RMSE_Kalmar": 127.54730558378738, "RMSE_Blekinge": 110.6144637883739, "CV_RMSE_'Kalmar": 1234.3287637140713, "CV_RMSE_Blekinge": 2464.1835992459532, "_timestamp": 1748462653.953732, "_runtime": 1.3716099262237549, "_step": 0, "_wandb": {"runtime": 1}}