{"CV_RMSE": 4617.6691358353055, "RMSE": 1857.8668560129388, "RMSE_skane": 1643.7802232159065, "RMSE_kronoberg": 214.0866327970323, "CV_RMSE_'skane": 2606.416844422685, "CV_RMSE_kronoberg": 2011.2522914126212, "_timestamp": 1748533681.3445714, "_runtime": 1.3183794021606445, "_step": 0, "_wandb": {"runtime": 1}}