{"CV_RMSE": 306.91196352160136, "RMSE": 22.25331066109898, "RMSE_Kalmar": 14.986744254132322, "RMSE_Blekinge": 7.266566406966658, "CV_RMSE_'Kalmar": 145.03300891095796, "CV_RMSE_Blekinge": 161.87895461064338, "_timestamp": 1748494659.051809, "_runtime": 1.2517821788787842, "_step": 0, "_wandb": {"runtime": 1}}