{"CV_RMSE": 918.8139597579643, "RMSE": 68.70841736289185, "RMSE_Kalmar": 48.55780996348595, "RMSE_Blekinge": 20.150607399405903, "CV_RMSE_'Kalmar": 469.9142899692189, "CV_RMSE_Blekinge": 448.89966978874537, "_timestamp": 1748579569.9896164, "_runtime": 1.2926924228668213, "_step": 0, "_wandb": {"runtime": 1}}