{"CV_RMSE": 760.1024556234431, "RMSE": 967.4673994747275, "RMSE_STHLM": 842.20482754507, "RMSE_S\u00f6dermanland": 125.26257192965748, "CV_RMSE_STHLM": 299.9542322083748, "CV_RMSE_S\u00f6dermanland": 460.1482234150683, "_timestamp": 1748318333.7141356, "_runtime": 1.3097856044769287, "_step": 0, "_wandb": {"runtime": 1}}