{"CV_RMSE": 274.8408631458361, "RMSE": 436.74101485280937, "RMSE_STHLM": 400.7800122179424, "RMSE_S\u00f6dermanland": 35.961002634867015, "CV_RMSE_STHLM": 142.7392208136716, "CV_RMSE_S\u00f6dermanland": 132.10164233216454, "_timestamp": 1748475442.755171, "_runtime": 1.253404140472412, "_step": 0, "_wandb": {"runtime": 1}}