{"CV_RMSE": 273.41189808705565, "RMSE": 97.56387114889219, "RMSE_skane": 82.36178393473342, "RMSE_kronoberg": 15.202087214158771, "CV_RMSE_'skane": 130.594794822516, "CV_RMSE_kronoberg": 142.8171032645396, "_timestamp": 1748540815.42795, "_runtime": 1.3469629287719727, "_step": 0, "_wandb": {"runtime": 1}}