{"CV_RMSE": 306.596069824482, "RMSE": 22.224124584537755, "RMSE_Kalmar": 14.96021280484297, "RMSE_Blekinge": 7.263911779694787, "CV_RMSE_'Kalmar": 144.77625295009324, "CV_RMSE_Blekinge": 161.8198168743888, "_timestamp": 1748489786.4995363, "_runtime": 1.3078742027282715, "_step": 0, "_wandb": {"runtime": 1}}