{"CV_RMSE": 274.0154506619858, "RMSE": 433.2768274327925, "RMSE_STHLM": 397.1927222192057, "RMSE_S\u00f6dermanland": 36.08410521358683, "CV_RMSE_STHLM": 141.46159477534036, "CV_RMSE_S\u00f6dermanland": 132.5538558866455, "_timestamp": 1748439983.068476, "_runtime": 1.2589600086212158, "_step": 0, "_wandb": {"runtime": 1}}