{"CV_RMSE": 3485.211945299361, "RMSE": 1417.3791125755693, "RMSE_skane": 1258.870948880293, "RMSE_kronoberg": 158.50816369527604, "CV_RMSE_'skane": 1996.0955849053273, "CV_RMSE_kronoberg": 1489.1163603940338, "_timestamp": 1748527893.1928535, "_runtime": 1.3667774200439453, "_step": 0, "_wandb": {"runtime": 1}}