{"CV_RMSE": 266.2491704420196, "RMSE": 418.366380858883, "RMSE_STHLM": 383.0225946193138, "RMSE_S\u00f6dermanland": 35.343786239569205, "CV_RMSE_STHLM": 136.41485364360207, "CV_RMSE_S\u00f6dermanland": 129.8343167984175, "_timestamp": 1748502543.915386, "_runtime": 1.268193006515503, "_step": 0, "_wandb": {"runtime": 1}}