{"CV_RMSE": 272.02937532199155, "RMSE": 435.45806633186913, "RMSE_STHLM": 400.20684270917087, "RMSE_S\u00f6dermanland": 35.25122362269824, "CV_RMSE_STHLM": 142.53508446310005, "CV_RMSE_S\u00f6dermanland": 129.4942908588915, "_timestamp": 1748458257.7733476, "_runtime": 1.2338895797729492, "_step": 0, "_wandb": {"runtime": 1}}