{"CV_RMSE": 304.71571545867255, "RMSE": 22.066476807849043, "RMSE_Kalmar": 14.830718688120836, "RMSE_Blekinge": 7.235758119728208, "CV_RMSE_'Kalmar": 143.5230840785887, "CV_RMSE_Blekinge": 161.19263138008384, "_timestamp": 1748479069.8110409, "_runtime": 1.2643389701843262, "_step": 0, "_wandb": {"runtime": 1}}