{"CV_RMSE": 311.69298951211675, "RMSE": 399.0072947926546, "RMSE_STHLM": 347.8861064101374, "RMSE_S\u00f6dermanland": 51.12118838251719, "CV_RMSE_STHLM": 123.90086892327808, "CV_RMSE_S\u00f6dermanland": 187.79212058883869, "_timestamp": 1748501958.0652575, "_runtime": 1.2953906059265137, "_step": 0, "_wandb": {"runtime": 1}}