{"CV_RMSE": 499.88190544812295, "RMSE": 264.8521022708206, "RMSE_skane": 254.61690321423015, "RMSE_kronoberg": 10.235199056590414, "CV_RMSE_'skane": 403.72659072023805, "CV_RMSE_kronoberg": 96.15531472788489, "_timestamp": 1748501850.9718142, "_runtime": 1.3789162635803223, "_step": 0, "_wandb": {"runtime": 1}}