{"CV_RMSE": 305.50169283569005, "RMSE": 22.16026296605578, "RMSE_Kalmar": 14.934158215813563, "RMSE_Blekinge": 7.226104750242215, "CV_RMSE_'Kalmar": 144.5241117659377, "CV_RMSE_Blekinge": 160.97758106975232, "_timestamp": 1748476086.5202942, "_runtime": 1.3251681327819824, "_step": 0, "_wandb": {"runtime": 1}}