{"CV_RMSE": 273.76103856155237, "RMSE": 435.286574995903, "RMSE_STHLM": 399.4949323810238, "RMSE_S\u00f6dermanland": 35.7916426148792, "CV_RMSE_STHLM": 142.28153507832266, "CV_RMSE_S\u00f6dermanland": 131.47950348322973, "_timestamp": 1748430242.7093678, "_runtime": 1.2804546356201172, "_step": 0, "_wandb": {"runtime": 1}}