{"CV_RMSE": 306.12616767357963, "RMSE": 22.191002406349146, "RMSE_Kalmar": 14.938945167474651, "RMSE_Blekinge": 7.252057238874495, "CV_RMSE_'Kalmar": 144.5704371045934, "CV_RMSE_Blekinge": 161.55573056898626, "_timestamp": 1748487342.2998416, "_runtime": 1.29359769821167, "_step": 0, "_wandb": {"runtime": 1}}