{"CV_RMSE": 5366.960553709305, "RMSE": 363.18767103187747, "RMSE_Kalmar": 216.1821688418154, "RMSE_Blekinge": 147.00550219006206, "CV_RMSE_'Kalmar": 2092.085504920794, "CV_RMSE_Blekinge": 3274.875048788511, "_timestamp": 1748489342.8412478, "_runtime": 1.3512628078460693, "_step": 0, "_wandb": {"runtime": 1}}