{"CV_RMSE": 1346.4526349325645, "RMSE": 742.8141994535482, "RMSE_skane": 721.2198894436123, "RMSE_kronoberg": 21.594310009935963, "CV_RMSE_'skane": 1143.5833342129156, "CV_RMSE_kronoberg": 202.86930071964892, "_timestamp": 1748516097.0640872, "_runtime": 1.346250057220459, "_step": 0, "_wandb": {"runtime": 1}}