{"CV_RMSE": 4994.487225206061, "RMSE": 1904.0940001436147, "RMSE_skane": 1651.1392353553326, "RMSE_kronoberg": 252.95476478828203, "CV_RMSE_'skane": 2618.085468322409, "CV_RMSE_kronoberg": 2376.401756883652, "_timestamp": 1748570674.0483475, "_runtime": 1.247415542602539, "_step": 0, "_wandb": {"runtime": 1}}