{"CV_RMSE": 279.6325478131379, "RMSE": 100.79698034755441, "RMSE_skane": 85.454777566421, "RMSE_kronoberg": 15.342202781133405, "CV_RMSE_'skane": 135.499118762824, "CV_RMSE_kronoberg": 144.13342905031385, "_timestamp": 1748540771.7400079, "_runtime": 1.2956697940826416, "_step": 0, "_wandb": {"runtime": 1}}