{"CV_RMSE": 258.7072982749349, "RMSE": 392.7242431492638, "RMSE_STHLM": 356.90095297637765, "RMSE_S\u00f6dermanland": 35.82329017288618, "CV_RMSE_STHLM": 127.11153845616933, "CV_RMSE_S\u00f6dermanland": 131.59575981876557, "_timestamp": 1748509917.382207, "_runtime": 1.3321638107299805, "_step": 0, "_wandb": {"runtime": 1}}