{"CV_RMSE": 273.18219877039246, "RMSE": 433.0173735568176, "RMSE_STHLM": 397.15659542727565, "RMSE_S\u00f6dermanland": 35.86077812954195, "CV_RMSE_STHLM": 141.44872809044247, "CV_RMSE_S\u00f6dermanland": 131.73347067995002, "_timestamp": 1748453324.9742308, "_runtime": 1.2341008186340332, "_step": 0, "_wandb": {"runtime": 1}}