{"CV_RMSE": 306.94856664113956, "RMSE": 22.25350175874134, "RMSE_Kalmar": 14.98417707271991, "RMSE_Blekinge": 7.269324686021428, "CV_RMSE_'Kalmar": 145.00816521987008, "CV_RMSE_Blekinge": 161.94040142126946, "_timestamp": 1748470259.5925124, "_runtime": 1.227102279663086, "_step": 0, "_wandb": {"runtime": 1}}