{"CV_RMSE": 5168.734357444526, "RMSE": 1987.5675765051994, "RMSE_skane": 1729.248523062418, "RMSE_kronoberg": 258.31905344278147, "CV_RMSE_'skane": 2741.937404433009, "CV_RMSE_kronoberg": 2426.796953011517, "_timestamp": 1748534123.7246091, "_runtime": 1.2655370235443115, "_step": 0, "_wandb": {"runtime": 1}}