{"CV_RMSE": 5249.529256210644, "RMSE": 2032.6935555728014, "RMSE_skane": 1773.1909781234028, "RMSE_kronoberg": 259.5025774493985, "CV_RMSE_'skane": 2811.6136016755854, "CV_RMSE_kronoberg": 2437.915654535059, "_timestamp": 1748508904.1799545, "_runtime": 1.2921664714813232, "_step": 0, "_wandb": {"runtime": 1}}