{"CV_RMSE": 1095.347177355508, "RMSE": 1317.5622095049473, "RMSE_STHLM": 1128.827473643318, "RMSE_S\u00f6dermanland": 188.7347358616294, "CV_RMSE_STHLM": 402.0359027617674, "CV_RMSE_S\u00f6dermanland": 693.3112745937406, "_timestamp": 1748346433.5736558, "_runtime": 1.3400769233703613, "_step": 0, "_wandb": {"runtime": 1}}