{"CV_RMSE": 766.9651853799388, "RMSE": 526.8946831915654, "RMSE_STHLM": 352.262599686472, "RMSE_S\u00f6dermanland": 174.63208350509333, "CV_RMSE_STHLM": 125.4595725040858, "CV_RMSE_S\u00f6dermanland": 641.505612875853, "_timestamp": 1748306733.2482514, "_runtime": 1.2850475311279297, "_step": 0, "_wandb": {"runtime": 1}}