{"CV_RMSE": 304.45490018850523, "RMSE": 22.02565564293878, "RMSE_Kalmar": 14.779244324582256, "RMSE_Blekinge": 7.246411318356525, "CV_RMSE_'Kalmar": 143.02494507660248, "CV_RMSE_Blekinge": 161.42995511190279, "_timestamp": 1748485240.456647, "_runtime": 1.3251240253448486, "_step": 0, "_wandb": {"runtime": 1}}