{"CV_RMSE": 1364.5637258083154, "RMSE": 1537.1373578477392, "RMSE_STHLM": 1290.8217070061826, "RMSE_S\u00f6dermanland": 246.3156508415565, "CV_RMSE_STHLM": 459.7307227168834, "CV_RMSE_S\u00f6dermanland": 904.833003091432, "_timestamp": 1748299353.0787013, "_runtime": 1.2841763496398926, "_step": 0, "_wandb": {"runtime": 1}}