{"CV_RMSE": 3234.5713217773637, "RMSE": 224.33237864238532, "RMSE_Kalmar": 139.91737900688088, "RMSE_Blekinge": 84.41499963550444, "CV_RMSE_'Kalmar": 1354.0391516794923, "CV_RMSE_Blekinge": 1880.5321700978714, "_timestamp": 1748570775.709078, "_runtime": 1.3144710063934326, "_step": 0, "_wandb": {"runtime": 1}}