{"CV_RMSE": 267.5768002319835, "RMSE": 420.79114532746826, "RMSE_STHLM": 385.3074745070779, "RMSE_S\u00f6dermanland": 35.48367082039036, "CV_RMSE_STHLM": 137.22862170810058, "CV_RMSE_S\u00f6dermanland": 130.34817852388295, "_timestamp": 1748473787.9366279, "_runtime": 1.249375820159912, "_step": 0, "_wandb": {"runtime": 1}}