{"CV_RMSE": 4410.793323364156, "RMSE": 1708.6511266630027, "RMSE_skane": 1490.7580682252676, "RMSE_kronoberg": 217.89305843773514, "CV_RMSE_'skane": 2363.7812921119466, "CV_RMSE_kronoberg": 2047.012031252209, "_timestamp": 1748511095.4221282, "_runtime": 1.2999751567840576, "_step": 0, "_wandb": {"runtime": 1}}