{"CV_RMSE": 2866.893474223882, "RMSE": 197.41305692192952, "RMSE_Kalmar": 121.50360589377966, "RMSE_Blekinge": 75.90945102814985, "CV_RMSE_'Kalmar": 1175.841347359158, "CV_RMSE_Blekinge": 1691.0521268647242, "_timestamp": 1748504467.4863117, "_runtime": 1.3389825820922852, "_step": 0, "_wandb": {"runtime": 1}}