{"CV_RMSE": 275.45444966884395, "RMSE": 436.8537258110254, "RMSE_STHLM": 400.7198592878025, "RMSE_S\u00f6dermanland": 36.13386652322292, "CV_RMSE_STHLM": 142.7177971345557, "CV_RMSE_S\u00f6dermanland": 132.73665253428828, "_timestamp": 1748488498.37818, "_runtime": 1.262876033782959, "_step": 0, "_wandb": {"runtime": 1}}