{"CV_RMSE": 373.32174422941205, "RMSE": 490.1895765260249, "RMSE_STHLM": 430.27999913065827, "RMSE_S\u00f6dermanland": 59.90957739536661, "CV_RMSE_STHLM": 153.24574563418776, "CV_RMSE_S\u00f6dermanland": 220.0759985952243, "_timestamp": 1748484611.2732713, "_runtime": 1.2604832649230957, "_step": 0, "_wandb": {"runtime": 1}}