{"CV_RMSE": 272.421137814943, "RMSE": 434.53878199869604, "RMSE_STHLM": 399.07076597591583, "RMSE_S\u00f6dermanland": 35.46801602278019, "CV_RMSE_STHLM": 142.13046671085252, "CV_RMSE_S\u00f6dermanland": 130.2906711040905, "_timestamp": 1748461552.8141956, "_runtime": 1.866410732269287, "_step": 0, "_wandb": {"runtime": 1}}