{"CV_RMSE": 261.85376992897557, "RMSE": 410.4515435936287, "RMSE_STHLM": 375.58299192979456, "RMSE_S\u00f6dermanland": 34.86855166383414, "CV_RMSE_STHLM": 133.7652127965236, "CV_RMSE_S\u00f6dermanland": 128.08855713245194, "_timestamp": 1748431965.0682323, "_runtime": 1.2832732200622559, "_step": 0, "_wandb": {"runtime": 1}}