{"CV_RMSE": 1278.604062108508, "RMSE": 1777.993979461517, "RMSE_STHLM": 1583.4495830056574, "RMSE_S\u00f6dermanland": 194.54439645585956, "CV_RMSE_STHLM": 563.9511771686157, "CV_RMSE_S\u00f6dermanland": 714.6528849398923, "_timestamp": 1748334152.1321235, "_runtime": 1.2811305522918701, "_step": 0, "_wandb": {"runtime": 1}}