{"CV_RMSE": 302.6506084452037, "RMSE": 451.3622504616231, "RMSE_STHLM": 408.5878054227856, "RMSE_S\u00f6dermanland": 42.77444503883746, "CV_RMSE_STHLM": 145.51999401682116, "CV_RMSE_S\u00f6dermanland": 157.13061442838253, "_timestamp": 1748435521.2307825, "_runtime": 1.3879914283752441, "_step": 0, "_wandb": {"runtime": 1}}