{"CV_RMSE": 1480.0629589188193, "RMSE": 1691.8707030021842, "RMSE_STHLM": 1427.3504533191367, "RMSE_S\u00f6dermanland": 264.5202496830476, "CV_RMSE_STHLM": 508.35591926680763, "CV_RMSE_S\u00f6dermanland": 971.7070396520118, "_timestamp": 1748290560.8876066, "_runtime": 1.286752700805664, "_step": 0, "_wandb": {"runtime": 1}}