{"CV_RMSE": 721.8390183922647, "RMSE": 572.4863672642396, "RMSE_STHLM": 416.35231336894196, "RMSE_S\u00f6dermanland": 156.13405389529757, "CV_RMSE_STHLM": 148.28535102178384, "CV_RMSE_S\u00f6dermanland": 573.5536673704809, "_timestamp": 1748355653.9698236, "_runtime": 1.3722054958343506, "_step": 0, "_wandb": {"runtime": 1}}