{"CV_RMSE": 275.62930770344826, "RMSE": 437.2185926680057, "RMSE_STHLM": 401.07118826858755, "RMSE_S\u00f6dermanland": 36.14740439941819, "CV_RMSE_STHLM": 142.8429241953814, "CV_RMSE_S\u00f6dermanland": 132.78638350806682, "_timestamp": 1748517015.464699, "_runtime": 1.3182580471038818, "_step": 0, "_wandb": {"runtime": 1}}