{"CV_RMSE": 365.4507759239637, "RMSE": 440.85345937356544, "RMSE_STHLM": 378.019751444705, "RMSE_S\u00f6dermanland": 62.833707928860456, "CV_RMSE_STHLM": 134.63307332814978, "CV_RMSE_S\u00f6dermanland": 230.81770259581393, "_timestamp": 1748475599.1687565, "_runtime": 1.2544794082641602, "_step": 0, "_wandb": {"runtime": 1}}