{"CV_RMSE": 306.60257419399744, "RMSE": 22.237664384130305, "RMSE_Kalmar": 14.983635766582584, "RMSE_Blekinge": 7.254028617547723, "CV_RMSE_'Kalmar": 145.00292677337984, "CV_RMSE_Blekinge": 161.5996474206176, "_timestamp": 1748501839.6010687, "_runtime": 1.3480467796325684, "_step": 0, "_wandb": {"runtime": 1}}