{"CV_RMSE": 916.7283808053617, "RMSE": 1710.2652575263826, "RMSE_STHLM": 1617.536266291723, "RMSE_S\u00f6dermanland": 92.72899123465967, "CV_RMSE_STHLM": 576.0912701474281, "CV_RMSE_S\u00f6dermanland": 340.63711065793353, "_timestamp": 1748308997.5924087, "_runtime": 1.296365737915039, "_step": 0, "_wandb": {"runtime": 1}}