{"CV_RMSE": 1024.7648117758918, "RMSE": 2091.3128400930577, "RMSE_STHLM": 2006.9264416111648, "RMSE_S\u00f6dermanland": 84.38639848189305, "CV_RMSE_STHLM": 714.773960209754, "CV_RMSE_S\u00f6dermanland": 309.99085156613774, "_timestamp": 1748350485.026343, "_runtime": 1.310218095779419, "_step": 0, "_wandb": {"runtime": 1}}