{"CV_RMSE": 3482.2420046829475, "RMSE": 1683.4366435716638, "RMSE_skane": 1579.3323564037219, "RMSE_kronoberg": 104.10428716794193, "CV_RMSE_'skane": 2504.2267807670005, "CV_RMSE_kronoberg": 978.0152239159472, "_timestamp": 1748543225.9628785, "_runtime": 1.3129734992980957, "_step": 0, "_wandb": {"runtime": 1}}