{"CV_RMSE": 4069.0031072652605, "RMSE": 1474.9387037664872, "RMSE_skane": 1253.3588831217746, "RMSE_kronoberg": 221.57982064471258, "CV_RMSE_'skane": 1987.3555229203612, "CV_RMSE_kronoberg": 2081.6475843448993, "_timestamp": 1748528119.7814724, "_runtime": 1.323944330215454, "_step": 0, "_wandb": {"runtime": 1}}