{"CV_RMSE": 1115.1776830821236, "RMSE": 1589.5517518028644, "RMSE_STHLM": 1424.040470281364, "RMSE_S\u00f6dermanland": 165.51128152150036, "CV_RMSE_STHLM": 507.1770570847754, "CV_RMSE_S\u00f6dermanland": 608.0006259973483, "_timestamp": 1748303089.3209503, "_runtime": 1.3418962955474854, "_step": 0, "_wandb": {"runtime": 1}}