{"CV_RMSE": 4530.559585927469, "RMSE": 1814.8216045673548, "RMSE_skane": 1603.1496349395427, "RMSE_kronoberg": 211.67196962781213, "CV_RMSE_'skane": 2541.9920215743277, "CV_RMSE_kronoberg": 1988.5675643531413, "_timestamp": 1748520036.7770777, "_runtime": 1.34525465965271, "_step": 0, "_wandb": {"runtime": 1}}