{"CV_RMSE": 1710.710831920937, "RMSE": 2270.086729433611, "RMSE_STHLM": 1998.1164242117686, "RMSE_S\u00f6dermanland": 271.9703052218423, "CV_RMSE_STHLM": 711.6362413100877, "CV_RMSE_S\u00f6dermanland": 999.0745906108492, "_timestamp": 1748315870.3149648, "_runtime": 1.271885871887207, "_step": 0, "_wandb": {"runtime": 1}}