{"CV_RMSE": 4862.437867664492, "RMSE": 1838.4251873069568, "RMSE_skane": 1589.0462347433752, "RMSE_kronoberg": 249.37895256358155, "CV_RMSE_'skane": 2519.6293362738506, "CV_RMSE_kronoberg": 2342.808531390641, "_timestamp": 1748501964.3507133, "_runtime": 1.3195102214813232, "_step": 0, "_wandb": {"runtime": 1}}