{"CV_RMSE": 342.436857056148, "RMSE": 486.2146456048121, "RMSE_STHLM": 435.1885157964296, "RMSE_S\u00f6dermanland": 51.026129808382514, "CV_RMSE_STHLM": 154.99393122943675, "CV_RMSE_S\u00f6dermanland": 187.44292582671127, "_timestamp": 1748485612.685889, "_runtime": 1.2935841083526611, "_step": 0, "_wandb": {"runtime": 1}}