{"CV_RMSE": 439.3232771434462, "RMSE": 808.7785069882259, "RMSE_STHLM": 763.1771972512696, "RMSE_S\u00f6dermanland": 45.60130973695633, "CV_RMSE_STHLM": 271.8082617831985, "CV_RMSE_S\u00f6dermanland": 167.51501536024773, "_timestamp": 1748300494.2865312, "_runtime": 1.2699031829833984, "_step": 0, "_wandb": {"runtime": 1}}