{"CV_RMSE": 967.72508800693, "RMSE": 1453.043058967969, "RMSE_STHLM": 1317.3253048736203, "RMSE_S\u00f6dermanland": 135.7177540943487, "CV_RMSE_STHLM": 469.1700729664655, "CV_RMSE_S\u00f6dermanland": 498.5550150404646, "_timestamp": 1748329641.5518312, "_runtime": 1.265348196029663, "_step": 0, "_wandb": {"runtime": 1}}