{"CV_RMSE": 2458.47629176101, "RMSE": 159.9284807968557, "RMSE_Kalmar": 87.64314996392804, "RMSE_Blekinge": 72.28533083292764, "CV_RMSE_'Kalmar": 848.1595157799487, "CV_RMSE_Blekinge": 1610.3167759810613, "_timestamp": 1748491633.35634, "_runtime": 1.2832789421081543, "_step": 0, "_wandb": {"runtime": 1}}