{"CV_RMSE": 4673.395877458761, "RMSE": 1680.8161172888204, "RMSE_skane": 1423.64268581662, "RMSE_kronoberg": 257.17343147220026, "CV_RMSE_'skane": 2257.361552563351, "CV_RMSE_kronoberg": 2416.0343248954096, "_timestamp": 1748531367.6710413, "_runtime": 1.5320861339569092, "_step": 0, "_wandb": {"runtime": 1}}