{"CV_RMSE": 1090.8264809494099, "RMSE": 1509.583503310816, "RMSE_STHLM": 1342.827307832698, "RMSE_S\u00f6dermanland": 166.7561954781181, "CV_RMSE_STHLM": 478.25270164203727, "CV_RMSE_S\u00f6dermanland": 612.5737793073727, "_timestamp": 1748310425.9486783, "_runtime": 1.275463342666626, "_step": 0, "_wandb": {"runtime": 1}}