{"CV_RMSE": 274.71460105816584, "RMSE": 435.3731539679294, "RMSE_STHLM": 399.3033566243721, "RMSE_S\u00f6dermanland": 36.069797343557276, "CV_RMSE_STHLM": 142.21330469407792, "CV_RMSE_S\u00f6dermanland": 132.50129636408795, "_timestamp": 1748491725.1108313, "_runtime": 1.3056843280792236, "_step": 0, "_wandb": {"runtime": 1}}