{"CV_RMSE": 269.7943022596413, "RMSE": 429.2295447175132, "RMSE_STHLM": 393.98337428550127, "RMSE_S\u00f6dermanland": 35.246170432011944, "CV_RMSE_STHLM": 140.31857414204637, "CV_RMSE_S\u00f6dermanland": 129.4757281175949, "_timestamp": 1748466822.6950393, "_runtime": 1.2520911693572998, "_step": 0, "_wandb": {"runtime": 1}}