{"CV_RMSE": 2617.0728813097053, "RMSE": 1043.9849192071238, "RMSE_skane": 920.8306056423156, "RMSE_kronoberg": 123.15431356480812, "CV_RMSE_'skane": 1460.0908123292531, "CV_RMSE_kronoberg": 1156.9820689804521, "_timestamp": 1748543725.2696438, "_runtime": 1.298804759979248, "_step": 0, "_wandb": {"runtime": 1}}