{"CV_RMSE": 367.83232378850374, "RMSE": 710.0566276398744, "RMSE_STHLM": 675.4071862396761, "RMSE_S\u00f6dermanland": 34.64944140019827, "CV_RMSE_STHLM": 240.54866150206112, "CV_RMSE_S\u00f6dermanland": 127.28366228644263, "_timestamp": 1748320270.753035, "_runtime": 1.3266141414642334, "_step": 0, "_wandb": {"runtime": 1}}