{"CV_RMSE": 3171.6708435717237, "RMSE": 202.55216778346593, "RMSE_Kalmar": 106.40081854686136, "RMSE_Blekinge": 96.15134923660457, "CV_RMSE_'Kalmar": 1029.6853407760775, "CV_RMSE_Blekinge": 2141.9855027956464, "_timestamp": 1748463676.2020073, "_runtime": 1.3157472610473633, "_step": 0, "_wandb": {"runtime": 1}}