{"CV_RMSE": 279.02022719143224, "RMSE": 100.46303054549689, "RMSE_skane": 85.13143122905689, "RMSE_kronoberg": 15.331599316440006, "CV_RMSE_'skane": 134.98641315389568, "CV_RMSE_kronoberg": 144.0338140375366, "_timestamp": 1748566246.4512453, "_runtime": 1.279602289199829, "_step": 0, "_wandb": {"runtime": 1}}