{"CV_RMSE": 306.4946800175044, "RMSE": 22.22224434702453, "RMSE_Kalmar": 14.964935362995051, "RMSE_Blekinge": 7.257308984029479, "CV_RMSE_'Kalmar": 144.82195512575856, "CV_RMSE_Blekinge": 161.67272489174582, "_timestamp": 1748545323.6606302, "_runtime": 1.298173189163208, "_step": 0, "_wandb": {"runtime": 1}}