{"CV_RMSE": 276.29090362601517, "RMSE": 396.1121263776613, "RMSE_STHLM": 355.3520139362619, "RMSE_S\u00f6dermanland": 40.76011244139938, "CV_RMSE_STHLM": 126.55987833107865, "CV_RMSE_S\u00f6dermanland": 149.7310252949365, "_timestamp": 1748495938.8995569, "_runtime": 1.2881648540496826, "_step": 0, "_wandb": {"runtime": 1}}