{"CV_RMSE": 3088.03140213567, "RMSE": 264.02548820244607, "RMSE_Kalmar": 221.72754073596525, "RMSE_Blekinge": 42.297947466480814, "CV_RMSE_'Kalmar": 2145.7503942190183, "CV_RMSE_Blekinge": 942.2810079166517, "_timestamp": 1748461013.0145156, "_runtime": 1.390218734741211, "_step": 0, "_wandb": {"runtime": 1}}