{"CV_RMSE": 1346.9593630725512, "RMSE": 2167.6468924309893, "RMSE_STHLM": 1994.3307923785842, "RMSE_S\u00f6dermanland": 173.316100052405, "CV_RMSE_STHLM": 710.287975124941, "CV_RMSE_S\u00f6dermanland": 636.6713879476102, "_timestamp": 1748335505.2950325, "_runtime": 1.2915575504302979, "_step": 0, "_wandb": {"runtime": 1}}