{"CV_RMSE": 843.0951226477957, "RMSE": 1019.1580560891725, "RMSE_STHLM": 874.4270766898019, "RMSE_S\u00f6dermanland": 144.73097939937065, "CV_RMSE_STHLM": 311.43030036439325, "CV_RMSE_S\u00f6dermanland": 531.6648222834025, "_timestamp": 1748311652.5889242, "_runtime": 1.2720122337341309, "_step": 0, "_wandb": {"runtime": 1}}