{"CV_RMSE": 279.3263584331253, "RMSE": 436.80300315429423, "RMSE_STHLM": 399.4965097246504, "RMSE_S\u00f6dermanland": 37.30649342964383, "CV_RMSE_STHLM": 142.28209685484185, "CV_RMSE_S\u00f6dermanland": 137.04426157828345, "_timestamp": 1748482854.5896952, "_runtime": 1.2856922149658203, "_step": 0, "_wandb": {"runtime": 1}}