{"CV_RMSE": 421.94397398703154, "RMSE": 433.3454392802569, "RMSE_STHLM": 352.67586381347127, "RMSE_S\u00f6dermanland": 80.66957546678564, "CV_RMSE_STHLM": 125.60675798659445, "CV_RMSE_S\u00f6dermanland": 296.3372160004371, "_timestamp": 1748465706.3172188, "_runtime": 1.2896058559417725, "_step": 0, "_wandb": {"runtime": 1}}