{"CV_RMSE": 718.6309035871019, "RMSE": 1165.2559302360228, "RMSE_STHLM": 1073.7298618470436, "RMSE_S\u00f6dermanland": 91.52606838897921, "CV_RMSE_STHLM": 382.4126931786068, "CV_RMSE_S\u00f6dermanland": 336.2182104084951, "_timestamp": 1748297759.3448489, "_runtime": 1.2806649208068848, "_step": 0, "_wandb": {"runtime": 1}}