{"CV_RMSE": 306.7701073087651, "RMSE": 22.23825592658724, "RMSE_Kalmar": 14.971385168459229, "RMSE_Blekinge": 7.266870758128012, "CV_RMSE_'Kalmar": 144.88437259799252, "CV_RMSE_Blekinge": 161.88573471077254, "_timestamp": 1748481011.2939785, "_runtime": 1.2579684257507324, "_step": 0, "_wandb": {"runtime": 1}}