{"CV_RMSE": 269.72939443878, "RMSE": 425.9739758957705, "RMSE_STHLM": 390.39784757122675, "RMSE_S\u00f6dermanland": 35.576128324543724, "CV_RMSE_STHLM": 139.04157610372144, "CV_RMSE_S\u00f6dermanland": 130.68781833505858, "_timestamp": 1748305378.2519426, "_runtime": 1.3943285942077637, "_step": 0, "_wandb": {"runtime": 1}}