{"CV_RMSE": 275.49879721143407, "RMSE": 437.0416207983798, "RMSE_STHLM": 400.9145585481538, "RMSE_S\u00f6dermanland": 36.127062250226025, "CV_RMSE_STHLM": 142.78713996570576, "CV_RMSE_S\u00f6dermanland": 132.71165724572828, "_timestamp": 1748314098.2085223, "_runtime": 1.2733154296875, "_step": 0, "_wandb": {"runtime": 1}}