{"CV_RMSE": 272.7886073386758, "RMSE": 436.23910618522837, "RMSE_STHLM": 400.8428671557993, "RMSE_S\u00f6dermanland": 35.39623902942906, "CV_RMSE_STHLM": 142.76160682240578, "CV_RMSE_S\u00f6dermanland": 130.02700051627002, "_timestamp": 1748440080.063262, "_runtime": 1.3173248767852783, "_step": 0, "_wandb": {"runtime": 1}}