{"CV_RMSE": 4647.133427701081, "RMSE": 1664.4888656870455, "RMSE_skane": 1407.363273308422, "RMSE_kronoberg": 257.1255923786235, "CV_RMSE_'skane": 2231.548530615891, "CV_RMSE_kronoberg": 2415.5848970851894, "_timestamp": 1748568268.4084787, "_runtime": 1.265643835067749, "_step": 0, "_wandb": {"runtime": 1}}