{"CV_RMSE": 4873.224791154912, "RMSE": 1844.5317131421066, "RMSE_skane": 1595.0113495353278, "RMSE_kronoberg": 249.52036360677874, "CV_RMSE_'skane": 2529.0877635338175, "CV_RMSE_kronoberg": 2344.1370276210946, "_timestamp": 1748523200.1999598, "_runtime": 1.3840157985687256, "_step": 0, "_wandb": {"runtime": 1}}