{"CV_RMSE": 273.7765072397965, "RMSE": 433.6515102116556, "RMSE_STHLM": 397.6796608212103, "RMSE_S\u00f6dermanland": 35.97184939044529, "CV_RMSE_STHLM": 141.63501968305866, "CV_RMSE_S\u00f6dermanland": 132.14148755673781, "_timestamp": 1748435447.0941036, "_runtime": 1.244443655014038, "_step": 0, "_wandb": {"runtime": 1}}