{"CV_RMSE": 288.77736994330803, "RMSE": 425.15105232436304, "RMSE_STHLM": 383.7445890100534, "RMSE_S\u00f6dermanland": 41.40646331430961, "CV_RMSE_STHLM": 136.67199450298696, "CV_RMSE_S\u00f6dermanland": 152.10537544032104, "_timestamp": 1748297790.1331904, "_runtime": 1.2914505004882812, "_step": 0, "_wandb": {"runtime": 1}}