{"CV_RMSE": 263.3211290862836, "RMSE": 428.89217619288394, "RMSE_STHLM": 395.5611137799306, "RMSE_S\u00f6dermanland": 33.33106241295333, "CV_RMSE_STHLM": 140.8804916509448, "CV_RMSE_S\u00f6dermanland": 122.44063743533876, "_timestamp": 1748469264.9927528, "_runtime": 1.3996338844299316, "_step": 0, "_wandb": {"runtime": 1}}