{"CV_RMSE": 306.65243050466734, "RMSE": 22.232415576954637, "RMSE_Kalmar": 14.970398645943533, "RMSE_Blekinge": 7.262016931011103, "CV_RMSE_'Kalmar": 144.87482560590516, "CV_RMSE_Blekinge": 161.7776048987622, "_timestamp": 1748536883.1176717, "_runtime": 1.3757457733154297, "_step": 0, "_wandb": {"runtime": 1}}