{"CV_RMSE": 2710.6733752343785, "RMSE": 188.71871964677018, "RMSE_Kalmar": 118.53009778208825, "RMSE_Blekinge": 70.18862186468193, "CV_RMSE_'Kalmar": 1147.0654624073056, "CV_RMSE_Blekinge": 1563.6079128270728, "_timestamp": 1748485603.1590903, "_runtime": 1.3729333877563477, "_step": 0, "_wandb": {"runtime": 1}}