{"CV_RMSE": 4474.4014599545735, "RMSE": 1617.049508290379, "RMSE_skane": 1372.411000603953, "RMSE_kronoberg": 244.63850768642598, "CV_RMSE_'skane": 2176.12737939316, "CV_RMSE_kronoberg": 2298.2740805614135, "_timestamp": 1748547394.0763652, "_runtime": 1.277517318725586, "_step": 0, "_wandb": {"runtime": 1}}