{"CV_RMSE": 558.4048111775444, "RMSE": 635.2886068991095, "RMSE_STHLM": 535.1641269833768, "RMSE_S\u00f6dermanland": 100.12447991573266, "CV_RMSE_STHLM": 190.6005992421999, "CV_RMSE_S\u00f6dermanland": 367.8042119353445, "_timestamp": 1748328006.6049597, "_runtime": 1.286827802658081, "_step": 0, "_wandb": {"runtime": 1}}