{"CV_RMSE": 1638.7535907531346, "RMSE": 2514.425978637956, "RMSE_STHLM": 2290.3798197863357, "RMSE_S\u00f6dermanland": 224.04615885162028, "CV_RMSE_STHLM": 815.7268847675908, "CV_RMSE_S\u00f6dermanland": 823.0267059855439, "_timestamp": 1748355827.2139628, "_runtime": 1.3296878337860107, "_step": 0, "_wandb": {"runtime": 1}}