{"CV_RMSE": 2689.9600127615695, "RMSE": 180.44131713642992, "RMSE_Kalmar": 105.5390892347151, "RMSE_Blekinge": 74.9022279017148, "CV_RMSE_'Kalmar": 1021.3460248520815, "CV_RMSE_Blekinge": 1668.613987909488, "_timestamp": 1748555443.0751, "_runtime": 1.3025410175323486, "_step": 0, "_wandb": {"runtime": 1}}