{"CV_RMSE": 305.14767221270785, "RMSE": 22.099747726389012, "RMSE_Kalmar": 14.855260892715973, "RMSE_Blekinge": 7.244486833673037, "CV_RMSE_'Kalmar": 143.76058928434813, "CV_RMSE_Blekinge": 161.38708292835972, "_timestamp": 1748478222.1145756, "_runtime": 1.3609955310821533, "_step": 0, "_wandb": {"runtime": 1}}