{"CV_RMSE": 918.3153715655435, "RMSE": 959.3854117961423, "RMSE_STHLM": 785.5620901651403, "RMSE_S\u00f6dermanland": 173.82332163100207, "CV_RMSE_STHLM": 279.7807206761481, "CV_RMSE_S\u00f6dermanland": 638.5346508893954, "_timestamp": 1748308960.896032, "_runtime": 1.2865180969238281, "_step": 0, "_wandb": {"runtime": 1}}