{"CV_RMSE": 274.6837838295052, "RMSE": 436.0441004980512, "RMSE_STHLM": 400.0556270995782, "RMSE_S\u00f6dermanland": 35.988473398473, "CV_RMSE_STHLM": 142.48122848817584, "CV_RMSE_S\u00f6dermanland": 132.20255534132937, "_timestamp": 1748346815.3109946, "_runtime": 1.2640125751495361, "_step": 0, "_wandb": {"runtime": 1}}