{"CV_RMSE": 1036.8718976235507, "RMSE": 1432.9286414065816, "RMSE_STHLM": 1274.20715953539, "RMSE_S\u00f6dermanland": 158.7214818711916, "CV_RMSE_STHLM": 453.81339279060194, "CV_RMSE_S\u00f6dermanland": 583.0585048329488, "_timestamp": 1748308609.965349, "_runtime": 1.2635960578918457, "_step": 0, "_wandb": {"runtime": 1}}