{"CV_RMSE": 273.6059184804344, "RMSE": 437.29099910466874, "RMSE_STHLM": 401.7613161182851, "RMSE_S\u00f6dermanland": 35.529682986383634, "CV_RMSE_STHLM": 143.08871567331087, "CV_RMSE_S\u00f6dermanland": 130.51720280712354, "_timestamp": 1748527668.2075555, "_runtime": 1.3170435428619385, "_step": 0, "_wandb": {"runtime": 1}}