{"CV_RMSE": 257.7652691924293, "RMSE": 414.2894051074356, "RMSE_STHLM": 381.0653663451991, "RMSE_S\u00f6dermanland": 33.224038762236496, "CV_RMSE_STHLM": 135.7177798617646, "CV_RMSE_S\u00f6dermanland": 122.04748933066469, "_timestamp": 1748483467.425816, "_runtime": 1.3055050373077393, "_step": 0, "_wandb": {"runtime": 1}}