{"CV_RMSE": 306.9400117241817, "RMSE": 22.253529421709203, "RMSE_Kalmar": 14.984904954519745, "RMSE_Blekinge": 7.268624467189458, "CV_RMSE_'Kalmar": 145.01520923728785, "CV_RMSE_Blekinge": 161.92480248689387, "_timestamp": 1748578434.6943169, "_runtime": 1.266664981842041, "_step": 0, "_wandb": {"runtime": 1}}