{"CV_RMSE": 257.4772348131858, "RMSE": 401.28422484542114, "RMSE_STHLM": 366.7507519400992, "RMSE_S\u00f6dermanland": 34.53347290532193, "CV_RMSE_STHLM": 130.61957924261546, "CV_RMSE_S\u00f6dermanland": 126.85765557057036, "_timestamp": 1748478322.5086524, "_runtime": 1.2940664291381836, "_step": 0, "_wandb": {"runtime": 1}}