{"CV_RMSE": 275.4190917754866, "RMSE": 436.847681924454, "RMSE_STHLM": 400.7238251028364, "RMSE_S\u00f6dermanland": 36.12385682161762, "CV_RMSE_STHLM": 142.71920957362593, "CV_RMSE_S\u00f6dermanland": 132.69988220186067, "_timestamp": 1748428154.821875, "_runtime": 1.2555630207061768, "_step": 0, "_wandb": {"runtime": 1}}