{"CV_RMSE": 274.8337534824819, "RMSE": 437.45777436815945, "RMSE_STHLM": 401.57586763959404, "RMSE_S\u00f6dermanland": 35.8819067285654, "CV_RMSE_STHLM": 143.02266754081307, "CV_RMSE_S\u00f6dermanland": 131.8110859416688, "_timestamp": 1748511918.6268775, "_runtime": 1.2922146320343018, "_step": 0, "_wandb": {"runtime": 1}}