{"CV_RMSE": 275.6213158077868, "RMSE": 437.193542382133, "RMSE_STHLM": 401.04585768007945, "RMSE_S\u00f6dermanland": 36.14768470205355, "CV_RMSE_STHLM": 142.83390261656965, "CV_RMSE_S\u00f6dermanland": 132.78741319121713, "_timestamp": 1748459528.5305104, "_runtime": 1.9180183410644531, "_step": 0, "_wandb": {"runtime": 1}}