{"CV_RMSE": 879.4751295066143, "RMSE": 598.835941368486, "RMSE_STHLM": 398.011654810527, "RMSE_S\u00f6dermanland": 200.82428655795906, "CV_RMSE_STHLM": 141.75326051819323, "CV_RMSE_S\u00f6dermanland": 737.7218689884211, "_timestamp": 1748311295.7626104, "_runtime": 1.423659324645996, "_step": 0, "_wandb": {"runtime": 1}}