{"CV_RMSE": 1048.6290459824827, "RMSE": 1538.51639859943, "RMSE_STHLM": 1387.5868504875057, "RMSE_S\u00f6dermanland": 150.9295481119244, "CV_RMSE_STHLM": 494.1939712856174, "CV_RMSE_S\u00f6dermanland": 554.4350746968652, "_timestamp": 1748332505.2170575, "_runtime": 1.32283353805542, "_step": 0, "_wandb": {"runtime": 1}}