{"CV_RMSE": 3436.9788795234845, "RMSE": 245.8178281136108, "RMSE_Kalmar": 161.84062456619324, "RMSE_Blekinge": 83.97720354741756, "CV_RMSE_'Kalmar": 1566.1995925760634, "CV_RMSE_Blekinge": 1870.7792869474208, "_timestamp": 1748536331.7155604, "_runtime": 1.3763813972473145, "_step": 0, "_wandb": {"runtime": 1}}