{"CV_RMSE": 306.12799392492576, "RMSE": 22.19388419007239, "RMSE_Kalmar": 14.943895393627544, "RMSE_Blekinge": 7.249988796444846, "CV_RMSE_'Kalmar": 144.61834251897622, "CV_RMSE_Blekinge": 161.50965140594954, "_timestamp": 1748493767.0206428, "_runtime": 22.58228373527527, "_step": 0, "_wandb": {"runtime": 1}}