{"CV_RMSE": 2548.7440056340724, "RMSE": 156.7918387956894, "RMSE_Kalmar": 74.93316284813825, "RMSE_Blekinge": 81.85867594755113, "CV_RMSE_'Kalmar": 725.1596404658541, "CV_RMSE_Blekinge": 1823.5843651682185, "_timestamp": 1748473161.6310573, "_runtime": 1.3454272747039795, "_step": 0, "_wandb": {"runtime": 1}}