{"CV_RMSE": 1857.3621973199593, "RMSE": 2401.2577011808557, "RMSE_STHLM": 2099.162329828549, "RMSE_S\u00f6dermanland": 302.0953713523068, "CV_RMSE_STHLM": 747.6240984747504, "CV_RMSE_S\u00f6dermanland": 1109.7380988452087, "_timestamp": 1748400960.1392748, "_runtime": 1.2896509170532227, "_step": 0, "_wandb": {"runtime": 1}}