{"CV_RMSE": 1096.5553126304535, "RMSE": 1942.802109592037, "RMSE_STHLM": 1820.8301662605736, "RMSE_S\u00f6dermanland": 121.97194333146321, "CV_RMSE_STHLM": 648.4951126373235, "CV_RMSE_S\u00f6dermanland": 448.06019999313014, "_timestamp": 1748315879.1705909, "_runtime": 1.3005387783050537, "_step": 0, "_wandb": {"runtime": 1}}