{"CV_RMSE": 305.2446195264271, "RMSE": 22.27188586522915, "RMSE_Kalmar": 15.151917246197465, "RMSE_Blekinge": 7.1199686190316855, "CV_RMSE_'Kalmar": 146.63145722126578, "CV_RMSE_Blekinge": 158.61316230516132, "_timestamp": 1748465515.3765345, "_runtime": 1.312232494354248, "_step": 0, "_wandb": {"runtime": 1}}