{"CV_RMSE": 2317.611414112717, "RMSE": 131.20274296990908, "RMSE_Kalmar": 48.03422014104542, "RMSE_Blekinge": 83.16852282886366, "CV_RMSE_'Kalmar": 464.84729168753626, "CV_RMSE_Blekinge": 1852.7641224251806, "_timestamp": 1748474532.6960502, "_runtime": 1.333700180053711, "_step": 0, "_wandb": {"runtime": 1}}