{"CV_RMSE": 5101.13033260732, "RMSE": 1945.4217257228288, "RMSE_skane": 1687.2021179218304, "RMSE_kronoberg": 258.2196078009984, "CV_RMSE_'skane": 2675.2676288401117, "CV_RMSE_kronoberg": 2425.8627037672086, "_timestamp": 1748516234.5575538, "_runtime": 1.2674376964569092, "_step": 0, "_wandb": {"runtime": 1}}