{"CV_RMSE": 272.04893342571324, "RMSE": 432.1427096508939, "RMSE_STHLM": 396.5296470645474, "RMSE_S\u00f6dermanland": 35.61306258634647, "CV_RMSE_STHLM": 141.22543821056297, "CV_RMSE_S\u00f6dermanland": 130.8234952151503, "_timestamp": 1748481885.3841496, "_runtime": 1.2722156047821045, "_step": 0, "_wandb": {"runtime": 1}}