{"CV_RMSE": 268.85565512133303, "RMSE": 428.228604612612, "RMSE_STHLM": 393.15792509008634, "RMSE_S\u00f6dermanland": 35.070679522525644, "CV_RMSE_STHLM": 140.02458748756538, "CV_RMSE_S\u00f6dermanland": 128.83106763376767, "_timestamp": 1748561097.3886592, "_runtime": 1.3320631980895996, "_step": 0, "_wandb": {"runtime": 1}}