{"CV_RMSE": 2956.0517390807736, "RMSE": 1014.5847764983029, "RMSE_skane": 842.0516729734769, "RMSE_kronoberg": 172.53310352482592, "CV_RMSE_'skane": 1335.17707131101, "CV_RMSE_kronoberg": 1620.8746677697634, "_timestamp": 1748557451.6201496, "_runtime": 1.358513593673706, "_step": 0, "_wandb": {"runtime": 1}}