{"CV_RMSE": 2044.499996251268, "RMSE": 682.6008808061622, "RMSE_skane": 559.3894272405003, "RMSE_kronoberg": 123.21145356566191, "CV_RMSE_'skane": 886.9811214172836, "CV_RMSE_kronoberg": 1157.5188748339845, "_timestamp": 1748504627.2385592, "_runtime": 1.3076972961425781, "_step": 0, "_wandb": {"runtime": 1}}