{"CV_RMSE": 259.7468633490901, "RMSE": 422.084952801654, "RMSE_STHLM": 389.100510689663, "RMSE_S\u00f6dermanland": 32.98444211199105, "CV_RMSE_STHLM": 138.57952497851076, "CV_RMSE_S\u00f6dermanland": 121.16733837057937, "_timestamp": 1748500953.9077156, "_runtime": 1.3348355293273926, "_step": 0, "_wandb": {"runtime": 1}}