{"CV_RMSE": 651.0867492336372, "RMSE": 1116.163149455443, "RMSE_STHLM": 1039.7274700821554, "RMSE_S\u00f6dermanland": 76.43567937328761, "CV_RMSE_STHLM": 370.302620923601, "CV_RMSE_S\u00f6dermanland": 280.7841283100361, "_timestamp": 1748370859.6590955, "_runtime": 1.2948575019836426, "_step": 0, "_wandb": {"runtime": 1}}