{"CV_RMSE": 2601.3081798838525, "RMSE": 1180.0220475653189, "RMSE_skane": 1086.509163685763, "RMSE_kronoberg": 93.51288387955577, "CV_RMSE_'skane": 1722.7946570070237, "CV_RMSE_kronoberg": 878.5135228768288, "_timestamp": 1748513888.6878815, "_runtime": 1.3688883781433105, "_step": 0, "_wandb": {"runtime": 1}}