{"CV_RMSE": 441.15425682515126, "RMSE": 540.9931137570287, "RMSE_STHLM": 466.08989234750555, "RMSE_S\u00f6dermanland": 74.90322140952318, "CV_RMSE_STHLM": 165.9995659330253, "CV_RMSE_S\u00f6dermanland": 275.154690892126, "_timestamp": 1748383060.76489, "_runtime": 1.3735480308532715, "_step": 0, "_wandb": {"runtime": 1}}