{"CV_RMSE": 274.8744591087574, "RMSE": 434.8781400950619, "RMSE_STHLM": 398.7070081152405, "RMSE_S\u00f6dermanland": 36.17113197982139, "CV_RMSE_STHLM": 142.0009130604339, "CV_RMSE_S\u00f6dermanland": 132.87354604832348, "_timestamp": 1748453650.2405512, "_runtime": 1.3004672527313232, "_step": 0, "_wandb": {"runtime": 1}}