{"CV_RMSE": 275.5786262533709, "RMSE": 439.13171769166973, "RMSE_STHLM": 403.2049879994687, "RMSE_S\u00f6dermanland": 35.92672969220105, "CV_RMSE_STHLM": 143.60288452691802, "CV_RMSE_S\u00f6dermanland": 131.97574172645284, "_timestamp": 1748342438.9778125, "_runtime": 1.2939386367797852, "_step": 0, "_wandb": {"runtime": 1}}