{"CV_RMSE": 858.1316320229055, "RMSE": 1629.1641664896083, "RMSE_STHLM": 1545.391906946857, "RMSE_S\u00f6dermanland": 83.77225954275126, "CV_RMSE_STHLM": 550.3968010495336, "CV_RMSE_S\u00f6dermanland": 307.73483097337197, "_timestamp": 1748291388.7878604, "_runtime": 1.2764804363250732, "_step": 0, "_wandb": {"runtime": 1}}