{"CV_RMSE": 271.2526900295973, "RMSE": 436.3146172504141, "RMSE_STHLM": 401.38948525900406, "RMSE_S\u00f6dermanland": 34.92513199140999, "CV_RMSE_STHLM": 142.95628679584632, "CV_RMSE_S\u00f6dermanland": 128.296403233751, "_timestamp": 1748536380.492786, "_runtime": 1.2460849285125732, "_step": 0, "_wandb": {"runtime": 1}}