{"CV_RMSE": 304.82764076072067, "RMSE": 22.07751319277339, "RMSE_Kalmar": 14.84134859250007, "RMSE_Blekinge": 7.236164600273321, "CV_RMSE_'Kalmar": 143.62595412096843, "CV_RMSE_Blekinge": 161.2016866397522, "_timestamp": 1748505842.9215822, "_runtime": 1.4582502841949463, "_step": 0, "_wandb": {"runtime": 1}}