{"CV_RMSE": 1135.0551286050168, "RMSE": 1277.0976561978896, "RMSE_STHLM": 1072.0486627444568, "RMSE_S\u00f6dermanland": 205.04899345343281, "CV_RMSE_STHLM": 381.81392816383504, "CV_RMSE_S\u00f6dermanland": 753.2412004411818, "_timestamp": 1748303649.6825624, "_runtime": 1.2593512535095215, "_step": 0, "_wandb": {"runtime": 1}}