{"CV_RMSE": 2093.3536131023297, "RMSE": 169.509638731014, "RMSE_Kalmar": 133.5616511752809, "RMSE_Blekinge": 35.9479875557331, "CV_RMSE_'Kalmar": 1292.5321081478796, "CV_RMSE_Blekinge": 800.8215049544502, "_timestamp": 1748492689.8156526, "_runtime": 1.3446617126464844, "_step": 0, "_wandb": {"runtime": 1}}