{"CV_RMSE": 4828.727210919187, "RMSE": 1840.2736069937553, "RMSE_skane": 1595.5869065931217, "RMSE_kronoberg": 244.6867004006335, "CV_RMSE_'skane": 2530.000380433068, "CV_RMSE_kronoberg": 2298.7268304861186, "_timestamp": 1748517971.0819511, "_runtime": 1.3671660423278809, "_step": 0, "_wandb": {"runtime": 1}}