{"CV_RMSE": 342.909572395719, "RMSE": 448.3405621405345, "RMSE_STHLM": 393.10569703108484, "RMSE_S\u00f6dermanland": 55.23486510944964, "CV_RMSE_STHLM": 140.00598627937333, "CV_RMSE_S\u00f6dermanland": 202.90358611634565, "_timestamp": 1748507441.499859, "_runtime": 1.3425140380859375, "_step": 0, "_wandb": {"runtime": 1}}