{"CV_RMSE": 2433.9193469417805, "RMSE": 140.55763368341871, "RMSE_Kalmar": 55.34330732937242, "RMSE_Blekinge": 85.2143263540463, "CV_RMSE_'Kalmar": 535.5803935100556, "CV_RMSE_Blekinge": 1898.3389534317248, "_timestamp": 1748569270.9322894, "_runtime": 1.2838034629821777, "_step": 0, "_wandb": {"runtime": 1}}