{"CV_RMSE": 269.5918312355528, "RMSE": 436.63228682083206, "RMSE_STHLM": 402.2419239074979, "RMSE_S\u00f6dermanland": 34.390362913334194, "CV_RMSE_STHLM": 143.25988583963124, "CV_RMSE_S\u00f6dermanland": 126.33194539592152, "_timestamp": 1748544557.6753075, "_runtime": 1.3262534141540527, "_step": 0, "_wandb": {"runtime": 1}}