{"CV_RMSE": 5099.058668185816, "RMSE": 331.06193783098655, "RMSE_Kalmar": 180.64429590929078, "RMSE_Blekinge": 150.41764192169578, "CV_RMSE_'Kalmar": 1748.1706055737816, "CV_RMSE_Blekinge": 3350.8880626120344, "_timestamp": 1748485409.094599, "_runtime": 1.3771328926086426, "_step": 0, "_wandb": {"runtime": 1}}