{"CV_RMSE": 306.3263073806994, "RMSE": 22.21487464339146, "RMSE_Kalmar": 14.965268389545866, "RMSE_Blekinge": 7.249606253845594, "CV_RMSE_'Kalmar": 144.82517796334707, "CV_RMSE_Blekinge": 161.50112941735233, "_timestamp": 1748481804.963562, "_runtime": 1.2589430809020996, "_step": 0, "_wandb": {"runtime": 1}}