{"CV_RMSE": 1075.4570964741288, "RMSE": 1300.1710996740294, "RMSE_STHLM": 1115.5650558501632, "RMSE_S\u00f6dermanland": 184.60604382386634, "CV_RMSE_STHLM": 397.31244569257893, "CV_RMSE_S\u00f6dermanland": 678.1446507815499, "_timestamp": 1748403977.1619904, "_runtime": 1.2950193881988525, "_step": 0, "_wandb": {"runtime": 1}}