{"CV_RMSE": 273.9348956168077, "RMSE": 99.24405769962365, "RMSE_skane": 84.31616183040026, "RMSE_kronoberg": 14.927895869223388, "CV_RMSE_'skane": 133.6937026909095, "CV_RMSE_kronoberg": 140.24119292589822, "_timestamp": 1748522230.3477, "_runtime": 1.3455870151519775, "_step": 0, "_wandb": {"runtime": 1}}