{"CV_RMSE": 1029.412916448498, "RMSE": 1217.396088537016, "RMSE_STHLM": 1037.7831076018715, "RMSE_S\u00f6dermanland": 179.61298093514452, "CV_RMSE_STHLM": 369.61012933980385, "CV_RMSE_S\u00f6dermanland": 659.8027871086941, "_timestamp": 1748358118.2649546, "_runtime": 1.299825668334961, "_step": 0, "_wandb": {"runtime": 1}}