{"CV_RMSE": 3873.4762172347814, "RMSE": 1521.2470199307293, "RMSE_skane": 1334.1090268827606, "RMSE_kronoberg": 187.13799304796856, "CV_RMSE_'skane": 2115.3948629219244, "CV_RMSE_kronoberg": 1758.081354312857, "_timestamp": 1748542138.1923344, "_runtime": 1.3641183376312256, "_step": 0, "_wandb": {"runtime": 1}}