{"CV_RMSE": 306.9368520514281, "RMSE": 22.252721305251114, "RMSE_Kalmar": 14.983726926951677, "RMSE_Blekinge": 7.268994378299437, "CV_RMSE_'Kalmar": 145.00380897050007, "CV_RMSE_Blekinge": 161.93304308092806, "_timestamp": 1748544809.0569234, "_runtime": 1.3516464233398438, "_step": 0, "_wandb": {"runtime": 1}}