{"CV_RMSE": 273.2725254038204, "RMSE": 439.0716043306008, "RMSE_STHLM": 403.8335914712723, "RMSE_S\u00f6dermanland": 35.23801285932847, "CV_RMSE_STHLM": 143.82676387975667, "CV_RMSE_S\u00f6dermanland": 129.44576152406376, "_timestamp": 1748541167.6563847, "_runtime": 1.3302857875823975, "_step": 0, "_wandb": {"runtime": 1}}