{"CV_RMSE": 4577.381580858662, "RMSE": 285.03410573584193, "RMSE_Kalmar": 140.66786173400507, "RMSE_Blekinge": 144.36624400183686, "CV_RMSE_'Kalmar": 1361.301887748436, "CV_RMSE_Blekinge": 3216.079693110227, "_timestamp": 1748577730.4718747, "_runtime": 1.3341147899627686, "_step": 0, "_wandb": {"runtime": 1}}