{"CV_RMSE": 306.1369022412897, "RMSE": 22.187943143625766, "RMSE_Kalmar": 14.932684242089204, "RMSE_Blekinge": 7.255258901536563, "CV_RMSE_'Kalmar": 144.50984750408907, "CV_RMSE_Blekinge": 161.62705473720067, "_timestamp": 1748469215.3518786, "_runtime": 1.4646265506744385, "_step": 0, "_wandb": {"runtime": 1}}