{"CV_RMSE": 306.7127301706402, "RMSE": 22.234130401849363, "RMSE_Kalmar": 14.968644800119606, "RMSE_Blekinge": 7.265485601729756, "CV_RMSE_'Kalmar": 144.85785290438326, "CV_RMSE_Blekinge": 161.85487726625695, "_timestamp": 1748512428.668067, "_runtime": 1.2800469398498535, "_step": 0, "_wandb": {"runtime": 1}}