{"CV_RMSE": 260.67726963769593, "RMSE": 426.44476035030226, "RMSE_STHLM": 393.6479261237464, "RMSE_S\u00f6dermanland": 32.79683422655587, "CV_RMSE_STHLM": 140.19910309116415, "CV_RMSE_S\u00f6dermanland": 120.4781665465318, "_timestamp": 1748474039.575266, "_runtime": 1.3454508781433105, "_step": 0, "_wandb": {"runtime": 1}}