{"CV_RMSE": 1269.608562534825, "RMSE": 2317.5279396917185, "RMSE_STHLM": 2183.6206485768466, "RMSE_S\u00f6dermanland": 133.9072911148721, "CV_RMSE_STHLM": 777.7042278271317, "CV_RMSE_S\u00f6dermanland": 491.9043347076934, "_timestamp": 1748358622.9553552, "_runtime": 1.3061580657958984, "_step": 0, "_wandb": {"runtime": 1}}