{"CV_RMSE": 267.22441251207806, "RMSE": 421.7530719318184, "RMSE_STHLM": 386.47890220183046, "RMSE_S\u00f6dermanland": 35.27416972998794, "CV_RMSE_STHLM": 137.6458298304897, "CV_RMSE_S\u00f6dermanland": 129.57858268158836, "_timestamp": 1748340010.8951857, "_runtime": 1.3065016269683838, "_step": 0, "_wandb": {"runtime": 1}}