{"CV_RMSE": 2273.9859280134606, "RMSE": 187.46272843877347, "RMSE_Kalmar": 150.96768993648428, "RMSE_Blekinge": 36.495038502289205, "CV_RMSE_'Kalmar": 1460.9776445466218, "CV_RMSE_Blekinge": 813.0082834668386, "_timestamp": 1748460535.5529764, "_runtime": 1.3252854347229004, "_step": 0, "_wandb": {"runtime": 1}}