{"CV_RMSE": 385.0564023272723, "RMSE": 480.49280403810906, "RMSE_STHLM": 416.00476662626465, "RMSE_S\u00f6dermanland": 64.48803741184443, "CV_RMSE_STHLM": 148.16157101845596, "CV_RMSE_S\u00f6dermanland": 236.8948313088163, "_timestamp": 1748396803.629019, "_runtime": 1.3152270317077637, "_step": 0, "_wandb": {"runtime": 1}}