{"CV_RMSE": 4653.721783631685, "RMSE": 1788.7853406703389, "RMSE_skane": 1556.0547205113673, "RMSE_kronoberg": 232.73062015897165, "CV_RMSE_'skane": 2467.3172101131618, "CV_RMSE_kronoberg": 2186.4045735185227, "_timestamp": 1748530066.516887, "_runtime": 1.3121159076690674, "_step": 0, "_wandb": {"runtime": 1}}