{"CV_RMSE": 305.8368947736043, "RMSE": 22.165846766301236, "RMSE_Kalmar": 14.917426981327157, "RMSE_Blekinge": 7.248419784974079, "CV_RMSE_'Kalmar": 144.36219659348862, "CV_RMSE_Blekinge": 161.47469818011564, "_timestamp": 1748477671.6918328, "_runtime": 1.2606697082519531, "_step": 0, "_wandb": {"runtime": 1}}