{"CV_RMSE": 274.09539498869174, "RMSE": 435.2545170579837, "RMSE_STHLM": 399.3586413850173, "RMSE_S\u00f6dermanland": 35.89587567296644, "CV_RMSE_STHLM": 142.23299455738643, "CV_RMSE_S\u00f6dermanland": 131.8624004313053, "_timestamp": 1748287416.768847, "_runtime": 1.2994019985198975, "_step": 0, "_wandb": {"runtime": 1}}