{"CV_RMSE": 382.55243631980153, "RMSE": 413.00967441170775, "RMSE_STHLM": 342.0313326041547, "RMSE_S\u00f6dermanland": 70.97834180755301, "CV_RMSE_STHLM": 121.81567049613743, "CV_RMSE_S\u00f6dermanland": 260.7367658236641, "_timestamp": 1748346864.0914288, "_runtime": 1.3078787326812744, "_step": 0, "_wandb": {"runtime": 1}}