{"CV_RMSE": 260.12080604754874, "RMSE": 418.2296774895778, "RMSE_STHLM": 384.71860097303465, "RMSE_S\u00f6dermanland": 33.51107651654312, "CV_RMSE_STHLM": 137.01889231330873, "CV_RMSE_S\u00f6dermanland": 123.10191373424004, "_timestamp": 1748457351.5765042, "_runtime": 1.3391811847686768, "_step": 0, "_wandb": {"runtime": 1}}