{"CV_RMSE": 275.1902953326245, "RMSE": 435.9907285477658, "RMSE_STHLM": 399.8438378816467, "RMSE_S\u00f6dermanland": 36.146890666119106, "CV_RMSE_STHLM": 142.40579900810528, "CV_RMSE_S\u00f6dermanland": 132.78449632451918, "_timestamp": 1748428903.374137, "_runtime": 1.307330846786499, "_step": 0, "_wandb": {"runtime": 1}}