{"CV_RMSE": 4910.2078583802095, "RMSE": 1893.2371690228247, "RMSE_skane": 1648.8705668590947, "RMSE_kronoberg": 244.36660216372997, "CV_RMSE_'skane": 2614.4882138357734, "CV_RMSE_kronoberg": 2295.719644544436, "_timestamp": 1748527086.1044276, "_runtime": 1.3221516609191895, "_step": 0, "_wandb": {"runtime": 1}}