{"CV_RMSE": 250.45430355468392, "RMSE": 348.1971870657321, "RMSE_STHLM": 310.0812378996672, "RMSE_S\u00f6dermanland": 38.11594916606495, "CV_RMSE_STHLM": 110.43653110791472, "CV_RMSE_S\u00f6dermanland": 140.01777244676921, "_timestamp": 1748370770.2337608, "_runtime": 1.3076279163360596, "_step": 0, "_wandb": {"runtime": 1}}