{"CV_RMSE": 3482.8599898999364, "RMSE": 227.60821171140063, "RMSE_Kalmar": 126.00350160946746, "RMSE_Blekinge": 101.60471010193316, "CV_RMSE_'Kalmar": 1219.3887252529107, "CV_RMSE_Blekinge": 2263.4712646470257, "_timestamp": 1748551567.9365633, "_runtime": 1.3257231712341309, "_step": 0, "_wandb": {"runtime": 1}}