{"CV_RMSE": 1803.2246156245742, "RMSE": 2412.9551478014623, "RMSE_STHLM": 2128.4353319419893, "RMSE_S\u00f6dermanland": 284.51981585947306, "CV_RMSE_STHLM": 758.0497818550813, "CV_RMSE_S\u00f6dermanland": 1045.1748337694928, "_timestamp": 1748322118.5317998, "_runtime": 1.2691888809204102, "_step": 0, "_wandb": {"runtime": 1}}