{"CV_RMSE": 256.34524796118114, "RMSE": 375.0900319777257, "RMSE_STHLM": 338.0855348794697, "RMSE_S\u00f6dermanland": 37.00449709825599, "CV_RMSE_STHLM": 120.41036066146528, "CV_RMSE_S\u00f6dermanland": 135.93488729971588, "_timestamp": 1748352023.574289, "_runtime": 1.3073670864105225, "_step": 0, "_wandb": {"runtime": 1}}