{"CV_RMSE": 273.41724776358024, "RMSE": 434.52469874742707, "RMSE_STHLM": 398.7548948350007, "RMSE_S\u00f6dermanland": 35.76980391242639, "CV_RMSE_STHLM": 142.01796808527922, "CV_RMSE_S\u00f6dermanland": 131.39927967830104, "_timestamp": 1748473351.9204018, "_runtime": 1.2521307468414307, "_step": 0, "_wandb": {"runtime": 1}}