{"CV_RMSE": 265.5999477611574, "RMSE": 429.80480282503777, "RMSE_STHLM": 395.88477524921336, "RMSE_S\u00f6dermanland": 33.9200275758244, "CV_RMSE_STHLM": 140.99576482955757, "CV_RMSE_S\u00f6dermanland": 124.60418293159982, "_timestamp": 1748530346.8339224, "_runtime": 1.3023943901062012, "_step": 0, "_wandb": {"runtime": 1}}