{"CV_RMSE": 275.5267665652614, "RMSE": 437.05154881068984, "RMSE_STHLM": 400.9171211306359, "RMSE_S\u00f6dermanland": 36.13442768005391, "CV_RMSE_STHLM": 142.78805263853278, "CV_RMSE_S\u00f6dermanland": 132.73871392672865, "_timestamp": 1748390245.3524373, "_runtime": 1.2511961460113525, "_step": 0, "_wandb": {"runtime": 1}}