{"CV_RMSE": 306.8638620440918, "RMSE": 22.247562161102152, "RMSE_Kalmar": 14.980398192061445, "RMSE_Blekinge": 7.267163969040709, "CV_RMSE_'Kalmar": 144.97159540704624, "CV_RMSE_Blekinge": 161.8922666370455, "_timestamp": 1748523029.5894458, "_runtime": 1.3582537174224854, "_step": 0, "_wandb": {"runtime": 1}}