{"CV_RMSE": 3659.6366803004944, "RMSE": 273.4901100460281, "RMSE_Kalmar": 193.09537971329812, "RMSE_Blekinge": 80.39473033272998, "CV_RMSE_'Kalmar": 1868.664964967401, "CV_RMSE_Blekinge": 1790.9717153330935, "_timestamp": 1748460457.4927008, "_runtime": 1.2973227500915527, "_step": 0, "_wandb": {"runtime": 1}}