{"CV_RMSE": 2455.0002258698155, "RMSE": 1136.1218832762252, "RMSE_skane": 1052.4309127476608, "RMSE_kronoberg": 83.6909705285644, "CV_RMSE_'skane": 1668.7593753926967, "CV_RMSE_kronoberg": 786.2408504771188, "_timestamp": 1748563164.9906352, "_runtime": 1.3415791988372803, "_step": 0, "_wandb": {"runtime": 1}}