{"CV_RMSE": 271.88143558595664, "RMSE": 433.08809028026286, "RMSE_STHLM": 397.62701759256123, "RMSE_S\u00f6dermanland": 35.46107268770161, "CV_RMSE_STHLM": 141.61627061072622, "CV_RMSE_S\u00f6dermanland": 130.2651649752304, "_timestamp": 1748477635.409878, "_runtime": 1.2831690311431885, "_step": 0, "_wandb": {"runtime": 1}}