{"CV_RMSE": 2046.6704444980608, "RMSE": 101.29292540796747, "RMSE_Kalmar": 16.6554216852295, "RMSE_Blekinge": 84.63750372273797, "CV_RMSE_'Kalmar": 161.1815001796403, "CV_RMSE_Blekinge": 1885.4889443184204, "_timestamp": 1748513829.88897, "_runtime": 1.3333759307861328, "_step": 0, "_wandb": {"runtime": 1}}