{"CV_RMSE": 1595.012916145598, "RMSE": 155.71356269702892, "RMSE_Kalmar": 148.72079994083396, "RMSE_Blekinge": 6.992762756194966, "CV_RMSE_'Kalmar": 1439.233547814522, "CV_RMSE_Blekinge": 155.77936833107597, "_timestamp": 1748546960.579124, "_runtime": 1.3008840084075928, "_step": 0, "_wandb": {"runtime": 1}}