{"CV_RMSE": 256.5028869591678, "RMSE": 397.5313542395474, "RMSE_STHLM": 362.888681510993, "RMSE_S\u00f6dermanland": 34.64267272855437, "CV_RMSE_STHLM": 129.24408918080482, "CV_RMSE_S\u00f6dermanland": 127.258797778363, "_timestamp": 1748315970.5815587, "_runtime": 1.2749097347259521, "_step": 0, "_wandb": {"runtime": 1}}