{"CV_RMSE": 3484.561811627821, "RMSE": 247.6322217393478, "RMSE_Kalmar": 161.27210225887964, "RMSE_Blekinge": 86.36011948046817, "CV_RMSE_'Kalmar": 1560.6977637956093, "CV_RMSE_Blekinge": 1923.8640478322116, "_timestamp": 1748482000.2678459, "_runtime": 1.2974069118499756, "_step": 0, "_wandb": {"runtime": 1}}