{"CV_RMSE": 724.1350635241304, "RMSE": 1066.5764639072058, "RMSE_STHLM": 962.7967533403528, "RMSE_S\u00f6dermanland": 103.77971056685317, "CV_RMSE_STHLM": 342.9034736867105, "CV_RMSE_S\u00f6dermanland": 381.23158983741985, "_timestamp": 1748331054.952474, "_runtime": 1.415992021560669, "_step": 0, "_wandb": {"runtime": 1}}