{"CV_RMSE": 3443.576582333373, "RMSE": 225.8895878742665, "RMSE_Kalmar": 126.08264828756138, "RMSE_Blekinge": 99.80693958670511, "CV_RMSE_'Kalmar": 1220.1546608473682, "CV_RMSE_Blekinge": 2223.421921486005, "_timestamp": 1748544904.2360427, "_runtime": 1.3738446235656738, "_step": 0, "_wandb": {"runtime": 1}}