{"CV_RMSE": 877.2784750439394, "RMSE": 1259.6224038406592, "RMSE_STHLM": 1130.4036274116188, "RMSE_S\u00f6dermanland": 129.21877642904042, "CV_RMSE_STHLM": 402.59725550868893, "CV_RMSE_S\u00f6dermanland": 474.6812195352505, "_timestamp": 1748284480.564548, "_runtime": 1.2708299160003662, "_step": 0, "_wandb": {"runtime": 1}}