{"CV_RMSE": 268.5919814866392, "RMSE": 424.9832390909918, "RMSE_STHLM": 389.64361478553997, "RMSE_S\u00f6dermanland": 35.339624305451814, "CV_RMSE_STHLM": 138.7729534257958, "CV_RMSE_S\u00f6dermanland": 129.8190280608434, "_timestamp": 1748471072.021493, "_runtime": 1.2715649604797363, "_step": 0, "_wandb": {"runtime": 1}}