{"CV_RMSE": 426.871857526016, "RMSE": 644.7656445511211, "RMSE_STHLM": 585.3090541096482, "RMSE_S\u00f6dermanland": 59.45659044147296, "CV_RMSE_STHLM": 208.45989263897246, "CV_RMSE_S\u00f6dermanland": 218.41196488704355, "_timestamp": 1748344604.8904555, "_runtime": 1.3874914646148682, "_step": 0, "_wandb": {"runtime": 1}}