{"CV_RMSE": 721.6958021264015, "RMSE": 1258.2480245466472, "RMSE_STHLM": 1175.7818607911934, "RMSE_S\u00f6dermanland": 82.46616375545395, "CV_RMSE_STHLM": 418.7588740451421, "CV_RMSE_S\u00f6dermanland": 302.9369280812594, "_timestamp": 1748386136.464747, "_runtime": 1.3601648807525635, "_step": 0, "_wandb": {"runtime": 1}}