{"CV_RMSE": 2997.1143814715215, "RMSE": 1221.0500129528332, "RMSE_skane": 1085.1817089180427, "RMSE_kronoberg": 135.8683040347904, "CV_RMSE_'skane": 1720.6898132949937, "CV_RMSE_kronoberg": 1276.424568176528, "_timestamp": 1748572113.072312, "_runtime": 1.318554162979126, "_step": 0, "_wandb": {"runtime": 1}}