{"CV_RMSE": 2433.648463104225, "RMSE": 146.37299858262014, "RMSE_Kalmar": 65.64672530186127, "RMSE_Blekinge": 80.72627328075887, "CV_RMSE_'Kalmar": 635.2908900180123, "CV_RMSE_Blekinge": 1798.3575730862126, "_timestamp": 1748487651.9920337, "_runtime": 1.3548038005828857, "_step": 0, "_wandb": {"runtime": 1}}