{"CV_RMSE": 272.6076907598343, "RMSE": 434.46568353947765, "RMSE_STHLM": 398.93358341077965, "RMSE_S\u00f6dermanland": 35.53210012869801, "CV_RMSE_STHLM": 142.08160865441303, "CV_RMSE_S\u00f6dermanland": 130.52608210542127, "_timestamp": 1748467782.1950092, "_runtime": 1.345210313796997, "_step": 0, "_wandb": {"runtime": 1}}