{"CV_RMSE": 1943.6998628767747, "RMSE": 2586.888882187875, "RMSE_STHLM": 2278.696876110103, "RMSE_S\u00f6dermanland": 308.1920060777719, "CV_RMSE_STHLM": 811.5659629992452, "CV_RMSE_S\u00f6dermanland": 1132.1338998775295, "_timestamp": 1748311876.947067, "_runtime": 1.344299077987671, "_step": 0, "_wandb": {"runtime": 1}}