{"CV_RMSE": 2349.317164695029, "RMSE": 1169.902854078127, "RMSE_skane": 1106.604766342707, "RMSE_kronoberg": 63.298087735419834, "CV_RMSE_'skane": 1754.6587204165546, "CV_RMSE_kronoberg": 594.6584442784745, "_timestamp": 1748515184.671642, "_runtime": 1.337684154510498, "_step": 0, "_wandb": {"runtime": 1}}