{"CV_RMSE": 305.98298673995794, "RMSE": 22.17791611755606, "RMSE_Kalmar": 14.9271715517548, "RMSE_Blekinge": 7.250744565801259, "CV_RMSE_'Kalmar": 144.45649888794966, "CV_RMSE_Blekinge": 161.52648785200824, "_timestamp": 1748465769.1932852, "_runtime": 1.3505003452301025, "_step": 0, "_wandb": {"runtime": 1}}