{"CV_RMSE": 881.341781869196, "RMSE": 1978.2506313854735, "RMSE_STHLM": 1924.960314382138, "RMSE_S\u00f6dermanland": 53.290317003335424, "CV_RMSE_STHLM": 685.581433693678, "CV_RMSE_S\u00f6dermanland": 195.7603481755179, "_timestamp": 1748322411.497315, "_runtime": 1.288597822189331, "_step": 0, "_wandb": {"runtime": 1}}