{"CV_RMSE": 271.5669387877019, "RMSE": 430.1068934490839, "RMSE_STHLM": 394.42055821584546, "RMSE_S\u00f6dermanland": 35.68633523323842, "CV_RMSE_STHLM": 140.47427874723422, "CV_RMSE_S\u00f6dermanland": 131.09266004046765, "_timestamp": 1748480197.3794177, "_runtime": 1.309572696685791, "_step": 0, "_wandb": {"runtime": 1}}