{"CV_RMSE": 306.3868825977261, "RMSE": 22.20148062798412, "RMSE_Kalmar": 14.93677932543503, "RMSE_Blekinge": 7.264701302549091, "CV_RMSE_'Kalmar": 144.54947734291963, "CV_RMSE_Blekinge": 161.8374052548065, "_timestamp": 1748508975.3483217, "_runtime": 1.6131796836853027, "_step": 0, "_wandb": {"runtime": 1}}