{"CV_RMSE": 273.8723927170352, "RMSE": 435.1532409203249, "RMSE_STHLM": 399.31371575035917, "RMSE_S\u00f6dermanland": 35.839525169965725, "CV_RMSE_STHLM": 142.21699413348765, "CV_RMSE_S\u00f6dermanland": 131.65539858354757, "_timestamp": 1748466385.727734, "_runtime": 1.2512140274047852, "_step": 0, "_wandb": {"runtime": 1}}