{"CV_RMSE": 1218.4507205640114, "RMSE": 1968.082414177008, "RMSE_STHLM": 1812.0794219012473, "RMSE_S\u00f6dermanland": 156.00299227576082, "CV_RMSE_STHLM": 645.3785040408084, "CV_RMSE_S\u00f6dermanland": 573.072216523203, "_timestamp": 1748307481.0980356, "_runtime": 1.3232665061950684, "_step": 0, "_wandb": {"runtime": 1}}