{"CV_RMSE": 267.5972320233348, "RMSE": 423.5994753488462, "RMSE_STHLM": 388.41115321927845, "RMSE_S\u00f6dermanland": 35.188322129567794, "CV_RMSE_STHLM": 138.3340078739021, "CV_RMSE_S\u00f6dermanland": 129.26322414943272, "_timestamp": 1748470723.4426596, "_runtime": 1.2902746200561523, "_step": 0, "_wandb": {"runtime": 1}}