{"CV_RMSE": 267.1646907341505, "RMSE": 439.205432871867, "RMSE_STHLM": 405.82298591713584, "RMSE_S\u00f6dermanland": 33.382446954731186, "CV_RMSE_STHLM": 144.53529375758697, "CV_RMSE_S\u00f6dermanland": 122.62939697656354, "_timestamp": 1748518608.7938552, "_runtime": 1.2780570983886719, "_step": 0, "_wandb": {"runtime": 1}}