{"CV_RMSE": 259.40173093749627, "RMSE": 406.43540048008913, "RMSE_STHLM": 371.87483136746454, "RMSE_S\u00f6dermanland": 34.560569112624584, "CV_RMSE_STHLM": 132.44453827887537, "CV_RMSE_S\u00f6dermanland": 126.95719265862093, "_timestamp": 1748540348.8861215, "_runtime": 1.2822754383087158, "_step": 0, "_wandb": {"runtime": 1}}