{"CV_RMSE": 5017.574757908753, "RMSE": 1945.7645261663688, "RMSE_skane": 1698.314502625408, "RMSE_kronoberg": 247.45002354096061, "CV_RMSE_'skane": 2692.887689152338, "CV_RMSE_kronoberg": 2324.687068756415, "_timestamp": 1748529678.537839, "_runtime": 1.2952568531036377, "_step": 0, "_wandb": {"runtime": 1}}