{"CV_RMSE": 301.0718391300958, "RMSE": 21.818563574385976, "RMSE_Kalmar": 14.681593941624635, "RMSE_Blekinge": 7.136969632761341, "CV_RMSE_'Kalmar": 142.079941370561, "CV_RMSE_Blekinge": 158.99189775953482, "_timestamp": 1748513782.5511672, "_runtime": 1.374176263809204, "_step": 0, "_wandb": {"runtime": 1}}