{"CV_RMSE": 306.30922118117877, "RMSE": 22.21627442537446, "RMSE_Kalmar": 14.969099357454953, "RMSE_Blekinge": 7.247175067919509, "CV_RMSE_'Kalmar": 144.86225184633824, "CV_RMSE_Blekinge": 161.44696933484053, "_timestamp": 1748494235.795973, "_runtime": 1.2585220336914062, "_step": 0, "_wandb": {"runtime": 1}}