{"CV_RMSE": 673.998419088426, "RMSE": 742.1937967034361, "RMSE_STHLM": 618.7013441467981, "RMSE_S\u00f6dermanland": 123.49245255663804, "CV_RMSE_STHLM": 220.35267500281688, "CV_RMSE_S\u00f6dermanland": 453.6457440856091, "_timestamp": 1748339359.3476489, "_runtime": 1.289792776107788, "_step": 0, "_wandb": {"runtime": 1}}