{"CV_RMSE": 2770.387709068002, "RMSE": 177.9462386539493, "RMSE_Kalmar": 94.74439110319514, "RMSE_Blekinge": 83.20184755075415, "CV_RMSE_'Kalmar": 916.881204224469, "CV_RMSE_Blekinge": 1853.506504843533, "_timestamp": 1748571127.0895715, "_runtime": 1.361039400100708, "_step": 0, "_wandb": {"runtime": 1}}