{"CV_RMSE": 3990.868633151107, "RMSE": 1588.693855199801, "RMSE_skane": 1400.2180229959754, "RMSE_kronoberg": 188.47583220382563, "CV_RMSE_'skane": 2220.218852530616, "CV_RMSE_kronoberg": 1770.6497806204914, "_timestamp": 1748525807.215091, "_runtime": 1.452934980392456, "_step": 0, "_wandb": {"runtime": 1}}