{"CV_RMSE": 5024.448172349146, "RMSE": 1952.0983664180949, "RMSE_skane": 1705.0542455030582, "RMSE_kronoberg": 247.04412091503664, "CV_RMSE_'skane": 2703.574385047132, "CV_RMSE_kronoberg": 2320.8737873020145, "_timestamp": 1748561039.2419648, "_runtime": 1.3160288333892822, "_step": 0, "_wandb": {"runtime": 1}}