{"CV_RMSE": 306.69919801476226, "RMSE": 22.24018950030813, "RMSE_Kalmar": 14.980431651768608, "RMSE_Blekinge": 7.259757848539523, "CV_RMSE_'Kalmar": 144.97191921066394, "CV_RMSE_Blekinge": 161.7272788040983, "_timestamp": 1748462693.1406438, "_runtime": 1.8389317989349365, "_step": 0, "_wandb": {"runtime": 1}}