{"CV_RMSE": 306.8489651712896, "RMSE": 22.246983773659338, "RMSE_Kalmar": 14.980557877349327, "RMSE_Blekinge": 7.266425896310011, "CV_RMSE_'Kalmar": 144.97314074854185, "CV_RMSE_Blekinge": 161.87582442274777, "_timestamp": 1748507654.9627001, "_runtime": 1.4047892093658447, "_step": 0, "_wandb": {"runtime": 1}}