{"CV_RMSE": 1183.3146172392703, "RMSE": 1621.282009866544, "RMSE_STHLM": 1438.6375722014755, "RMSE_S\u00f6dermanland": 182.64443766506855, "CV_RMSE_STHLM": 512.375866632896, "CV_RMSE_S\u00f6dermanland": 670.9387506063742, "_timestamp": 1748364371.0106707, "_runtime": 1.3408327102661133, "_step": 0, "_wandb": {"runtime": 1}}