{"CV_RMSE": 2680.1101387767726, "RMSE": 169.53541193826635, "RMSE_Kalmar": 87.03853328730045, "RMSE_Blekinge": 82.4968786509659, "CV_RMSE_'Kalmar": 842.3083866512947, "CV_RMSE_Blekinge": 1837.801752125478, "_timestamp": 1748554571.878256, "_runtime": 1.2880489826202393, "_step": 0, "_wandb": {"runtime": 1}}