{"CV_RMSE": 3373.4160396911216, "RMSE": 224.16538254355712, "RMSE_Kalmar": 128.60253009227395, "RMSE_Blekinge": 95.56285245128316, "CV_RMSE_'Kalmar": 1244.5406137961995, "CV_RMSE_Blekinge": 2128.875425894922, "_timestamp": 1748551751.9570866, "_runtime": 1.3007614612579346, "_step": 0, "_wandb": {"runtime": 1}}