{"CV_RMSE": 1055.497992793809, "RMSE": 775.7056033917921, "RMSE_STHLM": 540.8085568143995, "RMSE_S\u00f6dermanland": 234.89704657739262, "CV_RMSE_STHLM": 192.61088291767294, "CV_RMSE_S\u00f6dermanland": 862.8871098761362, "_timestamp": 1748345823.5155957, "_runtime": 1.3474407196044922, "_step": 0, "_wandb": {"runtime": 1}}