{"CV_RMSE": 1239.5148403228397, "RMSE": 1952.472566500623, "RMSE_STHLM": 1788.4439223029956, "RMSE_S\u00f6dermanland": 164.02864419762753, "CV_RMSE_STHLM": 636.9606371478814, "CV_RMSE_S\u00f6dermanland": 602.5542031749584, "_timestamp": 1748305139.1981957, "_runtime": 1.3226068019866943, "_step": 0, "_wandb": {"runtime": 1}}