{"CV_RMSE": 306.82701939315274, "RMSE": 22.243053790548128, "RMSE_Kalmar": 14.975351183036015, "RMSE_Blekinge": 7.267702607512114, "CV_RMSE_'Kalmar": 144.92275338421948, "CV_RMSE_Blekinge": 161.90426600893326, "_timestamp": 1748564571.791287, "_runtime": 1.2421200275421143, "_step": 0, "_wandb": {"runtime": 1}}