{"CV_RMSE": 302.49940302616113, "RMSE": 21.822748391016635, "RMSE_Kalmar": 14.575692506932821, "RMSE_Blekinge": 7.247055884083815, "CV_RMSE_'Kalmar": 141.05508877676922, "CV_RMSE_Blekinge": 161.4443142493919, "_timestamp": 1748495744.9993098, "_runtime": 1.312253713607788, "_step": 0, "_wandb": {"runtime": 1}}