{"CV_RMSE": 1442.2276609703745, "RMSE": 2355.2820996021683, "RMSE_STHLM": 2173.3923949768905, "RMSE_S\u00f6dermanland": 181.88970462527772, "CV_RMSE_STHLM": 774.0613990815993, "CV_RMSE_S\u00f6dermanland": 668.1662618887752, "_timestamp": 1748358550.1873295, "_runtime": 1.3211455345153809, "_step": 0, "_wandb": {"runtime": 1}}