{"CV_RMSE": 904.0258589915825, "RMSE": 232.93530096719576, "RMSE_skane": 164.46537307589674, "RMSE_kronoberg": 68.46992789129901, "CV_RMSE_'skane": 260.78018986664387, "CV_RMSE_kronoberg": 643.2456691249386, "_timestamp": 1748569952.6265, "_runtime": 1.3227429389953613, "_step": 0, "_wandb": {"runtime": 1}}