{"CV_RMSE": 275.4431978168232, "RMSE": 436.6902316364508, "RMSE_STHLM": 400.5422039119766, "RMSE_S\u00f6dermanland": 36.14802772447419, "CV_RMSE_STHLM": 142.65452454324455, "CV_RMSE_S\u00f6dermanland": 132.78867327357867, "_timestamp": 1748435274.6478715, "_runtime": 1.3194975852966309, "_step": 0, "_wandb": {"runtime": 1}}