{"CV_RMSE": 787.8822484360009, "RMSE": 962.7038626053006, "RMSE_STHLM": 828.5556901756648, "RMSE_S\u00f6dermanland": 134.14817242963574, "CV_RMSE_STHLM": 295.09304359244095, "CV_RMSE_S\u00f6dermanland": 492.7892048435599, "_timestamp": 1748373195.5610278, "_runtime": 1.386077880859375, "_step": 0, "_wandb": {"runtime": 1}}