{"CV_RMSE": 494.445021647728, "RMSE": 623.988570405264, "RMSE_STHLM": 541.9314812032617, "RMSE_S\u00f6dermanland": 82.05708920200233, "CV_RMSE_STHLM": 193.01081641588266, "CV_RMSE_S\u00f6dermanland": 301.43420523184534, "_timestamp": 1748375908.3698773, "_runtime": 1.2886302471160889, "_step": 0, "_wandb": {"runtime": 1}}