{"CV_RMSE": 1483.946756618328, "RMSE": 1876.0099809946832, "RMSE_STHLM": 1630.088520572817, "RMSE_S\u00f6dermanland": 245.92146042186607, "CV_RMSE_STHLM": 580.5617999665751, "CV_RMSE_S\u00f6dermanland": 903.3849566517529, "_timestamp": 1748312536.4690843, "_runtime": 1.279402256011963, "_step": 0, "_wandb": {"runtime": 1}}