{"CV_RMSE": 4944.151239466346, "RMSE": 1908.5756132331753, "RMSE_skane": 1662.976786149296, "RMSE_kronoberg": 245.59882708387929, "CV_RMSE_'skane": 2636.855369158503, "CV_RMSE_kronoberg": 2307.295870307843, "_timestamp": 1748543367.617795, "_runtime": 1.3401870727539062, "_step": 0, "_wandb": {"runtime": 1}}