{"CV_RMSE": 267.8682661662965, "RMSE": 429.6744182529391, "RMSE_STHLM": 395.05661107464834, "RMSE_S\u00f6dermanland": 34.617807178290775, "CV_RMSE_STHLM": 140.70081122563653, "CV_RMSE_S\u00f6dermanland": 127.16745494066001, "_timestamp": 1748507363.1560137, "_runtime": 1.3334918022155762, "_step": 0, "_wandb": {"runtime": 1}}