{"CV_RMSE": 591.5659205166301, "RMSE": 51.95475934049522, "RMSE_Kalmar": 44.90878496481554, "RMSE_Blekinge": 7.045974375679686, "CV_RMSE_'Kalmar": 434.6011448207955, "CV_RMSE_Blekinge": 156.96477569583456, "_timestamp": 1748471871.9178338, "_runtime": 1.3490676879882812, "_step": 0, "_wandb": {"runtime": 1}}