{"CV_RMSE": 305.09493366374534, "RMSE": 22.087425893239093, "RMSE_Kalmar": 14.837660804873003, "RMSE_Blekinge": 7.24976508836609, "CV_RMSE_'Kalmar": 143.5902658536097, "CV_RMSE_Blekinge": 161.50466781013566, "_timestamp": 1748498984.0918725, "_runtime": 1.3524243831634521, "_step": 0, "_wandb": {"runtime": 1}}