{"CV_RMSE": 268.4681490161354, "RMSE": 434.96432898390617, "RMSE_STHLM": 400.73362320088285, "RMSE_S\u00f6dermanland": 34.230705783023346, "CV_RMSE_STHLM": 142.7226992009476, "CV_RMSE_S\u00f6dermanland": 125.7454498151878, "_timestamp": 1748517293.765173, "_runtime": 1.2670738697052002, "_step": 0, "_wandb": {"runtime": 1}}