{"CV_RMSE": 1037.2613898551633, "RMSE": 1612.7954447821041, "RMSE_STHLM": 1473.2674041716623, "RMSE_S\u00f6dermanland": 139.52804061044185, "CV_RMSE_STHLM": 524.7094039392545, "CV_RMSE_S\u00f6dermanland": 512.5519859159089, "_timestamp": 1748369458.3401716, "_runtime": 1.340071678161621, "_step": 0, "_wandb": {"runtime": 1}}