{"CV_RMSE": 272.9143039965811, "RMSE": 431.2646858508352, "RMSE_STHLM": 395.29649221526495, "RMSE_S\u00f6dermanland": 35.96819363557024, "CV_RMSE_STHLM": 140.78624574346594, "CV_RMSE_S\u00f6dermanland": 132.12805825311517, "_timestamp": 1748467195.5157945, "_runtime": 1.2752923965454102, "_step": 0, "_wandb": {"runtime": 1}}