{"CV_RMSE": 5097.589001658478, "RMSE": 1965.4740747180217, "RMSE_skane": 1711.779635833575, "RMSE_kronoberg": 253.69443888444664, "CV_RMSE_'skane": 2714.2383232033426, "CV_RMSE_kronoberg": 2383.3506784551355, "_timestamp": 1748572474.1686661, "_runtime": 1.2454230785369873, "_step": 0, "_wandb": {"runtime": 1}}