{"CV_RMSE": 275.4814790385176, "RMSE": 436.9941286520724, "RMSE_STHLM": 400.86718808962723, "RMSE_S\u00f6dermanland": 36.12694056244514, "CV_RMSE_STHLM": 142.77026880912723, "CV_RMSE_S\u00f6dermanland": 132.71121022939033, "_timestamp": 1748454162.0969567, "_runtime": 1.4233627319335938, "_step": 0, "_wandb": {"runtime": 1}}