{"CV_RMSE": 270.7943400839335, "RMSE": 373.14292371756335, "RMSE_STHLM": 331.57372360979156, "RMSE_S\u00f6dermanland": 41.56920010777181, "CV_RMSE_STHLM": 118.09115601456763, "CV_RMSE_S\u00f6dermanland": 152.70318406936585, "_timestamp": 1748461143.4684846, "_runtime": 1.2880537509918213, "_step": 0, "_wandb": {"runtime": 1}}