{"CV_RMSE": 709.5093293573743, "RMSE": 273.19306125022183, "RMSE_skane": 237.80699768070363, "RMSE_kronoberg": 35.38606356951817, "CV_RMSE_'skane": 377.0724064704603, "CV_RMSE_kronoberg": 332.436922886914, "_timestamp": 1748563938.370963, "_runtime": 1.3589701652526855, "_step": 0, "_wandb": {"runtime": 1}}