{"CV_RMSE": 3075.6544408407244, "RMSE": 1351.3086966556857, "RMSE_skane": 1231.8319972494935, "RMSE_kronoberg": 119.47669940619214, "CV_RMSE_'skane": 1953.221982953742, "CV_RMSE_kronoberg": 1122.4324578869825, "_timestamp": 1748571729.5523064, "_runtime": 1.365739345550537, "_step": 0, "_wandb": {"runtime": 1}}