{"CV_RMSE": 1494.6518029358517, "RMSE": 2451.5958230900687, "RMSE_STHLM": 2264.24336813668, "RMSE_S\u00f6dermanland": 187.35245495338864, "CV_RMSE_STHLM": 806.4182949438117, "CV_RMSE_S\u00f6dermanland": 688.23350799204, "_timestamp": 1748364502.4822562, "_runtime": 1.2725062370300293, "_step": 0, "_wandb": {"runtime": 1}}