{"CV_RMSE": 1500.4050805508027, "RMSE": 2376.5897969482153, "RMSE_STHLM": 2179.4502306719814, "RMSE_S\u00f6dermanland": 197.13956627623367, "CV_RMSE_STHLM": 776.2189187197401, "CV_RMSE_S\u00f6dermanland": 724.1861618310625, "_timestamp": 1748308978.9642267, "_runtime": 1.2708847522735596, "_step": 0, "_wandb": {"runtime": 1}}