{"CV_RMSE": 276.2521821021734, "RMSE": 99.08750006523802, "RMSE_skane": 83.83106725816928, "RMSE_kronoberg": 15.256432807068737, "CV_RMSE_'skane": 132.92452525079693, "CV_RMSE_kronoberg": 143.32765685137647, "_timestamp": 1748570276.0609848, "_runtime": 1.3384349346160889, "_step": 0, "_wandb": {"runtime": 1}}