{"CV_RMSE": 542.9713786884729, "RMSE": 234.41659228447884, "RMSE_skane": 212.4834366664982, "RMSE_kronoberg": 21.93315561798063, "CV_RMSE_'skane": 336.9187684986758, "CV_RMSE_kronoberg": 206.05261018979718, "_timestamp": 1748534505.1410007, "_runtime": 1.3035356998443604, "_step": 0, "_wandb": {"runtime": 1}}