{"CV_RMSE": 812.7072514845556, "RMSE": 1579.5048577462283, "RMSE_STHLM": 1504.0941902665236, "RMSE_S\u00f6dermanland": 75.41066747970461, "CV_RMSE_STHLM": 535.6884729876815, "CV_RMSE_S\u00f6dermanland": 277.0187784968741, "_timestamp": 1748332437.641477, "_runtime": 1.3492140769958496, "_step": 0, "_wandb": {"runtime": 1}}