{"CV_RMSE": 421.6434234046147, "RMSE": 879.205655821487, "RMSE_STHLM": 846.4951090435582, "RMSE_S\u00f6dermanland": 32.71054677792879, "CV_RMSE_STHLM": 301.482231159162, "CV_RMSE_S\u00f6dermanland": 120.1611922454527, "_timestamp": 1748295205.4750707, "_runtime": 1.3070638179779053, "_step": 0, "_wandb": {"runtime": 1}}