{"CV_RMSE": 1442.566318726323, "RMSE": 2317.092365512136, "RMSE_STHLM": 2131.0004481770393, "RMSE_S\u00f6dermanland": 186.0919173350967, "CV_RMSE_STHLM": 758.9633570871924, "CV_RMSE_S\u00f6dermanland": 683.6029616391307, "_timestamp": 1748394460.4228072, "_runtime": 1.2699851989746094, "_step": 0, "_wandb": {"runtime": 1}}