{"CV_RMSE": 1395.546451532548, "RMSE": 2072.32797601884, "_timestamp": 1748282953.9035532, "_runtime": 1.2797513008117676, "_step": 0, "_wandb": {"runtime": 1}}