{"CV_RMSE": 302.8554163673654, "RMSE": 21.868185829109315, "RMSE_Kalmar": 14.627773204921509, "RMSE_Blekinge": 7.240412624187806, "CV_RMSE_'Kalmar": 141.55909553149846, "CV_RMSE_Blekinge": 161.29632083586696, "_timestamp": 1748468951.6458929, "_runtime": 1.3542358875274658, "_step": 0, "_wandb": {"runtime": 1}}