{"CV_RMSE": 5100.330809293535, "RMSE": 1945.0970320288457, "RMSE_skane": 1686.9138800080202, "RMSE_kronoberg": 258.18315202082556, "CV_RMSE_'skane": 2674.8105919788904, "CV_RMSE_kronoberg": 2425.520217314645, "_timestamp": 1748520221.7452765, "_runtime": 1.5371434688568115, "_step": 0, "_wandb": {"runtime": 1}}