{"CV_RMSE": 1114.2094563370688, "RMSE": 1542.1943811942172, "RMSE_STHLM": 1371.8905899259344, "RMSE_S\u00f6dermanland": 170.30379126828288, "CV_RMSE_STHLM": 488.6036924943969, "CV_RMSE_S\u00f6dermanland": 625.6057638426718, "_timestamp": 1748285484.5687015, "_runtime": 1.293933391571045, "_step": 0, "_wandb": {"runtime": 1}}