{"CV_RMSE": 305.28244506139447, "RMSE": 22.087076511689506, "RMSE_Kalmar": 14.822160993741873, "RMSE_Blekinge": 7.264915517947634, "CV_RMSE_'Kalmar": 143.44026768137294, "CV_RMSE_Blekinge": 161.84217738002155, "_timestamp": 1748509028.5871477, "_runtime": 1.28566575050354, "_step": 0, "_wandb": {"runtime": 1}}