{"CV_RMSE": 311.62219588724525, "RMSE": 22.390459684573674, "RMSE_Kalmar": 14.855398420178677, "RMSE_Blekinge": 7.535061264394996, "CV_RMSE_'Kalmar": 143.7619201952775, "CV_RMSE_Blekinge": 167.86027569196776, "_timestamp": 1748468386.2634299, "_runtime": 1.3378329277038574, "_step": 0, "_wandb": {"runtime": 1}}