{"CV_RMSE": 2280.226672612191, "RMSE": 1039.0371673593877, "RMSE_skane": 958.014126997728, "RMSE_kronoberg": 81.02304036165962, "CV_RMSE_'skane": 1519.049884245869, "CV_RMSE_kronoberg": 761.1767883663222, "_timestamp": 1748514727.603417, "_runtime": 1.3105769157409668, "_step": 0, "_wandb": {"runtime": 1}}