{"CV_RMSE": 273.4747869909487, "RMSE": 434.9422548505856, "RMSE_STHLM": 399.19993546537427, "RMSE_S\u00f6dermanland": 35.74231938521134, "CV_RMSE_STHLM": 142.17647088200906, "CV_RMSE_S\u00f6dermanland": 131.29831610893962, "_timestamp": 1748434164.144349, "_runtime": 1.2608880996704102, "_step": 0, "_wandb": {"runtime": 1}}