{"CV_RMSE": 3616.22544013411, "RMSE": 1491.431649101708, "RMSE_skane": 1331.1826569552752, "RMSE_kronoberg": 160.24899214643284, "CV_RMSE_'skane": 2110.7547414724236, "CV_RMSE_kronoberg": 1505.4706986616866, "_timestamp": 1748526742.6958764, "_runtime": 1.3510513305664062, "_step": 0, "_wandb": {"runtime": 1}}