{"CV_RMSE": 273.48219531218274, "RMSE": 433.58244605267964, "RMSE_STHLM": 397.6919016977833, "RMSE_S\u00f6dermanland": 35.890544354896356, "CV_RMSE_STHLM": 141.63937931460427, "CV_RMSE_S\u00f6dermanland": 131.84281599757844, "_timestamp": 1748543098.717254, "_runtime": 1.284268856048584, "_step": 0, "_wandb": {"runtime": 1}}