{"CV_RMSE": 338.96972594254277, "RMSE": 140.2912852423046, "RMSE_skane": 125.36987239825989, "RMSE_kronoberg": 14.921412844044736, "CV_RMSE_'skane": 198.7894382636256, "CV_RMSE_kronoberg": 140.18028767891715, "_timestamp": 1748557854.6386344, "_runtime": 1.4298644065856934, "_step": 0, "_wandb": {"runtime": 1}}