{"CV_RMSE": 3897.201971375196, "RMSE": 225.89631820196527, "RMSE_Kalmar": 90.09198535389959, "RMSE_Blekinge": 135.80433284806568, "CV_RMSE_'Kalmar": 871.8579227796733, "CV_RMSE_Blekinge": 3025.3440485955225, "_timestamp": 1748493924.0348089, "_runtime": 1.3494658470153809, "_step": 0, "_wandb": {"runtime": 1}}