{"CV_RMSE": 1001.2719581767931, "RMSE": 1131.4082192356245, "RMSE_STHLM": 951.0464624700338, "RMSE_S\u00f6dermanland": 180.3617567655906, "CV_RMSE_STHLM": 338.71856597666425, "CV_RMSE_S\u00f6dermanland": 662.5533922001288, "_timestamp": 1748396223.7346196, "_runtime": 1.3373136520385742, "_step": 0, "_wandb": {"runtime": 1}}