{"CV_RMSE": 266.7936461127609, "RMSE": 421.18107833505434, "RMSE_STHLM": 385.97535214933885, "RMSE_S\u00f6dermanland": 35.205726185715484, "CV_RMSE_STHLM": 137.46648869584686, "CV_RMSE_S\u00f6dermanland": 129.32715741691402, "_timestamp": 1748533245.4062386, "_runtime": 1.5597765445709229, "_step": 0, "_wandb": {"runtime": 1}}