{"CV_RMSE": 268.3249089128458, "RMSE": 425.3454043453668, "RMSE_STHLM": 390.1251714485788, "RMSE_S\u00f6dermanland": 35.22023289678797, "CV_RMSE_STHLM": 138.94446153688995, "CV_RMSE_S\u00f6dermanland": 129.3804473759558, "_timestamp": 1748470225.7076104, "_runtime": 1.2518043518066406, "_step": 0, "_wandb": {"runtime": 1}}