{"CV_RMSE": 306.6581425916834, "RMSE": 22.23873742756515, "RMSE_Kalmar": 14.981122715287928, "RMSE_Blekinge": 7.257614712277225, "CV_RMSE_'Kalmar": 144.9786069221412, "CV_RMSE_Blekinge": 161.67953566954213, "_timestamp": 1748515222.2933536, "_runtime": 1.3509576320648193, "_step": 0, "_wandb": {"runtime": 1}}