{"CV_RMSE": 2867.0575721753335, "RMSE": 176.9752756201754, "RMSE_Kalmar": 85.35534134413855, "RMSE_Blekinge": 91.61993427603686, "CV_RMSE_'Kalmar": 826.0194323626312, "CV_RMSE_Blekinge": 2041.0381398127022, "_timestamp": 1748474177.2424371, "_runtime": 1.2892570495605469, "_step": 0, "_wandb": {"runtime": 1}}