{"CV_RMSE": 2777.0458544959047, "RMSE": 1141.0307144057983, "RMSE_skane": 1017.0959036298815, "RMSE_kronoberg": 123.93481077591673, "CV_RMSE_'skane": 1612.7313482503405, "CV_RMSE_kronoberg": 1164.3145062455644, "_timestamp": 1748552152.4832392, "_runtime": 1.3782331943511963, "_step": 0, "_wandb": {"runtime": 1}}