{"CV_RMSE": 4401.142846755141, "RMSE": 1879.3378443363852, "RMSE_skane": 1697.3389121431248, "RMSE_kronoberg": 181.99893219326026, "CV_RMSE_'skane": 2691.3407697829675, "CV_RMSE_kronoberg": 1709.8020769721738, "_timestamp": 1748579538.5846925, "_runtime": 1.323439359664917, "_step": 0, "_wandb": {"runtime": 1}}