{"CV_RMSE": 877.1848113436602, "RMSE": 884.2370261098864, "RMSE_STHLM": 714.7443733599594, "RMSE_S\u00f6dermanland": 169.4926527499271, "CV_RMSE_STHLM": 254.55874001739747, "CV_RMSE_S\u00f6dermanland": 622.6260713262627, "_timestamp": 1748292533.5565577, "_runtime": 1.318549633026123, "_step": 0, "_wandb": {"runtime": 1}}