{"CV_RMSE": 306.90412003871336, "RMSE": 22.251088327822167, "RMSE_Kalmar": 14.983437541809494, "RMSE_Blekinge": 7.267650786012672, "CV_RMSE_'Kalmar": 145.00100846912412, "CV_RMSE_Blekinge": 161.9031115695892, "_timestamp": 1748498861.473809, "_runtime": 1.2513020038604736, "_step": 0, "_wandb": {"runtime": 1}}