{"CV_RMSE": 2468.1315701884373, "RMSE": 766.4853970091003, "RMSE_skane": 606.0573701121867, "RMSE_kronoberg": 160.4280268969136, "CV_RMSE_'skane": 960.9789166683722, "CV_RMSE_kronoberg": 1507.152653520065, "_timestamp": 1748572190.0021446, "_runtime": 1.3166675567626953, "_step": 0, "_wandb": {"runtime": 1}}