{"CV_RMSE": 833.7302779210422, "RMSE": 1268.0960767640536, "RMSE_STHLM": 1152.9145906950048, "RMSE_S\u00f6dermanland": 115.18148606904872, "CV_RMSE_STHLM": 410.614614810251, "CV_RMSE_S\u00f6dermanland": 423.1156631107912, "_timestamp": 1748295292.1698678, "_runtime": 1.295421838760376, "_step": 0, "_wandb": {"runtime": 1}}