{"CV_RMSE": 275.113201787546, "RMSE": 436.5271104693849, "RMSE_STHLM": 400.46104655556803, "RMSE_S\u00f6dermanland": 36.06606391381691, "CV_RMSE_STHLM": 142.62562006332064, "CV_RMSE_S\u00f6dermanland": 132.48758172422538, "_timestamp": 1748535249.8800998, "_runtime": 1.2899117469787598, "_step": 0, "_wandb": {"runtime": 1}}