{"CV_RMSE": 5181.25169765863, "RMSE": 1995.311405111614, "RMSE_skane": 1736.9618043784924, "RMSE_kronoberg": 258.34960073312175, "CV_RMSE_'skane": 2754.167765927842, "CV_RMSE_kronoberg": 2427.0839317307887, "_timestamp": 1748564689.6910565, "_runtime": 1.3081223964691162, "_step": 0, "_wandb": {"runtime": 1}}