{"CV_RMSE": 262.9300182347116, "RMSE": 420.91361016133266, "RMSE_STHLM": 386.84385302879315, "RMSE_S\u00f6dermanland": 34.06975713253949, "CV_RMSE_STHLM": 137.77580836007672, "CV_RMSE_S\u00f6dermanland": 125.15420987463487, "_timestamp": 1748564303.4744985, "_runtime": 1.32602858543396, "_step": 0, "_wandb": {"runtime": 1}}