{"CV_RMSE": 258.5344483071788, "RMSE": 403.22129614581996, "RMSE_STHLM": 368.57709555981074, "RMSE_S\u00f6dermanland": 34.6442005860092, "CV_RMSE_STHLM": 131.27003799122664, "CV_RMSE_S\u00f6dermanland": 127.26441031595216, "_timestamp": 1748501095.8504074, "_runtime": 1.2742993831634521, "_step": 0, "_wandb": {"runtime": 1}}