{"CV_RMSE": 275.0472728930821, "RMSE": 436.4708939665894, "RMSE_STHLM": 400.41866870728103, "RMSE_S\u00f6dermanland": 36.05222525930839, "CV_RMSE_STHLM": 142.6105270425615, "CV_RMSE_S\u00f6dermanland": 132.43674585052062, "_timestamp": 1748487081.1919336, "_runtime": 1.35898756980896, "_step": 0, "_wandb": {"runtime": 1}}