{"CV_RMSE": 3829.693552458549, "RMSE": 261.3656194600397, "RMSE_Kalmar": 158.16176031913946, "RMSE_Blekinge": 103.20385914090024, "CV_RMSE_'Kalmar": 1530.5976805078012, "CV_RMSE_Blekinge": 2299.095871950748, "_timestamp": 1748490778.2886498, "_runtime": 1.290954828262329, "_step": 0, "_wandb": {"runtime": 1}}