{"CV_RMSE": 2755.001719332834, "RMSE": 813.188269589842, "RMSE_skane": 625.5072812083631, "RMSE_kronoberg": 187.68098838147884, "CV_RMSE_'skane": 991.8191562500472, "CV_RMSE_kronoberg": 1763.1825630827868, "_timestamp": 1748515542.6405923, "_runtime": 1.2914392948150635, "_step": 0, "_wandb": {"runtime": 1}}