{"CV_RMSE": 209.54448467142902, "RMSE": 77.22801925045684, "RMSE_skane": 66.07544084558188, "RMSE_kronoberg": 11.152578404874966, "CV_RMSE_'skane": 104.77078358178944, "CV_RMSE_kronoberg": 104.77370108963956, "_timestamp": 1748513444.092096, "_runtime": 1.3303630352020264, "_step": 0, "_wandb": {"runtime": 1}}