{"CV_RMSE": 4920.320918557936, "RMSE": 1830.5822385223832, "RMSE_skane": 1572.1983581404418, "RMSE_kronoberg": 258.38388038194137, "CV_RMSE_'skane": 2492.9149441973177, "CV_RMSE_kronoberg": 2427.4059743606185, "_timestamp": 1748552692.7713685, "_runtime": 1.331193447113037, "_step": 0, "_wandb": {"runtime": 1}}