{"CV_RMSE": 342.75720259879444, "RMSE": 423.5887875228261, "RMSE_STHLM": 365.7424549499517, "RMSE_S\u00f6dermanland": 57.84633257287441, "CV_RMSE_STHLM": 130.26047069843946, "CV_RMSE_S\u00f6dermanland": 212.49673190035497, "_timestamp": 1748310695.7837455, "_runtime": 1.2835476398468018, "_step": 0, "_wandb": {"runtime": 1}}