{"CV_RMSE": 306.81623798935095, "RMSE": 22.239948077567295, "RMSE_Kalmar": 14.970715773527525, "RMSE_Blekinge": 7.269232304039771, "CV_RMSE_'Kalmar": 144.87789458252442, "CV_RMSE_Blekinge": 161.93834340682656, "_timestamp": 1748473194.8743742, "_runtime": 1.2686922550201416, "_step": 0, "_wandb": {"runtime": 1}}