{"CV_RMSE": 548.1819232191743, "RMSE": 760.4796692093643, "RMSE_STHLM": 676.8776221097565, "RMSE_S\u00f6dermanland": 83.60204709960772, "CV_RMSE_STHLM": 241.0723624451052, "CV_RMSE_S\u00f6dermanland": 307.10956077406917, "_timestamp": 1748303042.5298, "_runtime": 1.2883520126342773, "_step": 0, "_wandb": {"runtime": 1}}