{"CV_RMSE": 4300.854477662487, "RMSE": 1844.188874880576, "RMSE_skane": 1667.8956189022178, "RMSE_kronoberg": 176.29325597835796, "CV_RMSE_'skane": 2644.65478684284, "CV_RMSE_kronoberg": 1656.1996908196468, "_timestamp": 1748516448.391655, "_runtime": 1.2901020050048828, "_step": 0, "_wandb": {"runtime": 1}}