{"CV_RMSE": 1344.8870189961133, "RMSE": 1779.8173999058092, "RMSE_STHLM": 1565.4878692375125, "RMSE_S\u00f6dermanland": 214.32953066829668, "CV_RMSE_STHLM": 557.5540491942071, "CV_RMSE_S\u00f6dermanland": 787.3329698019062, "_timestamp": 1748371621.5622327, "_runtime": 1.4052646160125732, "_step": 0, "_wandb": {"runtime": 1}}