{"CV_RMSE": 3206.836753139263, "RMSE": 216.33409882004355, "RMSE_Kalmar": 127.97712341239561, "RMSE_Blekinge": 88.35697540764795, "CV_RMSE_'Kalmar": 1238.4882910876995, "CV_RMSE_Blekinge": 1968.3484620515633, "_timestamp": 1748571642.2693012, "_runtime": 1.374664068222046, "_step": 0, "_wandb": {"runtime": 1}}