{"CV_RMSE": 1062.6713637657276, "RMSE": 1404.9058804139224, "RMSE_STHLM": 1235.3986086510688, "RMSE_S\u00f6dermanland": 169.50727176285355, "CV_RMSE_STHLM": 439.99158994300035, "CV_RMSE_S\u00f6dermanland": 622.6797738227274, "_timestamp": 1748310986.6782684, "_runtime": 1.3157453536987305, "_step": 0, "_wandb": {"runtime": 1}}