{"CV_RMSE": 3007.6440758136046, "RMSE": 226.08855144066735, "RMSE_Kalmar": 161.03277215751967, "RMSE_Blekinge": 65.05577928314767, "CV_RMSE_'Kalmar": 1558.3816660405128, "CV_RMSE_Blekinge": 1449.2624097730918, "_timestamp": 1748527985.7828565, "_runtime": 1.324986457824707, "_step": 0, "_wandb": {"runtime": 1}}