{"CV_RMSE": 4166.458218008417, "RMSE": 285.2601948891841, "RMSE_Kalmar": 173.6810624318438, "RMSE_Blekinge": 111.57913245734032, "CV_RMSE_'Kalmar": 1680.7844751468751, "CV_RMSE_Blekinge": 2485.673742861542, "_timestamp": 1748518451.9388423, "_runtime": 1.3635852336883545, "_step": 0, "_wandb": {"runtime": 1}}