{"CV_RMSE": 270.3601702935881, "RMSE": 433.28024118524064, "RMSE_STHLM": 398.2983813887808, "RMSE_S\u00f6dermanland": 34.98185979645985, "CV_RMSE_STHLM": 141.85537920455192, "CV_RMSE_S\u00f6dermanland": 128.5047910890362, "_timestamp": 1748463777.5263922, "_runtime": 1.3023252487182617, "_step": 0, "_wandb": {"runtime": 1}}