{"CV_RMSE": 3054.0938907349137, "RMSE": 209.24635410101507, "RMSE_Kalmar": 127.56819332458265, "RMSE_Blekinge": 81.6781607764324, "CV_RMSE_'Kalmar": 1234.5309031411223, "CV_RMSE_Blekinge": 1819.5629875937911, "_timestamp": 1748521272.7999592, "_runtime": 1.368528127670288, "_step": 0, "_wandb": {"runtime": 1}}