{"CV_RMSE": 4932.864257227573, "RMSE": 1898.6315614704956, "RMSE_skane": 1652.458964206681, "RMSE_kronoberg": 246.17259726381462, "CV_RMSE_'skane": 2620.1780616385004, "CV_RMSE_kronoberg": 2312.6861955890727, "_timestamp": 1748525573.3923602, "_runtime": 1.314103126525879, "_step": 0, "_wandb": {"runtime": 1}}