{"CV_RMSE": 306.6993112868149, "RMSE": 22.23053697301161, "RMSE_Kalmar": 14.963356406300178, "RMSE_Blekinge": 7.2671805667114295, "CV_RMSE_'Kalmar": 144.80667489967914, "CV_RMSE_Blekinge": 161.89263638713578, "_timestamp": 1748493141.34612, "_runtime": 1.2660961151123047, "_step": 0, "_wandb": {"runtime": 1}}