{"CV_RMSE": 3619.6768974718716, "RMSE": 237.99586420662922, "RMSE_Kalmar": 133.51085329348433, "RMSE_Blekinge": 104.48501091314489, "CV_RMSE_'Kalmar": 1292.0405157433966, "CV_RMSE_Blekinge": 2327.636381728475, "_timestamp": 1748496669.3553147, "_runtime": 1.312861680984497, "_step": 0, "_wandb": {"runtime": 1}}