{"CV_RMSE": 306.1868677860133, "RMSE": 22.1864107390342, "RMSE_Kalmar": 14.926009277810595, "RMSE_Blekinge": 7.260401461223608, "CV_RMSE_'Kalmar": 144.44525107558638, "CV_RMSE_Blekinge": 161.74161671042688, "_timestamp": 1748564451.4747903, "_runtime": 1.2793753147125244, "_step": 0, "_wandb": {"runtime": 1}}