{"CV_RMSE": 275.53794677481176, "RMSE": 437.1025599732829, "RMSE_STHLM": 400.97023869400607, "RMSE_S\u00f6dermanland": 36.13232127927681, "CV_RMSE_STHLM": 142.80697064685614, "CV_RMSE_S\u00f6dermanland": 132.7309761279556, "_timestamp": 1748542788.7820883, "_runtime": 1.254662275314331, "_step": 0, "_wandb": {"runtime": 1}}