{"CV_RMSE": 524.8818536220687, "RMSE": 684.0354261332861, "RMSE_STHLM": 599.2499468544677, "RMSE_S\u00f6dermanland": 84.7854792788185, "CV_RMSE_STHLM": 213.42499096518438, "CV_RMSE_S\u00f6dermanland": 311.45686265688425, "_timestamp": 1748366971.6040337, "_runtime": 1.3125646114349365, "_step": 0, "_wandb": {"runtime": 1}}