{"CV_RMSE": 572.0748714056592, "RMSE": 1161.5478998158692, "RMSE_STHLM": 1113.802831113505, "RMSE_S\u00f6dermanland": 47.745068702364165, "CV_RMSE_STHLM": 396.6848231112602, "CV_RMSE_S\u00f6dermanland": 175.390048294399, "_timestamp": 1748396134.8691835, "_runtime": 1.3058176040649414, "_step": 0, "_wandb": {"runtime": 1}}