{"CV_RMSE": 306.6616044566035, "RMSE": 22.13335764226018, "RMSE_Kalmar": 14.79453008856836, "RMSE_Blekinge": 7.338827553691819, "CV_RMSE_'Kalmar": 143.1728718248551, "CV_RMSE_Blekinge": 163.48873263174843, "_timestamp": 1748514166.2056766, "_runtime": 1.4110255241394043, "_step": 0, "_wandb": {"runtime": 1}}