{"CV_RMSE": 305.1629370302992, "RMSE": 22.104811580443965, "RMSE_Kalmar": 14.86300258286691, "RMSE_Blekinge": 7.241808997577054, "CV_RMSE_'Kalmar": 143.83550886645395, "CV_RMSE_Blekinge": 161.32742816384524, "_timestamp": 1748491743.5689268, "_runtime": 1.2898287773132324, "_step": 0, "_wandb": {"runtime": 1}}