{"CV_RMSE": 395.80777464470276, "RMSE": 477.94441578186445, "RMSE_STHLM": 409.94179297572265, "RMSE_S\u00f6dermanland": 68.0026228061418, "CV_RMSE_STHLM": 146.0022214792839, "CV_RMSE_S\u00f6dermanland": 249.80555316541887, "_timestamp": 1748509815.0024831, "_runtime": 1.4637260437011719, "_step": 0, "_wandb": {"runtime": 1}}