{"CV_RMSE": 1620.4033096674073, "RMSE": 2185.6630108813297, "RMSE_STHLM": 1931.8518797266877, "RMSE_S\u00f6dermanland": 253.81113115464194, "CV_RMSE_STHLM": 688.0358890993348, "CV_RMSE_S\u00f6dermanland": 932.3674205680725, "_timestamp": 1748403584.1329, "_runtime": 1.31233811378479, "_step": 0, "_wandb": {"runtime": 1}}