{"CV_RMSE": 274.97173412363065, "RMSE": 435.8446547673244, "RMSE_STHLM": 399.74796628949963, "RMSE_S\u00f6dermanland": 36.0966884778248, "CV_RMSE_STHLM": 142.37165400100895, "CV_RMSE_S\u00f6dermanland": 132.60008012262173, "_timestamp": 1748343997.4208112, "_runtime": 1.2477591037750244, "_step": 0, "_wandb": {"runtime": 1}}