{"CV_RMSE": 4646.0098260831455, "RMSE": 317.99111052674306, "RMSE_Kalmar": 193.49108222494297, "RMSE_Blekinge": 124.50002830180007, "CV_RMSE_'Kalmar": 1872.4943441123514, "CV_RMSE_Blekinge": 2773.5154819707936, "_timestamp": 1748571417.407265, "_runtime": 1.332399845123291, "_step": 0, "_wandb": {"runtime": 1}}