{"CV_RMSE": 1109.4667107282878, "RMSE": 2040.79116937686, "RMSE_STHLM": 1925.4474018410988, "RMSE_S\u00f6dermanland": 115.34376753576116, "CV_RMSE_STHLM": 685.7549116173285, "CV_RMSE_S\u00f6dermanland": 423.71179911095936, "_timestamp": 1748298310.3498943, "_runtime": 1.3057243824005127, "_step": 0, "_wandb": {"runtime": 1}}