{"CV_RMSE": 5214.779912796741, "RMSE": 2014.3147411274886, "RMSE_skane": 1755.5302450118638, "RMSE_kronoberg": 258.78449611562473, "CV_RMSE_'skane": 2783.6103250716656, "CV_RMSE_kronoberg": 2431.169587725076, "_timestamp": 1748549974.77003, "_runtime": 1.2801189422607422, "_step": 0, "_wandb": {"runtime": 1}}