{"CV_RMSE": 705.8708396156198, "RMSE": 586.0298221371902, "RMSE_STHLM": 436.16340423507023, "RMSE_S\u00f6dermanland": 149.86641790212, "CV_RMSE_STHLM": 155.34114119966887, "CV_RMSE_S\u00f6dermanland": 550.529698415951, "_timestamp": 1748335244.3719082, "_runtime": 1.2725741863250732, "_step": 0, "_wandb": {"runtime": 1}}