{"CV_RMSE": 4557.351286604798, "RMSE": 1895.1279120330794, "RMSE_skane": 1696.331412638248, "RMSE_kronoberg": 198.79649939483141, "CV_RMSE_'skane": 2689.7432547118096, "CV_RMSE_kronoberg": 1867.6080318929883, "_timestamp": 1748543299.9028323, "_runtime": 1.3116602897644043, "_step": 0, "_wandb": {"runtime": 1}}