{"CV_RMSE": 928.3826117426422, "RMSE": 182.22659459009498, "RMSE_skane": 100.3410729915625, "RMSE_kronoberg": 81.88552159853248, "CV_RMSE_'skane": 159.1031812762619, "CV_RMSE_kronoberg": 769.2794304663803, "_timestamp": 1748552541.3305, "_runtime": 1.2927699089050293, "_step": 0, "_wandb": {"runtime": 1}}