{"CV_RMSE": 3431.5133901096597, "RMSE": 960.7763179034168, "RMSE_skane": 716.4305205032911, "RMSE_kronoberg": 244.34579740012583, "CV_RMSE_'skane": 1135.9891974153663, "CV_RMSE_kronoberg": 2295.524192694293, "_timestamp": 1748576507.3107193, "_runtime": 1.321735143661499, "_step": 0, "_wandb": {"runtime": 1}}