{"CV_RMSE": 271.4274706055156, "RMSE": 430.9292945387001, "RMSE_STHLM": 395.37329638009146, "RMSE_S\u00f6dermanland": 35.55599815860864, "CV_RMSE_STHLM": 140.81359981879, "CV_RMSE_S\u00f6dermanland": 130.6138707867256, "_timestamp": 1748479663.2289045, "_runtime": 1.2571625709533691, "_step": 0, "_wandb": {"runtime": 1}}