{"CV_RMSE": 896.0170862492128, "RMSE": 1437.4310121273, "RMSE_STHLM": 1321.653390071057, "RMSE_S\u00f6dermanland": 115.77762205624292, "CV_RMSE_STHLM": 470.71153583852447, "CV_RMSE_S\u00f6dermanland": 425.30555041068834, "_timestamp": 1748389324.5339236, "_runtime": 1.3048655986785889, "_step": 0, "_wandb": {"runtime": 1}}