{"CV_RMSE": 4844.600055844003, "RMSE": 1929.0005551578097, "RMSE_skane": 1700.2974033070452, "RMSE_kronoberg": 228.7031518507644, "CV_RMSE_'skane": 2696.0318234255474, "CV_RMSE_kronoberg": 2148.568232418455, "_timestamp": 1748505447.8102968, "_runtime": 1.2754247188568115, "_step": 0, "_wandb": {"runtime": 1}}