{"CV_RMSE": 1328.2212814533727, "RMSE": 1783.1528540205404, "RMSE_STHLM": 1574.2052864114862, "RMSE_S\u00f6dermanland": 208.94756760905432, "CV_RMSE_STHLM": 560.6587881956223, "CV_RMSE_S\u00f6dermanland": 767.5624932577506, "_timestamp": 1748323720.2882998, "_runtime": 1.2666196823120117, "_step": 0, "_wandb": {"runtime": 1}}