{"CV_RMSE": 310.49583157744337, "RMSE": 23.140572196154977, "RMSE_Kalmar": 16.27103832732153, "RMSE_Blekinge": 6.869533868833445, "CV_RMSE_'Kalmar": 157.46166123214383, "CV_RMSE_Blekinge": 153.03417034529951, "_timestamp": 1748568792.7852583, "_runtime": 1.4023833274841309, "_step": 0, "_wandb": {"runtime": 1}}