{"CV_RMSE": 255.32140735422644, "RMSE": 400.6724423601942, "RMSE_STHLM": 366.7231583141873, "RMSE_S\u00f6dermanland": 33.94928404600695, "CV_RMSE_STHLM": 130.60975167501724, "CV_RMSE_S\u00f6dermanland": 124.71165567920922, "_timestamp": 1748551110.7797906, "_runtime": 1.3679895401000977, "_step": 0, "_wandb": {"runtime": 1}}