{"CV_RMSE": 2994.0280306942914, "RMSE": 1286.6102333176093, "RMSE_skane": 1164.4493049519388, "RMSE_kronoberg": 122.16092836567047, "CV_RMSE_'skane": 1846.3783905157588, "CV_RMSE_kronoberg": 1147.6496401785328, "_timestamp": 1748567788.9804523, "_runtime": 1.3111803531646729, "_step": 0, "_wandb": {"runtime": 1}}