{"CV_RMSE": 3752.24912712604, "RMSE": 1544.4614880344413, "RMSE_skane": 1377.5613674131655, "RMSE_kronoberg": 166.90012062127587, "CV_RMSE_'skane": 2184.293922959565, "CV_RMSE_kronoberg": 1567.9552041664751, "_timestamp": 1748540630.011364, "_runtime": 1.3239030838012695, "_step": 0, "_wandb": {"runtime": 1}}