{"CV_RMSE": 256.4258790196992, "RMSE": 92.66274980341946, "RMSE_skane": 78.64067871963947, "RMSE_kronoberg": 14.022071083779993, "CV_RMSE_'skane": 124.69452228272641, "CV_RMSE_kronoberg": 131.7313567369728, "_timestamp": 1748543452.0170324, "_runtime": 1.322819471359253, "_step": 0, "_wandb": {"runtime": 1}}