{"CV_RMSE": 2102.031103000463, "RMSE": 111.97653770259993, "RMSE_Kalmar": 31.15092829561201, "RMSE_Blekinge": 80.82560940698791, "CV_RMSE_'Kalmar": 301.4605964091485, "CV_RMSE_Blekinge": 1800.5705065913146, "_timestamp": 1748505188.967601, "_runtime": 1.4052190780639648, "_step": 0, "_wandb": {"runtime": 1}}