{"CV_RMSE": 204.94930735950345, "RMSE": 294.7323061747447, "RMSE_STHLM": 264.59367684650056, "RMSE_S\u00f6dermanland": 30.138629328244114, "CV_RMSE_STHLM": 94.23597513330056, "CV_RMSE_S\u00f6dermanland": 110.71333222620288, "_timestamp": 1748362203.691392, "_runtime": 1.3851070404052734, "_step": 0, "_wandb": {"runtime": 1}}