{"CV_RMSE": 620.8937506457814, "RMSE": 626.4744934519754, "RMSE_STHLM": 506.56651379236763, "RMSE_S\u00f6dermanland": 119.90797965960775, "CV_RMSE_STHLM": 180.41545801865092, "CV_RMSE_S\u00f6dermanland": 440.47829262713054, "_timestamp": 1748286443.2827702, "_runtime": 1.2682111263275146, "_step": 0, "_wandb": {"runtime": 1}}