{"CV_RMSE": 4822.458471158376, "RMSE": 335.65474042267596, "RMSE_Kalmar": 210.71738076767485, "RMSE_Blekinge": 124.9373596550011, "CV_RMSE_'Kalmar": 2039.2004590420145, "CV_RMSE_Blekinge": 2783.2580121163614, "_timestamp": 1748513025.0218174, "_runtime": 1.3309144973754883, "_step": 0, "_wandb": {"runtime": 1}}