{"CV_RMSE": 273.20082717743963, "RMSE": 432.6867588515155, "RMSE_STHLM": 396.78486977214976, "RMSE_S\u00f6dermanland": 35.90188907936575, "CV_RMSE_STHLM": 141.31633668181036, "CV_RMSE_S\u00f6dermanland": 131.88449049562928, "_timestamp": 1748542978.1557643, "_runtime": 1.3518574237823486, "_step": 0, "_wandb": {"runtime": 1}}