{"CV_RMSE": 4353.987395823735, "RMSE": 1807.5931937256248, "RMSE_skane": 1617.064999596098, "RMSE_kronoberg": 190.52819412952687, "CV_RMSE_'skane": 2564.0565532707683, "CV_RMSE_kronoberg": 1789.9308425529664, "_timestamp": 1748501447.5991595, "_runtime": 1.2652034759521484, "_step": 0, "_wandb": {"runtime": 1}}