{"CV_RMSE": 271.62877427911326, "RMSE": 429.1132569877124, "RMSE_STHLM": 393.3016027750225, "RMSE_S\u00f6dermanland": 35.81165421268994, "CV_RMSE_STHLM": 140.0757588039257, "CV_RMSE_S\u00f6dermanland": 131.55301547518752, "_timestamp": 1748426084.8742607, "_runtime": 1.429074764251709, "_step": 0, "_wandb": {"runtime": 1}}