{"CV_RMSE": 4547.097694699879, "RMSE": 1665.1496763494242, "RMSE_skane": 1420.9686605706836, "RMSE_kronoberg": 244.18101577874063, "CV_RMSE_'skane": 2253.1215548160944, "CV_RMSE_kronoberg": 2293.9761398837845, "_timestamp": 1748552315.4166884, "_runtime": 1.3200864791870117, "_step": 0, "_wandb": {"runtime": 1}}