{"CV_RMSE": 808.3042510555664, "RMSE": 1425.652262896531, "RMSE_STHLM": 1335.050956818246, "RMSE_S\u00f6dermanland": 90.60130607828508, "CV_RMSE_STHLM": 475.48312668635594, "CV_RMSE_S\u00f6dermanland": 332.82112436921045, "_timestamp": 1748322864.094535, "_runtime": 1.2871830463409424, "_step": 0, "_wandb": {"runtime": 1}}