{"CV_RMSE": 896.7140468308605, "RMSE": 494.90331139710656, "RMSE_skane": 480.5628864549463, "RMSE_kronoberg": 14.34042494216027, "CV_RMSE_'skane": 761.9918918418809, "CV_RMSE_kronoberg": 134.72215498897958, "_timestamp": 1748519896.391538, "_runtime": 1.3606288433074951, "_step": 0, "_wandb": {"runtime": 1}}