{"CV_RMSE": 274.51148111810437, "RMSE": 98.3475820857748, "RMSE_skane": 83.1638184129355, "RMSE_kronoberg": 15.183763672839309, "CV_RMSE_'skane": 131.86651968224444, "CV_RMSE_kronoberg": 142.6449614358599, "_timestamp": 1748556968.9848113, "_runtime": 1.3509712219238281, "_step": 0, "_wandb": {"runtime": 1}}