{"CV_RMSE": 1407.8142133959043, "RMSE": 1454.2541126078527, "RMSE_STHLM": 1186.0021577453667, "RMSE_S\u00f6dermanland": 268.251954862486, "CV_RMSE_STHLM": 422.3988690030986, "CV_RMSE_S\u00f6dermanland": 985.4153443928058, "_timestamp": 1748377555.3673642, "_runtime": 1.325681209564209, "_step": 0, "_wandb": {"runtime": 1}}