{"CV_RMSE": 1033.8239187275956, "RMSE": 1728.7879795023098, "RMSE_STHLM": 1602.749345768365, "RMSE_S\u00f6dermanland": 126.03863373394488, "CV_RMSE_STHLM": 570.8248560314715, "CV_RMSE_S\u00f6dermanland": 462.99906269612404, "_timestamp": 1748374594.6113677, "_runtime": 1.4343647956848145, "_step": 0, "_wandb": {"runtime": 1}}