{"CV_RMSE": 1048.7310157761124, "RMSE": 1169.8314546992267, "RMSE_STHLM": 979.2884285666684, "RMSE_S\u00f6dermanland": 190.54302613255834, "CV_RMSE_STHLM": 348.77704222793886, "CV_RMSE_S\u00f6dermanland": 699.9539735481735, "_timestamp": 1748319586.1197717, "_runtime": 1.2652738094329834, "_step": 0, "_wandb": {"runtime": 1}}