{"CV_RMSE": 1158.5825182854896, "RMSE": 1437.3114325316267, "RMSE_STHLM": 1242.371007497496, "RMSE_S\u00f6dermanland": 194.94042503413053, "CV_RMSE_STHLM": 442.47483448664286, "CV_RMSE_S\u00f6dermanland": 716.1076837988469, "_timestamp": 1748376385.9780483, "_runtime": 1.3084304332733154, "_step": 0, "_wandb": {"runtime": 1}}