{"CV_RMSE": 239.1803643155484, "RMSE": 82.48029540392727, "RMSE_skane": 68.59908501646366, "RMSE_kronoberg": 13.881210387463605, "CV_RMSE_'skane": 108.7723335356189, "CV_RMSE_kronoberg": 130.40803077992948, "_timestamp": 1748506169.9266086, "_runtime": 1.3365185260772705, "_step": 0, "_wandb": {"runtime": 1}}