{"CV_RMSE": 2296.047741410578, "RMSE": 1110.6299857793913, "RMSE_skane": 1042.1180026018164, "RMSE_kronoberg": 68.51198317757478, "CV_RMSE_'skane": 1652.4069808696877, "CV_RMSE_kronoberg": 643.6407605408904, "_timestamp": 1748558921.1249223, "_runtime": 1.36008620262146, "_step": 0, "_wandb": {"runtime": 1}}