{"CV_RMSE": 306.32844819079025, "RMSE": 22.219203459918372, "RMSE_Kalmar": 14.972752092368625, "RMSE_Blekinge": 7.246451367549748, "CV_RMSE_'Kalmar": 144.89760089388992, "CV_RMSE_Blekinge": 161.43084729690034, "_timestamp": 1748492544.9276483, "_runtime": 1.3095684051513672, "_step": 0, "_wandb": {"runtime": 1}}