{"CV_RMSE": 306.9840472768211, "RMSE": 22.25709204035697, "RMSE_Kalmar": 14.987708942741994, "RMSE_Blekinge": 7.269383097614975, "CV_RMSE_'Kalmar": 145.04234460718058, "CV_RMSE_Blekinge": 161.94170266964053, "_timestamp": 1748518503.534618, "_runtime": 1.3166849613189697, "_step": 0, "_wandb": {"runtime": 1}}