{"CV_RMSE": 2453.0647928649423, "RMSE": 1248.9631700957775, "RMSE_skane": 1188.4327125187685, "RMSE_kronoberg": 60.530457577009045, "CV_RMSE_'skane": 1884.4070494483644, "CV_RMSE_kronoberg": 568.6577434165777, "_timestamp": 1748501724.6550164, "_runtime": 1.3497405052185059, "_step": 0, "_wandb": {"runtime": 1}}