{"CV_RMSE": 570.3461744638091, "RMSE": 1028.6816627354171, "RMSE_STHLM": 967.1929271379871, "RMSE_S\u00f6dermanland": 61.488735597429994, "CV_RMSE_STHLM": 344.46918655488264, "CV_RMSE_S\u00f6dermanland": 225.8769879089265, "_timestamp": 1748388070.388317, "_runtime": 1.3167870044708252, "_step": 0, "_wandb": {"runtime": 1}}