{"CV_RMSE": 1861.7776748975325, "RMSE": 2564.1194525368505, "RMSE_STHLM": 2278.1781992941733, "RMSE_S\u00f6dermanland": 285.94125324267713, "CV_RMSE_STHLM": 811.3812344142287, "CV_RMSE_S\u00f6dermanland": 1050.3964404833036, "_timestamp": 1748319884.712852, "_runtime": 1.24564790725708, "_step": 0, "_wandb": {"runtime": 1}}