{"CV_RMSE": 4273.269702276241, "RMSE": 298.8929052589594, "RMSE_Kalmar": 189.30729287669217, "RMSE_Blekinge": 109.5856123822672, "CV_RMSE_'Kalmar": 1832.0060600970212, "CV_RMSE_Blekinge": 2441.26364217922, "_timestamp": 1748535316.9166765, "_runtime": 1.3231134414672852, "_step": 0, "_wandb": {"runtime": 1}}