{"CV_RMSE": 270.78917375172114, "RMSE": 433.3411906055069, "RMSE_STHLM": 398.23655199474507, "RMSE_S\u00f6dermanland": 35.104638610761796, "CV_RMSE_STHLM": 141.8333584468819, "CV_RMSE_S\u00f6dermanland": 128.95581530483926, "_timestamp": 1748507818.4196672, "_runtime": 1.318857192993164, "_step": 0, "_wandb": {"runtime": 1}}