{"CV_RMSE": 261.8151895561276, "RMSE": 403.2493827886034, "RMSE_STHLM": 367.6192229983829, "RMSE_S\u00f6dermanland": 35.63015979022051, "CV_RMSE_STHLM": 130.92888828592982, "CV_RMSE_S\u00f6dermanland": 130.8863012701978, "_timestamp": 1748492007.2542677, "_runtime": 1.2597417831420898, "_step": 0, "_wandb": {"runtime": 1}}