{"CV_RMSE": 275.26806866539596, "RMSE": 436.63556835122546, "RMSE_STHLM": 400.5344642951677, "RMSE_S\u00f6dermanland": 36.10110405605775, "CV_RMSE_STHLM": 142.65176805130628, "CV_RMSE_S\u00f6dermanland": 132.61630061408968, "_timestamp": 1748292790.7615275, "_runtime": 1.2601475715637207, "_step": 0, "_wandb": {"runtime": 1}}