{"CV_RMSE": 786.3700302077414, "RMSE": 1257.6563730070486, "RMSE_STHLM": 1155.6307371106557, "RMSE_S\u00f6dermanland": 102.02563589639286, "CV_RMSE_STHLM": 411.5819799760942, "CV_RMSE_S\u00f6dermanland": 374.7880502316472, "_timestamp": 1748324643.7996383, "_runtime": 1.2962572574615479, "_step": 0, "_wandb": {"runtime": 1}}