{"CV_RMSE": 271.73307165637516, "RMSE": 449.0462910632756, "RMSE_STHLM": 415.3432462297551, "RMSE_S\u00f6dermanland": 33.703044833520515, "CV_RMSE_STHLM": 147.9259681862998, "CV_RMSE_S\u00f6dermanland": 123.80710347007538, "_timestamp": 1748530469.2974586, "_runtime": 1.3830065727233887, "_step": 0, "_wandb": {"runtime": 1}}