{"CV_RMSE": 304.2019594743833, "RMSE": 22.011773924649052, "RMSE_Kalmar": 14.774775567299809, "RMSE_Blekinge": 7.236998357349244, "CV_RMSE_'Kalmar": 142.98169903838524, "CV_RMSE_Blekinge": 161.22026043599803, "_timestamp": 1748514359.2130225, "_runtime": 1.3368604183197021, "_step": 0, "_wandb": {"runtime": 1}}