{"CV_RMSE": 2485.106446976106, "RMSE": 178.0335606859092, "RMSE_Kalmar": 117.54049613079793, "RMSE_Blekinge": 60.493064555111275, "CV_RMSE_'Kalmar": 1137.4886722335282, "CV_RMSE_Blekinge": 1347.617774742578, "_timestamp": 1748512649.9417396, "_runtime": 1.290076494216919, "_step": 0, "_wandb": {"runtime": 1}}