{"CV_RMSE": 1908.729141717118, "RMSE": 893.7970196504656, "RMSE_skane": 830.8559677120778, "RMSE_kronoberg": 62.94105193838774, "CV_RMSE_'skane": 1317.4248959493834, "CV_RMSE_kronoberg": 591.3042457677345, "_timestamp": 1748542253.3108678, "_runtime": 1.3485338687896729, "_step": 0, "_wandb": {"runtime": 1}}