{"CV_RMSE": 5082.683701090222, "RMSE": 1945.998727046805, "RMSE_skane": 1690.2585233371292, "RMSE_kronoberg": 255.7402037096757, "CV_RMSE_'skane": 2680.113937638154, "CV_RMSE_kronoberg": 2402.5697634520684, "_timestamp": 1748570915.3051534, "_runtime": 1.3256924152374268, "_step": 0, "_wandb": {"runtime": 1}}