{"CV_RMSE": 3424.0102027197445, "RMSE": 255.33436438614103, "RMSE_Kalmar": 179.69571536673803, "RMSE_Blekinge": 75.63864901940299, "CV_RMSE_'Kalmar": 1738.9907938716583, "CV_RMSE_Blekinge": 1685.0194088480864, "_timestamp": 1748525926.3225243, "_runtime": 1.4193072319030762, "_step": 0, "_wandb": {"runtime": 1}}