{"CV_RMSE": 802.5391174077802, "RMSE": 504.8249035995467, "RMSE_STHLM": 317.099655556788, "RMSE_S\u00f6dermanland": 187.7252480427587, "CV_RMSE_STHLM": 112.93616541397277, "CV_RMSE_S\u00f6dermanland": 689.6029519938074, "_timestamp": 1748384654.785934, "_runtime": 1.3259789943695068, "_step": 0, "_wandb": {"runtime": 1}}