{"CV_RMSE": 266.02437849748696, "RMSE": 431.5468568461288, "RMSE_STHLM": 397.685915586561, "RMSE_S\u00f6dermanland": 33.86094125956775, "CV_RMSE_STHLM": 141.63724733989116, "CV_RMSE_S\u00f6dermanland": 124.38713115759583, "_timestamp": 1748562746.172575, "_runtime": 1.3903720378875732, "_step": 0, "_wandb": {"runtime": 1}}