{"CV_RMSE": 1751.34116674413, "RMSE": 2365.6732506854273, "RMSE_STHLM": 2091.7173471540927, "RMSE_S\u00f6dermanland": 273.9559035313347, "CV_RMSE_STHLM": 744.972541526982, "CV_RMSE_S\u00f6dermanland": 1006.368625217148, "_timestamp": 1748313269.7972105, "_runtime": 1.254906415939331, "_step": 0, "_wandb": {"runtime": 1}}