{"CV_RMSE": 306.9883146117978, "RMSE": 22.257490245441307, "RMSE_Kalmar": 14.988074311026422, "RMSE_Blekinge": 7.269415934414886, "CV_RMSE_'Kalmar": 145.04588042928793, "CV_RMSE_Blekinge": 161.94243418250986, "_timestamp": 1748546564.0124109, "_runtime": 1.292794942855835, "_step": 0, "_wandb": {"runtime": 1}}