{"CV_RMSE": 902.5794886619373, "RMSE": 1377.2183201340727, "RMSE_STHLM": 1252.9979186668547, "RMSE_S\u00f6dermanland": 124.22040146721795, "CV_RMSE_STHLM": 446.2596465374631, "CV_RMSE_S\u00f6dermanland": 456.3198421244742, "_timestamp": 1748360036.3815117, "_runtime": 1.346597671508789, "_step": 0, "_wandb": {"runtime": 1}}