{"CV_RMSE": 511.71445197044824, "RMSE": 580.6183128819957, "RMSE_STHLM": 488.6990632271101, "RMSE_S\u00f6dermanland": 91.91924965488559, "CV_RMSE_STHLM": 174.0519022178073, "CV_RMSE_S\u00f6dermanland": 337.6625497526409, "_timestamp": 1748315234.0206735, "_runtime": 1.3243954181671143, "_step": 0, "_wandb": {"runtime": 1}}