{"CV_RMSE": 272.53584761289443, "RMSE": 431.4831389341999, "RMSE_STHLM": 395.65248397273047, "RMSE_S\u00f6dermanland": 35.83065496146949, "CV_RMSE_STHLM": 140.91303346872078, "CV_RMSE_S\u00f6dermanland": 131.62281414417365, "_timestamp": 1748425403.1916564, "_runtime": 1.311793327331543, "_step": 0, "_wandb": {"runtime": 1}}