{"CV_RMSE": 897.5626322455608, "RMSE": 1945.208651137448, "RMSE_STHLM": 1883.481130693927, "RMSE_S\u00f6dermanland": 61.727520443520866, "CV_RMSE_STHLM": 670.8084755142597, "CV_RMSE_S\u00f6dermanland": 226.75415673130115, "_timestamp": 1748331525.4244797, "_runtime": 1.2848656177520752, "_step": 0, "_wandb": {"runtime": 1}}