{"CV_RMSE": 5162.216566354422, "RMSE": 1979.8291102153714, "RMSE_skane": 1720.7734013306178, "RMSE_kronoberg": 259.0557088847536, "CV_RMSE_'skane": 2728.4990507356515, "CV_RMSE_kronoberg": 2433.717515618771, "_timestamp": 1748578698.5867586, "_runtime": 1.3276336193084717, "_step": 0, "_wandb": {"runtime": 1}}