{"CV_RMSE": 774.4027265099511, "RMSE": 1549.5077889951165, "RMSE_STHLM": 1482.4234202397433, "RMSE_S\u00f6dermanland": 67.08436875537303, "CV_RMSE_STHLM": 527.9703514902134, "CV_RMSE_S\u00f6dermanland": 246.4323750197377, "_timestamp": 1748360094.2206986, "_runtime": 1.3938946723937988, "_step": 0, "_wandb": {"runtime": 1}}