{"CV_RMSE": 4876.399601784554, "RMSE": 1900.8108401127809, "RMSE_skane": 1662.3115131284628, "RMSE_kronoberg": 238.49932698431795, "CV_RMSE_'skane": 2635.800496503905, "CV_RMSE_kronoberg": 2240.599105280649, "_timestamp": 1748530250.2058227, "_runtime": 1.2862358093261719, "_step": 0, "_wandb": {"runtime": 1}}