{"CV_RMSE": 2836.3728210312065, "RMSE": 199.92398627090375, "RMSE_Kalmar": 128.36539264250516, "RMSE_Blekinge": 71.55859362839858, "CV_RMSE_'Kalmar": 1242.2457352500498, "CV_RMSE_Blekinge": 1594.1270857811567, "_timestamp": 1748474841.6709774, "_runtime": 1.3095364570617676, "_step": 0, "_wandb": {"runtime": 1}}