{"CV_RMSE": 345.9572121345979, "RMSE": 417.0136572558929, "RMSE_STHLM": 357.4967676046186, "RMSE_S\u00f6dermanland": 59.51688965127431, "CV_RMSE_STHLM": 127.32373994624326, "CV_RMSE_S\u00f6dermanland": 218.63347218835463, "_timestamp": 1748481848.5459952, "_runtime": 1.268935203552246, "_step": 0, "_wandb": {"runtime": 1}}