{"CV_RMSE": 3891.6918734013534, "RMSE": 268.56353893042035, "RMSE_Kalmar": 165.96754334035947, "RMSE_Blekinge": 102.59599559006087, "CV_RMSE_'Kalmar": 1606.137516197027, "CV_RMSE_Blekinge": 2285.554357204326, "_timestamp": 1748457922.3958654, "_runtime": 1.316455364227295, "_step": 0, "_wandb": {"runtime": 1}}