{"CV_RMSE": 4872.930480286617, "RMSE": 1812.7935472947122, "RMSE_skane": 1556.8663700945017, "RMSE_kronoberg": 255.9271772002106, "CV_RMSE_'skane": 2468.6041809109433, "CV_RMSE_kronoberg": 2404.326299375674, "_timestamp": 1748536739.1903975, "_runtime": 1.2672204971313477, "_step": 0, "_wandb": {"runtime": 1}}