{"CV_RMSE": 1401.5505803670858, "RMSE": 1503.9558363788392, "RMSE_STHLM": 1242.9281191510497, "RMSE_S\u00f6dermanland": 261.0277172277896, "CV_RMSE_STHLM": 442.6732517752057, "CV_RMSE_S\u00f6dermanland": 958.8773285918801, "_timestamp": 1748306357.1505253, "_runtime": 1.2609224319458008, "_step": 0, "_wandb": {"runtime": 1}}