{"CV_RMSE": 4846.724916867878, "RMSE": 1840.8104938976999, "RMSE_skane": 1593.9280554027127, "RMSE_kronoberg": 246.8824384949871, "CV_RMSE_'skane": 2527.370066706204, "CV_RMSE_kronoberg": 2319.354850161674, "_timestamp": 1748568405.3190317, "_runtime": 1.3110926151275635, "_step": 0, "_wandb": {"runtime": 1}}