{"CV_RMSE": 275.23722093521656, "RMSE": 436.5757467742907, "RMSE_STHLM": 400.477519159345, "RMSE_S\u00f6dermanland": 36.0982276149457, "CV_RMSE_STHLM": 142.63148683949763, "CV_RMSE_S\u00f6dermanland": 132.6057340957189, "_timestamp": 1748475949.9831936, "_runtime": 1.259528636932373, "_step": 0, "_wandb": {"runtime": 1}}