{"CV_RMSE": 749.5636051157715, "RMSE": 1900.1304781113986, "RMSE_STHLM": 1878.1773663392262, "RMSE_S\u00f6dermanland": 21.953111772172296, "CV_RMSE_STHLM": 668.9195210547304, "CV_RMSE_S\u00f6dermanland": 80.6440840610411, "_timestamp": 1748403987.4979684, "_runtime": 1.3455443382263184, "_step": 0, "_wandb": {"runtime": 1}}