{"CV_RMSE": 526.9694908745911, "RMSE": 344.7614956616803, "RMSE_STHLM": 222.92158595799842, "RMSE_S\u00f6dermanland": 121.83990970368191, "CV_RMSE_STHLM": 79.39431237126972, "CV_RMSE_S\u00f6dermanland": 447.57517850332135, "_timestamp": 1748332521.547917, "_runtime": 1.3310167789459229, "_step": 0, "_wandb": {"runtime": 1}}