{"CV_RMSE": 243.66094525669416, "RMSE": 361.11511761301085, "RMSE_STHLM": 326.43391073360226, "RMSE_S\u00f6dermanland": 34.68120687940856, "CV_RMSE_STHLM": 116.26059345478514, "CV_RMSE_S\u00f6dermanland": 127.40035180190901, "_timestamp": 1748338926.7098749, "_runtime": 1.2537977695465088, "_step": 0, "_wandb": {"runtime": 1}}