{"CV_RMSE": 4083.2458677930326, "RMSE": 1621.7401964927324, "RMSE_skane": 1428.144830694654, "RMSE_kronoberg": 193.5953657980783, "CV_RMSE_'skane": 2264.5002600866605, "CV_RMSE_kronoberg": 1818.745607706372, "_timestamp": 1748527186.295869, "_runtime": 1.31793212890625, "_step": 0, "_wandb": {"runtime": 1}}