{"CV_RMSE": 3758.183232726129, "RMSE": 1526.0474939354576, "RMSE_skane": 1354.6484614116494, "RMSE_kronoberg": 171.39903252380824, "CV_RMSE_'skane": 2147.9626766569495, "CV_RMSE_kronoberg": 1610.2205560691798, "_timestamp": 1748559267.046232, "_runtime": 1.2804450988769531, "_step": 0, "_wandb": {"runtime": 1}}