{"CV_RMSE": 1013.6387241075574, "RMSE": 559.7972310969244, "RMSE_STHLM": 314.33825299828834, "RMSE_S\u00f6dermanland": 245.458978098636, "CV_RMSE_STHLM": 111.95268211256807, "CV_RMSE_S\u00f6dermanland": 901.6860419949894, "_timestamp": 1748347637.5611706, "_runtime": 1.2845866680145264, "_step": 0, "_wandb": {"runtime": 1}}