{"CV_RMSE": 237.96865352525865, "RMSE": 387.3398595327065, "RMSE_STHLM": 357.1901254299074, "RMSE_S\u00f6dermanland": 30.149734102799066, "CV_RMSE_STHLM": 127.21452824967024, "CV_RMSE_S\u00f6dermanland": 110.75412527558841, "_timestamp": 1748316953.2594101, "_runtime": 1.2908952236175537, "_step": 0, "_wandb": {"runtime": 1}}