{"CV_RMSE": 304.2320368396801, "RMSE": 21.997965396027478, "RMSE_Kalmar": 14.747974119844818, "RMSE_Blekinge": 7.2499912761826595, "CV_RMSE_'Kalmar": 142.72233019204663, "CV_RMSE_Blekinge": 161.5097066476335, "_timestamp": 1748473977.6637213, "_runtime": 1.2578563690185547, "_step": 0, "_wandb": {"runtime": 1}}