{"CV_RMSE": 273.7969448284908, "RMSE": 433.50878930121627, "RMSE_STHLM": 397.51545623247887, "RMSE_S\u00f6dermanland": 35.99333306873741, "CV_RMSE_STHLM": 141.57653763721052, "CV_RMSE_S\u00f6dermanland": 132.22040719128026, "_timestamp": 1748562625.8872235, "_runtime": 1.3129184246063232, "_step": 0, "_wandb": {"runtime": 1}}