{"CV_RMSE": 2334.8603005195455, "RMSE": 147.56724992608486, "RMSE_Kalmar": 75.59868393961273, "RMSE_Blekinge": 71.96856598647213, "CV_RMSE_'Kalmar": 731.6001671575425, "CV_RMSE_Blekinge": 1603.260133362003, "_timestamp": 1748574940.7876542, "_runtime": 1.3588621616363525, "_step": 0, "_wandb": {"runtime": 1}}