{"CV_RMSE": 1434.7210811933965, "RMSE": 1940.1313198029923, "RMSE_STHLM": 1715.9330599108462, "RMSE_S\u00f6dermanland": 224.19825989214618, "CV_RMSE_STHLM": 611.1356366916349, "CV_RMSE_S\u00f6dermanland": 823.5854445017616, "_timestamp": 1748307609.821541, "_runtime": 1.3186910152435303, "_step": 0, "_wandb": {"runtime": 1}}