{"CV_RMSE": 966.0485579466449, "RMSE": 1182.2850985549564, "RMSE_STHLM": 1018.0036258108873, "RMSE_S\u00f6dermanland": 164.2814727440691, "CV_RMSE_STHLM": 362.56559684598284, "CV_RMSE_S\u00f6dermanland": 603.482961100662, "_timestamp": 1748305547.1892843, "_runtime": 1.2663283348083496, "_step": 0, "_wandb": {"runtime": 1}}