{"CV_RMSE": 2756.6667990541055, "RMSE": 1513.6128803040704, "RMSE_skane": 1467.9413814135494, "RMSE_kronoberg": 45.67149889052101, "CV_RMSE_'skane": 2327.6026132350144, "CV_RMSE_kronoberg": 429.0641858190909, "_timestamp": 1748543756.2683234, "_runtime": 1.3317594528198242, "_step": 0, "_wandb": {"runtime": 1}}