{"CV_RMSE": 4977.99327933998, "RMSE": 1924.4031634316702, "RMSE_skane": 1677.684403020539, "RMSE_kronoberg": 246.71876041113123, "CV_RMSE_'skane": 2660.176114726013, "CV_RMSE_kronoberg": 2317.8171646139676, "_timestamp": 1748551110.5210178, "_runtime": 1.3010358810424805, "_step": 0, "_wandb": {"runtime": 1}}