{"CV_RMSE": 303.7692018003638, "RMSE": 21.966270729858866, "RMSE_Kalmar": 14.728669520170259, "RMSE_Blekinge": 7.237601209688608, "CV_RMSE_'Kalmar": 142.5355114855186, "CV_RMSE_Blekinge": 161.23369031484523, "_timestamp": 1748481418.8370261, "_runtime": 1.2946991920471191, "_step": 0, "_wandb": {"runtime": 1}}