{"CV_RMSE": 3485.3553708689706, "RMSE": 1403.5588218717398, "RMSE_skane": 1242.2260517407535, "RMSE_kronoberg": 161.3327701309863, "CV_RMSE_'skane": 1969.7030418722306, "CV_RMSE_kronoberg": 1515.6523289967397, "_timestamp": 1748514161.308301, "_runtime": 1.2482929229736328, "_step": 0, "_wandb": {"runtime": 1}}