{"CV_RMSE": 298.3098395130778, "RMSE": 21.783998689382223, "RMSE_Kalmar": 14.83969077487867, "RMSE_Blekinge": 6.944307914503554, "CV_RMSE_'Kalmar": 143.60991072463227, "CV_RMSE_Blekinge": 154.6999287884455, "_timestamp": 1748507515.0500147, "_runtime": 1.2874088287353516, "_step": 0, "_wandb": {"runtime": 1}}