{"CV_RMSE": 888.055853802088, "RMSE": 845.8931896987856, "RMSE_STHLM": 669.0068075787655, "RMSE_S\u00f6dermanland": 176.8863821200202, "CV_RMSE_STHLM": 238.2691439734424, "CV_RMSE_S\u00f6dermanland": 649.7867098286456, "_timestamp": 1748365019.0231464, "_runtime": 1.3322844505310059, "_step": 0, "_wandb": {"runtime": 1}}