{"CV_RMSE": 1997.6146616358283, "RMSE": 610.6037626594584, "RMSE_skane": 478.77719247014977, "RMSE_kronoberg": 131.8265701893086, "CV_RMSE_'skane": 759.1604531767701, "CV_RMSE_kronoberg": 1238.454208459058, "_timestamp": 1748515535.671076, "_runtime": 1.335047960281372, "_step": 0, "_wandb": {"runtime": 1}}