{"CV_RMSE": 372.6409730161739, "RMSE": 25.133905012270784, "RMSE_Kalmar": 14.8631429174207, "RMSE_Blekinge": 10.270762094850085, "CV_RMSE_'Kalmar": 143.83686694278094, "CV_RMSE_Blekinge": 228.80410607339294, "_timestamp": 1748515579.6585941, "_runtime": 1.3106141090393066, "_step": 0, "_wandb": {"runtime": 1}}