{"CV_RMSE": 275.5444685213921, "RMSE": 436.9954780156643, "RMSE_STHLM": 400.84969423624676, "RMSE_S\u00f6dermanland": 36.145783779417506, "CV_RMSE_STHLM": 142.76403831128695, "CV_RMSE_S\u00f6dermanland": 132.78043021010512, "_timestamp": 1748445067.216576, "_runtime": 1.2805900573730469, "_step": 0, "_wandb": {"runtime": 1}}