{"CV_RMSE": 267.98387531804485, "RMSE": 96.36882498716618, "RMSE_skane": 81.6191840079128, "RMSE_kronoberg": 14.749640979253368, "CV_RMSE_'skane": 129.41731079478774, "CV_RMSE_kronoberg": 138.5665645232571, "_timestamp": 1748520253.036091, "_runtime": 1.307751178741455, "_step": 0, "_wandb": {"runtime": 1}}