{"CV_RMSE": 1173.0858279392673, "RMSE": 1398.2152654771762, "RMSE_STHLM": 1194.70539775544, "RMSE_S\u00f6dermanland": 203.50986772173633, "CV_RMSE_STHLM": 425.4985587573787, "CV_RMSE_S\u00f6dermanland": 747.5872691818886, "_timestamp": 1748312057.6102834, "_runtime": 1.6973514556884766, "_step": 0, "_wandb": {"runtime": 1}}