{"CV_RMSE": 2851.220637442708, "RMSE": 209.44584993300742, "RMSE_Kalmar": 144.02221082367933, "RMSE_Blekinge": 65.42363910932811, "CV_RMSE_'Kalmar": 1393.7633305517354, "CV_RMSE_Blekinge": 1457.4573068909726, "_timestamp": 1748506088.9628658, "_runtime": 1.348597764968872, "_step": 0, "_wandb": {"runtime": 1}}