{"CV_RMSE": 3685.8039777026775, "RMSE": 258.23033860613066, "RMSE_Kalmar": 164.03837423550135, "RMSE_Blekinge": 94.19196437062928, "CV_RMSE_'Kalmar": 1587.4681377629163, "CV_RMSE_Blekinge": 2098.335839939761, "_timestamp": 1748476713.221048, "_runtime": 1.3456120491027832, "_step": 0, "_wandb": {"runtime": 1}}