{"CV_RMSE": 2913.4663397695517, "RMSE": 1704.2534673952005, "RMSE_skane": 1677.2124782524324, "RMSE_kronoberg": 27.04098914276802, "CV_RMSE_'skane": 2659.4278196391633, "CV_RMSE_kronoberg": 254.03852013038852, "_timestamp": 1748522528.504315, "_runtime": 1.3238449096679688, "_step": 0, "_wandb": {"runtime": 1}}