{"CV_RMSE": 2756.802576763402, "RMSE": 189.82968470138638, "RMSE_Kalmar": 116.83324816414417, "RMSE_Blekinge": 72.99643653724222, "CV_RMSE_'Kalmar": 1130.6443370723628, "CV_RMSE_Blekinge": 1626.1582396910394, "_timestamp": 1748553315.3137295, "_runtime": 1.3677475452423096, "_step": 0, "_wandb": {"runtime": 1}}