{"CV_RMSE": 273.7686414394242, "RMSE": 434.7895558393729, "RMSE_STHLM": 398.9422603957136, "RMSE_S\u00f6dermanland": 35.84729544365927, "CV_RMSE_STHLM": 142.08469899332894, "CV_RMSE_S\u00f6dermanland": 131.68394244609527, "_timestamp": 1748453068.9243274, "_runtime": 1.2528014183044434, "_step": 0, "_wandb": {"runtime": 1}}