{"CV_RMSE": 4096.239257067915, "RMSE": 285.6488529607175, "RMSE_Kalmar": 179.94125171433217, "RMSE_Blekinge": 105.70760124638534, "CV_RMSE_'Kalmar": 1741.3669520741823, "CV_RMSE_Blekinge": 2354.8723049937325, "_timestamp": 1748487604.4284725, "_runtime": 1.3388185501098633, "_step": 0, "_wandb": {"runtime": 1}}