{"CV_RMSE": 262.5644269883227, "RMSE": 421.4293082437809, "RMSE_STHLM": 387.52512441520867, "RMSE_S\u00f6dermanland": 33.90418382857225, "CV_RMSE_STHLM": 138.01844557724093, "CV_RMSE_S\u00f6dermanland": 124.54598141108174, "_timestamp": 1748522916.180769, "_runtime": 1.3019158840179443, "_step": 0, "_wandb": {"runtime": 1}}