{"CV_RMSE": 306.7571887797398, "RMSE": 22.245328211931472, "RMSE_Kalmar": 14.984914694875913, "RMSE_Blekinge": 7.26041351705556, "CV_RMSE_'Kalmar": 145.01530349879914, "CV_RMSE_Blekinge": 161.74188528094066, "_timestamp": 1748489384.8856993, "_runtime": 1.2400643825531006, "_step": 0, "_wandb": {"runtime": 1}}