{"CV_RMSE": 932.1919022567687, "RMSE": 919.0234037167824, "RMSE_STHLM": 736.6836778203227, "RMSE_S\u00f6dermanland": 182.33972589645964, "CV_RMSE_STHLM": 262.37250100446795, "CV_RMSE_S\u00f6dermanland": 669.8194012523007, "_timestamp": 1748381745.2756095, "_runtime": 1.3341305255889893, "_step": 0, "_wandb": {"runtime": 1}}