{"CV_RMSE": 523.9433209786474, "RMSE": 670.8235429442568, "RMSE_STHLM": 584.9025292386931, "RMSE_S\u00f6dermanland": 85.92101370556367, "CV_RMSE_STHLM": 208.3151073663727, "CV_RMSE_S\u00f6dermanland": 315.62821361227475, "_timestamp": 1748306158.9272885, "_runtime": 1.2914345264434814, "_step": 0, "_wandb": {"runtime": 1}}