{"CV_RMSE": 811.4908957510438, "RMSE": 1288.7025480953175, "RMSE_STHLM": 1182.4374424044568, "RMSE_S\u00f6dermanland": 106.26510569086079, "CV_RMSE_STHLM": 421.12928300910613, "CV_RMSE_S\u00f6dermanland": 390.3616127419376, "_timestamp": 1748343434.5776699, "_runtime": 1.2785468101501465, "_step": 0, "_wandb": {"runtime": 1}}