{"CV_RMSE": 1064.79750458344, "RMSE": 1496.7166008159627, "RMSE_STHLM": 1336.4253862038988, "RMSE_S\u00f6dermanland": 160.2912146120638, "CV_RMSE_STHLM": 475.97263457994023, "CV_RMSE_S\u00f6dermanland": 588.8248700034998, "_timestamp": 1748325088.8474934, "_runtime": 1.2755463123321533, "_step": 0, "_wandb": {"runtime": 1}}