{"CV_RMSE": 274.49551571399525, "RMSE": 435.26089731806064, "RMSE_STHLM": 399.24509083610633, "RMSE_S\u00f6dermanland": 36.01580648195432, "CV_RMSE_STHLM": 142.19255312722424, "CV_RMSE_S\u00f6dermanland": 132.30296258677097, "_timestamp": 1748344643.2634194, "_runtime": 1.3229165077209473, "_step": 0, "_wandb": {"runtime": 1}}