{"CV_RMSE": 3223.713789731075, "RMSE": 1115.9401465393412, "RMSE_skane": 929.7111429763951, "RMSE_kronoberg": 186.229003562946, "CV_RMSE_'skane": 1474.1720026052776, "CV_RMSE_kronoberg": 1749.5417871257973, "_timestamp": 1748532452.2476246, "_runtime": 1.2830326557159424, "_step": 0, "_wandb": {"runtime": 1}}