{"CV_RMSE": 275.17465507686757, "RMSE": 436.389158046018, "RMSE_STHLM": 400.2897582852001, "RMSE_S\u00f6dermanland": 36.09939976081793, "CV_RMSE_STHLM": 142.564615139169, "CV_RMSE_S\u00f6dermanland": 132.61003993769853, "_timestamp": 1748481317.441629, "_runtime": 1.2658329010009766, "_step": 0, "_wandb": {"runtime": 1}}