{"CV_RMSE": 469.98641931562236, "RMSE": 924.1684625919436, "RMSE_STHLM": 881.7122857523935, "RMSE_S\u00f6dermanland": 42.45617683955007, "CV_RMSE_STHLM": 314.024953374418, "CV_RMSE_S\u00f6dermanland": 155.96146594120435, "_timestamp": 1748285340.2536573, "_runtime": 1.2680392265319824, "_step": 0, "_wandb": {"runtime": 1}}