{"CV_RMSE": 270.0169026388535, "RMSE": 428.1148043504382, "RMSE_STHLM": 392.68185064609395, "RMSE_S\u00f6dermanland": 35.43295370434423, "CV_RMSE_STHLM": 139.85503188820124, "CV_RMSE_S\u00f6dermanland": 130.16187075065227, "_timestamp": 1748487553.4841018, "_runtime": 1.2579288482666016, "_step": 0, "_wandb": {"runtime": 1}}