{"CV_RMSE": 2548.326583223657, "RMSE": 153.28699998478075, "RMSE_Kalmar": 68.76952387490968, "RMSE_Blekinge": 84.51747610987107, "CV_RMSE_'Kalmar": 665.5115213700936, "CV_RMSE_Blekinge": 1882.8150618535635, "_timestamp": 1748500017.6429386, "_runtime": 1.3015415668487549, "_step": 0, "_wandb": {"runtime": 1}}