{"CV_RMSE": 546.1444426264402, "RMSE": 510.1604867302327, "RMSE_STHLM": 400.29787631410056, "RMSE_S\u00f6dermanland": 109.86261041613214, "CV_RMSE_STHLM": 142.56750640391394, "CV_RMSE_S\u00f6dermanland": 403.57693622252623, "_timestamp": 1748525457.86291, "_runtime": 1.3100199699401855, "_step": 0, "_wandb": {"runtime": 1}}