{"CV_RMSE": 304.2096931196929, "RMSE": 22.021205142224215, "RMSE_Kalmar": 14.790836743026123, "RMSE_Blekinge": 7.230368399198092, "CV_RMSE_'Kalmar": 143.13712977122054, "CV_RMSE_Blekinge": 161.07256334847233, "_timestamp": 1748477590.196698, "_runtime": 1.2925398349761963, "_step": 0, "_wandb": {"runtime": 1}}