{"CV_RMSE": 301.6341547365096, "RMSE": 22.00854783833942, "RMSE_Kalmar": 14.972868776784868, "RMSE_Blekinge": 7.035679061554553, "CV_RMSE_'Kalmar": 144.89873009791805, "CV_RMSE_Blekinge": 156.73542463859152, "_timestamp": 1748499495.3843696, "_runtime": 1.3133115768432617, "_step": 0, "_wandb": {"runtime": 1}}