{"CV_RMSE": 5063.051903451485, "RMSE": 1922.7444347631813, "RMSE_skane": 1664.7964102213587, "RMSE_kronoberg": 257.94802454182263, "CV_RMSE_'skane": 2639.740608173401, "CV_RMSE_kronoberg": 2423.3112952780834, "_timestamp": 1748528539.4199843, "_runtime": 1.2605533599853516, "_step": 0, "_wandb": {"runtime": 1}}