{"CV_RMSE": 4532.472239458243, "RMSE": 1900.380691209599, "RMSE_skane": 1705.8367462836206, "RMSE_kronoberg": 194.54394492597848, "CV_RMSE_'skane": 2704.8151368133517, "CV_RMSE_kronoberg": 1827.6571026448917, "_timestamp": 1748568385.739724, "_runtime": 1.234527826309204, "_step": 0, "_wandb": {"runtime": 1}}