{"CV_RMSE": 483.46486259615585, "RMSE": 484.38232384583375, "RMSE_STHLM": 390.6467867934369, "RMSE_S\u00f6dermanland": 93.73553705239685, "CV_RMSE_STHLM": 139.13023668939186, "CV_RMSE_S\u00f6dermanland": 344.33462590676396, "_timestamp": 1748362024.8328652, "_runtime": 1.4627442359924316, "_step": 0, "_wandb": {"runtime": 1}}