{"CV_RMSE": 4233.781210626659, "RMSE": 255.42612847539914, "RMSE_Kalmar": 115.5894420959954, "RMSE_Blekinge": 139.83668637940374, "CV_RMSE_'Kalmar": 1118.6075041547942, "CV_RMSE_Blekinge": 3115.1737064718654, "_timestamp": 1748541994.4632328, "_runtime": 1.4359538555145264, "_step": 0, "_wandb": {"runtime": 1}}