{"CV_RMSE": 2226.768012319851, "RMSE": 396.9344335519033, "RMSE_skane": 192.37687922450442, "RMSE_kronoberg": 204.55755432739886, "CV_RMSE_'skane": 305.03733492257567, "CV_RMSE_kronoberg": 1921.7306773972755, "_timestamp": 1748535239.2853613, "_runtime": 1.281679391860962, "_step": 0, "_wandb": {"runtime": 1}}