{"CV_RMSE": 948.495049394448, "RMSE": 1113.3479577588234, "RMSE_STHLM": 946.9567376692221, "RMSE_S\u00f6dermanland": 166.39122008960132, "CV_RMSE_STHLM": 337.2619960040759, "CV_RMSE_S\u00f6dermanland": 611.2330533903721, "_timestamp": 1748351290.2876472, "_runtime": 1.4404892921447754, "_step": 0, "_wandb": {"runtime": 1}}