{"CV_RMSE": 738.939551679299, "RMSE": 1441.098729877754, "RMSE_STHLM": 1373.0656737866623, "RMSE_S\u00f6dermanland": 68.03305609109186, "CV_RMSE_STHLM": 489.02220277324733, "CV_RMSE_S\u00f6dermanland": 249.91734890605176, "_timestamp": 1748367234.8552413, "_runtime": 1.3259482383728027, "_step": 0, "_wandb": {"runtime": 1}}