{"CV_RMSE": 1147.7920545004172, "RMSE": 2184.830907459262, "RMSE_STHLM": 2073.3984102700233, "RMSE_S\u00f6dermanland": 111.4324971892387, "CV_RMSE_STHLM": 738.4481872746422, "CV_RMSE_S\u00f6dermanland": 409.3438672257749, "_timestamp": 1748364387.2738023, "_runtime": 1.2824962139129639, "_step": 0, "_wandb": {"runtime": 1}}