{"CV_RMSE": 271.67196340128714, "RMSE": 434.9712058789592, "RMSE_STHLM": 399.7754532619189, "RMSE_S\u00f6dermanland": 35.1957526170403, "CV_RMSE_STHLM": 142.38144358358807, "CV_RMSE_S\u00f6dermanland": 129.29051981769905, "_timestamp": 1748478872.7395444, "_runtime": 1.2637403011322021, "_step": 0, "_wandb": {"runtime": 1}}