{"CV_RMSE": 2263.7935301023517, "RMSE": 1234.0187108588211, "RMSE_skane": 1194.6914892345917, "RMSE_kronoberg": 39.32722162422949, "CV_RMSE_'skane": 1894.3311140083376, "CV_RMSE_kronoberg": 369.462416094014, "_timestamp": 1748542523.5793412, "_runtime": 1.316143274307251, "_step": 0, "_wandb": {"runtime": 1}}