{"CV_RMSE": 275.2752522136685, "RMSE": 436.95762724627957, "RMSE_STHLM": 400.888934595359, "RMSE_S\u00f6dermanland": 36.06869265092059, "CV_RMSE_STHLM": 142.77801390416428, "CV_RMSE_S\u00f6dermanland": 132.4972383095042, "_timestamp": 1748500115.9725468, "_runtime": 1.2609267234802246, "_step": 0, "_wandb": {"runtime": 1}}