{"CV_RMSE": 485.30140614642704, "RMSE": 1079.1063409828496, "RMSE_STHLM": 1048.6679186050003, "RMSE_S\u00f6dermanland": 30.438422377849264, "CV_RMSE_STHLM": 373.4867933298379, "CV_RMSE_S\u00f6dermanland": 111.81461281658915, "_timestamp": 1748346682.300076, "_runtime": 1.411897897720337, "_step": 0, "_wandb": {"runtime": 1}}