{"CV_RMSE": 262.5299929051163, "RMSE": 415.008169994758, "RMSE_STHLM": 380.4249802617719, "RMSE_S\u00f6dermanland": 34.58318973298612, "CV_RMSE_STHLM": 135.4897040900652, "CV_RMSE_S\u00f6dermanland": 127.04028881505106, "_timestamp": 1748503773.473235, "_runtime": 1.3057188987731934, "_step": 0, "_wandb": {"runtime": 1}}