{"CV_RMSE": 306.9371117420057, "RMSE": 22.25326299323197, "RMSE_Kalmar": 14.984664053579468, "RMSE_Blekinge": 7.268598939652502, "CV_RMSE_'Kalmar": 145.0128779378658, "CV_RMSE_Blekinge": 161.9242338041399, "_timestamp": 1748577683.0990932, "_runtime": 1.2526443004608154, "_step": 0, "_wandb": {"runtime": 1}}