{"CV_RMSE": 551.1829052330847, "RMSE": 392.6076773403336, "RMSE_STHLM": 268.6055293610573, "RMSE_S\u00f6dermanland": 124.00214797927633, "CV_RMSE_STHLM": 95.664810615335, "CV_RMSE_S\u00f6dermanland": 455.5180946177498, "_timestamp": 1748388643.6265247, "_runtime": 1.316267728805542, "_step": 0, "_wandb": {"runtime": 1}}