{"CV_RMSE": 1722.0782032916072, "RMSE": 2335.802584861137, "RMSE_STHLM": 2067.4609854507744, "RMSE_S\u00f6dermanland": 268.3415994103626, "CV_RMSE_STHLM": 736.3335523963976, "CV_RMSE_S\u00f6dermanland": 985.7446508952096, "_timestamp": 1748310747.99452, "_runtime": 1.3422269821166992, "_step": 0, "_wandb": {"runtime": 1}}