{"CV_RMSE": 3101.2818878983962, "RMSE": 215.94164886344035, "RMSE_Kalmar": 135.6607456835256, "RMSE_Blekinge": 80.28090317991476, "CV_RMSE_'Kalmar": 1312.8459259696024, "CV_RMSE_Blekinge": 1788.435961928794, "_timestamp": 1748554108.5181353, "_runtime": 1.2829082012176514, "_step": 0, "_wandb": {"runtime": 1}}