{"CV_RMSE": 1162.1658774513733, "RMSE": 908.2120576636779, "RMSE_STHLM": 655.3862866521549, "RMSE_S\u00f6dermanland": 252.82577101152302, "CV_RMSE_STHLM": 233.4181472049622, "CV_RMSE_S\u00f6dermanland": 928.7477302464112, "_timestamp": 1748291231.2213528, "_runtime": 1.2935938835144043, "_step": 0, "_wandb": {"runtime": 1}}