{"CV_RMSE": 2353.421785111921, "RMSE": 135.88914262596265, "RMSE_Kalmar": 53.47792367491684, "RMSE_Blekinge": 82.41121895104581, "CV_RMSE_'Kalmar": 517.5282936282274, "CV_RMSE_Blekinge": 1835.8934914836939, "_timestamp": 1748520179.7675352, "_runtime": 1.3558990955352783, "_step": 0, "_wandb": {"runtime": 1}}