{"CV_RMSE": 266.2446727014831, "RMSE": 422.6765343078579, "RMSE_STHLM": 387.7968504415145, "RMSE_S\u00f6dermanland": 34.8796838663434, "CV_RMSE_STHLM": 138.11522176389514, "CV_RMSE_S\u00f6dermanland": 128.129450937588, "_timestamp": 1748530145.3107543, "_runtime": 1.3216173648834229, "_step": 0, "_wandb": {"runtime": 1}}