{"CV_RMSE": 3262.9453675370687, "RMSE": 1466.4626836822517, "RMSE_skane": 1346.3841057684904, "RMSE_kronoberg": 120.0785779137613, "CV_RMSE_'skane": 2134.858518660397, "CV_RMSE_kronoberg": 1128.0868488766719, "_timestamp": 1748517787.4466734, "_runtime": 1.3463613986968994, "_step": 0, "_wandb": {"runtime": 1}}