{"CV_RMSE": 275.557551767504, "RMSE": 437.10485337221746, "RMSE_STHLM": 400.9668684204382, "RMSE_S\u00f6dermanland": 36.13798495177927, "CV_RMSE_STHLM": 142.80577031198828, "CV_RMSE_S\u00f6dermanland": 132.7517814555157, "_timestamp": 1748556912.1295354, "_runtime": 1.3353815078735352, "_step": 0, "_wandb": {"runtime": 1}}