{"CV_RMSE": 4878.617122376751, "RMSE": 1860.353352396325, "RMSE_skane": 1613.3550741896536, "RMSE_kronoberg": 246.99827820667142, "CV_RMSE_'skane": 2558.1740077002964, "CV_RMSE_kronoberg": 2320.443114676454, "_timestamp": 1748526014.721571, "_runtime": 1.3118269443511963, "_step": 0, "_wandb": {"runtime": 1}}