{"CV_RMSE": 1603.0822058403112, "RMSE": 2255.9727411462964, "RMSE_STHLM": 2014.9316220275575, "RMSE_S\u00f6dermanland": 241.04111911873886, "CV_RMSE_STHLM": 717.6250335673928, "CV_RMSE_S\u00f6dermanland": 885.4571722729183, "_timestamp": 1748299851.5894434, "_runtime": 1.3192243576049805, "_step": 0, "_wandb": {"runtime": 1}}