{"CV_RMSE": 304.47381187897923, "RMSE": 22.042103294904607, "RMSE_Kalmar": 14.806823823232252, "RMSE_Blekinge": 7.235279471672355, "CV_RMSE_'Kalmar": 143.2918434506347, "CV_RMSE_Blekinge": 161.18196842834453, "_timestamp": 1748498269.9988751, "_runtime": 1.317505121231079, "_step": 0, "_wandb": {"runtime": 1}}