{"CV_RMSE": 275.5352230927154, "RMSE": 437.0991526031687, "RMSE_STHLM": 400.96728655192334, "RMSE_S\u00f6dermanland": 36.13186605124539, "CV_RMSE_STHLM": 142.80591923099763, "CV_RMSE_S\u00f6dermanland": 132.72930386171777, "_timestamp": 1748342236.8549337, "_runtime": 1.2487726211547852, "_step": 0, "_wandb": {"runtime": 1}}