{"CV_RMSE": 274.86639264703086, "RMSE": 436.5306359172903, "RMSE_STHLM": 400.5393507561724, "RMSE_S\u00f6dermanland": 35.99128516111793, "CV_RMSE_STHLM": 142.65350838169968, "CV_RMSE_S\u00f6dermanland": 132.21288426533118, "_timestamp": 1748466959.425233, "_runtime": 1.3183708190917969, "_step": 0, "_wandb": {"runtime": 1}}