{"CV_RMSE": 1223.4942768689257, "RMSE": 1519.2423315278716, "RMSE_STHLM": 1313.5306141640535, "RMSE_S\u00f6dermanland": 205.7117173638179, "CV_RMSE_STHLM": 467.8185804304108, "CV_RMSE_S\u00f6dermanland": 755.6756964385148, "_timestamp": 1748373594.9155328, "_runtime": 1.3070769309997559, "_step": 0, "_wandb": {"runtime": 1}}