{"CV_RMSE": 306.9709945542197, "RMSE": 22.255969003902237, "RMSE_Kalmar": 14.986759292089202, "RMSE_Blekinge": 7.269209711813036, "CV_RMSE_'Kalmar": 145.0331544395729, "CV_RMSE_Blekinge": 161.93784011464683, "_timestamp": 1748551715.9694023, "_runtime": 1.2857933044433594, "_step": 0, "_wandb": {"runtime": 1}}