{"CV_RMSE": 4462.311301570808, "RMSE": 1752.3086376600745, "RMSE_skane": 1536.6830298694224, "RMSE_kronoberg": 215.6256077906522, "CV_RMSE_'skane": 2436.6009987358702, "CV_RMSE_kronoberg": 2025.7103028349375, "_timestamp": 1748551304.3366356, "_runtime": 1.3175005912780762, "_step": 0, "_wandb": {"runtime": 1}}