{"CV_RMSE": 5126.084152105546, "RMSE": 1960.7199526225468, "RMSE_skane": 1702.411140916769, "RMSE_kronoberg": 258.3088117057778, "CV_RMSE_'skane": 2699.383415829972, "CV_RMSE_kronoberg": 2426.700736275575, "_timestamp": 1748568782.6028137, "_runtime": 1.3442268371582031, "_step": 0, "_wandb": {"runtime": 1}}