{"CV_RMSE": 2835.0892342520474, "RMSE": 201.47708599964926, "RMSE_Kalmar": 131.21324096406533, "RMSE_Blekinge": 70.26384503558394, "CV_RMSE_'Kalmar": 1269.8055577167613, "CV_RMSE_Blekinge": 1565.2836765352858, "_timestamp": 1748548106.0902238, "_runtime": 1.3226957321166992, "_step": 0, "_wandb": {"runtime": 1}}