{"CV_RMSE": 261.89578497708703, "RMSE": 407.79079677079187, "RMSE_STHLM": 372.623916729829, "RMSE_S\u00f6dermanland": 35.1668800409629, "CV_RMSE_STHLM": 132.7113276837539, "CV_RMSE_S\u00f6dermanland": 129.1844572933331, "_timestamp": 1748563128.2297482, "_runtime": 1.26865816116333, "_step": 0, "_wandb": {"runtime": 1}}