{"CV_RMSE": 3748.9978830934683, "RMSE": 1608.3041506005452, "RMSE_skane": 1454.7837677967627, "RMSE_kronoberg": 153.5203828037824, "CV_RMSE_'skane": 2306.7395895297504, "CV_RMSE_kronoberg": 1442.2582935637179, "_timestamp": 1748529113.9832246, "_runtime": 1.3133816719055176, "_step": 0, "_wandb": {"runtime": 1}}