{"CV_RMSE": 3191.0002627196936, "RMSE": 217.34399640168783, "RMSE_Kalmar": 131.01956721019937, "RMSE_Blekinge": 86.32442919148848, "CV_RMSE_'Kalmar": 1267.9312955825744, "CV_RMSE_Blekinge": 1923.0689671371194, "_timestamp": 1748463199.1440568, "_runtime": 1.3085277080535889, "_step": 0, "_wandb": {"runtime": 1}}