{"CV_RMSE": 903.9698984215622, "RMSE": 615.611849773566, "RMSE_STHLM": 409.2047454858095, "RMSE_S\u00f6dermanland": 206.40710428775645, "CV_RMSE_STHLM": 145.73971940531402, "CV_RMSE_S\u00f6dermanland": 758.2301790162481, "_timestamp": 1748397587.545921, "_runtime": 1.2827379703521729, "_step": 0, "_wandb": {"runtime": 1}}