{"CV_RMSE": 272.2901699042783, "RMSE": 431.91850347642344, "RMSE_STHLM": 396.2086492921135, "RMSE_S\u00f6dermanland": 35.70985418430999, "CV_RMSE_STHLM": 141.11111371701708, "CV_RMSE_S\u00f6dermanland": 131.17905618726118, "_timestamp": 1748453308.7353735, "_runtime": 1.2767693996429443, "_step": 0, "_wandb": {"runtime": 1}}