{"CV_RMSE": 954.8057612733028, "RMSE": 1321.9001328732402, "RMSE_STHLM": 1175.9971288844529, "RMSE_S\u00f6dermanland": 145.9030039887873, "CV_RMSE_STHLM": 418.835542538982, "CV_RMSE_S\u00f6dermanland": 535.9702187343207, "_timestamp": 1748350458.4459686, "_runtime": 1.3045525550842285, "_step": 0, "_wandb": {"runtime": 1}}