{"CV_RMSE": 3639.9423737013917, "RMSE": 1628.345854373243, "RMSE_skane": 1492.8604364849762, "RMSE_kronoberg": 135.48541788826665, "CV_RMSE_'skane": 2367.114857005776, "CV_RMSE_kronoberg": 1272.827516695616, "_timestamp": 1748556441.0659328, "_runtime": 1.311525821685791, "_step": 0, "_wandb": {"runtime": 1}}