{"CV_RMSE": 306.9295823241745, "RMSE": 22.253324816579493, "RMSE_Kalmar": 14.985370942951313, "RMSE_Blekinge": 7.26795387362818, "CV_RMSE_'Kalmar": 145.01971880275462, "CV_RMSE_Blekinge": 161.90986352141985, "_timestamp": 1748481698.5757914, "_runtime": 1.309422254562378, "_step": 0, "_wandb": {"runtime": 1}}