{"CV_RMSE": 1111.2817682498617, "RMSE": 1217.3209764430633, "RMSE_STHLM": 1013.0206859355562, "RMSE_S\u00f6dermanland": 204.30029050750696, "CV_RMSE_STHLM": 360.7909051610608, "CV_RMSE_S\u00f6dermanland": 750.490863088801, "_timestamp": 1748294062.5046215, "_runtime": 1.338430404663086, "_step": 0, "_wandb": {"runtime": 1}}