{"CV_RMSE": 272.2685594431765, "RMSE": 434.51561955810485, "RMSE_STHLM": 399.09111129678433, "RMSE_S\u00f6dermanland": 35.42450826132052, "CV_RMSE_STHLM": 142.13771276893786, "CV_RMSE_S\u00f6dermanland": 130.13084667423865, "_timestamp": 1748526429.5437376, "_runtime": 1.5556247234344482, "_step": 0, "_wandb": {"runtime": 1}}