{"CV_RMSE": 1169.8874763465226, "RMSE": 2078.73760055696, "RMSE_STHLM": 1949.2540851243627, "RMSE_S\u00f6dermanland": 129.483515432597, "CV_RMSE_STHLM": 694.2337461859622, "CV_RMSE_S\u00f6dermanland": 475.65373016056043, "_timestamp": 1748299163.581728, "_runtime": 1.2752130031585693, "_step": 0, "_wandb": {"runtime": 1}}