{"CV_RMSE": 263.84855639594366, "RMSE": 416.52349695109064, "RMSE_STHLM": 381.70551666315646, "RMSE_S\u00f6dermanland": 34.817980287934155, "CV_RMSE_STHLM": 135.94577166475696, "CV_RMSE_S\u00f6dermanland": 127.9027847311867, "_timestamp": 1748483273.3940845, "_runtime": 1.2946975231170654, "_step": 0, "_wandb": {"runtime": 1}}