{"CV_RMSE": 627.8643289723894, "RMSE": 1468.545300328034, "RMSE_STHLM": 1436.9424250191387, "RMSE_S\u00f6dermanland": 31.602875308895406, "CV_RMSE_STHLM": 511.7721339601206, "CV_RMSE_S\u00f6dermanland": 116.09219501226883, "_timestamp": 1748334667.2257323, "_runtime": 1.2835934162139893, "_step": 0, "_wandb": {"runtime": 1}}