{"CV_RMSE": 589.7502632332033, "RMSE": 502.8983039840928, "RMSE_STHLM": 379.11110065702485, "RMSE_S\u00f6dermanland": 123.78720332706797, "CV_RMSE_STHLM": 135.02176121540262, "CV_RMSE_S\u00f6dermanland": 454.7285020178007, "_timestamp": 1748379239.77249, "_runtime": 1.3693959712982178, "_step": 0, "_wandb": {"runtime": 1}}