{"CV_RMSE": 717.667535380823, "RMSE": 847.6572265860605, "RMSE_STHLM": 722.3235438004572, "RMSE_S\u00f6dermanland": 125.33368278560323, "CV_RMSE_STHLM": 257.2580884133009, "CV_RMSE_S\u00f6dermanland": 460.4094469675221, "_timestamp": 1748380003.9296277, "_runtime": 1.30232572555542, "_step": 0, "_wandb": {"runtime": 1}}