{"CV_RMSE": 1573.6933462012116, "RMSE": 2455.8026966597067, "RMSE_STHLM": 2245.074942535694, "RMSE_S\u00f6dermanland": 210.72775412401293, "CV_RMSE_STHLM": 799.5913922762662, "CV_RMSE_S\u00f6dermanland": 774.1019539249455, "_timestamp": 1748391774.9529834, "_runtime": 1.3127853870391846, "_step": 0, "_wandb": {"runtime": 1}}