{"CV_RMSE": 3233.4456506501983, "RMSE": 213.4052075824148, "RMSE_Kalmar": 120.68681613910414, "RMSE_Blekinge": 92.71839144331064, "CV_RMSE_'Kalmar": 1167.9369303784272, "CV_RMSE_Blekinge": 2065.5087202717714, "_timestamp": 1748518356.96711, "_runtime": 1.4272189140319824, "_step": 0, "_wandb": {"runtime": 1}}