{"CV_RMSE": 274.7775472712357, "RMSE": 436.3030437353833, "RMSE_STHLM": 400.3141061391329, "RMSE_S\u00f6dermanland": 35.988937596250395, "CV_RMSE_STHLM": 142.57328671358115, "CV_RMSE_S\u00f6dermanland": 132.20426055765452, "_timestamp": 1748543440.0835369, "_runtime": 1.2890129089355469, "_step": 0, "_wandb": {"runtime": 1}}