{"CV_RMSE": 4878.929613554926, "RMSE": 307.5774884641088, "RMSE_Kalmar": 156.59318632018034, "RMSE_Blekinge": 150.98430214392843, "CV_RMSE_'Kalmar": 1515.4179321307774, "CV_RMSE_Blekinge": 3363.5116814241483, "_timestamp": 1748515588.6755536, "_runtime": 1.5448095798492432, "_step": 0, "_wandb": {"runtime": 1}}