{"CV_RMSE": 252.08110672272696, "RMSE": 396.142866939348, "RMSE_STHLM": 362.68406266019963, "RMSE_S\u00f6dermanland": 33.458804279148346, "CV_RMSE_STHLM": 129.1712134523861, "CV_RMSE_S\u00f6dermanland": 122.90989327034086, "_timestamp": 1748312482.8209267, "_runtime": 1.3091247081756592, "_step": 0, "_wandb": {"runtime": 1}}