{"CV_RMSE": 274.9870956988895, "RMSE": 436.31801492184366, "RMSE_STHLM": 400.2675165951558, "RMSE_S\u00f6dermanland": 36.050498326687816, "CV_RMSE_STHLM": 142.55669368248527, "CV_RMSE_S\u00f6dermanland": 132.43040201640423, "_timestamp": 1748529018.3259509, "_runtime": 1.3321928977966309, "_step": 0, "_wandb": {"runtime": 1}}