{"CV_RMSE": 5042.306203793392, "RMSE": 1942.5788444536734, "RMSE_skane": 1691.3148965633948, "RMSE_kronoberg": 251.2639478902786, "CV_RMSE_'skane": 2681.7889480392096, "CV_RMSE_kronoberg": 2360.5172557541828, "_timestamp": 1748551739.390955, "_runtime": 1.3132169246673584, "_step": 0, "_wandb": {"runtime": 1}}