{"CV_RMSE": 614.4704606404342, "RMSE": 322.30192499728355, "RMSE_skane": 309.05802939143524, "RMSE_kronoberg": 13.243895605848321, "CV_RMSE_'skane": 490.0497294790199, "CV_RMSE_kronoberg": 124.42073116141428, "_timestamp": 1748509223.811692, "_runtime": 1.3951959609985352, "_step": 0, "_wandb": {"runtime": 1}}