{"CV_RMSE": 589.3082239677159, "RMSE": 1257.6154485258319, "RMSE_STHLM": 1214.989411578794, "RMSE_S\u00f6dermanland": 42.626036947037896, "CV_RMSE_STHLM": 432.7227821214542, "CV_RMSE_S\u00f6dermanland": 156.58544184626166, "_timestamp": 1748334986.9879122, "_runtime": 1.2666282653808594, "_step": 0, "_wandb": {"runtime": 1}}