{"CV_RMSE": 3983.6342399236673, "RMSE": 1331.2726599446626, "RMSE_skane": 1091.453326469085, "RMSE_kronoberg": 239.81933347557757, "CV_RMSE_'skane": 1730.6342385873438, "CV_RMSE_kronoberg": 2253.0000013363237, "_timestamp": 1748564138.1224506, "_runtime": 1.3375585079193115, "_step": 0, "_wandb": {"runtime": 1}}