{"CV_RMSE": 275.57524667779296, "RMSE": 437.1398581826132, "RMSE_STHLM": 401.0002973112257, "RMSE_S\u00f6dermanland": 36.13956087138747, "CV_RMSE_STHLM": 142.81767612983901, "CV_RMSE_S\u00f6dermanland": 132.75757054795397, "_timestamp": 1748526156.3210645, "_runtime": 1.4374594688415527, "_step": 0, "_wandb": {"runtime": 1}}