{"CV_RMSE": 2467.97114873779, "RMSE": 990.3164141515972, "RMSE_skane": 875.3582977338418, "RMSE_kronoberg": 114.95811641775532, "CV_RMSE_'skane": 1387.9888441868527, "CV_RMSE_kronoberg": 1079.9823045509372, "_timestamp": 1748540893.8815172, "_runtime": 1.359485149383545, "_step": 0, "_wandb": {"runtime": 1}}