{"CV_RMSE": 277.0411762710795, "RMSE": 452.0914278896714, "RMSE_STHLM": 417.1151945673436, "RMSE_S\u00f6dermanland": 34.9762333223278, "CV_RMSE_STHLM": 148.55705386252842, "CV_RMSE_S\u00f6dermanland": 128.4841224085511, "_timestamp": 1748481029.0213976, "_runtime": 1.2602336406707764, "_step": 0, "_wandb": {"runtime": 1}}