{"CV_RMSE": 2701.0472353479, "RMSE": 172.32747003701832, "RMSE_Kalmar": 90.3133622612865, "RMSE_Blekinge": 82.01410777573182, "CV_RMSE_'Kalmar": 874.0002799479338, "CV_RMSE_Blekinge": 1827.046955399966, "_timestamp": 1748458547.753364, "_runtime": 1.3301880359649658, "_step": 0, "_wandb": {"runtime": 1}}