{"CV_RMSE": 2968.721496479756, "RMSE": 1714.2732035160154, "RMSE_skane": 1682.1908664071836, "RMSE_kronoberg": 32.08233710883167, "CV_RMSE_'skane": 2667.321669778832, "CV_RMSE_kronoberg": 301.3998267009239, "_timestamp": 1748557404.385398, "_runtime": 1.3422958850860596, "_step": 0, "_wandb": {"runtime": 1}}