{"CV_RMSE": 260.7620584773359, "RMSE": 395.07556937883885, "RMSE_STHLM": 358.88531775445387, "RMSE_S\u00f6dermanland": 36.190251624384985, "CV_RMSE_STHLM": 127.81827700000336, "CV_RMSE_S\u00f6dermanland": 132.94378147733258, "_timestamp": 1748561754.9532676, "_runtime": 1.3105804920196533, "_step": 0, "_wandb": {"runtime": 1}}