{"CV_RMSE": 275.6296620150361, "RMSE": 437.21926714073476, "RMSE_STHLM": 401.07182834732396, "RMSE_S\u00f6dermanland": 36.14743879341078, "CV_RMSE_STHLM": 142.84315216169037, "CV_RMSE_S\u00f6dermanland": 132.78650985334573, "_timestamp": 1748488572.083498, "_runtime": 1.2494730949401855, "_step": 0, "_wandb": {"runtime": 1}}