{"CV_RMSE": 2570.382703565709, "RMSE": 862.4941030397056, "RMSE_skane": 708.466751629923, "RMSE_kronoberg": 154.02735140978257, "CV_RMSE_'skane": 1123.3616569184824, "CV_RMSE_kronoberg": 1447.0210466472267, "_timestamp": 1748533860.4602852, "_runtime": 1.3923842906951904, "_step": 0, "_wandb": {"runtime": 1}}