{"CV_RMSE": 5003.536313346949, "RMSE": 1927.4764202659148, "RMSE_skane": 1678.1106958484788, "RMSE_kronoberg": 249.3657244174359, "CV_RMSE_'skane": 2660.852054728032, "CV_RMSE_kronoberg": 2342.6842586189177, "_timestamp": 1748542039.8450131, "_runtime": 1.411776065826416, "_step": 0, "_wandb": {"runtime": 1}}