{"CV_RMSE": 306.6875803957903, "RMSE": 22.23990612109357, "RMSE_Kalmar": 14.980852667352519, "RMSE_Blekinge": 7.259053453741048, "CV_RMSE_'Kalmar": 144.97599355502436, "CV_RMSE_Blekinge": 161.71158684076593, "_timestamp": 1748462435.7336504, "_runtime": 1.277421474456787, "_step": 0, "_wandb": {"runtime": 1}}