{"CV_RMSE": 306.9572677218563, "RMSE": 22.25600930546309, "RMSE_Kalmar": 14.98791999540984, "RMSE_Blekinge": 7.268089310053247, "CV_RMSE_'Kalmar": 145.04438705235327, "CV_RMSE_Blekinge": 161.912880669503, "_timestamp": 1748485267.0458844, "_runtime": 1.3066112995147705, "_step": 0, "_wandb": {"runtime": 1}}