{"CV_RMSE": 4255.608528692312, "RMSE": 1836.2907964482351, "RMSE_skane": 1664.1879342771444, "RMSE_kronoberg": 172.1028621710908, "CV_RMSE_'skane": 2638.7757943083684, "CV_RMSE_kronoberg": 1616.832734383943, "_timestamp": 1748569039.5756197, "_runtime": 1.2783846855163574, "_step": 0, "_wandb": {"runtime": 1}}