{"CV_RMSE": 275.366491329233, "RMSE": 437.02728184023255, "RMSE_STHLM": 400.9385635455949, "RMSE_S\u00f6dermanland": 36.08871829463766, "CV_RMSE_STHLM": 142.79568943056407, "CV_RMSE_S\u00f6dermanland": 132.57080189866895, "_timestamp": 1748525031.0022638, "_runtime": 1.2706937789916992, "_step": 0, "_wandb": {"runtime": 1}}