{"CV_RMSE": 275.40270081213254, "RMSE": 437.5678954099638, "RMSE_STHLM": 401.5263031539474, "RMSE_S\u00f6dermanland": 36.041592256016365, "CV_RMSE_STHLM": 143.00501497370507, "CV_RMSE_S\u00f6dermanland": 132.39768583842746, "_timestamp": 1748562605.2570617, "_runtime": 1.3091707229614258, "_step": 0, "_wandb": {"runtime": 1}}