{"CV_RMSE": 1287.2938320209435, "RMSE": 1769.1256069292215, "RMSE_STHLM": 1571.0095661834073, "RMSE_S\u00f6dermanland": 198.11604074581413, "CV_RMSE_STHLM": 559.5206211179527, "CV_RMSE_S\u00f6dermanland": 727.7732109029907, "_timestamp": 1748289423.5951912, "_runtime": 1.2692792415618896, "_step": 0, "_wandb": {"runtime": 1}}