{"CV_RMSE": 1312.2690329811076, "RMSE": 1765.6666985895874, "RMSE_STHLM": 1559.650564927549, "RMSE_S\u00f6dermanland": 206.01613366203838, "CV_RMSE_STHLM": 555.4750725899462, "CV_RMSE_S\u00f6dermanland": 756.7939603911614, "_timestamp": 1748287557.701198, "_runtime": 1.2849822044372559, "_step": 0, "_wandb": {"runtime": 1}}