{"CV_RMSE": 306.0751822663433, "RMSE": 22.183487265189058, "RMSE_Kalmar": 14.929704463143624, "RMSE_Blekinge": 7.253782802045435, "CV_RMSE_'Kalmar": 144.48101093364795, "CV_RMSE_Blekinge": 161.5941713326953, "_timestamp": 1748485030.5949867, "_runtime": 1.2869207859039307, "_step": 0, "_wandb": {"runtime": 1}}