{"CV_RMSE": 4815.3837980607295, "RMSE": 1824.9542658693554, "RMSE_skane": 1578.8656741148495, "RMSE_kronoberg": 246.08859175450576, "CV_RMSE_'skane": 2503.4867982793594, "CV_RMSE_kronoberg": 2311.8969997813697, "_timestamp": 1748528057.5288403, "_runtime": 1.3210043907165527, "_step": 0, "_wandb": {"runtime": 1}}