{"CV_RMSE": 1346.46736717199, "RMSE": 2128.9972102465563, "RMSE_STHLM": 1951.6799158813205, "RMSE_S\u00f6dermanland": 177.31729436523563, "CV_RMSE_STHLM": 695.0977144017367, "CV_RMSE_S\u00f6dermanland": 651.3696527702533, "_timestamp": 1748288596.2444198, "_runtime": 1.2753937244415283, "_step": 0, "_wandb": {"runtime": 1}}