{"CV_RMSE": 1695.3989673771903, "RMSE": 754.3819008073308, "RMSE_skane": 690.4509922434115, "RMSE_kronoberg": 63.93090856391933, "CV_RMSE_'skane": 1094.795442246424, "CV_RMSE_kronoberg": 600.6035251307661, "_timestamp": 1748524643.4204981, "_runtime": 1.3031411170959473, "_step": 0, "_wandb": {"runtime": 1}}