{"CV_RMSE": 3917.025623978402, "RMSE": 294.9977118482186, "RMSE_Kalmar": 210.6941235167774, "RMSE_Blekinge": 84.30358833144119, "CV_RMSE_'Kalmar": 2038.9753888720393, "CV_RMSE_Blekinge": 1878.050235106363, "_timestamp": 1748553326.57499, "_runtime": 1.3707749843597412, "_step": 0, "_wandb": {"runtime": 1}}