{"CV_RMSE": 5146.1665181967865, "RMSE": 1973.9113175961024, "RMSE_skane": 1715.7093287975201, "RMSE_kronoberg": 258.2019887985822, "CV_RMSE_'skane": 2720.4693374167864, "CV_RMSE_kronoberg": 2425.69718078, "_timestamp": 1748554588.5348651, "_runtime": 1.255035161972046, "_step": 0, "_wandb": {"runtime": 1}}