{"CV_RMSE": 781.7366280093704, "RMSE": 524.7295074610747, "RMSE_STHLM": 345.4121367069339, "RMSE_S\u00f6dermanland": 179.31737075414082, "CV_RMSE_STHLM": 123.01975585130214, "CV_RMSE_S\u00f6dermanland": 658.7168721580683, "_timestamp": 1748307313.627508, "_runtime": 1.2964859008789062, "_step": 0, "_wandb": {"runtime": 1}}