{"CV_RMSE": 4051.6036472486503, "RMSE": 224.6747165250274, "RMSE_Kalmar": 75.67783163713908, "RMSE_Blekinge": 148.9968848878883, "CV_RMSE_'Kalmar": 732.3661126174749, "CV_RMSE_Blekinge": 3319.2375346311755, "_timestamp": 1748578241.2249434, "_runtime": 1.3571794033050537, "_step": 0, "_wandb": {"runtime": 1}}