{"CV_RMSE": 1000.1804485811218, "RMSE": 1584.984975874377, "RMSE_STHLM": 1453.6491441268838, "RMSE_S\u00f6dermanland": 131.33583174749302, "CV_RMSE_STHLM": 517.7222911413515, "CV_RMSE_S\u00f6dermanland": 482.4581574397703, "_timestamp": 1748321392.986797, "_runtime": 1.2747561931610107, "_step": 0, "_wandb": {"runtime": 1}}