{"CV_RMSE": 519.378752324476, "RMSE": 602.576824015825, "RMSE_STHLM": 510.7046911158938, "RMSE_S\u00f6dermanland": 91.87213289993112, "CV_RMSE_STHLM": 181.8892845288106, "CV_RMSE_S\u00f6dermanland": 337.4894677956653, "_timestamp": 1748332286.1479044, "_runtime": 1.311448335647583, "_step": 0, "_wandb": {"runtime": 1}}