{"CV_RMSE": 304.9816566786999, "RMSE": 22.05048156809017, "RMSE_Kalmar": 14.781331364088208, "RMSE_Blekinge": 7.269150204001961, "CV_RMSE_'Kalmar": 143.04514223311168, "CV_RMSE_Blekinge": 161.93651444558824, "_timestamp": 1748504210.1406202, "_runtime": 1.2534873485565186, "_step": 0, "_wandb": {"runtime": 1}}