{"CV_RMSE": 5136.069599300852, "RMSE": 1965.9250440021335, "RMSE_skane": 1707.3944186823485, "RMSE_kronoberg": 258.53062531978503, "CV_RMSE_'skane": 2707.2850190523495, "CV_RMSE_kronoberg": 2428.7845802485026, "_timestamp": 1748567594.7882242, "_runtime": 1.2387962341308594, "_step": 0, "_wandb": {"runtime": 1}}