{"CV_RMSE": 1307.9813000162007, "RMSE": 1619.3457913738746, "RMSE_STHLM": 1398.9128886756612, "RMSE_S\u00f6dermanland": 220.4329026982134, "CV_RMSE_STHLM": 498.22777990031466, "CV_RMSE_S\u00f6dermanland": 809.753520115886, "_timestamp": 1748365510.1761732, "_runtime": 1.3190162181854248, "_step": 0, "_wandb": {"runtime": 1}}