{"CV_RMSE": 1719.8492904716595, "RMSE": 2428.0897609186254, "RMSE_STHLM": 2170.328196410005, "RMSE_S\u00f6dermanland": 257.7615645086204, "CV_RMSE_STHLM": 772.9700739093805, "CV_RMSE_S\u00f6dermanland": 946.879216562279, "_timestamp": 1748325151.9335992, "_runtime": 1.2589142322540283, "_step": 0, "_wandb": {"runtime": 1}}