{"CV_RMSE": 804.3457012185285, "RMSE": 1016.441684228326, "RMSE_STHLM": 883.1000261128506, "RMSE_S\u00f6dermanland": 133.34165811547538, "CV_RMSE_STHLM": 314.51920201882297, "CV_RMSE_S\u00f6dermanland": 489.8264991997055, "_timestamp": 1748300210.1203742, "_runtime": 1.3432531356811523, "_step": 0, "_wandb": {"runtime": 1}}