{"CV_RMSE": 2972.973784048356, "RMSE": 202.98989757416126, "RMSE_Kalmar": 122.9445991873852, "RMSE_Blekinge": 80.04529838677607, "CV_RMSE_'Kalmar": 1189.7864437488888, "CV_RMSE_Blekinge": 1783.1873402994668, "_timestamp": 1748508574.0740247, "_runtime": 1.3462517261505127, "_step": 0, "_wandb": {"runtime": 1}}