{"CV_RMSE": 252.1913022586977, "RMSE": 388.16208525490396, "RMSE_STHLM": 353.813230303503, "RMSE_S\u00f6dermanland": 34.34885495140096, "CV_RMSE_STHLM": 126.011835090286, "CV_RMSE_S\u00f6dermanland": 126.17946716841169, "_timestamp": 1748563265.5627153, "_runtime": 1.342442274093628, "_step": 0, "_wandb": {"runtime": 1}}