{"CV_RMSE": 302.3590655817263, "RMSE": 21.78387581673809, "RMSE_Kalmar": 14.518101492549976, "RMSE_Blekinge": 7.265774324188112, "CV_RMSE_'Kalmar": 140.4977563795159, "CV_RMSE_Blekinge": 161.8613092022104, "_timestamp": 1748500897.831472, "_runtime": 1.2778029441833496, "_step": 0, "_wandb": {"runtime": 1}}