{"CV_RMSE": 1625.4353247681877, "RMSE": 2160.486909886143, "RMSE_STHLM": 1902.455929525854, "RMSE_S\u00f6dermanland": 258.03098036028916, "CV_RMSE_STHLM": 677.5664173222274, "CV_RMSE_S\u00f6dermanland": 947.8689074459603, "_timestamp": 1748367066.1190128, "_runtime": 1.3160679340362549, "_step": 0, "_wandb": {"runtime": 1}}