{"CV_RMSE": 272.1755840329141, "RMSE": 428.4762044348263, "RMSE_STHLM": 392.4313200105112, "RMSE_S\u00f6dermanland": 36.04488442431514, "CV_RMSE_STHLM": 139.76580451502178, "CV_RMSE_S\u00f6dermanland": 132.40977951789236, "_timestamp": 1748564350.4554036, "_runtime": 1.3212416172027588, "_step": 0, "_wandb": {"runtime": 1}}