{"CV_RMSE": 4714.724853880125, "RMSE": 1906.426120546708, "RMSE_skane": 1689.7707681868642, "RMSE_kronoberg": 216.6553523598438, "CV_RMSE_'skane": 2679.3405415225116, "CV_RMSE_kronoberg": 2035.384312357614, "_timestamp": 1748525770.0817118, "_runtime": 1.375816822052002, "_step": 0, "_wandb": {"runtime": 1}}