{"CV_RMSE": 1000.8583868362227, "RMSE": 1639.4915900477445, "RMSE_STHLM": 1513.803331911324, "RMSE_S\u00f6dermanland": 125.68825813642046, "CV_RMSE_STHLM": 539.146418171821, "CV_RMSE_S\u00f6dermanland": 461.7119686644017, "_timestamp": 1748394602.2218962, "_runtime": 1.5038092136383057, "_step": 0, "_wandb": {"runtime": 1}}