{"CV_RMSE": 460.60182583218017, "RMSE": 837.8469953075798, "RMSE_STHLM": 788.9521482266719, "RMSE_S\u00f6dermanland": 48.89484708090801, "CV_RMSE_STHLM": 280.9881018614977, "CV_RMSE_S\u00f6dermanland": 179.61372397068249, "_timestamp": 1748393790.6039393, "_runtime": 1.3806273937225342, "_step": 0, "_wandb": {"runtime": 1}}