{"CV_RMSE": 3736.3055956953044, "RMSE": 234.16393628510758, "RMSE_Kalmar": 117.47938493698997, "RMSE_Blekinge": 116.6845513481176, "CV_RMSE_'Kalmar": 1136.8972735837738, "CV_RMSE_Blekinge": 2599.4083221115307, "_timestamp": 1748534123.3297, "_runtime": 1.4054908752441406, "_step": 0, "_wandb": {"runtime": 1}}