{"CV_RMSE": 983.5266251131314, "RMSE": 165.07584900071743, "RMSE_skane": 72.64618777788337, "RMSE_kronoberg": 92.42966122283404, "CV_RMSE_'skane": 115.18951550404338, "CV_RMSE_kronoberg": 868.3371096090881, "_timestamp": 1748504794.8836725, "_runtime": 1.372591495513916, "_step": 0, "_wandb": {"runtime": 1}}