{"CV_RMSE": 3555.356955391292, "RMSE": 241.31563513515363, "RMSE_Kalmar": 144.48524520524282, "RMSE_Blekinge": 96.8303899299108, "CV_RMSE_'Kalmar": 1398.2443084378338, "CV_RMSE_Blekinge": 2157.1126469534584, "_timestamp": 1748474831.3183317, "_runtime": 1.3171358108520508, "_step": 0, "_wandb": {"runtime": 1}}