{"CV_RMSE": 265.7881485358202, "RMSE": 430.45962332878133, "RMSE_STHLM": 396.5531657200765, "RMSE_S\u00f6dermanland": 33.906457608704855, "CV_RMSE_STHLM": 141.23381446302685, "CV_RMSE_S\u00f6dermanland": 124.55433407279335, "_timestamp": 1748509334.7295835, "_runtime": 1.4743924140930176, "_step": 0, "_wandb": {"runtime": 1}}