{"CV_RMSE": 1033.6502414609295, "RMSE": 1442.9066795540275, "RMSE_STHLM": 1286.2276229757724, "RMSE_S\u00f6dermanland": 156.6790565782551, "CV_RMSE_STHLM": 458.0945234183598, "CV_RMSE_S\u00f6dermanland": 575.5557180425698, "_timestamp": 1748317929.4166322, "_runtime": 1.334071159362793, "_step": 0, "_wandb": {"runtime": 1}}