{"CV_RMSE": 744.2209929114797, "RMSE": 539.7598193017526, "RMSE_STHLM": 373.3651655524322, "RMSE_S\u00f6dermanland": 166.39465374932044, "CV_RMSE_STHLM": 132.97532607724136, "CV_RMSE_S\u00f6dermanland": 611.2456668342384, "_timestamp": 1748315759.4712682, "_runtime": 1.2898802757263184, "_step": 0, "_wandb": {"runtime": 1}}