{"CV_RMSE": 2802.0696030674003, "RMSE": 194.53025850280432, "RMSE_Kalmar": 121.55147283565451, "RMSE_Blekinge": 72.97878566714981, "CV_RMSE_'Kalmar": 1176.3045758289145, "CV_RMSE_Blekinge": 1625.7650272384858, "_timestamp": 1748532584.0600514, "_runtime": 1.3684184551239014, "_step": 0, "_wandb": {"runtime": 1}}