{"CV_RMSE": 554.9221152880574, "RMSE": 640.5766171012912, "RMSE_STHLM": 542.0697219139648, "RMSE_S\u00f6dermanland": 98.50689518732636, "CV_RMSE_STHLM": 193.06005133461352, "CV_RMSE_S\u00f6dermanland": 361.86206395344385, "_timestamp": 1748311751.7035685, "_runtime": 1.2755725383758545, "_step": 0, "_wandb": {"runtime": 1}}