{"CV_RMSE": 271.86999956851827, "RMSE": 435.1811386544889, "RMSE_STHLM": 399.9482271199927, "RMSE_S\u00f6dermanland": 35.23291153449624, "CV_RMSE_STHLM": 142.44297760506268, "CV_RMSE_S\u00f6dermanland": 129.4270219634556, "_timestamp": 1748340946.9406354, "_runtime": 1.341637372970581, "_step": 0, "_wandb": {"runtime": 1}}