{"CV_RMSE": 193.5271561240424, "RMSE": 71.49545260218275, "RMSE_skane": 61.230014798468325, "RMSE_kronoberg": 10.265437803714432, "CV_RMSE_'skane": 97.08776130835358, "CV_RMSE_kronoberg": 96.43939481568883, "_timestamp": 1748527300.3207037, "_runtime": 1.3402986526489258, "_step": 0, "_wandb": {"runtime": 1}}