{"CV_RMSE": 274.3187427504088, "RMSE": 436.10555593279537, "RMSE_STHLM": 400.2337216087434, "RMSE_S\u00f6dermanland": 35.871834324051974, "CV_RMSE_STHLM": 142.5446574783811, "CV_RMSE_S\u00f6dermanland": 131.77408527202766, "_timestamp": 1748524579.6862972, "_runtime": 1.3368802070617676, "_step": 0, "_wandb": {"runtime": 1}}