{"CV_RMSE": 4086.045884403403, "RMSE": 242.27136248302065, "RMSE_Kalmar": 104.0562197496486, "RMSE_Blekinge": 138.21514273337206, "CV_RMSE_'Kalmar": 1006.9956749965994, "CV_RMSE_Blekinge": 3079.0502094068033, "_timestamp": 1748458830.8739681, "_runtime": 1.2992491722106934, "_step": 0, "_wandb": {"runtime": 1}}