{"CV_RMSE": 213.48160923365043, "RMSE": 82.23804079644826, "RMSE_skane": 71.59857684103413, "RMSE_kronoberg": 10.639463955414126, "CV_RMSE_'skane": 113.52839879656574, "CV_RMSE_kronoberg": 99.95321043708469, "_timestamp": 1748508352.2094533, "_runtime": 1.2932162284851074, "_step": 0, "_wandb": {"runtime": 1}}