{"CV_RMSE": 571.5337418379848, "RMSE": 39.42916886195874, "RMSE_Kalmar": 24.35265861665124, "RMSE_Blekinge": 15.0765102453075, "CV_RMSE_'Kalmar": 235.67088983856038, "CV_RMSE_Blekinge": 335.8628519994245, "_timestamp": 1748516805.782314, "_runtime": 1.4094481468200684, "_step": 0, "_wandb": {"runtime": 1}}