{"CV_RMSE": 494.9983293570988, "RMSE": 608.0285843114654, "RMSE_STHLM": 524.0912058718694, "RMSE_S\u00f6dermanland": 83.9373784395959, "CV_RMSE_STHLM": 186.65693917082805, "CV_RMSE_S\u00f6dermanland": 308.3413901862707, "_timestamp": 1748376437.7557619, "_runtime": 1.3308777809143066, "_step": 0, "_wandb": {"runtime": 1}}