{"CV_RMSE": 279.0738968483945, "RMSE": 460.76224067411505, "RMSE_STHLM": 426.10416219585454, "RMSE_S\u00f6dermanland": 34.65807847826049, "CV_RMSE_STHLM": 151.75850652009066, "CV_RMSE_S\u00f6dermanland": 127.31539032830385, "_timestamp": 1748288081.3691134, "_runtime": 1.309361457824707, "_step": 0, "_wandb": {"runtime": 1}}