{"CV_RMSE": 3295.3603720511373, "RMSE": 1527.3082959238586, "RMSE_skane": 1415.4335421559547, "RMSE_kronoberg": 111.87475376790384, "CV_RMSE_'skane": 2244.3449399935853, "CV_RMSE_kronoberg": 1051.0154320575518, "_timestamp": 1748579565.0560493, "_runtime": 1.276813268661499, "_step": 0, "_wandb": {"runtime": 1}}