{"CV_RMSE": 275.40256942017857, "RMSE": 436.88483993567877, "RMSE_STHLM": 400.76995311088734, "RMSE_S\u00f6dermanland": 36.114886824791434, "CV_RMSE_STHLM": 142.73563822706714, "CV_RMSE_S\u00f6dermanland": 132.6669311931114, "_timestamp": 1748380329.0561008, "_runtime": 1.3065087795257568, "_step": 0, "_wandb": {"runtime": 1}}