{"CV_RMSE": 275.207274740779, "RMSE": 436.9294923277371, "RMSE_STHLM": 400.87827076630396, "RMSE_S\u00f6dermanland": 36.05122156143312, "CV_RMSE_STHLM": 142.77421594367772, "CV_RMSE_S\u00f6dermanland": 132.43305879710124, "_timestamp": 1748474428.271847, "_runtime": 1.3401730060577393, "_step": 0, "_wandb": {"runtime": 1}}