{"CV_RMSE": 266.72382802394907, "RMSE": 408.9963552619779, "RMSE_STHLM": 372.50349984675677, "RMSE_S\u00f6dermanland": 36.49285541522111, "CV_RMSE_STHLM": 132.66844078436134, "CV_RMSE_S\u00f6dermanland": 134.05538723958773, "_timestamp": 1748456574.6913795, "_runtime": 1.270338535308838, "_step": 0, "_wandb": {"runtime": 1}}