{"CV_RMSE": 446.4503989966536, "RMSE": 473.7259216043616, "RMSE_STHLM": 390.00424809133625, "RMSE_S\u00f6dermanland": 83.72167351302535, "CV_RMSE_STHLM": 138.90139425492785, "CV_RMSE_S\u00f6dermanland": 307.54900474172575, "_timestamp": 1748336265.4783115, "_runtime": 1.320960521697998, "_step": 0, "_wandb": {"runtime": 1}}