{"CV_RMSE": 268.6825597861756, "RMSE": 382.25830306371716, "RMSE_STHLM": 342.30434105355624, "RMSE_S\u00f6dermanland": 39.95396201016091, "CV_RMSE_STHLM": 121.91290342231922, "CV_RMSE_S\u00f6dermanland": 146.7696563638564, "_timestamp": 1748449677.5394835, "_runtime": 1.252476453781128, "_step": 0, "_wandb": {"runtime": 1}}