{"CV_RMSE": 274.83342449788677, "RMSE": 444.1627305718765, "RMSE_STHLM": 409.00078027637045, "RMSE_S\u00f6dermanland": 35.16195029550608, "CV_RMSE_STHLM": 145.6670764735787, "CV_RMSE_S\u00f6dermanland": 129.16634802430806, "_timestamp": 1748565698.4917598, "_runtime": 1.5399448871612549, "_step": 0, "_wandb": {"runtime": 1}}