{"CV_RMSE": 4013.8065009679494, "RMSE": 1312.0623177093908, "RMSE_skane": 1064.4784771737363, "RMSE_kronoberg": 247.58384053565447, "CV_RMSE_'skane": 1687.8622788167065, "CV_RMSE_kronoberg": 2325.9442221512427, "_timestamp": 1748503208.198797, "_runtime": 1.3385748863220215, "_step": 0, "_wandb": {"runtime": 1}}