{"CV_RMSE": 306.8485271706862, "RMSE": 22.248565806535503, "RMSE_Kalmar": 14.983389770201084, "RMSE_Blekinge": 7.2651760363344176, "CV_RMSE_'Kalmar": 145.0005461632363, "CV_RMSE_Blekinge": 161.8479810074499, "_timestamp": 1748491419.1693661, "_runtime": 1.3348710536956787, "_step": 0, "_wandb": {"runtime": 1}}