{"CV_RMSE": 306.5950994653565, "RMSE": 22.22302076824159, "RMSE_Kalmar": 14.958338204279338, "RMSE_Blekinge": 7.264682563962253, "CV_RMSE_'Kalmar": 144.75811165431617, "CV_RMSE_Blekinge": 161.8369878110403, "_timestamp": 1748559021.7484078, "_runtime": 1.3300597667694092, "_step": 0, "_wandb": {"runtime": 1}}