{"CV_RMSE": 305.9611872708655, "RMSE": 22.173455530910015, "RMSE_Kalmar": 14.921015106106301, "RMSE_Blekinge": 7.252440424803714, "CV_RMSE_'Kalmar": 144.39692038167388, "CV_RMSE_Blekinge": 161.56426688919163, "_timestamp": 1748483204.0443153, "_runtime": 1.3212082386016846, "_step": 0, "_wandb": {"runtime": 1}}