{"CV_RMSE": 274.97535268787067, "RMSE": 435.37448273164665, "RMSE_STHLM": 399.2262248501475, "RMSE_S\u00f6dermanland": 36.14825788149914, "CV_RMSE_STHLM": 142.18583393950644, "CV_RMSE_S\u00f6dermanland": 132.7895187483642, "_timestamp": 1748450331.88291, "_runtime": 1.2773799896240234, "_step": 0, "_wandb": {"runtime": 1}}