{"CV_RMSE": 5056.087832890627, "RMSE": 339.60809413098855, "RMSE_Kalmar": 199.1648557884891, "RMSE_Blekinge": 140.44323834249946, "CV_RMSE_'Kalmar": 1927.4018302111845, "CV_RMSE_Blekinge": 3128.6860026794434, "_timestamp": 1748465325.3745806, "_runtime": 1.3831167221069336, "_step": 0, "_wandb": {"runtime": 1}}