{"CV_RMSE": 1691.9231633108702, "RMSE": 2312.6066326807713, "RMSE_STHLM": 2050.8648629139493, "RMSE_S\u00f6dermanland": 261.7417697668222, "CV_RMSE_STHLM": 730.4227845756052, "CV_RMSE_S\u00f6dermanland": 961.5003787352651, "_timestamp": 1748318962.0793247, "_runtime": 1.27290678024292, "_step": 0, "_wandb": {"runtime": 1}}