{"CV_RMSE": 306.9880134744092, "RMSE": 22.257471140268112, "RMSE_Kalmar": 14.98806443207416, "RMSE_Blekinge": 7.269406708193953, "CV_RMSE_'Kalmar": 145.0457848265241, "CV_RMSE_Blekinge": 161.9422286478851, "_timestamp": 1748524748.025465, "_runtime": 1.3131189346313477, "_step": 0, "_wandb": {"runtime": 3}}