{"CV_RMSE": 1716.478764139159, "RMSE": 2340.9396358490476, "RMSE_STHLM": 2074.837503043857, "RMSE_S\u00f6dermanland": 266.1021328051906, "CV_RMSE_STHLM": 738.9607252629487, "CV_RMSE_S\u00f6dermanland": 977.5180388762104, "_timestamp": 1748383773.1201832, "_runtime": 1.3074133396148682, "_step": 0, "_wandb": {"runtime": 1}}