{"CV_RMSE": 923.6746656507892, "RMSE": 1771.6531380208378, "RMSE_STHLM": 1683.4209227658014, "RMSE_S\u00f6dermanland": 88.23221525503635, "CV_RMSE_STHLM": 599.5563238975944, "CV_RMSE_S\u00f6dermanland": 324.1183417531948, "_timestamp": 1748391911.1203535, "_runtime": 1.3587594032287598, "_step": 0, "_wandb": {"runtime": 1}}