{"CV_RMSE": 225.93314169042705, "RMSE": 325.0363615040117, "RMSE_STHLM": 291.82568894288886, "RMSE_S\u00f6dermanland": 33.21067256112287, "CV_RMSE_STHLM": 103.93475269038385, "CV_RMSE_S\u00f6dermanland": 121.9983890000432, "_timestamp": 1748333010.2129588, "_runtime": 1.3164477348327637, "_step": 0, "_wandb": {"runtime": 1}}