{"CV_RMSE": 1760.4047710186874, "RMSE": 2350.745970707305, "RMSE_STHLM": 2072.455234867265, "RMSE_S\u00f6dermanland": 278.2907358400398, "CV_RMSE_STHLM": 738.1122720144593, "CV_RMSE_S\u00f6dermanland": 1022.2924990042279, "_timestamp": 1748300822.0997512, "_runtime": 1.2987172603607178, "_step": 0, "_wandb": {"runtime": 1}}