{"CV_RMSE": 3055.481660222394, "RMSE": 1485.4906376417143, "RMSE_skane": 1395.843158914106, "RMSE_kronoberg": 89.64747872760846, "CV_RMSE_'skane": 2213.281964451542, "CV_RMSE_kronoberg": 842.1996957708519, "_timestamp": 1748510747.9313185, "_runtime": 1.3260655403137207, "_step": 0, "_wandb": {"runtime": 1}}