{"CV_RMSE": 275.20736303160834, "RMSE": 436.5449115723428, "RMSE_STHLM": 400.4523740508643, "RMSE_S\u00f6dermanland": 36.09253752147852, "CV_RMSE_STHLM": 142.62253132005458, "CV_RMSE_S\u00f6dermanland": 132.58483171155376, "_timestamp": 1748565887.852226, "_runtime": 1.2722480297088623, "_step": 0, "_wandb": {"runtime": 1}}