{"CV_RMSE": 306.8295028691979, "RMSE": 22.241977915917435, "RMSE_Kalmar": 14.973251866965336, "RMSE_Blekinge": 7.2687260489520975, "CV_RMSE_'Kalmar": 144.90243742224519, "CV_RMSE_Blekinge": 161.92706544695267, "_timestamp": 1748459146.6509602, "_runtime": 1.8391892910003662, "_step": 0, "_wandb": {"runtime": 1}}