{"CV_RMSE": 306.596514685078, "RMSE": 22.225950884610604, "RMSE_Kalmar": 14.963406507543993, "RMSE_Blekinge": 7.262544377066612, "CV_RMSE_'Kalmar": 144.80715975042574, "CV_RMSE_Blekinge": 161.78935493465224, "_timestamp": 1748490228.734589, "_runtime": 1.3093140125274658, "_step": 0, "_wandb": {"runtime": 1}}