{"CV_RMSE": 1165.4982617319513, "RMSE": 2024.4094497335623, "RMSE_STHLM": 1890.4162796849077, "RMSE_S\u00f6dermanland": 133.99317004865446, "CV_RMSE_STHLM": 673.2784533899553, "CV_RMSE_S\u00f6dermanland": 492.219808341996, "_timestamp": 1748379773.3543477, "_runtime": 1.3127727508544922, "_step": 0, "_wandb": {"runtime": 1}}