{"CV_RMSE": 274.75008798031274, "RMSE": 436.51414418710345, "RMSE_STHLM": 400.5561483127851, "RMSE_S\u00f6dermanland": 35.95799587431833, "CV_RMSE_STHLM": 142.65949089098007, "CV_RMSE_S\u00f6dermanland": 132.09059708933265, "_timestamp": 1748559896.1253536, "_runtime": 1.31608247756958, "_step": 0, "_wandb": {"runtime": 1}}