{"CV_RMSE": 273.899273487475, "RMSE": 433.9692486198875, "RMSE_STHLM": 397.99450454329144, "RMSE_S\u00f6dermanland": 35.974744076596025, "CV_RMSE_STHLM": 141.74715238977532, "CV_RMSE_S\u00f6dermanland": 132.15212109769968, "_timestamp": 1748475740.672203, "_runtime": 1.2598850727081299, "_step": 0, "_wandb": {"runtime": 1}}