{"CV_RMSE": 306.91867475428916, "RMSE": 22.25137069304142, "RMSE_Kalmar": 14.982781626969825, "RMSE_Blekinge": 7.268589066071594, "CV_RMSE_'Kalmar": 144.9946609061596, "CV_RMSE_Blekinge": 161.92401384812956, "_timestamp": 1748553294.6476266, "_runtime": 1.3324475288391113, "_step": 0, "_wandb": {"runtime": 1}}