{"CV_RMSE": 273.35566083921236, "RMSE": 434.79297030995036, "RMSE_STHLM": 399.07053384723497, "RMSE_S\u00f6dermanland": 35.72243646271541, "CV_RMSE_STHLM": 142.13038403740066, "CV_RMSE_S\u00f6dermanland": 131.2252768018117, "_timestamp": 1748499361.9610267, "_runtime": 1.2736897468566895, "_step": 0, "_wandb": {"runtime": 1}}