{"CV_RMSE": 4581.831052072062, "RMSE": 1636.5985120343435, "RMSE_skane": 1382.1722294137567, "RMSE_kronoberg": 254.4262826205867, "CV_RMSE_'skane": 2191.6050149266753, "CV_RMSE_kronoberg": 2390.2260371453867, "_timestamp": 1748537653.9183288, "_runtime": 1.3295238018035889, "_step": 0, "_wandb": {"runtime": 1}}