{"CV_RMSE": 4780.229995939577, "RMSE": 1816.509028181848, "RMSE_skane": 1573.2073460477723, "RMSE_kronoberg": 243.3016821340757, "CV_RMSE_'skane": 2494.5148193146492, "CV_RMSE_kronoberg": 2285.715176624928, "_timestamp": 1748560887.3656862, "_runtime": 1.2764432430267334, "_step": 0, "_wandb": {"runtime": 1}}