{"CV_RMSE": 270.6765988745064, "RMSE": 436.72827365993925, "RMSE_STHLM": 402.02121446713886, "RMSE_S\u00f6dermanland": 34.70705919280038, "CV_RMSE_STHLM": 143.1812793907499, "CV_RMSE_S\u00f6dermanland": 127.4953194837565, "_timestamp": 1748489699.6672823, "_runtime": 1.2493603229522705, "_step": 0, "_wandb": {"runtime": 1}}