{"CV_RMSE": 269.6632836513574, "RMSE": 426.34138204166135, "RMSE_STHLM": 390.82462816220675, "RMSE_S\u00f6dermanland": 35.51675387945458, "CV_RMSE_STHLM": 139.19357552274874, "CV_RMSE_S\u00f6dermanland": 130.46970812860866, "_timestamp": 1748479443.236149, "_runtime": 1.3356120586395264, "_step": 0, "_wandb": {"runtime": 1}}