{"CV_RMSE": 359.33191796714357, "RMSE": 427.9714330414915, "RMSE_STHLM": 365.59920623918396, "RMSE_S\u00f6dermanland": 62.37222680230752, "CV_RMSE_STHLM": 130.20945216274856, "CV_RMSE_S\u00f6dermanland": 229.12246580439498, "_timestamp": 1748451119.774107, "_runtime": 1.3024230003356934, "_step": 0, "_wandb": {"runtime": 1}}