{"CV_RMSE": 4884.649440659045, "RMSE": 1856.0327536666925, "RMSE_skane": 1607.3846807165505, "RMSE_kronoberg": 248.64807295014194, "CV_RMSE_'skane": 2548.7072104385047, "CV_RMSE_kronoberg": 2335.9422302205403, "_timestamp": 1748534339.3782716, "_runtime": 1.314133644104004, "_step": 0, "_wandb": {"runtime": 1}}