{"CV_RMSE": 683.6818471683728, "RMSE": 807.9325035132983, "RMSE_STHLM": 688.5788323744509, "RMSE_S\u00f6dermanland": 119.35367113884745, "CV_RMSE_STHLM": 245.23978992362714, "CV_RMSE_S\u00f6dermanland": 438.4420572447457, "_timestamp": 1748303393.303018, "_runtime": 1.3424689769744873, "_step": 0, "_wandb": {"runtime": 1}}