{"CV_RMSE": 857.1501455548203, "RMSE": 70.92879781146715, "RMSE_Kalmar": 57.37760561768547, "RMSE_Blekinge": 13.551192193781686, "CV_RMSE_'Kalmar": 555.2671511388916, "CV_RMSE_Blekinge": 301.88299441592864, "_timestamp": 1748473718.7709463, "_runtime": 1.3495903015136719, "_step": 0, "_wandb": {"runtime": 1}}