{"CV_RMSE": 264.69375224133216, "RMSE": 413.36373194163144, "RMSE_STHLM": 377.9517300301685, "RMSE_S\u00f6dermanland": 35.41200191146295, "CV_RMSE_STHLM": 134.60884726044782, "CV_RMSE_S\u00f6dermanland": 130.08490498088432, "_timestamp": 1748562715.1649284, "_runtime": 1.3266654014587402, "_step": 0, "_wandb": {"runtime": 1}}