{"CV_RMSE": 1361.7360089185595, "RMSE": 2216.337995556678, "RMSE_STHLM": 2043.7950696917612, "RMSE_S\u00f6dermanland": 172.5429258649169, "CV_RMSE_STHLM": 727.9048526800891, "CV_RMSE_S\u00f6dermanland": 633.8311562384703, "_timestamp": 1748319143.2459013, "_runtime": 1.3118712902069092, "_step": 0, "_wandb": {"runtime": 1}}