{"CV_RMSE": 263.3232515881407, "RMSE": 414.7741773620005, "RMSE_STHLM": 379.92673905317264, "RMSE_S\u00f6dermanland": 34.84743830882785, "CV_RMSE_STHLM": 135.3122537189772, "CV_RMSE_S\u00f6dermanland": 128.01099786916353, "_timestamp": 1748535166.2715394, "_runtime": 1.3592984676361084, "_step": 0, "_wandb": {"runtime": 16}}