{"CV_RMSE": 360.41039104091556, "RMSE": 26.302307101504105, "RMSE_Kalmar": 17.899644765039405, "RMSE_Blekinge": 8.402662336464699, "CV_RMSE_'Kalmar": 173.2223686939297, "CV_RMSE_Blekinge": 187.18802234698586, "_timestamp": 1748471758.3730168, "_runtime": 1.3123197555541992, "_step": 0, "_wandb": {"runtime": 1}}