{"CV_RMSE": 275.5871217314914, "RMSE": 437.19809099134227, "RMSE_STHLM": 401.06120239108844, "RMSE_S\u00f6dermanland": 36.13688860025383, "CV_RMSE_STHLM": 142.83936768974263, "CV_RMSE_S\u00f6dermanland": 132.74775404174878, "_timestamp": 1748445287.5955205, "_runtime": 1.2838375568389893, "_step": 0, "_wandb": {"runtime": 1}}