{"CV_RMSE": 1224.4264506176755, "RMSE": 548.3754707631883, "RMSE_skane": 502.92641621158765, "RMSE_kronoberg": 45.44905455160068, "CV_RMSE_'skane": 797.4520341621368, "CV_RMSE_kronoberg": 426.9744164555388, "_timestamp": 1748500541.8790395, "_runtime": 1.309990644454956, "_step": 0, "_wandb": {"runtime": 1}}