{"CV_RMSE": 1710.7973653670401, "RMSE": 2360.450781553184, "RMSE_STHLM": 2098.1560529882127, "RMSE_S\u00f6dermanland": 262.29472856497125, "CV_RMSE_STHLM": 747.2657094140844, "CV_RMSE_S\u00f6dermanland": 963.5316559529557, "_timestamp": 1748371989.77332, "_runtime": 1.2701380252838135, "_step": 0, "_wandb": {"runtime": 1}}