{"CV_RMSE": 3088.1658546651656, "RMSE": 183.8042309594584, "RMSE_Kalmar": 79.88080655172597, "RMSE_Blekinge": 103.92342440773244, "CV_RMSE_'Kalmar": 773.0400634037996, "CV_RMSE_Blekinge": 2315.125791261366, "_timestamp": 1748532008.2594342, "_runtime": 1.403724193572998, "_step": 0, "_wandb": {"runtime": 1}}