{"CV_RMSE": 2257.8246050053303, "RMSE": 803.646547356806, "RMSE_skane": 677.6957065235092, "RMSE_kronoberg": 125.95084083329672, "CV_RMSE_'skane": 1074.57035918104, "CV_RMSE_kronoberg": 1183.2542458242906, "_timestamp": 1748578920.7869174, "_runtime": 1.3604483604431152, "_step": 0, "_wandb": {"runtime": 1}}