{"CV_RMSE": 306.561111983332, "RMSE": 22.214918687178127, "RMSE_Kalmar": 14.946710692290536, "RMSE_Blekinge": 7.26820799488759, "CV_RMSE_'Kalmar": 144.6455873447471, "CV_RMSE_Blekinge": 161.9155246385849, "_timestamp": 1748491013.861664, "_runtime": 1.2892870903015137, "_step": 0, "_wandb": {"runtime": 1}}