{"CV_RMSE": 3436.4616584718347, "RMSE": 1627.0772104266098, "RMSE_skane": 1517.3915692061894, "RMSE_kronoberg": 109.68564122042035, "CV_RMSE_'skane": 2406.012001912562, "CV_RMSE_kronoberg": 1030.4496565592726, "_timestamp": 1748551700.7252734, "_runtime": 1.3324782848358154, "_step": 0, "_wandb": {"runtime": 1}}