{"CV_RMSE": 2540.071561578172, "RMSE": 210.498944043633, "RMSE_Kalmar": 170.57889195797586, "RMSE_Blekinge": 39.92005208565716, "CV_RMSE_'Kalmar": 1650.7634705610567, "CV_RMSE_Blekinge": 889.308091017115, "_timestamp": 1748492385.8875253, "_runtime": 1.3047254085540771, "_step": 0, "_wandb": {"runtime": 1}}