{"CV_RMSE": 4874.4433884867285, "RMSE": 1885.979517045957, "RMSE_skane": 1644.7191673494685, "RMSE_kronoberg": 241.26034969648856, "CV_RMSE_'skane": 2607.9056564737875, "CV_RMSE_kronoberg": 2266.5377320129405, "_timestamp": 1748548502.5085099, "_runtime": 1.2916197776794434, "_step": 0, "_wandb": {"runtime": 1}}