{"CV_RMSE": 620.7612198580633, "RMSE": 739.5590750944948, "RMSE_STHLM": 631.8320293382923, "RMSE_S\u00f6dermanland": 107.72704575620253, "CV_RMSE_STHLM": 225.02921503936014, "CV_RMSE_S\u00f6dermanland": 395.7320048187032, "_timestamp": 1748318091.5415537, "_runtime": 1.3155426979064941, "_step": 0, "_wandb": {"runtime": 1}}