{"CV_RMSE": 3243.192418911595, "RMSE": 988.9352123381345, "RMSE_skane": 774.4231864836377, "RMSE_kronoberg": 214.51202585449684, "CV_RMSE_'skane": 1227.9437417816664, "CV_RMSE_kronoberg": 2015.2486771299284, "_timestamp": 1748535541.7174675, "_runtime": 1.5068395137786865, "_step": 0, "_wandb": {"runtime": 1}}