{"CV_RMSE": 4283.18324409708, "RMSE": 1694.0771099605247, "RMSE_skane": 1489.56628542356, "RMSE_kronoberg": 204.51082453696466, "CV_RMSE_'skane": 2361.8915730817544, "CV_RMSE_kronoberg": 1921.2916710153256, "_timestamp": 1748570067.6847777, "_runtime": 1.265148639678955, "_step": 0, "_wandb": {"runtime": 1}}