{"CV_RMSE": 275.5565255451983, "RMSE": 437.2314335734576, "RMSE_STHLM": 401.1073478737945, "RMSE_S\u00f6dermanland": 36.12408569966309, "CV_RMSE_STHLM": 142.85580256684412, "CV_RMSE_S\u00f6dermanland": 132.7007229783542, "_timestamp": 1748526340.3160782, "_runtime": 1.3740811347961426, "_step": 0, "_wandb": {"runtime": 1}}