{"CV_RMSE": 319.8531154380745, "RMSE": 23.84297646706138, "RMSE_Kalmar": 16.77027893893333, "RMSE_Blekinge": 7.07269752812805, "CV_RMSE_'Kalmar": 162.29302198967738, "CV_RMSE_Blekinge": 157.56009344839714, "_timestamp": 1748508600.8373818, "_runtime": 1.4689857959747314, "_step": 0, "_wandb": {"runtime": 1}}