{"CV_RMSE": 273.7263393841122, "RMSE": 435.0118933373522, "RMSE_STHLM": 399.20122037654374, "RMSE_S\u00f6dermanland": 35.810672960808475, "CV_RMSE_STHLM": 142.17692850767287, "CV_RMSE_S\u00f6dermanland": 131.5494108764393, "_timestamp": 1748529212.8212955, "_runtime": 1.2871944904327393, "_step": 0, "_wandb": {"runtime": 1}}