{"CV_RMSE": 736.31564142776, "RMSE": 67.38577633309575, "RMSE_Kalmar": 60.703513965097876, "RMSE_Blekinge": 6.682262367997866, "CV_RMSE_'Kalmar": 587.45336095256, "CV_RMSE_Blekinge": 148.86228047519998, "_timestamp": 1748475225.68909, "_runtime": 1.302367925643921, "_step": 0, "_wandb": {"runtime": 1}}