{"CV_RMSE": 283.32701757462064, "RMSE": 109.30142007186274, "RMSE_skane": 95.21295477300029, "RMSE_kronoberg": 14.088465298862447, "CV_RMSE_'skane": 150.97191560200892, "CV_RMSE_kronoberg": 132.35510197261172, "_timestamp": 1748531657.5646036, "_runtime": 1.3727736473083496, "_step": 0, "_wandb": {"runtime": 1}}