{"CV_RMSE": 275.2422853775074, "RMSE": 436.85650976306414, "RMSE_STHLM": 400.786898745078, "RMSE_S\u00f6dermanland": 36.069611017986105, "CV_RMSE_STHLM": 142.74167347470132, "CV_RMSE_S\u00f6dermanland": 132.5006119028061, "_timestamp": 1748362889.422934, "_runtime": 1.2532811164855957, "_step": 0, "_wandb": {"runtime": 1}}