{"CV_RMSE": 2838.9302638524146, "RMSE": 1199.23898028209, "RMSE_skane": 1079.1986753936294, "RMSE_kronoberg": 120.04030488846072, "CV_RMSE_'skane": 1711.2029736685454, "CV_RMSE_kronoberg": 1127.7272901838692, "_timestamp": 1748500090.2000167, "_runtime": 1.3770687580108643, "_step": 0, "_wandb": {"runtime": 1}}