{"CV_RMSE": 275.4026034046964, "RMSE": 436.75126894281453, "RMSE_STHLM": 400.6220314294208, "RMSE_S\u00f6dermanland": 36.12923751339371, "CV_RMSE_STHLM": 142.68295539631134, "CV_RMSE_S\u00f6dermanland": 132.71964800838506, "_timestamp": 1748475463.449523, "_runtime": 1.2875149250030518, "_step": 0, "_wandb": {"runtime": 1}}