{"CV_RMSE": 1102.759727509288, "RMSE": 1943.63872227756, "RMSE_STHLM": 1819.8862875542613, "RMSE_S\u00f6dermanland": 123.75243472329869, "CV_RMSE_STHLM": 648.1589468930887, "CV_RMSE_S\u00f6dermanland": 454.60078061619924, "_timestamp": 1748340552.2065039, "_runtime": 1.3039088249206543, "_step": 0, "_wandb": {"runtime": 1}}