{"CV_RMSE": 305.12278182693206, "RMSE": 22.108825918309677, "RMSE_Kalmar": 14.8732871458042, "RMSE_Blekinge": 7.235538772505476, "CV_RMSE_'Kalmar": 143.93503689487935, "CV_RMSE_Blekinge": 161.18774493205268, "_timestamp": 1748476015.242168, "_runtime": 1.319936990737915, "_step": 0, "_wandb": {"runtime": 1}}