{"CV_RMSE": 275.3216107023011, "RMSE": 436.601913019645, "RMSE_STHLM": 400.48105549256184, "RMSE_S\u00f6dermanland": 36.12085752708316, "CV_RMSE_STHLM": 142.63274631709763, "CV_RMSE_S\u00f6dermanland": 132.68886438520346, "_timestamp": 1748429002.4872224, "_runtime": 1.2518055438995361, "_step": 0, "_wandb": {"runtime": 1}}