{"CV_RMSE": 4233.13605502591, "RMSE": 1592.9350947338055, "RMSE_skane": 1374.2961212727707, "RMSE_kronoberg": 218.63897346103474, "CV_RMSE_'skane": 2179.116471362744, "CV_RMSE_kronoberg": 2054.0195836631656, "_timestamp": 1748552905.2190342, "_runtime": 1.387160301208496, "_step": 0, "_wandb": {"runtime": 1}}