{"CV_RMSE": 267.9311536859648, "RMSE": 431.9695649011539, "RMSE_STHLM": 397.5792118221873, "RMSE_S\u00f6dermanland": 34.39035307896662, "CV_RMSE_STHLM": 141.59924441629147, "CV_RMSE_S\u00f6dermanland": 126.33190926967329, "_timestamp": 1748377467.3413599, "_runtime": 1.344916820526123, "_step": 0, "_wandb": {"runtime": 1}}