{"CV_RMSE": 4826.002502503958, "RMSE": 325.6391559591704, "RMSE_Kalmar": 192.72794151615324, "RMSE_Blekinge": 132.91121444301717, "CV_RMSE_'Kalmar": 1865.109111446644, "CV_RMSE_Blekinge": 2960.8933910573132, "_timestamp": 1748513287.658858, "_runtime": 1.3447329998016357, "_step": 0, "_wandb": {"runtime": 1}}