{"CV_RMSE": 269.3623856390754, "RMSE": 429.00874028094614, "RMSE_STHLM": 393.8690644834062, "RMSE_S\u00f6dermanland": 35.13967579753995, "CV_RMSE_STHLM": 140.27786230117354, "CV_RMSE_S\u00f6dermanland": 129.08452333790186, "_timestamp": 1748345161.1920834, "_runtime": 1.4164974689483643, "_step": 0, "_wandb": {"runtime": 1}}