{"CV_RMSE": 340.94181446010134, "RMSE": 104.54738310953604, "RMSE_skane": 82.11555228026886, "RMSE_kronoberg": 22.43183082926718, "CV_RMSE_'skane": 130.20436408076458, "CV_RMSE_kronoberg": 210.7374503793368, "_timestamp": 1748526320.0928912, "_runtime": 1.349184274673462, "_step": 0, "_wandb": {"runtime": 1}}