{"CV_RMSE": 4857.18331134232, "RMSE": 1892.1771387587405, "RMSE_skane": 1654.3855241187416, "RMSE_kronoberg": 237.79161463999878, "CV_RMSE_'skane": 2623.232860653396, "CV_RMSE_kronoberg": 2233.950450688924, "_timestamp": 1748579306.5584896, "_runtime": 1.3058404922485352, "_step": 0, "_wandb": {"runtime": 1}}