{"CV_RMSE": 601.618520608386, "RMSE": 1074.9905232972749, "RMSE_STHLM": 1009.0465949695838, "RMSE_S\u00f6dermanland": 65.943928327691, "CV_RMSE_STHLM": 359.3755185882966, "CV_RMSE_S\u00f6dermanland": 242.2430020200894, "_timestamp": 1748400781.1265972, "_runtime": 1.4381821155548096, "_step": 0, "_wandb": {"runtime": 1}}