{"CV_RMSE": 2951.256250854497, "RMSE": 211.4039534929197, "RMSE_Kalmar": 139.5448018936811, "RMSE_Blekinge": 71.8591515992386, "CV_RMSE_'Kalmar": 1350.4335667130429, "CV_RMSE_Blekinge": 1600.822684141454, "_timestamp": 1748473366.9620173, "_runtime": 1.3159801959991455, "_step": 0, "_wandb": {"runtime": 1}}