{"CV_RMSE": 3079.804891169667, "RMSE": 1475.585200602962, "RMSE_skane": 1380.81161209878, "RMSE_kronoberg": 94.77358850418196, "CV_RMSE_'skane": 2189.4475878944713, "CV_RMSE_kronoberg": 890.3573032751958, "_timestamp": 1748530567.5999422, "_runtime": 1.3272051811218262, "_step": 0, "_wandb": {"runtime": 1}}