{"CV_RMSE": 867.5121560613422, "RMSE": 1282.5764146039915, "_timestamp": 1748282749.7454877, "_runtime": 1.3421566486358643, "_step": 0, "_wandb": {"runtime": 1}}