{"CV_RMSE": 627.252162332844, "RMSE": 538.0065955201785, "RMSE_STHLM": 406.6837947749748, "RMSE_S\u00f6dermanland": 131.3228007452037, "CV_RMSE_STHLM": 144.84187388107532, "CV_RMSE_S\u00f6dermanland": 482.4102884517687, "_timestamp": 1748345340.3910213, "_runtime": 1.3446731567382812, "_step": 0, "_wandb": {"runtime": 1}}