{"CV_RMSE": 275.2848460354119, "RMSE": 436.7044496617157, "RMSE_STHLM": 400.6056833247765, "RMSE_S\u00f6dermanland": 36.09876633693919, "CV_RMSE_STHLM": 142.6771329609414, "CV_RMSE_S\u00f6dermanland": 132.6077130744705, "_timestamp": 1748316221.7655404, "_runtime": 1.2744543552398682, "_step": 0, "_wandb": {"runtime": 1}}