{"CV_RMSE": 1202.6905568006378, "RMSE": 2132.8379085115635, "RMSE_STHLM": 1999.2742678226807, "RMSE_S\u00f6dermanland": 133.5636406888826, "CV_RMSE_STHLM": 712.0486114129056, "CV_RMSE_S\u00f6dermanland": 490.64194538773205, "_timestamp": 1748366381.3969393, "_runtime": 1.3545222282409668, "_step": 0, "_wandb": {"runtime": 1}}