{"CV_RMSE": 5236.689585701173, "RMSE": 2026.6840473133966, "RMSE_skane": 1767.6054516563554, "RMSE_kronoberg": 259.07859565704115, "CV_RMSE_'skane": 2802.757058651726, "CV_RMSE_kronoberg": 2433.9325270494473, "_timestamp": 1748518948.8473113, "_runtime": 1.292135238647461, "_step": 0, "_wandb": {"runtime": 1}}