{"CV_RMSE": 1655.7102819772745, "RMSE": 2396.158021838616, "RMSE_STHLM": 2154.3028132443296, "RMSE_S\u00f6dermanland": 241.85520859428644, "CV_RMSE_STHLM": 767.2625769370386, "CV_RMSE_S\u00f6dermanland": 888.447705040236, "_timestamp": 1748306851.703227, "_runtime": 1.2559051513671875, "_step": 0, "_wandb": {"runtime": 1}}