{"CV_RMSE": 2869.301655682115, "RMSE": 1626.3566117773198, "RMSE_skane": 1589.1541500325536, "RMSE_kronoberg": 37.20246174476621, "CV_RMSE_'skane": 2519.80044931166, "CV_RMSE_kronoberg": 349.501206370455, "_timestamp": 1748501935.0270028, "_runtime": 1.2828147411346436, "_step": 0, "_wandb": {"runtime": 1}}