{"CV_RMSE": 696.3479627069046, "RMSE": 883.7133521093737, "RMSE_STHLM": 768.6774796820836, "RMSE_S\u00f6dermanland": 115.03587242729007, "CV_RMSE_STHLM": 273.7672068515533, "CV_RMSE_S\u00f6dermanland": 422.5807558553513, "_timestamp": 1748326983.0942364, "_runtime": 1.3131873607635498, "_step": 0, "_wandb": {"runtime": 1}}