{"CV_RMSE": 273.1827958937482, "RMSE": 432.344885685553, "RMSE_STHLM": 396.41172793597, "RMSE_S\u00f6dermanland": 35.93315774958297, "CV_RMSE_STHLM": 141.1834408952802, "CV_RMSE_S\u00f6dermanland": 131.99935499846805, "_timestamp": 1748402305.3037238, "_runtime": 1.3032748699188232, "_step": 0, "_wandb": {"runtime": 1}}