{"CV_RMSE": 261.09175242450675, "RMSE": 418.808958699251, "RMSE_STHLM": 385.06738458827925, "RMSE_S\u00f6dermanland": 33.7415741109717, "CV_RMSE_STHLM": 137.14311283318216, "CV_RMSE_S\u00f6dermanland": 123.9486395913246, "_timestamp": 1748345424.4605067, "_runtime": 1.284672737121582, "_step": 0, "_wandb": {"runtime": 1}}