{"CV_RMSE": 811.5145380563749, "RMSE": 1425.8344067272537, "RMSE_STHLM": 1334.2849196567438, "RMSE_S\u00f6dermanland": 91.54948707050984, "CV_RMSE_STHLM": 475.2102998381755, "CV_RMSE_S\u00f6dermanland": 336.30423821819943, "_timestamp": 1748307591.1555035, "_runtime": 1.2912685871124268, "_step": 0, "_wandb": {"runtime": 1}}