{"CV_RMSE": 786.4426405332404, "RMSE": 1778.2163234499467, "RMSE_STHLM": 1732.0571375150826, "RMSE_S\u00f6dermanland": 46.15918593486409, "CV_RMSE_STHLM": 616.8782840378212, "CV_RMSE_S\u00f6dermanland": 169.5643564954191, "_timestamp": 1748348194.0295007, "_runtime": 1.3093626499176025, "_step": 0, "_wandb": {"runtime": 1}}