{"CV_RMSE": 624.484237057301, "RMSE": 754.714963484525, "RMSE_STHLM": 647.4927855814219, "RMSE_S\u00f6dermanland": 107.22217790310307, "CV_RMSE_STHLM": 230.60684884182024, "CV_RMSE_S\u00f6dermanland": 393.8773882154807, "_timestamp": 1748295341.4126832, "_runtime": 1.2875382900238037, "_step": 0, "_wandb": {"runtime": 1}}