{"CV_RMSE": 305.0918924893567, "RMSE": 22.096461145747426, "RMSE_Kalmar": 14.853877047698528, "RMSE_Blekinge": 7.242584098048896, "CV_RMSE_'Kalmar": 143.7471972357922, "CV_RMSE_Blekinge": 161.34469525356454, "_timestamp": 1748484717.018899, "_runtime": 1.2993969917297363, "_step": 0, "_wandb": {"runtime": 1}}