{"CV_RMSE": 270.3321611204651, "RMSE": 433.13019280264916, "RMSE_STHLM": 398.14066684144916, "RMSE_S\u00f6dermanland": 34.98952596120002, "CV_RMSE_STHLM": 141.7992086099344, "CV_RMSE_S\u00f6dermanland": 128.53295251053072, "_timestamp": 1748447898.04035, "_runtime": 1.2706339359283447, "_step": 0, "_wandb": {"runtime": 1}}