{"CV_RMSE": 1653.4577223240296, "RMSE": 758.7563792503333, "RMSE_skane": 701.0846389490157, "RMSE_kronoberg": 57.67174030131764, "CV_RMSE_'skane": 1111.656404253196, "CV_RMSE_kronoberg": 541.8013180708338, "_timestamp": 1748568654.0984397, "_runtime": 1.303675651550293, "_step": 0, "_wandb": {"runtime": 1}}