{"CV_RMSE": 758.9087750559572, "RMSE": 1650.6489039778762, "RMSE_STHLM": 1599.0938728445394, "RMSE_S\u00f6dermanland": 51.55503113333686, "CV_RMSE_STHLM": 569.522946402883, "CV_RMSE_S\u00f6dermanland": 189.38582865307419, "_timestamp": 1748334493.6892893, "_runtime": 1.3020243644714355, "_step": 0, "_wandb": {"runtime": 1}}