{"CV_RMSE": 4467.219399163783, "RMSE": 293.07619314254055, "RMSE_Kalmar": 163.62992478860326, "RMSE_Blekinge": 129.4462683539373, "CV_RMSE_'Kalmar": 1583.5154011800314, "CV_RMSE_Blekinge": 2883.7039979837523, "_timestamp": 1748560396.4993618, "_runtime": 1.336094856262207, "_step": 0, "_wandb": {"runtime": 1}}