{"CV_RMSE": 274.5146088614221, "RMSE": 435.371148334752, "RMSE_STHLM": 399.36142301708395, "RMSE_S\u00f6dermanland": 36.009725317668, "CV_RMSE_STHLM": 142.23398524549884, "CV_RMSE_S\u00f6dermanland": 132.28062361592328, "_timestamp": 1748377991.21254, "_runtime": 1.2918620109558105, "_step": 0, "_wandb": {"runtime": 1}}