{"CV_RMSE": 306.800063259646, "RMSE": 22.242677156697184, "RMSE_Kalmar": 14.97682467968763, "RMSE_Blekinge": 7.265852477009554, "CV_RMSE_'Kalmar": 144.93701302923512, "CV_RMSE_Blekinge": 161.86305023041086, "_timestamp": 1748474726.3618343, "_runtime": 1.293046236038208, "_step": 0, "_wandb": {"runtime": 1}}