{"CV_RMSE": 1394.0204948704754, "RMSE": 563.8081833639142, "RMSE_skane": 499.77486326340096, "RMSE_kronoberg": 64.03332010051315, "CV_RMSE_'skane": 792.4548571829824, "CV_RMSE_kronoberg": 601.5656376874931, "_timestamp": 1748532244.8480308, "_runtime": 1.3116257190704346, "_step": 0, "_wandb": {"runtime": 1}}