{"CV_RMSE": 3568.880084233606, "RMSE": 1578.2936889540495, "RMSE_skane": 1441.7451817968852, "RMSE_kronoberg": 136.54850715716438, "CV_RMSE_'skane": 2286.0652988322704, "CV_RMSE_kronoberg": 1282.8147854013357, "_timestamp": 1748558196.289416, "_runtime": 1.3349740505218506, "_step": 0, "_wandb": {"runtime": 1}}