{"CV_RMSE": 530.3090729003465, "RMSE": 557.6186487124119, "RMSE_STHLM": 457.6247887320773, "RMSE_S\u00f6dermanland": 99.99385998033459, "CV_RMSE_STHLM": 162.98468929911735, "CV_RMSE_S\u00f6dermanland": 367.3243836012291, "_timestamp": 1748288607.0763679, "_runtime": 1.29799485206604, "_step": 0, "_wandb": {"runtime": 1}}