{"CV_RMSE": 267.0259414113498, "RMSE": 424.48460567369756, "RMSE_STHLM": 389.56352759119807, "RMSE_S\u00f6dermanland": 34.921078082499506, "CV_RMSE_STHLM": 138.7444300878822, "CV_RMSE_S\u00f6dermanland": 128.28151132346758, "_timestamp": 1748465910.4631972, "_runtime": 1.3579041957855225, "_step": 0, "_wandb": {"runtime": 1}}