{"CV_RMSE": 279.7117415642389, "RMSE": 100.83138869948004, "RMSE_skane": 85.48603119731997, "RMSE_kronoberg": 15.345357502160072, "CV_RMSE_'skane": 135.5486752600211, "CV_RMSE_kronoberg": 144.1630663042178, "_timestamp": 1748511935.7856185, "_runtime": 1.2923765182495117, "_step": 0, "_wandb": {"runtime": 1}}