{"CV_RMSE": 4797.787168606348, "RMSE": 337.8735618113508, "RMSE_Kalmar": 216.59846163333944, "RMSE_Blekinge": 121.27510017801137, "CV_RMSE_'Kalmar": 2096.1141448387684, "CV_RMSE_Blekinge": 2701.67302376758, "_timestamp": 1748560705.0247798, "_runtime": 1.3292107582092285, "_step": 0, "_wandb": {"runtime": 1}}