{"CV_RMSE": 274.8610609240374, "RMSE": 436.1064348166949, "RMSE_STHLM": 400.071213832712, "RMSE_S\u00f6dermanland": 36.03522098398295, "CV_RMSE_STHLM": 142.48677975838575, "CV_RMSE_S\u00f6dermanland": 132.37428116565167, "_timestamp": 1748561812.6390436, "_runtime": 1.3046355247497559, "_step": 0, "_wandb": {"runtime": 1}}