{"CV_RMSE": 306.9516988421972, "RMSE": 22.254094206215765, "RMSE_Kalmar": 14.984975964730804, "RMSE_Blekinge": 7.2691182414849616, "CV_RMSE_'Kalmar": 145.01589643287875, "CV_RMSE_Blekinge": 161.93580240931846, "_timestamp": 1748486952.1510632, "_runtime": 1.2830371856689453, "_step": 0, "_wandb": {"runtime": 1}}