{"CV_RMSE": 1965.305815787892, "RMSE": 784.715361059807, "RMSE_skane": 692.379936837747, "RMSE_kronoberg": 92.33542422206001, "CV_RMSE_'skane": 1097.8540224700005, "CV_RMSE_kronoberg": 867.4517933178915, "_timestamp": 1748504344.7227757, "_runtime": 1.2897186279296875, "_step": 0, "_wandb": {"runtime": 1}}