{"CV_RMSE": 1012.7840818348407, "RMSE": 1067.3213958110364, "RMSE_STHLM": 876.608839063133, "RMSE_S\u00f6dermanland": 190.71255674790334, "CV_RMSE_STHLM": 312.2073427609101, "CV_RMSE_S\u00f6dermanland": 700.5767390739306, "_timestamp": 1748296500.6565027, "_runtime": 1.2736296653747559, "_step": 0, "_wandb": {"runtime": 1}}