{"CV_RMSE": 275.3576292674905, "RMSE": 436.908619609583, "RMSE_STHLM": 400.8098329604306, "RMSE_S\u00f6dermanland": 36.09878664915245, "CV_RMSE_STHLM": 142.74984157672637, "CV_RMSE_S\u00f6dermanland": 132.60778769076413, "_timestamp": 1748353687.0162504, "_runtime": 1.2588143348693848, "_step": 0, "_wandb": {"runtime": 1}}