{"CV_RMSE": 4624.4821607219965, "RMSE": 1904.1667692799442, "RMSE_skane": 1698.6089691700217, "RMSE_kronoberg": 205.5578001099226, "CV_RMSE_'skane": 2693.354602278047, "CV_RMSE_kronoberg": 1931.1275584439495, "_timestamp": 1748545093.4204154, "_runtime": 1.2808732986450195, "_step": 0, "_wandb": {"runtime": 1}}