{"CV_RMSE": 495.80111914218026, "RMSE": 464.1293675006263, "RMSE_STHLM": 364.5006868385254, "RMSE_S\u00f6dermanland": 99.6286806621009, "CV_RMSE_STHLM": 129.81821058752388, "CV_RMSE_S\u00f6dermanland": 365.9829085546564, "_timestamp": 1748291018.1561894, "_runtime": 1.3118963241577148, "_step": 0, "_wandb": {"runtime": 1}}