{"CV_RMSE": 873.9247043566825, "RMSE": 1670.5046755714015, "RMSE_STHLM": 1586.4100157338842, "RMSE_S\u00f6dermanland": 84.0946598375175, "CV_RMSE_STHLM": 565.0055457698835, "CV_RMSE_S\u00f6dermanland": 308.91915858679897, "_timestamp": 1748404165.9460626, "_runtime": 1.3124585151672363, "_step": 0, "_wandb": {"runtime": 1}}