{"CV_RMSE": 1873.3695899310248, "RMSE": 779.4358489985021, "RMSE_skane": 697.8015976890825, "RMSE_kronoberg": 81.6342513094196, "CV_RMSE_'skane": 1106.4507362934712, "CV_RMSE_kronoberg": 766.9188536375536, "_timestamp": 1748508961.8177736, "_runtime": 1.397761583328247, "_step": 0, "_wandb": {"runtime": 1}}