{"CV_RMSE": 1575.92758984822, "RMSE": 2156.5323516806416, "RMSE_STHLM": 1913.0008363221357, "RMSE_S\u00f6dermanland": 243.53151535850583, "CV_RMSE_STHLM": 681.3220232251373, "CV_RMSE_S\u00f6dermanland": 894.6055666230826, "_timestamp": 1748321726.8674715, "_runtime": 1.275874376296997, "_step": 0, "_wandb": {"runtime": 1}}