{"CV_RMSE": 273.70487609569886, "RMSE": 432.3338763123411, "RMSE_STHLM": 396.24215626310684, "RMSE_S\u00f6dermanland": 36.09172004923428, "CV_RMSE_STHLM": 141.12304734340964, "CV_RMSE_S\u00f6dermanland": 132.5818287522892, "_timestamp": 1748287537.084609, "_runtime": 1.2881081104278564, "_step": 0, "_wandb": {"runtime": 1}}