{"CV_RMSE": 3208.046959898943, "RMSE": 211.57297904037512, "RMSE_Kalmar": 119.46312437573062, "RMSE_Blekinge": 92.1098546646445, "CV_RMSE_'Kalmar": 1156.0947520231996, "CV_RMSE_Blekinge": 2051.9522078757436, "_timestamp": 1748490385.4363987, "_runtime": 1.296844720840454, "_step": 0, "_wandb": {"runtime": 1}}