{"CV_RMSE": 844.1055329357118, "RMSE": 557.9372961498702, "RMSE_STHLM": 363.3841637988883, "RMSE_S\u00f6dermanland": 194.55313235098197, "CV_RMSE_STHLM": 129.42055695251267, "CV_RMSE_S\u00f6dermanland": 714.6849759831991, "_timestamp": 1748385131.8099349, "_runtime": 1.2956318855285645, "_step": 0, "_wandb": {"runtime": 1}}