{"CV_RMSE": 213.54582441945155, "RMSE": 295.66954339819233, "RMSE_STHLM": 263.0401302293603, "RMSE_S\u00f6dermanland": 32.62941316883209, "CV_RMSE_STHLM": 93.68267400333369, "CV_RMSE_S\u00f6dermanland": 119.86315041611788, "_timestamp": 1748440478.7812757, "_runtime": 1.306440830230713, "_step": 0, "_wandb": {"runtime": 1}}