{"CV_RMSE": 275.2263006997885, "RMSE": 436.4959814924122, "RMSE_STHLM": 400.39248200917496, "RMSE_S\u00f6dermanland": 36.10349948323726, "CV_RMSE_STHLM": 142.6012005572843, "CV_RMSE_S\u00f6dermanland": 132.6251001425042, "_timestamp": 1748344123.6033113, "_runtime": 1.4962623119354248, "_step": 0, "_wandb": {"runtime": 1}}