{"CV_RMSE": 3996.7499280255224, "RMSE": 1795.4569181875786, "RMSE_skane": 1648.211620415036, "RMSE_kronoberg": 147.24529777254259, "CV_RMSE_'skane": 2613.4433727511137, "CV_RMSE_kronoberg": 1383.3065552744085, "_timestamp": 1748551033.4334073, "_runtime": 1.3902232646942139, "_step": 0, "_wandb": {"runtime": 1}}