{"CV_RMSE": 4577.533542986037, "RMSE": 1926.7222615136034, "RMSE_skane": 1731.7565586536596, "RMSE_kronoberg": 194.96570285994378, "CV_RMSE_'skane": 2745.9142050533715, "CV_RMSE_kronoberg": 1831.619337932666, "_timestamp": 1748501342.8483727, "_runtime": 1.2390697002410889, "_step": 0, "_wandb": {"runtime": 1}}