{"CV_RMSE": 3446.1890210252914, "RMSE": 247.56377159708313, "RMSE_Kalmar": 164.1965841334946, "RMSE_Blekinge": 83.36718746358852, "CV_RMSE_'Kalmar": 1588.9992012918833, "CV_RMSE_Blekinge": 1857.1898197334078, "_timestamp": 1748497119.5551739, "_runtime": 1.3348689079284668, "_step": 0, "_wandb": {"runtime": 1}}