{"CV_RMSE": 3081.407882330649, "RMSE": 1396.9436045683885, "RMSE_skane": 1285.9963954488098, "RMSE_kronoberg": 110.94720911957869, "CV_RMSE_'skane": 2039.1063352782396, "CV_RMSE_kronoberg": 1042.3015470524094, "_timestamp": 1748534318.6234338, "_runtime": 1.3002119064331055, "_step": 0, "_wandb": {"runtime": 1}}