{"CV_RMSE": 232.77907962004366, "RMSE": 378.9922417494109, "RMSE_STHLM": 349.510680461448, "RMSE_S\u00f6dermanland": 29.481561287962908, "CV_RMSE_STHLM": 124.47946672548603, "CV_RMSE_S\u00f6dermanland": 108.29961289455763, "_timestamp": 1748403205.7364624, "_runtime": 1.2901792526245117, "_step": 0, "_wandb": {"runtime": 1}}