{"CV_RMSE": 4481.079638463165, "RMSE": 294.7373079497198, "RMSE_Kalmar": 165.46684110176912, "RMSE_Blekinge": 129.27046684795073, "CV_RMSE_'Kalmar": 1601.2920106622819, "CV_RMSE_Blekinge": 2879.7876278008825, "_timestamp": 1748563927.3496084, "_runtime": 1.333484411239624, "_step": 0, "_wandb": {"runtime": 1}}