{"CV_RMSE": 898.3682214523942, "RMSE": 1242.48684332222, "RMSE_STHLM": 1105.0708863293535, "RMSE_S\u00f6dermanland": 137.41595699286663, "CV_RMSE_STHLM": 393.574910050027, "CV_RMSE_S\u00f6dermanland": 504.79331140236724, "_timestamp": 1748292507.9493465, "_runtime": 1.263392448425293, "_step": 0, "_wandb": {"runtime": 1}}