{"CV_RMSE": 4395.137846496238, "RMSE": 1795.4188310006875, "RMSE_skane": 1597.1489531258162, "RMSE_kronoberg": 198.2698778748714, "CV_RMSE_'skane": 2532.477198402457, "CV_RMSE_kronoberg": 1862.6606480937817, "_timestamp": 1748501740.8906975, "_runtime": 1.2864835262298584, "_step": 0, "_wandb": {"runtime": 1}}