{"CV_RMSE": 1085.2905875132094, "RMSE": 2141.4610111113484, "RMSE_STHLM": 2044.2132123294864, "RMSE_S\u00f6dermanland": 97.2477987818621, "CV_RMSE_STHLM": 728.0537756614711, "CV_RMSE_S\u00f6dermanland": 357.2368118517383, "_timestamp": 1748364656.5661123, "_runtime": 1.3079473972320557, "_step": 0, "_wandb": {"runtime": 1}}