{"CV_RMSE": 1295.1024178500288, "RMSE": 625.13256497687, "RMSE_skane": 586.2185643906968, "RMSE_kronoberg": 38.91400058617319, "CV_RMSE_'skane": 929.5220365603014, "CV_RMSE_kronoberg": 365.58038128972726, "_timestamp": 1748508525.5718935, "_runtime": 1.3471133708953857, "_step": 0, "_wandb": {"runtime": 1}}