{"CV_RMSE": 272.0559997879126, "RMSE": 434.6721737613611, "RMSE_STHLM": 399.3285492632048, "RMSE_S\u00f6dermanland": 35.34362449815627, "CV_RMSE_STHLM": 142.2222771416242, "CV_RMSE_S\u00f6dermanland": 129.83372264628835, "_timestamp": 1748510074.1458325, "_runtime": 1.3016736507415771, "_step": 0, "_wandb": {"runtime": 1}}