{"CV_RMSE": 2795.092742074651, "RMSE": 218.0297476490806, "RMSE_Kalmar": 163.65372682097941, "RMSE_Blekinge": 54.37602082810119, "CV_RMSE_'Kalmar": 1583.7457434288328, "CV_RMSE_Blekinge": 1211.3469986458185, "_timestamp": 1748560579.323737, "_runtime": 1.3305590152740479, "_step": 0, "_wandb": {"runtime": 1}}