{"CV_RMSE": 275.3688321216225, "RMSE": 436.94811861312166, "RMSE_STHLM": 400.8501955705737, "RMSE_S\u00f6dermanland": 36.09792304254795, "CV_RMSE_STHLM": 142.76421686328308, "CV_RMSE_S\u00f6dermanland": 132.6046152583394, "_timestamp": 1748433661.2557886, "_runtime": 1.4109296798706055, "_step": 0, "_wandb": {"runtime": 1}}