{"CV_RMSE": 183.81181716098425, "RMSE": 281.5015596050981, "RMSE_STHLM": 256.3143167924101, "RMSE_S\u00f6dermanland": 25.187242812688, "CV_RMSE_STHLM": 91.28725172662016, "CV_RMSE_S\u00f6dermanland": 92.52456543436409, "_timestamp": 1748304677.0160656, "_runtime": 1.274531602859497, "_step": 0, "_wandb": {"runtime": 1}}