{"CV_RMSE": 259.5191824025244, "RMSE": 378.7905799582394, "RMSE_STHLM": 341.22660307035005, "RMSE_S\u00f6dermanland": 37.563976887889325, "CV_RMSE_STHLM": 121.52906322252277, "CV_RMSE_S\u00f6dermanland": 137.9901191800016, "_timestamp": 1748502848.8032734, "_runtime": 1.2978284358978271, "_step": 0, "_wandb": {"runtime": 1}}