{"CV_RMSE": 397.8526214162387, "RMSE": 456.7848700283593, "RMSE_STHLM": 385.8941007875075, "RMSE_S\u00f6dermanland": 70.8907692408518, "CV_RMSE_STHLM": 137.43755073555866, "CV_RMSE_S\u00f6dermanland": 260.41507068068006, "_timestamp": 1748533361.1563258, "_runtime": 1.29427170753479, "_step": 0, "_wandb": {"runtime": 1}}