{"CV_RMSE": 268.2824280398882, "RMSE": 421.3191306889288, "RMSE_STHLM": 385.67943494493886, "RMSE_S\u00f6dermanland": 35.63969574398996, "CV_RMSE_STHLM": 137.3610967354353, "CV_RMSE_S\u00f6dermanland": 130.9213313044529, "_timestamp": 1748541418.8753486, "_runtime": 1.3090004920959473, "_step": 0, "_wandb": {"runtime": 1}}