{"CV_RMSE": 1179.4894905901322, "RMSE": 1460.6138054448063, "RMSE_STHLM": 1261.872792753147, "RMSE_S\u00f6dermanland": 198.7410126916593, "CV_RMSE_STHLM": 449.42046437587345, "CV_RMSE_S\u00f6dermanland": 730.0690262142587, "_timestamp": 1748320527.1323154, "_runtime": 1.27382230758667, "_step": 0, "_wandb": {"runtime": 1}}