{"CV_RMSE": 1030.811047760859, "RMSE": 1346.8233819473255, "RMSE_STHLM": 1180.6845046880603, "RMSE_S\u00f6dermanland": 166.13887725926529, "CV_RMSE_STHLM": 420.5049680329459, "CV_RMSE_S\u00f6dermanland": 610.3060797279132, "_timestamp": 1748289041.5372667, "_runtime": 1.2993667125701904, "_step": 0, "_wandb": {"runtime": 1}}