{"CV_RMSE": 3226.450423496403, "RMSE": 1326.7800488609432, "RMSE_skane": 1183.0120903773961, "RMSE_kronoberg": 143.7679584835471, "CV_RMSE_'skane": 1875.8119826280065, "CV_RMSE_kronoberg": 1350.6384408683964, "_timestamp": 1748569590.1084373, "_runtime": 1.3830673694610596, "_step": 0, "_wandb": {"runtime": 1}}