{"CV_RMSE": 692.6504143222844, "RMSE": 1416.9818757787268, "RMSE_STHLM": 1360.3133795016151, "RMSE_S\u00f6dermanland": 56.668496277111636, "CV_RMSE_STHLM": 484.48042799820087, "CV_RMSE_S\u00f6dermanland": 208.16998632408357, "_timestamp": 1748322512.8391635, "_runtime": 1.2965846061706543, "_step": 0, "_wandb": {"runtime": 1}}