{"CV_RMSE": 4638.8706134459735, "RMSE": 1930.3449756472364, "RMSE_skane": 1728.2601567831164, "RMSE_kronoberg": 202.08481886412, "CV_RMSE_'skane": 2740.3702274573725, "CV_RMSE_kronoberg": 1898.5003859886012, "_timestamp": 1748513191.634264, "_runtime": 1.2694220542907715, "_step": 0, "_wandb": {"runtime": 1}}