{"CV_RMSE": 1593.2703643643422, "RMSE": 2455.4658387428694, "RMSE_STHLM": 2238.800455457921, "RMSE_S\u00f6dermanland": 216.66538328494832, "CV_RMSE_STHLM": 797.3567114808584, "CV_RMSE_S\u00f6dermanland": 795.9136528834837, "_timestamp": 1748400801.777287, "_runtime": 1.3063900470733643, "_step": 0, "_wandb": {"runtime": 1}}