{"CV_RMSE": 489.4635911910232, "RMSE": 1061.6158767700888, "RMSE_STHLM": 1028.0449592355549, "RMSE_S\u00f6dermanland": 33.57091753453391, "CV_RMSE_STHLM": 366.1418533090619, "CV_RMSE_S\u00f6dermanland": 123.32173788196131, "_timestamp": 1748359516.1283245, "_runtime": 1.343982458114624, "_step": 0, "_wandb": {"runtime": 1}}