{"CV_RMSE": 273.1577956560752, "RMSE": 437.13943042758603, "RMSE_STHLM": 401.72856069911774, "RMSE_S\u00f6dermanland": 35.41086972846833, "CV_RMSE_STHLM": 143.07704971476295, "CV_RMSE_S\u00f6dermanland": 130.08074594131224, "_timestamp": 1748559875.5314672, "_runtime": 1.2771751880645752, "_step": 0, "_wandb": {"runtime": 1}}