{"CV_RMSE": 1673.0409565739467, "RMSE": 2048.996068710421, "RMSE_STHLM": 1764.6445648256065, "RMSE_S\u00f6dermanland": 284.3515038848141, "CV_RMSE_STHLM": 628.484411690956, "CV_RMSE_S\u00f6dermanland": 1044.5565448829907, "_timestamp": 1748352955.0410333, "_runtime": 1.2851192951202393, "_step": 0, "_wandb": {"runtime": 1}}