{"CV_RMSE": 1302.4022740152225, "RMSE": 1808.7943430697042, "RMSE_STHLM": 1610.3827980166004, "RMSE_S\u00f6dermanland": 198.41154505310385, "CV_RMSE_STHLM": 573.5435370854533, "CV_RMSE_S\u00f6dermanland": 728.8587369297692, "_timestamp": 1748351807.7129645, "_runtime": 1.292407512664795, "_step": 0, "_wandb": {"runtime": 1}}