{"CV_RMSE": 5155.4285640580965, "RMSE": 1979.676923419288, "RMSE_skane": 1721.459572149218, "RMSE_kronoberg": 258.21735127007, "CV_RMSE_'skane": 2729.587059433221, "CV_RMSE_kronoberg": 2425.841504624875, "_timestamp": 1748538200.3522952, "_runtime": 1.325392246246338, "_step": 0, "_wandb": {"runtime": 1}}