{"CV_RMSE": 2577.8771854254687, "RMSE": 160.16008983069418, "RMSE_Kalmar": 78.57624329844806, "RMSE_Blekinge": 81.58384653224611, "CV_RMSE_'Kalmar": 760.4152577269167, "CV_RMSE_Blekinge": 1817.461927698552, "_timestamp": 1748566954.862761, "_runtime": 1.3383700847625732, "_step": 0, "_wandb": {"runtime": 1}}