{"CV_RMSE": 2582.733510344721, "RMSE": 186.18922653413915, "RMSE_Kalmar": 124.21191203718342, "RMSE_Blekinge": 61.97731449695574, "CV_RMSE_'Kalmar": 1202.0507616501623, "CV_RMSE_Blekinge": 1380.6827486945585, "_timestamp": 1748568945.4505553, "_runtime": 1.4253103733062744, "_step": 0, "_wandb": {"runtime": 1}}