{"CV_RMSE": 306.8757030357949, "RMSE": 22.249422069094766, "RMSE_Kalmar": 14.98274684700345, "RMSE_Blekinge": 7.266675222091316, "CV_RMSE_'Kalmar": 144.99432432583984, "CV_RMSE_Blekinge": 161.88137870995507, "_timestamp": 1748490731.0911887, "_runtime": 1.250781774520874, "_step": 0, "_wandb": {"runtime": 1}}