{"CV_RMSE": 1070.7176547535269, "RMSE": 1965.9489950218388, "RMSE_STHLM": 1854.2508708518055, "RMSE_S\u00f6dermanland": 111.69812417003324, "CV_RMSE_STHLM": 660.3980149452415, "CV_RMSE_S\u00f6dermanland": 410.3196398082854, "_timestamp": 1748392268.8060873, "_runtime": 1.2890913486480713, "_step": 0, "_wandb": {"runtime": 1}}