{"CV_RMSE": 318.58917868838637, "RMSE": 432.23694674493356, "RMSE_STHLM": 382.6045129118425, "RMSE_S\u00f6dermanland": 49.63243383309107, "CV_RMSE_STHLM": 136.26595236274565, "CV_RMSE_S\u00f6dermanland": 182.3232263256407, "_timestamp": 1748450096.45804, "_runtime": 1.2636909484863281, "_step": 0, "_wandb": {"runtime": 1}}