{"CV_RMSE": 264.89326541852313, "RMSE": 419.9359304504676, "RMSE_STHLM": 385.1693897185264, "RMSE_S\u00f6dermanland": 34.7665407319412, "CV_RMSE_STHLM": 137.17944232159627, "CV_RMSE_S\u00f6dermanland": 127.71382309692686, "_timestamp": 1748483121.558507, "_runtime": 1.3194270133972168, "_step": 0, "_wandb": {"runtime": 1}}