{"CV_RMSE": 273.8002719896757, "RMSE": 434.58013365838326, "RMSE_STHLM": 398.700819255221, "RMSE_S\u00f6dermanland": 35.879314403162226, "CV_RMSE_STHLM": 141.99870887601855, "CV_RMSE_S\u00f6dermanland": 131.80156311365715, "_timestamp": 1748468853.4208455, "_runtime": 1.2833995819091797, "_step": 0, "_wandb": {"runtime": 1}}