{"CV_RMSE": 956.8691139176267, "RMSE": 831.6919700148554, "RMSE_STHLM": 632.5372606591071, "RMSE_S\u00f6dermanland": 199.15470935574828, "CV_RMSE_STHLM": 225.28038567202074, "CV_RMSE_S\u00f6dermanland": 731.5887282456059, "_timestamp": 1748400503.556547, "_runtime": 1.310642957687378, "_step": 0, "_wandb": {"runtime": 1}}