{"CV_RMSE": 1052.6737416063747, "RMSE": 778.0337242825805, "RMSE_STHLM": 544.2379957158644, "RMSE_S\u00f6dermanland": 233.79572856671612, "CV_RMSE_STHLM": 193.83228972864185, "CV_RMSE_S\u00f6dermanland": 858.8414518777328, "_timestamp": 1748298137.3905194, "_runtime": 1.284508466720581, "_step": 0, "_wandb": {"runtime": 1}}