{"CV_RMSE": 274.91253228872006, "RMSE": 437.02195336622236, "RMSE_STHLM": 401.06950828360533, "RMSE_S\u00f6dermanland": 35.95244508261704, "CV_RMSE_STHLM": 142.8423258627799, "CV_RMSE_S\u00f6dermanland": 132.07020642594014, "_timestamp": 1748341590.0761003, "_runtime": 1.4823033809661865, "_step": 0, "_wandb": {"runtime": 1}}