{"CV_RMSE": 243.58002407097405, "RMSE": 354.3380558398571, "RMSE_STHLM": 318.95364387666075, "RMSE_S\u00f6dermanland": 35.38441196319632, "CV_RMSE_STHLM": 113.59646992045694, "CV_RMSE_S\u00f6dermanland": 129.9835541505171, "_timestamp": 1748435227.402792, "_runtime": 1.4232070446014404, "_step": 0, "_wandb": {"runtime": 1}}