{"CV_RMSE": 4281.408309271762, "RMSE": 269.1020441866395, "RMSE_Kalmar": 135.9893071150372, "RMSE_Blekinge": 133.11273707160228, "CV_RMSE_'Kalmar": 1316.0255527261666, "CV_RMSE_Blekinge": 2965.3827565455954, "_timestamp": 1748524995.6321883, "_runtime": 1.3623414039611816, "_step": 0, "_wandb": {"runtime": 1}}