{"CV_RMSE": 641.2728652137066, "RMSE": 479.653889350016, "RMSE_STHLM": 337.83970717789344, "RMSE_S\u00f6dermanland": 141.8141821721226, "CV_RMSE_STHLM": 120.32280825488884, "CV_RMSE_S\u00f6dermanland": 520.9500569588178, "_timestamp": 1748300774.3604608, "_runtime": 1.2911958694458008, "_step": 0, "_wandb": {"runtime": 1}}