{"CV_RMSE": 2739.3368154372965, "RMSE": 1608.1932730908811, "RMSE_skane": 1583.945772225948, "RMSE_kronoberg": 24.247500864933105, "CV_RMSE_'skane": 2511.541922134167, "CV_RMSE_kronoberg": 227.79489330312938, "_timestamp": 1748574448.8730316, "_runtime": 1.317638635635376, "_step": 0, "_wandb": {"runtime": 1}}