{"CV_RMSE": 272.78392150613274, "RMSE": 438.77362345669104, "RMSE_STHLM": 403.6509077146183, "RMSE_S\u00f6dermanland": 35.12271574207273, "CV_RMSE_STHLM": 143.76170041280432, "CV_RMSE_S\u00f6dermanland": 129.0222210933284, "_timestamp": 1748531103.196697, "_runtime": 1.4422719478607178, "_step": 0, "_wandb": {"runtime": 1}}