{"CV_RMSE": 640.8922125371573, "RMSE": 523.2469772051518, "RMSE_STHLM": 386.22778171814906, "RMSE_S\u00f6dermanland": 137.01919548700272, "CV_RMSE_STHLM": 137.5563923808208, "CV_RMSE_S\u00f6dermanland": 503.3358201563366, "_timestamp": 1748378756.5784316, "_runtime": 1.2978096008300781, "_step": 0, "_wandb": {"runtime": 1}}