{"CV_RMSE": 314.8318276078148, "RMSE": 415.101196737099, "RMSE_STHLM": 364.7616831189853, "RMSE_S\u00f6dermanland": 50.3395136181137, "CV_RMSE_STHLM": 129.911165337193, "CV_RMSE_S\u00f6dermanland": 184.92066227062176, "_timestamp": 1748357608.41297, "_runtime": 1.3328499794006348, "_step": 0, "_wandb": {"runtime": 1}}