{"CV_RMSE": 1737.1287546825326, "RMSE": 2216.978591870349, "RMSE_STHLM": 1931.3428486393316, "RMSE_S\u00f6dermanland": 285.6357432310177, "CV_RMSE_STHLM": 687.8545958747125, "CV_RMSE_S\u00f6dermanland": 1049.2741588078202, "_timestamp": 1748295568.5450404, "_runtime": 1.269787311553955, "_step": 0, "_wandb": {"runtime": 1}}