{"CV_RMSE": 259.8819772735083, "RMSE": 422.62845775271103, "RMSE_STHLM": 389.6616375047729, "RMSE_S\u00f6dermanland": 32.966820247938124, "CV_RMSE_STHLM": 138.77937228108254, "CV_RMSE_S\u00f6dermanland": 121.10260499242575, "_timestamp": 1748513386.288659, "_runtime": 1.3631341457366943, "_step": 0, "_wandb": {"runtime": 1}}