{"CV_RMSE": 4816.843667769534, "RMSE": 1829.0048415485867, "RMSE_skane": 1583.5517795453593, "RMSE_kronoberg": 245.45306200322736, "CV_RMSE_'skane": 2510.917198010612, "CV_RMSE_kronoberg": 2305.926469758921, "_timestamp": 1748515753.132645, "_runtime": 1.3579390048980713, "_step": 0, "_wandb": {"runtime": 1}}