{"CV_RMSE": 4740.032261788483, "RMSE": 1850.9683521717013, "RMSE_skane": 1619.8113596952578, "RMSE_kronoberg": 231.15699247644346, "CV_RMSE_'skane": 2568.4112468740873, "CV_RMSE_kronoberg": 2171.621014914396, "_timestamp": 1748564980.3442776, "_runtime": 1.2485876083374023, "_step": 0, "_wandb": {"runtime": 1}}