{"CV_RMSE": 275.13749250491435, "RMSE": 435.8893791471694, "RMSE_STHLM": 399.74752474546074, "RMSE_S\u00f6dermanland": 36.14185440170864, "CV_RMSE_STHLM": 142.3714967435357, "CV_RMSE_S\u00f6dermanland": 132.7659957613787, "_timestamp": 1748446701.4983182, "_runtime": 1.2339122295379639, "_step": 0, "_wandb": {"runtime": 1}}