{"CV_RMSE": 275.40660996795657, "RMSE": 436.9945108223836, "RMSE_STHLM": 400.8901804620876, "RMSE_S\u00f6dermanland": 36.104330360295975, "CV_RMSE_STHLM": 142.7784576240122, "CV_RMSE_S\u00f6dermanland": 132.6281523439444, "_timestamp": 1748451896.281686, "_runtime": 1.2565879821777344, "_step": 0, "_wandb": {"runtime": 1}}