{"CV_RMSE": 4916.136345716656, "RMSE": 1885.7599745953153, "RMSE_skane": 1639.1159205799875, "RMSE_kronoberg": 246.64405401532775, "CV_RMSE_'skane": 2599.021015718796, "CV_RMSE_kronoberg": 2317.11532999786, "_timestamp": 1748566021.3984065, "_runtime": 1.411860466003418, "_step": 0, "_wandb": {"runtime": 1}}