{"CV_RMSE": 514.5439573919143, "RMSE": 584.5197145639736, "RMSE_STHLM": 492.166376790413, "RMSE_S\u00f6dermanland": 92.35333777356065, "CV_RMSE_STHLM": 175.28679822373238, "CV_RMSE_S\u00f6dermanland": 339.257159168182, "_timestamp": 1748306914.8398275, "_runtime": 1.2962124347686768, "_step": 0, "_wandb": {"runtime": 1}}