{"CV_RMSE": 4493.5541565740905, "RMSE": 1780.672479450066, "RMSE_skane": 1566.805306156249, "RMSE_kronoberg": 213.86717329381702, "CV_RMSE_'skane": 2484.3635932710076, "CV_RMSE_kronoberg": 2009.1905633030829, "_timestamp": 1748500243.2332993, "_runtime": 1.2569141387939453, "_step": 0, "_wandb": {"runtime": 1}}