{"CV_RMSE": 2872.72785764375, "RMSE": 182.6013163889512, "RMSE_Kalmar": 94.85249419129951, "RMSE_Blekinge": 87.74882219765169, "CV_RMSE_'Kalmar": 917.9273631416082, "CV_RMSE_Blekinge": 1954.8004945021419, "_timestamp": 1748497271.8130496, "_runtime": 1.2878155708312988, "_step": 0, "_wandb": {"runtime": 1}}