{"CV_RMSE": 309.98622489044607, "RMSE": 22.34682481075408, "RMSE_Kalmar": 14.908090251409641, "RMSE_Blekinge": 7.438734559344438, "CV_RMSE_'Kalmar": 144.27184114267394, "CV_RMSE_Blekinge": 165.71438374777213, "_timestamp": 1748465019.1538992, "_runtime": 1.3766252994537354, "_step": 0, "_wandb": {"runtime": 1}}