{"CV_RMSE": 682.8247611217025, "RMSE": 1117.693216032717, "RMSE_STHLM": 1031.8544304417885, "RMSE_S\u00f6dermanland": 85.8387855909284, "CV_RMSE_STHLM": 367.4986099713533, "CV_RMSE_S\u00f6dermanland": 315.32615115034923, "_timestamp": 1748354333.882854, "_runtime": 1.2896969318389893, "_step": 0, "_wandb": {"runtime": 1}}