{"CV_RMSE": 5056.276909009777, "RMSE": 1930.2910991836047, "RMSE_skane": 1674.7430347145314, "RMSE_kronoberg": 255.5480644690734, "CV_RMSE_'skane": 2655.5122114923856, "CV_RMSE_kronoberg": 2400.764697517391, "_timestamp": 1748518728.5760274, "_runtime": 1.3011434078216553, "_step": 0, "_wandb": {"runtime": 1}}