{"CV_RMSE": 559.1993846158798, "RMSE": 507.1304460251112, "RMSE_STHLM": 393.0071313606242, "RMSE_S\u00f6dermanland": 114.12331466448701, "CV_RMSE_STHLM": 139.97088176674387, "CV_RMSE_S\u00f6dermanland": 419.22850284913596, "_timestamp": 1748300035.3848014, "_runtime": 1.3162684440612793, "_step": 0, "_wandb": {"runtime": 1}}