{"CV_RMSE": 1028.3184023761605, "RMSE": 858.9169191487147, "RMSE_STHLM": 641.1468504882681, "RMSE_S\u00f6dermanland": 217.7700686604465, "CV_RMSE_STHLM": 228.34672158268353, "CV_RMSE_S\u00f6dermanland": 799.9716807934769, "_timestamp": 1748328137.2678235, "_runtime": 1.3453783988952637, "_step": 0, "_wandb": {"runtime": 1}}