{"CV_RMSE": 4661.005991432651, "RMSE": 312.18740370915634, "RMSE_Kalmar": 182.03958553962033, "RMSE_Blekinge": 130.14781816953598, "CV_RMSE_'Kalmar": 1761.6734084479388, "CV_RMSE_Blekinge": 2899.3325829847126, "_timestamp": 1748553247.5683374, "_runtime": 1.378638505935669, "_step": 0, "_wandb": {"runtime": 1}}