{"CV_RMSE": 306.7954669097825, "RMSE": 22.24205190037909, "RMSE_Kalmar": 14.976083983698668, "RMSE_Blekinge": 7.265967916680419, "CV_RMSE_'Kalmar": 144.9298450035355, "CV_RMSE_Blekinge": 161.865621906247, "_timestamp": 1748502249.2713711, "_runtime": 1.3968091011047363, "_step": 0, "_wandb": {"runtime": 1}}