{"CV_RMSE": 727.7234916290383, "RMSE": 911.1938003374934, "RMSE_STHLM": 789.6501755709656, "RMSE_S\u00f6dermanland": 121.54362476652777, "CV_RMSE_STHLM": 281.2367067724057, "CV_RMSE_S\u00f6dermanland": 446.48678485663265, "_timestamp": 1748301592.398793, "_runtime": 1.2698440551757812, "_step": 0, "_wandb": {"runtime": 1}}