{"CV_RMSE": 275.0878074363317, "RMSE": 437.0028057959229, "RMSE_STHLM": 400.99546855619974, "RMSE_S\u00f6dermanland": 36.00733723972317, "CV_RMSE_STHLM": 142.81595635163427, "CV_RMSE_S\u00f6dermanland": 132.27185108469737, "_timestamp": 1748435143.0967326, "_runtime": 1.2351937294006348, "_step": 0, "_wandb": {"runtime": 1}}