{"CV_RMSE": 624.0519091501649, "RMSE": 886.6105940609533, "RMSE_STHLM": 793.6793146067396, "RMSE_S\u00f6dermanland": 92.9312794542137, "CV_RMSE_STHLM": 282.67169891019614, "CV_RMSE_S\u00f6dermanland": 341.3802102399687, "_timestamp": 1748367619.7824357, "_runtime": 1.343221664428711, "_step": 0, "_wandb": {"runtime": 1}}