{"CV_RMSE": 3112.1284545381836, "RMSE": 1581.6556664569823, "RMSE_skane": 1504.2806152292408, "RMSE_kronoberg": 77.37505122774158, "CV_RMSE_'skane": 2385.2229628370624, "CV_RMSE_kronoberg": 726.9054917011214, "_timestamp": 1748562982.0187097, "_runtime": 1.2882447242736816, "_step": 0, "_wandb": {"runtime": 1}}