{"CV_RMSE": 758.7757201658537, "RMSE": 1853.4849111586834, "RMSE_STHLM": 1823.7468611635559, "RMSE_S\u00f6dermanland": 29.738049995127465, "CV_RMSE_STHLM": 649.5339038572222, "CV_RMSE_S\u00f6dermanland": 109.24181630863151, "_timestamp": 1748327113.6441548, "_runtime": 1.2990636825561523, "_step": 0, "_wandb": {"runtime": 1}}