{"CV_RMSE": 279.5888264641034, "RMSE": 100.76727435855497, "RMSE_skane": 85.42463859075413, "RMSE_kronoberg": 15.342635767800843, "CV_RMSE_'skane": 135.45132968935644, "CV_RMSE_kronoberg": 144.13749677474698, "_timestamp": 1748534610.1331356, "_runtime": 1.2245604991912842, "_step": 0, "_wandb": {"runtime": 1}}