{"CV_RMSE": 270.7358895340128, "RMSE": 433.61062300179975, "RMSE_STHLM": 398.55097363138714, "RMSE_S\u00f6dermanland": 35.059649370412636, "CV_RMSE_STHLM": 141.94534082637455, "CV_RMSE_S\u00f6dermanland": 128.79054870763827, "_timestamp": 1748450117.0571733, "_runtime": 1.2791261672973633, "_step": 0, "_wandb": {"runtime": 1}}