{"CV_RMSE": 2874.4384309103225, "RMSE": 210.48574368448942, "RMSE_Kalmar": 144.01809619297637, "RMSE_Blekinge": 66.46764749151305, "CV_RMSE_'Kalmar": 1393.7235115449325, "CV_RMSE_Blekinge": 1480.7149193653897, "_timestamp": 1748484612.079329, "_runtime": 1.545577049255371, "_step": 0, "_wandb": {"runtime": 1}}