{"CV_RMSE": 817.5481894432512, "RMSE": 819.358017470148, "RMSE_STHLM": 660.8771992527019, "RMSE_S\u00f6dermanland": 158.4808182174461, "CV_RMSE_STHLM": 235.37375517508178, "CV_RMSE_S\u00f6dermanland": 582.1744342681694, "_timestamp": 1748344050.521196, "_runtime": 1.3151087760925293, "_step": 0, "_wandb": {"runtime": 1}}