{"CV_RMSE": 4384.7794023902115, "RMSE": 303.15172666827164, "RMSE_Kalmar": 187.98703742023312, "RMSE_Blekinge": 115.16468924803851, "CV_RMSE_'Kalmar": 1819.2293943893528, "CV_RMSE_Blekinge": 2565.5500080008583, "_timestamp": 1748472796.1963124, "_runtime": 1.3103244304656982, "_step": 0, "_wandb": {"runtime": 1}}