{"CV_RMSE": 270.13438287608056, "RMSE": 434.1799659226799, "RMSE_STHLM": 399.36276562646134, "RMSE_S\u00f6dermanland": 34.817200296218566, "CV_RMSE_STHLM": 142.23446342058378, "CV_RMSE_S\u00f6dermanland": 127.89991945549677, "_timestamp": 1748450589.305248, "_runtime": 1.2500441074371338, "_step": 0, "_wandb": {"runtime": 1}}