{"CV_RMSE": 1182.8888612901144, "RMSE": 1457.8718428973802, "RMSE_STHLM": 1257.8117124081618, "RMSE_S\u00f6dermanland": 200.06013048921838, "CV_RMSE_STHLM": 447.97409622767935, "CV_RMSE_S\u00f6dermanland": 734.914765062435, "_timestamp": 1748293959.7565553, "_runtime": 1.2595393657684326, "_step": 0, "_wandb": {"runtime": 1}}