{"CV_RMSE": 828.962937239131, "RMSE": 1288.1051077809166, "RMSE_STHLM": 1176.5089384250336, "RMSE_S\u00f6dermanland": 111.59616935588296, "CV_RMSE_STHLM": 419.01782531956087, "CV_RMSE_S\u00f6dermanland": 409.9451119195701, "_timestamp": 1748377547.1106536, "_runtime": 1.3452036380767822, "_step": 0, "_wandb": {"runtime": 1}}