{"CV_RMSE": 4141.827810861458, "RMSE": 262.34353776637516, "RMSE_Kalmar": 135.11784241818611, "RMSE_Blekinge": 127.22569534818903, "CV_RMSE_'Kalmar": 1307.592023401801, "CV_RMSE_Blekinge": 2834.235787459657, "_timestamp": 1748543669.992367, "_runtime": 1.5423369407653809, "_step": 0, "_wandb": {"runtime": 1}}