{"CV_RMSE": 472.49209033245415, "RMSE": 378.9553918537614, "RMSE_STHLM": 277.20873852703875, "RMSE_S\u00f6dermanland": 101.74665332672265, "CV_RMSE_STHLM": 98.7288740302077, "CV_RMSE_S\u00f6dermanland": 373.76321630224646, "_timestamp": 1748384979.6222005, "_runtime": 1.3207755088806152, "_step": 0, "_wandb": {"runtime": 1}}