{"CV_RMSE": 2999.279874859757, "RMSE": 211.17439728350848, "RMSE_Kalmar": 135.32747585142758, "RMSE_Blekinge": 75.8469214320809, "CV_RMSE_'Kalmar": 1309.6207340460733, "CV_RMSE_Blekinge": 1689.6591408136835, "_timestamp": 1748538942.3885279, "_runtime": 1.3256077766418457, "_step": 0, "_wandb": {"runtime": 1}}