{"CV_RMSE": 306.9471127864016, "RMSE": 22.253875449018274, "RMSE_Kalmar": 14.984953166915119, "RMSE_Blekinge": 7.268922282103156, "CV_RMSE_'Kalmar": 145.015675808856, "CV_RMSE_Blekinge": 161.93143697754556, "_timestamp": 1748504430.5264838, "_runtime": 1.2525417804718018, "_step": 0, "_wandb": {"runtime": 1}}