{"CV_RMSE": 5143.033918071253, "RMSE": 1971.2183040537702, "RMSE_skane": 1712.8706482762755, "RMSE_kronoberg": 258.34765577749465, "CV_RMSE_'skane": 2715.9682583661875, "CV_RMSE_kronoberg": 2427.0656597050647, "_timestamp": 1748510041.5590441, "_runtime": 1.3456611633300781, "_step": 0, "_wandb": {"runtime": 1}}