{"CV_RMSE": 3192.7164507454154, "RMSE": 220.59675698006157, "RMSE_Kalmar": 136.63443832890744, "RMSE_Blekinge": 83.96231865115412, "CV_RMSE_'Kalmar": 1322.2687580216848, "CV_RMSE_Blekinge": 1870.4476927237306, "_timestamp": 1748553040.8957927, "_runtime": 1.317441701889038, "_step": 0, "_wandb": {"runtime": 1}}