{"CV_RMSE": 3228.2941618776795, "RMSE": 206.58536136724302, "RMSE_Kalmar": 109.0377676685979, "RMSE_Blekinge": 97.54759369864513, "CV_RMSE_'Kalmar": 1055.2042032444958, "CV_RMSE_Blekinge": 2173.0899586331834, "_timestamp": 1748496375.1978018, "_runtime": 1.3135879039764404, "_step": 0, "_wandb": {"runtime": 1}}