{"CV_RMSE": 784.9111677613191, "RMSE": 1135.0961677908574, "RMSE_STHLM": 1020.3519995998628, "RMSE_S\u00f6dermanland": 114.74416819099473, "CV_RMSE_STHLM": 363.4019784882772, "CV_RMSE_S\u00f6dermanland": 421.5091892730419, "_timestamp": 1748298607.1916432, "_runtime": 1.2853872776031494, "_step": 0, "_wandb": {"runtime": 1}}