{"CV_RMSE": 4426.00062650402, "RMSE": 1788.2978815382328, "RMSE_skane": 1584.6298470589188, "RMSE_kronoberg": 203.66803447931397, "CV_RMSE_'skane": 2512.6266073872916, "CV_RMSE_kronoberg": 1913.3740191167285, "_timestamp": 1748527824.5935717, "_runtime": 1.2905025482177734, "_step": 0, "_wandb": {"runtime": 1}}