{"CV_RMSE": 306.8896242959356, "RMSE": 22.251336900632147, "RMSE_Kalmar": 14.985027506933275, "RMSE_Blekinge": 7.2663093936988705, "CV_RMSE_'Kalmar": 145.01639522838653, "CV_RMSE_Blekinge": 161.8732290675491, "_timestamp": 1748508915.7675633, "_runtime": 1.3165154457092285, "_step": 0, "_wandb": {"runtime": 1}}