{"CV_RMSE": 732.7383630216509, "RMSE": 1535.0064877905602, "RMSE_STHLM": 1478.9248921803105, "RMSE_S\u00f6dermanland": 56.08159561024971, "CV_RMSE_STHLM": 526.7243383309377, "CV_RMSE_S\u00f6dermanland": 206.0140246907132, "_timestamp": 1748313614.8552184, "_runtime": 1.27878737449646, "_step": 0, "_wandb": {"runtime": 1}}