{"CV_RMSE": 1953.5548402682748, "RMSE": 2647.5415034713183, "RMSE_STHLM": 2342.8905133957182, "RMSE_S\u00f6dermanland": 304.6509900756, "CV_RMSE_STHLM": 834.4287542762748, "CV_RMSE_S\u00f6dermanland": 1119.126085992, "_timestamp": 1748304088.778837, "_runtime": 1.2507379055023193, "_step": 0, "_wandb": {"runtime": 1}}