{"CV_RMSE": 303.6947848985174, "RMSE": 21.955222669640982, "RMSE_Kalmar": 14.715042070727513, "RMSE_Blekinge": 7.240180598913468, "CV_RMSE_'Kalmar": 142.40363294252433, "CV_RMSE_Blekinge": 161.2911519559931, "_timestamp": 1748508830.185614, "_runtime": 1.2956211566925049, "_step": 0, "_wandb": {"runtime": 1}}