{"CV_RMSE": 673.7823400581697, "RMSE": 616.0345911923866, "RMSE_STHLM": 479.06257536455905, "RMSE_S\u00f6dermanland": 136.97201582782765, "CV_RMSE_STHLM": 170.61983293553743, "CV_RMSE_S\u00f6dermanland": 503.16250712263223, "_timestamp": 1748304853.5708683, "_runtime": 1.2712123394012451, "_step": 0, "_wandb": {"runtime": 1}}