{"CV_RMSE": 1198.9058457086408, "RMSE": 1973.686361111065, "RMSE_STHLM": 1824.17679346041, "RMSE_S\u00f6dermanland": 149.50956765065501, "CV_RMSE_STHLM": 649.6870257674591, "CV_RMSE_S\u00f6dermanland": 549.2188199411817, "_timestamp": 1748363236.8624203, "_runtime": 1.3389122486114502, "_step": 0, "_wandb": {"runtime": 1}}