{"CV_RMSE": 244.37634979824097, "RMSE": 347.98019092411835, "RMSE_STHLM": 311.6731348784616, "RMSE_S\u00f6dermanland": 36.30705604565676, "CV_RMSE_STHLM": 111.00349085501205, "CV_RMSE_S\u00f6dermanland": 133.37285894322892, "_timestamp": 1748291048.9802232, "_runtime": 1.3248450756072998, "_step": 0, "_wandb": {"runtime": 1}}