{"CV_RMSE": 2731.014368385922, "RMSE": 1488.5535710135666, "RMSE_skane": 1441.0787302530923, "RMSE_kronoberg": 47.474840760474365, "CV_RMSE_'skane": 2285.0085574837617, "CV_RMSE_kronoberg": 446.00581090216, "_timestamp": 1748503096.3172777, "_runtime": 1.332256555557251, "_step": 0, "_wandb": {"runtime": 1}}