{"CV_RMSE": 751.5143248236161, "RMSE": 349.41624692558736, "RMSE_skane": 324.1283795669354, "RMSE_kronoberg": 25.28786735865196, "CV_RMSE_'skane": 513.945633562794, "CV_RMSE_kronoberg": 237.56869126082213, "_timestamp": 1748574918.1740963, "_runtime": 1.3271763324737549, "_step": 0, "_wandb": {"runtime": 1}}