{"CV_RMSE": 273.3242885286836, "RMSE": 435.16322056577536, "RMSE_STHLM": 399.48999203442736, "RMSE_S\u00f6dermanland": 35.67322853134799, "CV_RMSE_STHLM": 142.2797755563849, "CV_RMSE_S\u00f6dermanland": 131.04451297229872, "_timestamp": 1748487563.809386, "_runtime": 1.3025901317596436, "_step": 0, "_wandb": {"runtime": 1}}