{"CV_RMSE": 275.1619576765273, "RMSE": 436.05957486105893, "RMSE_STHLM": 399.92861801519285, "RMSE_S\u00f6dermanland": 36.130956845866066, "CV_RMSE_STHLM": 142.4359937529377, "CV_RMSE_S\u00f6dermanland": 132.72596392358963, "_timestamp": 1748501282.5051508, "_runtime": 1.3237628936767578, "_step": 0, "_wandb": {"runtime": 1}}