{"CV_RMSE": 275.55051436710556, "RMSE": 437.1106039563118, "RMSE_STHLM": 400.9753578125667, "RMSE_S\u00f6dermanland": 36.13524614374515, "CV_RMSE_STHLM": 142.80879383906216, "CV_RMSE_S\u00f6dermanland": 132.7417205280434, "_timestamp": 1748441050.7435439, "_runtime": 1.2214858531951904, "_step": 0, "_wandb": {"runtime": 1}}