{"CV_RMSE": 274.83781008678943, "RMSE": 435.52339826263875, "RMSE_STHLM": 399.43259026041324, "RMSE_S\u00f6dermanland": 36.09080800222552, "CV_RMSE_STHLM": 142.2593317112671, "CV_RMSE_S\u00f6dermanland": 132.57847837552234, "_timestamp": 1748530197.1075034, "_runtime": 1.307396411895752, "_step": 0, "_wandb": {"runtime": 1}}