{"CV_RMSE": 448.17135132105875, "RMSE": 451.3025068365125, "RMSE_STHLM": 364.6546329365776, "RMSE_S\u00f6dermanland": 86.6478738999349, "CV_RMSE_STHLM": 129.87303903558364, "CV_RMSE_S\u00f6dermanland": 318.2983122854751, "_timestamp": 1748299718.8650641, "_runtime": 1.3289761543273926, "_step": 0, "_wandb": {"runtime": 1}}