{"CV_RMSE": 1323.5642850570737, "RMSE": 2133.6369385975, "RMSE_STHLM": 1963.721875114025, "RMSE_S\u00f6dermanland": 169.91506348347517, "CV_RMSE_STHLM": 699.3865008320628, "CV_RMSE_S\u00f6dermanland": 624.1777842250109, "_timestamp": 1748394177.5752227, "_runtime": 1.2783546447753906, "_step": 0, "_wandb": {"runtime": 1}}