{"CV_RMSE": 315.23450842391446, "RMSE": 420.58325776939216, "RMSE_STHLM": 370.71092144418, "RMSE_S\u00f6dermanland": 49.872336325212196, "CV_RMSE_STHLM": 132.03000763742065, "CV_RMSE_S\u00f6dermanland": 183.2045007864938, "_timestamp": 1748558292.0341733, "_runtime": 1.332118272781372, "_step": 0, "_wandb": {"runtime": 1}}