{"CV_RMSE": 511.2117175839014, "RMSE": 938.2180742764165, "RMSE_STHLM": 884.8429855852064, "RMSE_S\u00f6dermanland": 53.37508869121009, "CV_RMSE_STHLM": 315.13996320802767, "CV_RMSE_S\u00f6dermanland": 196.07175437587378, "_timestamp": 1748302827.8546898, "_runtime": 1.3611259460449219, "_step": 0, "_wandb": {"runtime": 1}}