{"CV_RMSE": 2879.7001877015473, "RMSE": 172.3845705274527, "RMSE_Kalmar": 76.23529801257996, "RMSE_Blekinge": 96.14927251487272, "CV_RMSE_'Kalmar": 737.7609485088383, "CV_RMSE_Blekinge": 2141.939239192709, "_timestamp": 1748511216.2961557, "_runtime": 1.3067026138305664, "_step": 0, "_wandb": {"runtime": 1}}