{"CV_RMSE": 258.25922936607753, "RMSE": 353.4754928159616, "RMSE_STHLM": 313.57344947042674, "RMSE_S\u00f6dermanland": 39.90204334553489, "CV_RMSE_STHLM": 111.68029462737795, "CV_RMSE_S\u00f6dermanland": 146.57893473869962, "_timestamp": 1748501465.9709442, "_runtime": 1.3769800662994385, "_step": 0, "_wandb": {"runtime": 1}}