{"CV_RMSE": 4211.75648118249, "RMSE": 1396.2225996736404, "RMSE_skane": 1140.37856308225, "RMSE_kronoberg": 255.84403659139053, "CV_RMSE_'skane": 1808.2112522445823, "CV_RMSE_kronoberg": 2403.5452289379073, "_timestamp": 1748539154.5700867, "_runtime": 1.278970718383789, "_step": 0, "_wandb": {"runtime": 1}}