{"CV_RMSE": 4944.996609060616, "RMSE": 1911.9480086490807, "RMSE_skane": 1666.9256971510708, "RMSE_kronoberg": 245.02231149801003, "CV_RMSE_'skane": 2643.116855947787, "CV_RMSE_kronoberg": 2301.8797531128293, "_timestamp": 1748557157.748574, "_runtime": 1.3104770183563232, "_step": 0, "_wandb": {"runtime": 1}}