{"CV_RMSE": 3253.2793897102183, "RMSE": 220.35131776267133, "RMSE_Kalmar": 131.39383129945833, "RMSE_Blekinge": 88.95748646321299, "CV_RMSE_'Kalmar": 1271.5532061237902, "CV_RMSE_Blekinge": 1981.726183586428, "_timestamp": 1748559395.0107336, "_runtime": 1.352402687072754, "_step": 0, "_wandb": {"runtime": 1}}