{"CV_RMSE": 222.3298289805632, "RMSE": 374.5415844454881, "RMSE_STHLM": 347.73210314298973, "RMSE_S\u00f6dermanland": 26.809481302498416, "CV_RMSE_STHLM": 123.84602011424249, "CV_RMSE_S\u00f6dermanland": 98.48380886632071, "_timestamp": 1748388049.6938984, "_runtime": 1.353196382522583, "_step": 0, "_wandb": {"runtime": 1}}