{"CV_RMSE": 306.9320198891977, "RMSE": 22.252349211389603, "RMSE_Kalmar": 14.983452553139339, "RMSE_Blekinge": 7.268896658250266, "CV_RMSE_'Kalmar": 145.0011537400581, "CV_RMSE_Blekinge": 161.93086614913958, "_timestamp": 1748474490.7822242, "_runtime": 1.2459461688995361, "_step": 0, "_wandb": {"runtime": 1}}