{"CV_RMSE": 306.86703217827005, "RMSE": 22.245303837917373, "RMSE_Kalmar": 14.976153737505028, "RMSE_Blekinge": 7.269150100412346, "CV_RMSE_'Kalmar": 144.93052004037122, "CV_RMSE_Blekinge": 161.9365121378988, "_timestamp": 1748474852.029588, "_runtime": 1.3712000846862793, "_step": 0, "_wandb": {"runtime": 1}}