{"CV_RMSE": 958.6683817426217, "RMSE": 589.182700309339, "RMSE_STHLM": 363.44933301730765, "RMSE_S\u00f6dermanland": 225.73336729203137, "CV_RMSE_STHLM": 129.44376720046571, "CV_RMSE_S\u00f6dermanland": 829.224614542156, "_timestamp": 1748298292.7883155, "_runtime": 1.2863075733184814, "_step": 0, "_wandb": {"runtime": 1}}