{"CV_RMSE": 256.7174280567234, "RMSE": 406.33082173135165, "RMSE_STHLM": 372.5682040083137, "RMSE_S\u00f6dermanland": 33.76261772303791, "CV_RMSE_STHLM": 132.69148540066575, "CV_RMSE_S\u00f6dermanland": 124.02594265605764, "_timestamp": 1748561996.3780546, "_runtime": 1.3307507038116455, "_step": 0, "_wandb": {"runtime": 1}}