{"CV_RMSE": 1109.2382267219195, "RMSE": 2073.8527269134524, "RMSE_STHLM": 1962.127389269804, "RMSE_S\u00f6dermanland": 111.72533764364832, "CV_RMSE_STHLM": 698.8186190513746, "CV_RMSE_S\u00f6dermanland": 410.4196076705448, "_timestamp": 1748398018.4374774, "_runtime": 1.3190834522247314, "_step": 0, "_wandb": {"runtime": 1}}