{"CV_RMSE": 272.29632250749165, "RMSE": 433.2265432652869, "RMSE_STHLM": 397.65526810741864, "RMSE_S\u00f6dermanland": 35.5712751578683, "CV_RMSE_STHLM": 141.62633213164892, "CV_RMSE_S\u00f6dermanland": 130.66999037584273, "_timestamp": 1748557529.9857657, "_runtime": 1.3280727863311768, "_step": 0, "_wandb": {"runtime": 1}}