{"CV_RMSE": 1854.8344974055271, "RMSE": 2538.6236476005924, "RMSE_STHLM": 2252.0381253660553, "RMSE_S\u00f6dermanland": 286.5855222345371, "CV_RMSE_STHLM": 802.0713545031459, "CV_RMSE_S\u00f6dermanland": 1052.763142902381, "_timestamp": 1748317892.413142, "_runtime": 1.2586898803710938, "_step": 0, "_wandb": {"runtime": 1}}