{"CV_RMSE": 712.1388618604511, "RMSE": 739.9152526888618, "RMSE_STHLM": 604.6807905976946, "RMSE_S\u00f6dermanland": 135.2344620911672, "CV_RMSE_STHLM": 215.35920519902064, "CV_RMSE_S\u00f6dermanland": 496.7796566614305, "_timestamp": 1748391733.6902187, "_runtime": 1.3030967712402344, "_step": 0, "_wandb": {"runtime": 1}}