{"CV_RMSE": 289.2720648698894, "RMSE": 21.381735135974132, "RMSE_Kalmar": 14.845758951243905, "RMSE_Blekinge": 6.535976184730228, "CV_RMSE_'Kalmar": 143.66863501203778, "CV_RMSE_Blekinge": 145.60342985785164, "_timestamp": 1748497009.8906982, "_runtime": 1.4248721599578857, "_step": 0, "_wandb": {"runtime": 1}}