{"CV_RMSE": 1195.3195544784257, "RMSE": 1975.2457512553997, "RMSE_STHLM": 1826.984685027386, "RMSE_S\u00f6dermanland": 148.26106622801385, "CV_RMSE_STHLM": 650.687066293885, "CV_RMSE_S\u00f6dermanland": 544.6324881845406, "_timestamp": 1748302299.2855074, "_runtime": 1.2872095108032227, "_step": 0, "_wandb": {"runtime": 1}}