{"CV_RMSE": 2861.3180147254993, "RMSE": 217.04225402101278, "RMSE_Kalmar": 156.6517240522206, "RMSE_Blekinge": 60.39052996879219, "CV_RMSE_'Kalmar": 1515.984426311812, "CV_RMSE_Blekinge": 1345.3335884136873, "_timestamp": 1748567722.0895944, "_runtime": 1.3109853267669678, "_step": 0, "_wandb": {"runtime": 1}}