{"CV_RMSE": 279.22626969434896, "RMSE": 100.62900753434867, "RMSE_skane": 85.30472476530824, "RMSE_kronoberg": 15.324282769040439, "CV_RMSE_'skane": 135.2611914883323, "CV_RMSE_kronoberg": 143.96507820601667, "_timestamp": 1748537285.2148714, "_runtime": 1.3361763954162598, "_step": 0, "_wandb": {"runtime": 1}}