{"CV_RMSE": 518.1093204858613, "RMSE": 31.661617064302455, "RMSE_Kalmar": 14.859252415560567, "RMSE_Blekinge": 16.802364648741886, "CV_RMSE_'Kalmar": 143.79921692477967, "CV_RMSE_Blekinge": 374.31010356108163, "_timestamp": 1748493227.6137552, "_runtime": 1.562331199645996, "_step": 0, "_wandb": {"runtime": 1}}