{"CV_RMSE": 1416.1140577937285, "RMSE": 1757.0111955339771, "RMSE_STHLM": 1518.7618595345018, "RMSE_S\u00f6dermanland": 238.24933599947528, "CV_RMSE_STHLM": 540.9124153466765, "CV_RMSE_S\u00f6dermanland": 875.201642447052, "_timestamp": 1748311631.2032254, "_runtime": 1.2642734050750732, "_step": 0, "_wandb": {"runtime": 1}}