{"CV_RMSE": 306.80962278121467, "RMSE": 22.24133436770817, "RMSE_Kalmar": 14.97369184333743, "RMSE_Blekinge": 7.267642524370739, "CV_RMSE_'Kalmar": 144.90669525810415, "CV_RMSE_Blekinge": 161.90292752311052, "_timestamp": 1748500983.5683656, "_runtime": 1.3339695930480957, "_step": 0, "_wandb": {"runtime": 1}}