{"CV_RMSE": 807.8595808068657, "RMSE": 1289.5647939529, "RMSE_STHLM": 1184.486915238016, "RMSE_S\u00f6dermanland": 105.07787871488374, "CV_RMSE_STHLM": 421.8592100174968, "CV_RMSE_S\u00f6dermanland": 386.00037078936884, "_timestamp": 1748310415.6894567, "_runtime": 1.2746636867523193, "_step": 0, "_wandb": {"runtime": 1}}