{"CV_RMSE": 493.82543951888886, "RMSE": 459.9464009123999, "RMSE_STHLM": 360.46419447236065, "RMSE_S\u00f6dermanland": 99.48220644003928, "CV_RMSE_STHLM": 128.38059953507107, "CV_RMSE_S\u00f6dermanland": 365.44483998381776, "_timestamp": 1748540228.020963, "_runtime": 1.3615169525146484, "_step": 0, "_wandb": {"runtime": 1}}