{"CV_RMSE": 265.64950698601706, "RMSE": 429.73879001130035, "RMSE_STHLM": 395.79673561449624, "RMSE_S\u00f6dermanland": 33.94205439680408, "CV_RMSE_STHLM": 140.96440920183878, "CV_RMSE_S\u00f6dermanland": 124.68509778417827, "_timestamp": 1748532615.952198, "_runtime": 1.3425469398498535, "_step": 0, "_wandb": {"runtime": 1}}