{"CV_RMSE": 306.9255612230886, "RMSE": 22.252450359727387, "RMSE_Kalmar": 14.984143989898477, "RMSE_Blekinge": 7.2683063698289105, "CV_RMSE_'Kalmar": 145.00784506353364, "CV_RMSE_Blekinge": 161.91771615955494, "_timestamp": 1748470312.846503, "_runtime": 1.288559913635254, "_step": 0, "_wandb": {"runtime": 1}}