{"CV_RMSE": 1271.5126699303294, "RMSE": 334.3438318674213, "RMSE_skane": 239.40541757337928, "RMSE_kronoberg": 94.93841429404202, "CV_RMSE_'skane": 379.60689890070705, "CV_RMSE_kronoberg": 891.9057710296223, "_timestamp": 1748569595.7512677, "_runtime": 1.3811957836151123, "_step": 0, "_wandb": {"runtime": 1}}