{"CV_RMSE": 3136.436368708809, "RMSE": 205.66233120727168, "RMSE_Kalmar": 114.69620611609429, "RMSE_Blekinge": 90.9661250911774, "CV_RMSE_'Kalmar": 1109.9632849944608, "CV_RMSE_Blekinge": 2026.473083714348, "_timestamp": 1748490523.5373135, "_runtime": 1.3156373500823975, "_step": 0, "_wandb": {"runtime": 1}}