{"CV_RMSE": 256.6872741313192, "RMSE": 402.7822495213407, "RMSE_STHLM": 368.6477399759341, "RMSE_S\u00f6dermanland": 34.13450954540661, "CV_RMSE_STHLM": 131.29519825023374, "CV_RMSE_S\u00f6dermanland": 125.3920758810855, "_timestamp": 1748563086.6944835, "_runtime": 1.2770624160766602, "_step": 0, "_wandb": {"runtime": 1}}