{"CV_RMSE": 2195.374228278766, "RMSE": 203.03119309649236, "RMSE_Kalmar": 184.73280126082446, "RMSE_Blekinge": 18.298391835667903, "CV_RMSE_'Kalmar": 1787.7367863950753, "CV_RMSE_Blekinge": 407.6374418836909, "_timestamp": 1748504504.4729354, "_runtime": 1.3718805313110352, "_step": 0, "_wandb": {"runtime": 1}}