{"CV_RMSE": 330.37139096972487, "RMSE": 395.75227515055707, "RMSE_STHLM": 338.6510447242627, "RMSE_S\u00f6dermanland": 57.10123042629438, "CV_RMSE_STHLM": 120.61176899558228, "CV_RMSE_S\u00f6dermanland": 209.75962197414262, "_timestamp": 1748296797.2659163, "_runtime": 1.3169374465942383, "_step": 0, "_wandb": {"runtime": 1}}