{"CV_RMSE": 1381.96510755181, "RMSE": 2197.805248917373, "RMSE_STHLM": 2017.174578854242, "RMSE_S\u00f6dermanland": 180.63067006313085, "CV_RMSE_STHLM": 718.4238705852069, "CV_RMSE_S\u00f6dermanland": 663.5412369666032, "_timestamp": 1748363687.870263, "_runtime": 1.2896041870117188, "_step": 0, "_wandb": {"runtime": 1}}