{"CV_RMSE": 306.3694048080978, "RMSE": 22.219079508088864, "RMSE_Kalmar": 14.969282363372477, "RMSE_Blekinge": 7.249797144716388, "CV_RMSE_'Kalmar": 144.86402287134655, "CV_RMSE_Blekinge": 161.5053819367512, "_timestamp": 1748488971.3594944, "_runtime": 1.3883373737335205, "_step": 0, "_wandb": {"runtime": 1}}