{"CV_RMSE": 274.81959736652584, "RMSE": 436.0980472205017, "RMSE_STHLM": 400.07442485636886, "RMSE_S\u00f6dermanland": 36.02362236413284, "CV_RMSE_STHLM": 142.4879233758338, "CV_RMSE_S\u00f6dermanland": 132.33167399069205, "_timestamp": 1748444279.0432444, "_runtime": 1.2585012912750244, "_step": 0, "_wandb": {"runtime": 1}}