{"CV_RMSE": 275.3852324480071, "RMSE": 436.83801658345715, "RMSE_STHLM": 400.72332891650046, "RMSE_S\u00f6dermanland": 36.11468766695668, "CV_RMSE_STHLM": 142.71903285510504, "CV_RMSE_S\u00f6dermanland": 132.66619959290207, "_timestamp": 1748563668.5523012, "_runtime": 1.2462081909179688, "_step": 0, "_wandb": {"runtime": 1}}