{"CV_RMSE": 4239.232435859434, "RMSE": 1729.5716740372632, "RMSE_skane": 1537.8963588486365, "RMSE_kronoberg": 191.6753151886266, "CV_RMSE_'skane": 2438.524881895301, "CV_RMSE_kronoberg": 1800.707553964133, "_timestamp": 1748567862.2730868, "_runtime": 1.3063197135925293, "_step": 0, "_wandb": {"runtime": 1}}