{"CV_RMSE": 4967.0177931813, "RMSE": 1861.349590615851, "RMSE_skane": 1603.2331684488518, "RMSE_kronoberg": 258.1164221669991, "CV_RMSE_'skane": 2542.1244742846484, "CV_RMSE_kronoberg": 2424.893318896651, "_timestamp": 1748504921.0924354, "_runtime": 1.3026673793792725, "_step": 0, "_wandb": {"runtime": 1}}