{"CV_RMSE": 261.17621835002865, "RMSE": 423.3453550177548, "RMSE_STHLM": 390.06535519188907, "RMSE_S\u00f6dermanland": 33.27999982586573, "CV_RMSE_STHLM": 138.92315776521576, "CV_RMSE_S\u00f6dermanland": 122.25306058481289, "_timestamp": 1748346111.758101, "_runtime": 1.3126499652862549, "_step": 0, "_wandb": {"runtime": 1}}