{"CV_RMSE": 279.0135693166809, "RMSE": 100.43231827027073, "RMSE_skane": 85.09533535616718, "RMSE_kronoberg": 15.336982914103542, "CV_RMSE_'skane": 134.92917868314035, "CV_RMSE_kronoberg": 144.08439063354058, "_timestamp": 1748528434.3988473, "_runtime": 1.2962133884429932, "_step": 0, "_wandb": {"runtime": 1}}