{"CV_RMSE": 4517.06607833574, "RMSE": 1763.261671513088, "RMSE_skane": 1542.848301622334, "RMSE_kronoberg": 220.41336989075404, "CV_RMSE_'skane": 2446.3767996125803, "CV_RMSE_kronoberg": 2070.689278723159, "_timestamp": 1748551665.6427999, "_runtime": 1.3021619319915771, "_step": 0, "_wandb": {"runtime": 1}}