{"CV_RMSE": 266.4927556141091, "RMSE": 417.0633662909655, "RMSE_STHLM": 381.50625745618544, "RMSE_S\u00f6dermanland": 35.55710883478005, "CV_RMSE_STHLM": 135.8748047924681, "CV_RMSE_S\u00f6dermanland": 130.61795082164102, "_timestamp": 1748461939.6473215, "_runtime": 1.2950005531311035, "_step": 0, "_wandb": {"runtime": 1}}