{"CV_RMSE": 286.68689065959484, "RMSE": 409.39550792223474, "RMSE_STHLM": 366.9276703461016, "RMSE_S\u00f6dermanland": 42.46783757613315, "CV_RMSE_STHLM": 130.68258935951383, "CV_RMSE_S\u00f6dermanland": 156.00430130008098, "_timestamp": 1748426407.2974195, "_runtime": 1.3104195594787598, "_step": 0, "_wandb": {"runtime": 1}}