{"CV_RMSE": 3574.7541395062017, "RMSE": 215.92102629486328, "RMSE_Kalmar": 98.04654938587566, "RMSE_Blekinge": 117.87447690898762, "CV_RMSE_'Kalmar": 948.8375747020225, "CV_RMSE_Blekinge": 2625.9165648041794, "_timestamp": 1748571144.7313554, "_runtime": 1.3405523300170898, "_step": 0, "_wandb": {"runtime": 1}}