{"CV_RMSE": 626.1699946778974, "RMSE": 999.2425552447656, "RMSE_STHLM": 917.765170483087, "RMSE_S\u00f6dermanland": 81.47738476167865, "CV_RMSE_STHLM": 326.86531596152685, "CV_RMSE_S\u00f6dermanland": 299.3046787163706, "_timestamp": 1748299226.560975, "_runtime": 1.266963005065918, "_step": 0, "_wandb": {"runtime": 1}}