{"CV_RMSE": 4874.329608081889, "RMSE": 1802.028120039444, "RMSE_skane": 1543.7358299786165, "RMSE_kronoberg": 258.2922900608275, "CV_RMSE_'skane": 2447.784085589772, "CV_RMSE_kronoberg": 2426.5455224921166, "_timestamp": 1748550611.28461, "_runtime": 1.32771897315979, "_step": 0, "_wandb": {"runtime": 1}}