{"CV_RMSE": 3981.708378991918, "RMSE": 1516.235014407271, "RMSE_skane": 1314.2193052778377, "RMSE_kronoberg": 202.01570912943325, "CV_RMSE_'skane": 2083.8572493834636, "CV_RMSE_kronoberg": 1897.8511296084544, "_timestamp": 1748504297.5432847, "_runtime": 1.2754456996917725, "_step": 0, "_wandb": {"runtime": 1}}