{"CV_RMSE": 4965.916388554038, "RMSE": 1898.0245101128173, "RMSE_skane": 1647.4960527735532, "RMSE_kronoberg": 250.52845733926415, "CV_RMSE_'skane": 2612.3087517551053, "CV_RMSE_kronoberg": 2353.6076367989326, "_timestamp": 1748514995.2732139, "_runtime": 1.3013877868652344, "_step": 0, "_wandb": {"runtime": 1}}