{"CV_RMSE": 3362.422428092362, "RMSE": 234.37591496463313, "RMSE_Kalmar": 147.52789471295247, "RMSE_Blekinge": 86.84802025168067, "CV_RMSE_'Kalmar": 1427.6893036737335, "CV_RMSE_Blekinge": 1934.7331244186287, "_timestamp": 1748540099.8394337, "_runtime": 1.4026427268981934, "_step": 0, "_wandb": {"runtime": 1}}