{"CV_RMSE": 306.88161984724434, "RMSE": 22.249115548259816, "RMSE_Kalmar": 14.981735304167303, "RMSE_Blekinge": 7.2673802440925135, "CV_RMSE_'Kalmar": 144.98453520161905, "CV_RMSE_Blekinge": 161.8970846456253, "_timestamp": 1748467913.5767448, "_runtime": 1.2678887844085693, "_step": 0, "_wandb": {"runtime": 2}}