{"CV_RMSE": 2869.2569314473703, "RMSE": 193.62746993175034, "RMSE_Kalmar": 114.62287897028821, "RMSE_Blekinge": 79.00459096146213, "CV_RMSE_'Kalmar": 1109.2536674544021, "CV_RMSE_Blekinge": 1760.0032639929682, "_timestamp": 1748507871.3341975, "_runtime": 1.3127784729003906, "_step": 0, "_wandb": {"runtime": 1}}