{"CV_RMSE": 1954.9003775332171, "RMSE": 1032.8308758141707, "RMSE_skane": 992.2083398806803, "RMSE_kronoberg": 40.62253593349026, "CV_RMSE_'skane": 1573.2690378657721, "CV_RMSE_kronoberg": 381.63133966744505, "_timestamp": 1748555299.0820215, "_runtime": 1.3049733638763428, "_step": 0, "_wandb": {"runtime": 1}}