{"CV_RMSE": 251.66619931686415, "RMSE": 406.8184673771889, "RMSE_STHLM": 374.63088974870016, "RMSE_S\u00f6dermanland": 32.187577628488754, "CV_RMSE_STHLM": 133.42611823261976, "CV_RMSE_S\u00f6dermanland": 118.2400810842444, "_timestamp": 1748469948.8397691, "_runtime": 1.2991950511932373, "_step": 0, "_wandb": {"runtime": 1}}