{"CV_RMSE": 306.35428994516536, "RMSE": 22.215308932251663, "RMSE_Kalmar": 14.96381536644463, "RMSE_Blekinge": 7.251493565807033, "CV_RMSE_'Kalmar": 144.81111644946415, "CV_RMSE_Blekinge": 161.5431734957012, "_timestamp": 1748466234.6985111, "_runtime": 1.2667920589447021, "_step": 0, "_wandb": {"runtime": 1}}