{"CV_RMSE": 298.36107070869525, "RMSE": 483.96626743313004, "RMSE_STHLM": 445.9853285282665, "RMSE_S\u00f6dermanland": 37.98093890486353, "CV_RMSE_STHLM": 158.83925432348232, "CV_RMSE_S\u00f6dermanland": 139.52181638521296, "_timestamp": 1748488330.4917855, "_runtime": 1.3413596153259277, "_step": 0, "_wandb": {"runtime": 1}}