{"CV_RMSE": 3267.994737058223, "RMSE": 231.95434026231501, "RMSE_Kalmar": 150.74077849346452, "RMSE_Blekinge": 81.2135617688505, "CV_RMSE_'Kalmar": 1458.7817273561081, "CV_RMSE_Blekinge": 1809.213009702115, "_timestamp": 1748577492.3408668, "_runtime": 1.3003487586975098, "_step": 0, "_wandb": {"runtime": 1}}