{"CV_RMSE": 306.7316817722068, "RMSE": 22.232505458407893, "RMSE_Kalmar": 14.96426768302081, "RMSE_Blekinge": 7.268237775387083, "CV_RMSE_'Kalmar": 144.815493706653, "CV_RMSE_Blekinge": 161.9161880655538, "_timestamp": 1748578681.7315156, "_runtime": 1.347482681274414, "_step": 0, "_wandb": {"runtime": 1}}