{"CV_RMSE": 4684.480749290765, "RMSE": 1777.3363809113162, "RMSE_skane": 1538.342086672418, "RMSE_kronoberg": 238.99429423889808, "CV_RMSE_'skane": 2439.2316384869205, "CV_RMSE_kronoberg": 2245.2491108038444, "_timestamp": 1748538757.230511, "_runtime": 1.313194990158081, "_step": 0, "_wandb": {"runtime": 1}}