{"CV_RMSE": 1741.1068873856777, "RMSE": 2105.5272687414254, "RMSE_STHLM": 1806.7266903860354, "RMSE_S\u00f6dermanland": 298.8005783553898, "CV_RMSE_STHLM": 643.4721097536335, "CV_RMSE_S\u00f6dermanland": 1097.6347776320442, "_timestamp": 1748289687.6668844, "_runtime": 1.2635343074798584, "_step": 0, "_wandb": {"runtime": 1}}