{"CV_RMSE": 3257.9800039194433, "RMSE": 201.93297328885853, "RMSE_Kalmar": 98.45600746834235, "RMSE_Blekinge": 103.4769658205162, "CV_RMSE_'Kalmar": 952.8000722742806, "CV_RMSE_Blekinge": 2305.179931645163, "_timestamp": 1748549147.3854387, "_runtime": 1.3702387809753418, "_step": 0, "_wandb": {"runtime": 1}}