{"CV_RMSE": 930.7105971692678, "RMSE": 1354.3322521507343, "RMSE_STHLM": 1219.1746760638641, "RMSE_S\u00f6dermanland": 135.1575760868703, "CV_RMSE_STHLM": 434.21337889096867, "CV_RMSE_S\u00f6dermanland": 496.4972182782991, "_timestamp": 1748315676.6018176, "_runtime": 1.281024694442749, "_step": 0, "_wandb": {"runtime": 1}}