{"CV_RMSE": 4501.0444262625015, "RMSE": 1897.4532186581491, "RMSE_skane": 1706.3394338781145, "RMSE_kronoberg": 191.11378478003454, "CV_RMSE_'skane": 2705.6122101661435, "CV_RMSE_kronoberg": 1795.4322160963582, "_timestamp": 1748572640.5675318, "_runtime": 1.3366308212280273, "_step": 0, "_wandb": {"runtime": 1}}