{"CV_RMSE": 401.8865073589193, "RMSE": 450.81961023868354, "RMSE_STHLM": 378.07238999041806, "RMSE_S\u00f6dermanland": 72.74722024826546, "CV_RMSE_STHLM": 134.65182073263801, "CV_RMSE_S\u00f6dermanland": 267.2346866262813, "_timestamp": 1748439095.7868598, "_runtime": 1.2631628513336182, "_step": 0, "_wandb": {"runtime": 1}}