{"CV_RMSE": 1064.1042352789696, "RMSE": 944.8118832936701, "RMSE_STHLM": 725.4760797302828, "RMSE_S\u00f6dermanland": 219.33580356338737, "CV_RMSE_STHLM": 258.38087525019967, "CV_RMSE_S\u00f6dermanland": 805.72336002877, "_timestamp": 1748294146.2132137, "_runtime": 1.3311407566070557, "_step": 0, "_wandb": {"runtime": 1}}