{"CV_RMSE": 318.6610734416702, "RMSE": 422.33925422165737, "RMSE_STHLM": 371.62251212020436, "RMSE_S\u00f6dermanland": 50.71674210145302, "CV_RMSE_STHLM": 132.3546738853122, "CV_RMSE_S\u00f6dermanland": 186.30639955635803, "_timestamp": 1748534646.8696244, "_runtime": 1.4329454898834229, "_step": 0, "_wandb": {"runtime": 1}}