{"CV_RMSE": 884.333336438344, "RMSE": 1188.0466831713186, "RMSE_STHLM": 1049.0167192265578, "RMSE_S\u00f6dermanland": 139.02996394476074, "CV_RMSE_STHLM": 373.6110199065698, "CV_RMSE_S\u00f6dermanland": 510.72231653177414, "_timestamp": 1748325105.0723825, "_runtime": 1.2714273929595947, "_step": 0, "_wandb": {"runtime": 1}}