{"CV_RMSE": 4026.611685742095, "RMSE": 265.3921554421265, "RMSE_Kalmar": 149.65225992471048, "RMSE_Blekinge": 115.73989551741607, "CV_RMSE_'Kalmar": 1448.2476766907464, "CV_RMSE_Blekinge": 2578.364009051348, "_timestamp": 1748461125.9229925, "_runtime": 1.5055863857269287, "_step": 0, "_wandb": {"runtime": 1}}