{"CV_RMSE": 1761.5008421911903, "RMSE": 2470.739600366895, "RMSE_STHLM": 2205.0012071288493, "RMSE_S\u00f6dermanland": 265.7383932380458, "CV_RMSE_STHLM": 785.3189894800017, "CV_RMSE_S\u00f6dermanland": 976.1818527111885, "_timestamp": 1748375271.8390002, "_runtime": 1.332353115081787, "_step": 0, "_wandb": {"runtime": 1}}