{"CV_RMSE": 4078.2815908229086, "RMSE": 1778.1325598005674, "RMSE_skane": 1616.9287146234471, "RMSE_kronoberg": 161.20384517712031, "CV_RMSE_'skane": 2563.8404565910896, "CV_RMSE_kronoberg": 1514.4411342318192, "_timestamp": 1748506593.6095464, "_runtime": 1.291304349899292, "_step": 0, "_wandb": {"runtime": 1}}