{"CV_RMSE": 5213.464753101825, "RMSE": 2013.8141785565078, "RMSE_skane": 1755.0964591445559, "RMSE_kronoberg": 258.7177194119519, "CV_RMSE_'skane": 2782.9225039289995, "CV_RMSE_kronoberg": 2430.542249172826, "_timestamp": 1748502793.9305031, "_runtime": 1.2745540142059326, "_step": 0, "_wandb": {"runtime": 1}}