{"CV_RMSE": 4798.688150133295, "RMSE": 1820.2396648005613, "RMSE_skane": 1575.3317781075284, "RMSE_kronoberg": 244.90788669303288, "CV_RMSE_'skane": 2497.8833690922756, "CV_RMSE_kronoberg": 2300.804781041019, "_timestamp": 1748573180.0389938, "_runtime": 1.3225388526916504, "_step": 0, "_wandb": {"runtime": 1}}