{"CV_RMSE": 273.58268542391755, "RMSE": 437.83340087052386, "RMSE_STHLM": 402.36895477339743, "RMSE_S\u00f6dermanland": 35.46444609712641, "CV_RMSE_STHLM": 143.3051283324328, "CV_RMSE_S\u00f6dermanland": 130.27755709148477, "_timestamp": 1748561118.0501015, "_runtime": 1.2528884410858154, "_step": 0, "_wandb": {"runtime": 1}}