{"CV_RMSE": 305.94488394985535, "RMSE": 22.180398490562087, "RMSE_Kalmar": 14.934584615201736, "RMSE_Blekinge": 7.245813875360351, "CV_RMSE_'Kalmar": 144.52823821162968, "CV_RMSE_Blekinge": 161.41664573822564, "_timestamp": 1748481608.4396608, "_runtime": 1.3114008903503418, "_step": 0, "_wandb": {"runtime": 1}}