{"CV_RMSE": 270.3165894752834, "RMSE": 444.1187044987555, "RMSE_STHLM": 410.3136207754064, "RMSE_S\u00f6dermanland": 33.805083723349156, "CV_RMSE_STHLM": 146.13464926706203, "CV_RMSE_S\u00f6dermanland": 124.1819402082214, "_timestamp": 1748527147.7316246, "_runtime": 1.458242654800415, "_step": 0, "_wandb": {"runtime": 1}}