{"CV_RMSE": 273.20417453787593, "RMSE": 433.6527634455619, "RMSE_STHLM": 397.853577458966, "RMSE_S\u00f6dermanland": 35.799185986595894, "CV_RMSE_STHLM": 141.69696070956448, "CV_RMSE_S\u00f6dermanland": 131.50721382831145, "_timestamp": 1748527315.6812036, "_runtime": 1.2752876281738281, "_step": 0, "_wandb": {"runtime": 1}}