{"CV_RMSE": 306.9637923150151, "RMSE": 22.255278760822407, "RMSE_Kalmar": 14.986110515311807, "RMSE_Blekinge": 7.269168245510601, "CV_RMSE_'Kalmar": 145.02687595463038, "CV_RMSE_Blekinge": 161.93691636038469, "_timestamp": 1748576589.340423, "_runtime": 1.3348331451416016, "_step": 0, "_wandb": {"runtime": 1}}