{"CV_RMSE": 274.58584717427686, "RMSE": 436.6936803919759, "RMSE_STHLM": 400.8044700273485, "RMSE_S\u00f6dermanland": 35.889210364627374, "CV_RMSE_STHLM": 142.74793154911504, "CV_RMSE_S\u00f6dermanland": 131.8379156251618, "_timestamp": 1748476695.2861423, "_runtime": 1.2791962623596191, "_step": 0, "_wandb": {"runtime": 1}}