{"CV_RMSE": 302.6080003520208, "RMSE": 395.5496756935968, "RMSE_STHLM": 346.79592720420965, "RMSE_S\u00f6dermanland": 48.75374848938711, "CV_RMSE_STHLM": 123.51259773794567, "CV_RMSE_S\u00f6dermanland": 179.09540261407508, "_timestamp": 1748476197.1083987, "_runtime": 1.2820405960083008, "_step": 0, "_wandb": {"runtime": 1}}