{"CV_RMSE": 263.17777144007187, "RMSE": 414.81013982245514, "RMSE_STHLM": 380.010417291406, "RMSE_S\u00f6dermanland": 34.79972253104914, "CV_RMSE_STHLM": 135.34205601989132, "CV_RMSE_S\u00f6dermanland": 127.83571542018052, "_timestamp": 1748433810.603955, "_runtime": 1.2683091163635254, "_step": 0, "_wandb": {"runtime": 1}}