{"CV_RMSE": 446.94373241348177, "RMSE": 469.5646438842832, "RMSE_STHLM": 385.24749279036547, "RMSE_S\u00f6dermanland": 84.31715109391777, "CV_RMSE_STHLM": 137.20725900725324, "CV_RMSE_S\u00f6dermanland": 309.7364734062285, "_timestamp": 1748366329.808716, "_runtime": 1.3690340518951416, "_step": 0, "_wandb": {"runtime": 1}}