{"CV_RMSE": 265.11137634219426, "RMSE": 419.392168474501, "RMSE_STHLM": 384.5014991710293, "RMSE_S\u00f6dermanland": 34.89066930347168, "CV_RMSE_STHLM": 136.94157073760442, "CV_RMSE_S\u00f6dermanland": 128.16980560458987, "_timestamp": 1748384890.5079224, "_runtime": 1.3244264125823975, "_step": 0, "_wandb": {"runtime": 1}}