{"CV_RMSE": 430.6028258826815, "RMSE": 426.6174793858662, "RMSE_STHLM": 342.6153787228158, "RMSE_S\u00f6dermanland": 84.00210066305037, "CV_RMSE_STHLM": 122.02368058984338, "CV_RMSE_S\u00f6dermanland": 308.5791452928381, "_timestamp": 1748441357.699068, "_runtime": 1.342561960220337, "_step": 0, "_wandb": {"runtime": 1}}