{"CV_RMSE": 1456.4073993935272, "RMSE": 637.7278438168179, "RMSE_skane": 580.7149132715577, "RMSE_kronoberg": 57.012930545260126, "CV_RMSE_'skane": 920.7953170267829, "CV_RMSE_kronoberg": 535.6120823667444, "_timestamp": 1748537579.750855, "_runtime": 1.3864390850067139, "_step": 0, "_wandb": {"runtime": 1}}