{"CV_RMSE": 266.53707915170594, "RMSE": 421.3408396675103, "RMSE_STHLM": 386.2296075064808, "RMSE_S\u00f6dermanland": 35.11123216102949, "CV_RMSE_STHLM": 137.55704264180164, "CV_RMSE_S\u00f6dermanland": 128.98003650990427, "_timestamp": 1748439594.9091635, "_runtime": 1.2869415283203125, "_step": 0, "_wandb": {"runtime": 1}}