{"CV_RMSE": 655.3851336758423, "RMSE": 677.5008900733862, "RMSE_STHLM": 552.6738276649057, "RMSE_S\u00f6dermanland": 124.82706240848057, "CV_RMSE_STHLM": 196.83674115489322, "CV_RMSE_S\u00f6dermanland": 458.54839252094905, "_timestamp": 1748380156.0568652, "_runtime": 1.5824100971221924, "_step": 0, "_wandb": {"runtime": 1}}