{"CV_RMSE": 1691.2279647252908, "RMSE": 629.2705098453598, "RMSE_skane": 540.4695966776507, "RMSE_kronoberg": 88.80091316770917, "CV_RMSE_'skane": 856.9813900808414, "CV_RMSE_kronoberg": 834.2465746444494, "_timestamp": 1748524795.8534846, "_runtime": 1.4596257209777832, "_step": 0, "_wandb": {"runtime": 1}}