{"CV_RMSE": 607.5816710291449, "RMSE": 719.5388539825286, "RMSE_STHLM": 613.6353536630908, "RMSE_S\u00f6dermanland": 105.90350031943787, "CV_RMSE_STHLM": 218.54840454957724, "CV_RMSE_S\u00f6dermanland": 389.03326647956766, "_timestamp": 1748359967.9578345, "_runtime": 1.2997214794158936, "_step": 0, "_wandb": {"runtime": 1}}