{"CV_RMSE": 1814.2114502009204, "RMSE": 511.5161768221963, "RMSE_skane": 383.0559484122498, "RMSE_kronoberg": 128.46022840994652, "CV_RMSE_'skane": 607.3825820490218, "CV_RMSE_kronoberg": 1206.8288681518984, "_timestamp": 1748524729.7804883, "_runtime": 1.3312101364135742, "_step": 0, "_wandb": {"runtime": 1}}