{"CV_RMSE": 2453.6265203563084, "RMSE": 170.10380874591897, "RMSE_Kalmar": 106.01865715569697, "RMSE_Blekinge": 64.085151590222, "CV_RMSE_'Kalmar": 1025.9870047325512, "CV_RMSE_Blekinge": 1427.6395156237572, "_timestamp": 1748542256.9925838, "_runtime": 1.3655686378479004, "_step": 0, "_wandb": {"runtime": 1}}