{"CV_RMSE": 2008.3421614763195, "RMSE": 2762.3607869147513, "RMSE_STHLM": 2453.521462838547, "RMSE_S\u00f6dermanland": 308.8393240762045, "CV_RMSE_STHLM": 873.830358747405, "CV_RMSE_S\u00f6dermanland": 1134.5118027289145, "_timestamp": 1748321866.4982147, "_runtime": 1.232273817062378, "_step": 0, "_wandb": {"runtime": 1}}