{"CV_RMSE": 267.19742508120476, "RMSE": 423.88500728323294, "RMSE_STHLM": 388.84786163945205, "RMSE_S\u00f6dermanland": 35.037145643780896, "CV_RMSE_STHLM": 138.48954312445858, "CV_RMSE_S\u00f6dermanland": 128.70788195674615, "_timestamp": 1748431508.7328181, "_runtime": 1.2981040477752686, "_step": 0, "_wandb": {"runtime": 1}}