{"CV_RMSE": 4296.632008673482, "RMSE": 1725.6258338915568, "RMSE_skane": 1525.7988204770686, "RMSE_kronoberg": 199.82701341448814, "CV_RMSE_'skane": 2419.342738600003, "CV_RMSE_kronoberg": 1877.2892700734794, "_timestamp": 1748505697.54698, "_runtime": 1.281229019165039, "_step": 0, "_wandb": {"runtime": 1}}