{"CV_RMSE": 269.7644256883864, "RMSE": 425.54154108052296, "RMSE_STHLM": 389.9084255864096, "RMSE_S\u00f6dermanland": 35.633115494113355, "CV_RMSE_STHLM": 138.86726673041892, "CV_RMSE_S\u00f6dermanland": 130.89715895796743, "_timestamp": 1748456805.1815813, "_runtime": 1.2724223136901855, "_step": 0, "_wandb": {"runtime": 1}}