{"CV_RMSE": 2998.7968668017115, "RMSE": 217.45092910375496, "RMSE_Kalmar": 146.46310050775028, "RMSE_Blekinge": 70.98782859600466, "CV_RMSE_'Kalmar": 1417.3848436233898, "CV_RMSE_Blekinge": 1581.4120231783218, "_timestamp": 1748575218.4967153, "_runtime": 1.3588414192199707, "_step": 0, "_wandb": {"runtime": 1}}