{"CV_RMSE": 604.6833156080887, "RMSE": 631.6808288835975, "RMSE_STHLM": 517.2184235014432, "RMSE_S\u00f6dermanland": 114.46240538215434, "CV_RMSE_STHLM": 184.20917338792992, "CV_RMSE_S\u00f6dermanland": 420.4741422201588, "_timestamp": 1748332243.465975, "_runtime": 1.3452601432800293, "_step": 0, "_wandb": {"runtime": 1}}