{"CV_RMSE": 733.7133068433261, "RMSE": 1007.9370562271122, "RMSE_STHLM": 894.9743563204867, "RMSE_S\u00f6dermanland": 112.96269990662556, "CV_RMSE_STHLM": 318.74828677817095, "CV_RMSE_S\u00f6dermanland": 414.96502006515516, "_timestamp": 1748283763.5710618, "_runtime": 1.2785899639129639, "_step": 0, "_wandb": {"runtime": 1}}