{"CV_RMSE": 253.24465122339663, "RMSE": 340.83434871858776, "RMSE_STHLM": 301.08676455765453, "RMSE_S\u00f6dermanland": 39.7475841609332, "CV_RMSE_STHLM": 107.23311757098895, "CV_RMSE_S\u00f6dermanland": 146.01153365240768, "_timestamp": 1748442758.4896708, "_runtime": 1.5039796829223633, "_step": 0, "_wandb": {"runtime": 1}}