{"CV_RMSE": 1612.7370405138158, "RMSE": 2379.899402320615, "RMSE_STHLM": 2149.2528570747218, "RMSE_S\u00f6dermanland": 230.6465452458932, "CV_RMSE_STHLM": 765.464017161555, "CV_RMSE_S\u00f6dermanland": 847.2730233522608, "_timestamp": 1748401316.6825726, "_runtime": 1.3213787078857422, "_step": 0, "_wandb": {"runtime": 1}}