{"CV_RMSE": 2992.3099911042573, "RMSE": 1470.1475606087379, "RMSE_skane": 1385.474288541009, "RMSE_kronoberg": 84.67327206772883, "CV_RMSE_'skane": 2196.840838067139, "CV_RMSE_kronoberg": 795.4691530371185, "_timestamp": 1748547511.9622014, "_runtime": 1.2936193943023682, "_step": 0, "_wandb": {"runtime": 1}}