{"CV_RMSE": 3190.023595372074, "RMSE": 222.5515716881261, "RMSE_Kalmar": 140.30439158775246, "RMSE_Blekinge": 82.24718010037365, "CV_RMSE_'Kalmar": 1357.7844347201851, "CV_RMSE_Blekinge": 1832.2391606518886, "_timestamp": 1748465587.955999, "_runtime": 1.314965009689331, "_step": 0, "_wandb": {"runtime": 1}}