{"CV_RMSE": 3365.7873146285187, "RMSE": 1065.6214050665262, "RMSE_skane": 850.9813910813403, "RMSE_kronoberg": 214.64001398518585, "CV_RMSE_'skane": 1349.3362437864805, "CV_RMSE_kronoberg": 2016.4510708420382, "_timestamp": 1748575453.9597948, "_runtime": 1.4188268184661865, "_step": 0, "_wandb": {"runtime": 1}}