{"CV_RMSE": 299.7956309214618, "RMSE": 21.529976405800436, "RMSE_Kalmar": 14.272642177173225, "RMSE_Blekinge": 7.2573342286272124, "CV_RMSE_'Kalmar": 138.12234365006347, "CV_RMSE_Blekinge": 161.6732872713983, "_timestamp": 1748471089.3478284, "_runtime": 1.2910583019256592, "_step": 0, "_wandb": {"runtime": 1}}