{"CV_RMSE": 275.3253489455459, "RMSE": 436.6430899743742, "RMSE_STHLM": 400.5255263980415, "RMSE_S\u00f6dermanland": 36.117563576332714, "CV_RMSE_STHLM": 142.648584787589, "CV_RMSE_S\u00f6dermanland": 132.6767641579569, "_timestamp": 1748431823.330985, "_runtime": 1.3577079772949219, "_step": 0, "_wandb": {"runtime": 1}}