{"CV_RMSE": 793.5666311781305, "RMSE": 1911.8081269603872, "RMSE_STHLM": 1877.844102777369, "RMSE_S\u00f6dermanland": 33.96402418301823, "CV_RMSE_STHLM": 668.800828056839, "CV_RMSE_S\u00f6dermanland": 124.76580312129147, "_timestamp": 1748297539.1784015, "_runtime": 1.3053233623504639, "_step": 0, "_wandb": {"runtime": 1}}