{"CV_RMSE": 2554.613971691355, "RMSE": 187.13038705290302, "RMSE_Kalmar": 128.10768445055396, "RMSE_Blekinge": 59.022702602349064, "CV_RMSE_'Kalmar": 1239.751785005361, "CV_RMSE_Blekinge": 1314.862186685994, "_timestamp": 1748526230.514335, "_runtime": 1.4296979904174805, "_step": 0, "_wandb": {"runtime": 1}}