{"CV_RMSE": 274.92010754852697, "RMSE": 434.6850960712939, "RMSE_STHLM": 398.47947785083136, "RMSE_S\u00f6dermanland": 36.20561822046255, "CV_RMSE_STHLM": 141.91987735090947, "CV_RMSE_S\u00f6dermanland": 133.00023019761753, "_timestamp": 1748535692.4001236, "_runtime": 1.2666306495666504, "_step": 0, "_wandb": {"runtime": 1}}