{"CV_RMSE": 1156.8672889381469, "RMSE": 1603.6258699243144, "RMSE_STHLM": 1427.0583427684915, "RMSE_S\u00f6dermanland": 176.5675271558231, "CV_RMSE_STHLM": 508.2518830596131, "CV_RMSE_S\u00f6dermanland": 648.6154058785338, "_timestamp": 1748299373.4418218, "_runtime": 1.299630880355835, "_step": 0, "_wandb": {"runtime": 1}}