{"CV_RMSE": 275.3261770999462, "RMSE": 436.53928531714735, "RMSE_STHLM": 400.4103274230962, "RMSE_S\u00f6dermanland": 36.12895789405115, "CV_RMSE_STHLM": 142.60755626465632, "CV_RMSE_S\u00f6dermanland": 132.71862083528993, "_timestamp": 1748542269.4771252, "_runtime": 1.2998571395874023, "_step": 0, "_wandb": {"runtime": 1}}