{"CV_RMSE": 261.8816247632686, "RMSE": 422.75143440233506, "RMSE_STHLM": 389.1950263637743, "RMSE_S\u00f6dermanland": 33.55640803856078, "CV_RMSE_STHLM": 138.61318707059633, "CV_RMSE_S\u00f6dermanland": 123.26843769267226, "_timestamp": 1748335102.8190408, "_runtime": 1.3000097274780273, "_step": 0, "_wandb": {"runtime": 1}}