{"CV_RMSE": 3848.8248754258757, "RMSE": 226.42246591435287, "RMSE_Kalmar": 94.86175697256515, "RMSE_Blekinge": 131.5607089417877, "CV_RMSE_'Kalmar": 918.0170029603078, "CV_RMSE_Blekinge": 2930.807872465568, "_timestamp": 1748461551.7496884, "_runtime": 1.910543441772461, "_step": 0, "_wandb": {"runtime": 1}}