{"CV_RMSE": 3487.5547336434383, "RMSE": 1361.3186059074828, "RMSE_skane": 1191.1272230248321, "RMSE_kronoberg": 170.1913828826507, "CV_RMSE_'skane": 1888.6795291091416, "CV_RMSE_kronoberg": 1598.8752045342967, "_timestamp": 1748556625.3868682, "_runtime": 1.3807551860809326, "_step": 0, "_wandb": {"runtime": 1}}