{"CV_RMSE": 1212.8470295552956, "RMSE": 2298.3758007144065, "RMSE_STHLM": 2179.5229792879773, "RMSE_S\u00f6dermanland": 118.85282142642913, "CV_RMSE_STHLM": 776.2448283969844, "CV_RMSE_S\u00f6dermanland": 436.6022011583111, "_timestamp": 1748397924.0111911, "_runtime": 1.2719762325286865, "_step": 0, "_wandb": {"runtime": 1}}