{"CV_RMSE": 306.4284972581484, "RMSE": 22.230036404576232, "RMSE_Kalmar": 14.98396487462432, "RMSE_Blekinge": 7.2460715299519105, "CV_RMSE_'Kalmar": 145.00611168991279, "CV_RMSE_Blekinge": 161.42238556823563, "_timestamp": 1748510116.6378982, "_runtime": 1.3472051620483398, "_step": 0, "_wandb": {"runtime": 1}}