{"CV_RMSE": 1396.5733554194737, "RMSE": 2050.1238113915265, "RMSE_STHLM": 1849.2341373586623, "RMSE_S\u00f6dermanland": 200.88967403286395, "CV_RMSE_STHLM": 658.611287543647, "CV_RMSE_S\u00f6dermanland": 737.9620678758267, "_timestamp": 1748290739.1409297, "_runtime": 1.248154640197754, "_step": 0, "_wandb": {"runtime": 1}}