{"CV_RMSE": 2676.2511657866735, "RMSE": 199.53075232297, "RMSE_Kalmar": 140.37839225472953, "RMSE_Blekinge": 59.152360068240455, "CV_RMSE_'Kalmar": 1358.5005702070598, "CV_RMSE_Blekinge": 1317.750595579614, "_timestamp": 1748510033.0319319, "_runtime": 1.3418669700622559, "_step": 0, "_wandb": {"runtime": 1}}