{"CV_RMSE": 693.9903317803793, "RMSE": 549.0959079056952, "RMSE_STHLM": 398.8455541385301, "RMSE_S\u00f6dermanland": 150.25035376716514, "CV_RMSE_STHLM": 142.05025671732372, "CV_RMSE_S\u00f6dermanland": 551.9400750630556, "_timestamp": 1748351517.5884037, "_runtime": 1.3267216682434082, "_step": 0, "_wandb": {"runtime": 1}}