{"CV_RMSE": 275.1086748097558, "RMSE": 436.5101115724828, "RMSE_STHLM": 400.44358727454266, "RMSE_S\u00f6dermanland": 36.066524297940155, "CV_RMSE_STHLM": 142.61940187854705, "CV_RMSE_S\u00f6dermanland": 132.48927293120875, "_timestamp": 1748471269.5276465, "_runtime": 1.2321984767913818, "_step": 0, "_wandb": {"runtime": 1}}