{"CV_RMSE": 1689.699115792383, "RMSE": 2147.0771450398865, "RMSE_STHLM": 1868.2342403790108, "RMSE_S\u00f6dermanland": 278.8429046608756, "CV_RMSE_STHLM": 665.3782415279421, "CV_RMSE_S\u00f6dermanland": 1024.320874264441, "_timestamp": 1748293635.0344534, "_runtime": 1.2917335033416748, "_step": 0, "_wandb": {"runtime": 1}}