{"CV_RMSE": 304.77928473969394, "RMSE": 22.035140611850707, "RMSE_Kalmar": 14.770269129444992, "RMSE_Blekinge": 7.264871482405716, "CV_RMSE_'Kalmar": 142.93808834946765, "CV_RMSE_Blekinge": 161.84119639022632, "_timestamp": 1748468473.2332494, "_runtime": 1.3330464363098145, "_step": 0, "_wandb": {"runtime": 1}}