{"CV_RMSE": 3506.427492046806, "RMSE": 1049.073048290466, "RMSE_skane": 813.0627247114246, "RMSE_kronoberg": 236.01032357904134, "CV_RMSE_'skane": 1289.211508527629, "CV_RMSE_kronoberg": 2217.2159835191774, "_timestamp": 1748568452.662192, "_runtime": 1.2963881492614746, "_step": 0, "_wandb": {"runtime": 1}}