{"CV_RMSE": 1390.0951764131203, "RMSE": 2314.2884764754813, "RMSE_STHLM": 2143.7128770587096, "RMSE_S\u00f6dermanland": 170.5755994167715, "CV_RMSE_STHLM": 763.490933657633, "CV_RMSE_S\u00f6dermanland": 626.6042427554872, "_timestamp": 1748352823.332707, "_runtime": 1.2741239070892334, "_step": 0, "_wandb": {"runtime": 1}}