{"CV_RMSE": 306.1588878429171, "RMSE": 22.205351552981707, "RMSE_Kalmar": 14.961718453340952, "RMSE_Blekinge": 7.243633099640754, "CV_RMSE_'Kalmar": 144.7908237420092, "CV_RMSE_Blekinge": 161.3680641009079, "_timestamp": 1748512160.2908182, "_runtime": 1.27518630027771, "_step": 0, "_wandb": {"runtime": 1}}