{"CV_RMSE": 271.271611387754, "RMSE": 429.1160981834786, "RMSE_STHLM": 393.4124152372948, "RMSE_S\u00f6dermanland": 35.7036829461838, "CV_RMSE_STHLM": 140.11522505483393, "CV_RMSE_S\u00f6dermanland": 131.15638633292008, "_timestamp": 1748431319.5225887, "_runtime": 1.284681797027588, "_step": 0, "_wandb": {"runtime": 1}}