{"CV_RMSE": 1131.121115000255, "RMSE": 1764.1713648787018, "RMSE_STHLM": 1612.6014636431241, "RMSE_S\u00f6dermanland": 151.56990123557756, "CV_RMSE_STHLM": 574.3337227062967, "CV_RMSE_S\u00f6dermanland": 556.7873922939584, "_timestamp": 1748339302.0694602, "_runtime": 1.2797610759735107, "_step": 0, "_wandb": {"runtime": 1}}