{"CV_RMSE": 3686.758111467868, "RMSE": 1660.656026415401, "RMSE_skane": 1525.7361182332857, "RMSE_kronoberg": 134.91990818211536, "CV_RMSE_'skane": 2419.2433164375566, "CV_RMSE_kronoberg": 1267.5147950303115, "_timestamp": 1748510080.0207696, "_runtime": 1.4346535205841064, "_step": 0, "_wandb": {"runtime": 1}}