{"CV_RMSE": 275.3290462501589, "RMSE": 436.837303646873, "RMSE_STHLM": 400.73947668464126, "RMSE_S\u00f6dermanland": 36.09782696223178, "CV_RMSE_STHLM": 142.72478393991972, "CV_RMSE_S\u00f6dermanland": 132.6042623102392, "_timestamp": 1748479291.0915968, "_runtime": 1.3143198490142822, "_step": 0, "_wandb": {"runtime": 1}}