{"CV_RMSE": 306.9436695851641, "RMSE": 22.25383981981587, "RMSE_Kalmar": 14.985163446413384, "RMSE_Blekinge": 7.268676373402485, "CV_RMSE_'Kalmar": 145.01771077174243, "CV_RMSE_Blekinge": 161.9259588134217, "_timestamp": 1748505204.387147, "_runtime": 1.2481038570404053, "_step": 0, "_wandb": {"runtime": 1}}