{"CV_RMSE": 260.92238332068825, "RMSE": 425.4367919906021, "RMSE_STHLM": 392.4578511416099, "RMSE_S\u00f6dermanland": 32.97894084899218, "CV_RMSE_STHLM": 139.7752536713292, "CV_RMSE_S\u00f6dermanland": 121.14712964935903, "_timestamp": 1748439721.2027707, "_runtime": 1.489959716796875, "_step": 0, "_wandb": {"runtime": 1}}