{"CV_RMSE": 3831.8444604100896, "RMSE": 1650.7051421033934, "RMSE_skane": 1495.1851864379482, "RMSE_kronoberg": 155.5199556654451, "CV_RMSE_'skane": 2370.8010355781416, "CV_RMSE_kronoberg": 1461.0434248319477, "_timestamp": 1748500578.8435779, "_runtime": 1.3217377662658691, "_step": 0, "_wandb": {"runtime": 1}}