{"CV_RMSE": 4612.053036143247, "RMSE": 1814.0665654222764, "RMSE_skane": 1591.8053775675844, "RMSE_kronoberg": 222.2611878546921, "CV_RMSE_'skane": 2524.0042984686856, "CV_RMSE_kronoberg": 2088.0487376745605, "_timestamp": 1748547377.7774148, "_runtime": 1.2848918437957764, "_step": 0, "_wandb": {"runtime": 1}}