{"CV_RMSE": 4708.796089922444, "RMSE": 1804.6938714314595, "RMSE_skane": 1568.1407950467167, "RMSE_kronoberg": 236.55307638474284, "CV_RMSE_'skane": 2486.4811760783036, "CV_RMSE_kronoberg": 2222.3149138441395, "_timestamp": 1748530312.7101934, "_runtime": 1.2518212795257568, "_step": 0, "_wandb": {"runtime": 1}}