{"CV_RMSE": 278.8193048805408, "RMSE": 100.35825102989696, "RMSE_skane": 85.0311057613487, "RMSE_kronoberg": 15.327145268548263, "CV_RMSE_'skane": 134.82733471672626, "CV_RMSE_kronoberg": 143.99197016381459, "_timestamp": 1748537868.6864603, "_runtime": 1.2659542560577393, "_step": 0, "_wandb": {"runtime": 1}}