{"CV_RMSE": 4127.902919473721, "RMSE": 247.5241301824712, "RMSE_Kalmar": 110.02139516743075, "RMSE_Blekinge": 137.50273501504046, "CV_RMSE_'Kalmar": 1064.7231790396522, "CV_RMSE_Blekinge": 3063.1797404340696, "_timestamp": 1748568574.5627408, "_runtime": 8.51162576675415, "_step": 0, "_wandb": {"runtime": 1}}