{"CV_RMSE": 2843.471774625513, "RMSE": 197.72466772849572, "RMSE_Kalmar": 123.91344607630154, "RMSE_Blekinge": 73.81122165219418, "CV_RMSE_'Kalmar": 1199.1623813835631, "CV_RMSE_Blekinge": 1644.3093932419495, "_timestamp": 1748541237.1658833, "_runtime": 1.523395299911499, "_step": 0, "_wandb": {"runtime": 1}}