{"CV_RMSE": 3337.8651726274693, "RMSE": 1443.8109681923124, "RMSE_skane": 1309.5388143171676, "RMSE_kronoberg": 134.27215387514468, "CV_RMSE_'skane": 2076.435752088532, "CV_RMSE_kronoberg": 1261.4294205389376, "_timestamp": 1748537359.0564973, "_runtime": 1.2962303161621094, "_step": 0, "_wandb": {"runtime": 1}}