{"CV_RMSE": 259.2239639852134, "RMSE": 378.5075689192186, "RMSE_STHLM": 341.0022005698089, "RMSE_S\u00f6dermanland": 37.50536834940973, "CV_RMSE_STHLM": 121.44914147717769, "CV_RMSE_S\u00f6dermanland": 137.77482250803573, "_timestamp": 1748535061.3886712, "_runtime": 1.4843902587890625, "_step": 0, "_wandb": {"runtime": 1}}