{"CV_RMSE": 1157.7191134582529, "RMSE": 623.617217621941, "RMSE_skane": 601.9885834841913, "RMSE_kronoberg": 21.628634137749728, "CV_RMSE_'skane": 954.5273522476605, "CV_RMSE_kronoberg": 203.19176121059243, "_timestamp": 1748570806.402982, "_runtime": 1.336198091506958, "_step": 0, "_wandb": {"runtime": 15}}