{"CV_RMSE": 2929.3984622182, "RMSE": 1261.6935410646845, "RMSE_skane": 1142.7495722858782, "RMSE_kronoberg": 118.94396877880631, "CV_RMSE_'skane": 1811.9707805801452, "CV_RMSE_kronoberg": 1117.427681638055, "_timestamp": 1748521405.3624787, "_runtime": 1.295717716217041, "_step": 0, "_wandb": {"runtime": 1}}