{"CV_RMSE": 306.9274539654042, "RMSE": 22.25165902863457, "RMSE_Kalmar": 14.982594648455782, "RMSE_Blekinge": 7.269064380178788, "CV_RMSE_'Kalmar": 144.99285143666884, "CV_RMSE_Blekinge": 161.93460252873538, "_timestamp": 1748459749.2174668, "_runtime": 1.2869677543640137, "_step": 0, "_wandb": {"runtime": 1}}