{"CV_RMSE": 260.9849819851248, "RMSE": 411.28754712096196, "RMSE_STHLM": 376.7706452894553, "RMSE_S\u00f6dermanland": 34.51690183150668, "CV_RMSE_STHLM": 134.188199746937, "CV_RMSE_S\u00f6dermanland": 126.7967822381878, "_timestamp": 1748489337.9188251, "_runtime": 1.277494192123413, "_step": 0, "_wandb": {"runtime": 1}}