{"CV_RMSE": 3102.112807808624, "RMSE": 1665.2158900113668, "RMSE_skane": 1606.090506916726, "RMSE_kronoberg": 59.12538309464069, "CV_RMSE_'skane": 2546.6551378172185, "CV_RMSE_kronoberg": 555.4576699914053, "_timestamp": 1748525749.4814284, "_runtime": 1.4014413356781006, "_step": 0, "_wandb": {"runtime": 1}}