{"CV_RMSE": 673.206998013842, "RMSE": 1126.5673548296372, "RMSE_STHLM": 1044.58057479487, "RMSE_S\u00f6dermanland": 81.98678003476716, "CV_RMSE_STHLM": 372.0310713555137, "CV_RMSE_S\u00f6dermanland": 301.17592665832836, "_timestamp": 1748302790.9362657, "_runtime": 1.3431446552276611, "_step": 0, "_wandb": {"runtime": 1}}