{"CV_RMSE": 273.2796295812037, "RMSE": 432.9616158387762, "RMSE_STHLM": 397.0654810760355, "RMSE_S\u00f6dermanland": 35.89613476274067, "CV_RMSE_STHLM": 141.4162773915441, "CV_RMSE_S\u00f6dermanland": 131.86335218965962, "_timestamp": 1748431697.5819044, "_runtime": 1.283839464187622, "_step": 0, "_wandb": {"runtime": 1}}