{"CV_RMSE": 4583.31493578425, "RMSE": 1818.89696970888, "RMSE_skane": 1601.296755670211, "RMSE_kronoberg": 217.600214038669, "CV_RMSE_'skane": 2539.054052331201, "CV_RMSE_kronoberg": 2044.2608834530492, "_timestamp": 1748565563.5293336, "_runtime": 1.2887895107269287, "_step": 0, "_wandb": {"runtime": 1}}