{"CV_RMSE": 2080.621768742191, "RMSE": 697.0968481753771, "RMSE_skane": 572.2031420447523, "RMSE_kronoberg": 124.89370613062471, "CV_RMSE_'skane": 907.2988510223345, "CV_RMSE_kronoberg": 1173.3229177198564, "_timestamp": 1748537679.2891262, "_runtime": 1.3584861755371094, "_step": 0, "_wandb": {"runtime": 1}}