{"CV_RMSE": 4971.897404814128, "RMSE": 1873.0969976099475, "RMSE_skane": 1616.7410372170416, "RMSE_kronoberg": 256.35596039290596, "CV_RMSE_'skane": 2563.5428708515456, "CV_RMSE_kronoberg": 2408.354533962582, "_timestamp": 1748533471.056828, "_runtime": 1.3152251243591309, "_step": 0, "_wandb": {"runtime": 1}}