{"CV_RMSE": 3739.4749516660086, "RMSE": 247.30599581304944, "RMSE_Kalmar": 140.46380568552408, "RMSE_Blekinge": 106.84219012752537, "CV_RMSE_'Kalmar": 1359.3271517953942, "CV_RMSE_Blekinge": 2380.1477998706146, "_timestamp": 1748567379.5703328, "_runtime": 1.327962875366211, "_step": 0, "_wandb": {"runtime": 1}}