{"CV_RMSE": 1658.9886541941523, "RMSE": 2356.0914949279518, "RMSE_STHLM": 2108.94640484625, "RMSE_S\u00f6dermanland": 247.14509008170182, "CV_RMSE_STHLM": 751.1087314450435, "CV_RMSE_S\u00f6dermanland": 907.8799227491088, "_timestamp": 1748320674.0287848, "_runtime": 1.2841928005218506, "_step": 0, "_wandb": {"runtime": 1}}