{"CV_RMSE": 1067.2621028205695, "RMSE": 1342.8270942455251, "RMSE_STHLM": 1165.2710505671637, "RMSE_S\u00f6dermanland": 177.55604367836136, "CV_RMSE_STHLM": 415.01541175720115, "CV_RMSE_S\u00f6dermanland": 652.2466910633682, "_timestamp": 1748310758.357479, "_runtime": 1.4484171867370605, "_step": 0, "_wandb": {"runtime": 1}}