{"CV_RMSE": 2775.2075671251737, "RMSE": 1531.779413123918, "RMSE_skane": 1487.4223699157326, "RMSE_kronoberg": 44.35704320818527, "CV_RMSE_'skane": 2358.492129887525, "CV_RMSE_kronoberg": 416.7154372376487, "_timestamp": 1748540290.5597806, "_runtime": 1.3303844928741455, "_step": 0, "_wandb": {"runtime": 1}}