{"CV_RMSE": 274.95898115452053, "RMSE": 436.50302727405784, "RMSE_STHLM": 400.4808673249142, "RMSE_S\u00f6dermanland": 36.02215994914365, "CV_RMSE_STHLM": 142.63267930052348, "CV_RMSE_S\u00f6dermanland": 132.32630185399708, "_timestamp": 1748499209.9108524, "_runtime": 1.2753784656524658, "_step": 0, "_wandb": {"runtime": 1}}