{"CV_RMSE": 274.7712604391354, "RMSE": 436.8915868200478, "RMSE_STHLM": 400.9677315211118, "RMSE_S\u00f6dermanland": 35.92385529893601, "CV_RMSE_STHLM": 142.80607770835007, "CV_RMSE_S\u00f6dermanland": 131.96518273078536, "_timestamp": 1748508774.8816519, "_runtime": 1.2746257781982422, "_step": 0, "_wandb": {"runtime": 1}}