{"CV_RMSE": 2482.029805405628, "RMSE": 126.28234224600861, "RMSE_Kalmar": 26.28537518210597, "RMSE_Blekinge": 99.99696706390264, "CV_RMSE_'Kalmar": 254.37459853650935, "CV_RMSE_Blekinge": 2227.6552068691185, "_timestamp": 1748461804.3581462, "_runtime": 1.4231352806091309, "_step": 0, "_wandb": {"runtime": 1}}