{"CV_RMSE": 1140.105889432848, "RMSE": 1703.6818582449293, "RMSE_STHLM": 1542.909237739909, "RMSE_S\u00f6dermanland": 160.77262050502037, "CV_RMSE_STHLM": 549.5125896184876, "CV_RMSE_S\u00f6dermanland": 590.5932998143605, "_timestamp": 1748296160.1855695, "_runtime": 1.2716264724731445, "_step": 0, "_wandb": {"runtime": 1}}