{"CV_RMSE": 978.2774500024435, "RMSE": 1837.7304076287694, "RMSE_STHLM": 1740.1324484428121, "RMSE_S\u00f6dermanland": 97.59795918595732, "CV_RMSE_STHLM": 619.7543346254574, "CV_RMSE_S\u00f6dermanland": 358.5231153769861, "_timestamp": 1748297935.0399573, "_runtime": 1.33677339553833, "_step": 0, "_wandb": {"runtime": 1}}