{"CV_RMSE": 265.74677576351706, "RMSE": 435.87209326854406, "RMSE_STHLM": 402.5592008198558, "RMSE_S\u00f6dermanland": 33.312892448688245, "CV_RMSE_STHLM": 143.3728851356827, "CV_RMSE_S\u00f6dermanland": 122.37389062783437, "_timestamp": 1748469443.3929675, "_runtime": 1.2504894733428955, "_step": 0, "_wandb": {"runtime": 1}}