{"CV_RMSE": 5122.880130270263, "RMSE": 1984.661823544886, "RMSE_skane": 1731.624761305834, "RMSE_kronoberg": 253.03706223905186, "CV_RMSE_'skane": 2745.7052240578764, "CV_RMSE_kronoberg": 2377.174906212387, "_timestamp": 1748541721.1263208, "_runtime": 1.3001127243041992, "_step": 0, "_wandb": {"runtime": 1}}