{"CV_RMSE": 273.6526417935628, "RMSE": 435.3498267334063, "RMSE_STHLM": 399.5976509960874, "RMSE_S\u00f6dermanland": 35.75217573731889, "CV_RMSE_STHLM": 142.31811867688114, "CV_RMSE_S\u00f6dermanland": 131.33452311668165, "_timestamp": 1748450431.2224572, "_runtime": 1.2760140895843506, "_step": 0, "_wandb": {"runtime": 1}}