{"CV_RMSE": 4025.2587244264328, "RMSE": 1697.2642768482822, "RMSE_skane": 1526.4299674180838, "RMSE_kronoberg": 170.83430943019832, "CV_RMSE_'skane": 2420.343500134382, "CV_RMSE_kronoberg": 1604.9152242920509, "_timestamp": 1748514051.5654354, "_runtime": 1.3726074695587158, "_step": 0, "_wandb": {"runtime": 1}}