{"CV_RMSE": 789.6555752899069, "RMSE": 1342.0045545969379, "RMSE_STHLM": 1248.044282317755, "RMSE_S\u00f6dermanland": 93.96027227918292, "CV_RMSE_STHLM": 444.4953914071941, "CV_RMSE_S\u00f6dermanland": 345.1601838827128, "_timestamp": 1748365076.5295775, "_runtime": 1.3125715255737305, "_step": 0, "_wandb": {"runtime": 1}}