{"CV_RMSE": 2838.937096465051, "RMSE": 1643.014603879975, "RMSE_skane": 1613.0830143980386, "RMSE_kronoberg": 29.93158948193653, "CV_RMSE_'skane": 2557.7426232527037, "CV_RMSE_kronoberg": 281.19447321234736, "_timestamp": 1748552115.8136883, "_runtime": 1.3320443630218506, "_step": 0, "_wandb": {"runtime": 1}}