{"CV_RMSE": 4159.073211801849, "RMSE": 1736.085330886328, "RMSE_skane": 1555.9976749544946, "RMSE_kronoberg": 180.08765593183332, "CV_RMSE_'skane": 2467.2267573274225, "CV_RMSE_kronoberg": 1691.8464544744259, "_timestamp": 1748501421.122999, "_runtime": 1.2812788486480713, "_step": 0, "_wandb": {"runtime": 1}}