{"CV_RMSE": 3323.508594076563, "RMSE": 1269.204299410192, "RMSE_skane": 1101.3163654997595, "RMSE_kronoberg": 167.8879339104327, "CV_RMSE_'skane": 1746.2733068178004, "CV_RMSE_kronoberg": 1577.2352872587624, "_timestamp": 1748503928.4569838, "_runtime": 1.308464765548706, "_step": 0, "_wandb": {"runtime": 1}}