{"CV_RMSE": 1814.8456443840837, "RMSE": 767.4161279402888, "RMSE_skane": 690.8357186433439, "RMSE_kronoberg": 76.58040929694498, "CV_RMSE_'skane": 1095.4054735359575, "CV_RMSE_kronoberg": 719.4401708481262, "_timestamp": 1748549150.7522247, "_runtime": 1.2966625690460205, "_step": 0, "_wandb": {"runtime": 1}}