{"CV_RMSE": 306.70573831443505, "RMSE": 22.237525768873795, "RMSE_Kalmar": 14.97520293324337, "RMSE_Blekinge": 7.262322835630425, "CV_RMSE_'Kalmar": 144.9213187088068, "CV_RMSE_Blekinge": 161.78441960562827, "_timestamp": 1748494333.5239644, "_runtime": 1.2359964847564697, "_step": 0, "_wandb": {"runtime": 1}}