{"CV_RMSE": 3000.807639852541, "RMSE": 1116.5829215134263, "RMSE_skane": 959.029398842932, "RMSE_kronoberg": 157.55352267049437, "CV_RMSE_'skane": 1520.6597233238879, "CV_RMSE_kronoberg": 1480.1479165286528, "_timestamp": 1748549286.7536168, "_runtime": 1.3454768657684326, "_step": 0, "_wandb": {"runtime": 1}}