{"CV_RMSE": 267.2517262249196, "RMSE": 423.8923989587579, "RMSE_STHLM": 388.8396778995822, "RMSE_S\u00f6dermanland": 35.05272105917566, "CV_RMSE_STHLM": 138.4866284565192, "CV_RMSE_S\u00f6dermanland": 128.76509776840038, "_timestamp": 1748453372.088893, "_runtime": 1.2857120037078857, "_step": 0, "_wandb": {"runtime": 1}}