{"CV_RMSE": 2608.3699314657147, "RMSE": 1299.5545166232555, "RMSE_skane": 1229.4086411588, "RMSE_kronoberg": 70.14587546445557, "CV_RMSE_'skane": 1949.3794521545453, "CV_RMSE_kronoberg": 658.9904793111692, "_timestamp": 1748522109.0612879, "_runtime": 1.307959794998169, "_step": 0, "_wandb": {"runtime": 1}}