{"CV_RMSE": 259.74144691367, "RMSE": 433.7265778863083, "RMSE_STHLM": 401.993636274649, "RMSE_S\u00f6dermanland": 31.732941611659278, "CV_RMSE_STHLM": 143.1714573198196, "CV_RMSE_S\u00f6dermanland": 116.56998959385042, "_timestamp": 1748339759.387566, "_runtime": 1.3067960739135742, "_step": 0, "_wandb": {"runtime": 1}}