{"CV_RMSE": 5182.924474141229, "RMSE": 1993.421077952789, "RMSE_skane": 1734.4734294699763, "RMSE_kronoberg": 258.94764848281267, "CV_RMSE_'skane": 2750.222139751548, "CV_RMSE_kronoberg": 2432.702334389681, "_timestamp": 1748519140.7827635, "_runtime": 1.2727863788604736, "_step": 0, "_wandb": {"runtime": 1}}