{"CV_RMSE": 275.5850037891027, "RMSE": 437.06822414054807, "RMSE_STHLM": 400.9180312308687, "RMSE_S\u00f6dermanland": 36.15019290967936, "CV_RMSE_STHLM": 142.788376773954, "CV_RMSE_S\u00f6dermanland": 132.7966270151487, "_timestamp": 1748524542.6652343, "_runtime": 1.3243162631988525, "_step": 0, "_wandb": {"runtime": 1}}