{"CV_RMSE": 306.53548496175506, "RMSE": 22.235992827491245, "RMSE_Kalmar": 14.986004975976154, "RMSE_Blekinge": 7.249987851515091, "CV_RMSE_'Kalmar": 145.02585460622083, "CV_RMSE_Blekinge": 161.5096303555342, "_timestamp": 1748463162.6134398, "_runtime": 1.2826998233795166, "_step": 0, "_wandb": {"runtime": 1}}