{"CV_RMSE": 1117.9671295289938, "RMSE": 1091.876672213366, "RMSE_STHLM": 872.0931425730427, "RMSE_S\u00f6dermanland": 219.7835296403232, "CV_RMSE_STHLM": 310.5990614625004, "CV_RMSE_S\u00f6dermanland": 807.3680680664934, "_timestamp": 1748386839.788719, "_runtime": 1.3151829242706299, "_step": 0, "_wandb": {"runtime": 1}}