{"CV_RMSE": 4352.426598931728, "RMSE": 307.41451511519136, "RMSE_Kalmar": 198.09162859390005, "RMSE_Blekinge": 109.32288652129131, "CV_RMSE_'Kalmar": 1917.0157605861295, "CV_RMSE_Blekinge": 2435.4108383455987, "_timestamp": 1748550222.7555292, "_runtime": 1.3485362529754639, "_step": 0, "_wandb": {"runtime": 1}}