{"CV_RMSE": 2427.7995125458765, "RMSE": 163.7376660360297, "RMSE_Kalmar": 96.81272325049258, "RMSE_Blekinge": 66.92494278553713, "CV_RMSE_'Kalmar": 936.8973217789604, "CV_RMSE_Blekinge": 1490.9021907669162, "_timestamp": 1748551286.923678, "_runtime": 1.3581969738006592, "_step": 0, "_wandb": {"runtime": 1}}