{"CV_RMSE": 4301.336561146927, "RMSE": 1491.039823914894, "RMSE_skane": 1242.977162387156, "RMSE_kronoberg": 248.06266152773787, "CV_RMSE_'skane": 1970.8940206984505, "CV_RMSE_kronoberg": 2330.442540448477, "_timestamp": 1748560452.4802585, "_runtime": 1.337465524673462, "_step": 0, "_wandb": {"runtime": 1}}