{"CV_RMSE": 4099.188941502229, "RMSE": 1626.1845636863718, "RMSE_skane": 1431.4499945723367, "RMSE_kronoberg": 194.73456911403503, "CV_RMSE_'skane": 2269.7410061929227, "CV_RMSE_kronoberg": 1829.4479353093063, "_timestamp": 1748504180.345571, "_runtime": 1.3323431015014648, "_step": 0, "_wandb": {"runtime": 1}}