{"CV_RMSE": 4833.954875598946, "RMSE": 328.95369188528844, "RMSE_Kalmar": 197.95709235737806, "RMSE_Blekinge": 130.99659952791035, "CV_RMSE_'Kalmar": 1915.7137970068843, "CV_RMSE_Blekinge": 2918.241078592062, "_timestamp": 1748481069.771047, "_runtime": 1.4143321514129639, "_step": 0, "_wandb": {"runtime": 1}}