{"CV_RMSE": 487.81084785976304, "RMSE": 974.340338018886, "RMSE_STHLM": 931.8975643605294, "RMSE_S\u00f6dermanland": 42.442773658356614, "CV_RMSE_STHLM": 331.8986180943714, "CV_RMSE_S\u00f6dermanland": 155.91222976539166, "_timestamp": 1748404281.3794794, "_runtime": 1.3241724967956543, "_step": 0, "_wandb": {"runtime": 1}}