{"CV_RMSE": 4091.6483657645344, "RMSE": 286.8353133884258, "RMSE_Kalmar": 182.40334792481477, "RMSE_Blekinge": 104.43196546361104, "CV_RMSE_'Kalmar": 1765.1936895949816, "CV_RMSE_Blekinge": 2326.454676169553, "_timestamp": 1748461414.8928738, "_runtime": 1.9704596996307373, "_step": 0, "_wandb": {"runtime": 1}}