{"CV_RMSE": 1496.6424508773775, "RMSE": 758.2962762652068, "RMSE_skane": 720.6125950897599, "RMSE_kronoberg": 37.68368117544684, "CV_RMSE_'skane": 1142.6203939055388, "CV_RMSE_kronoberg": 354.0220569718388, "_timestamp": 1748544265.8589644, "_runtime": 1.3525805473327637, "_step": 0, "_wandb": {"runtime": 1}}