{"CV_RMSE": 2655.038891124772, "RMSE": 1151.2207819479106, "RMSE_skane": 1044.979080362109, "RMSE_kronoberg": 106.24170158580154, "CV_RMSE_'skane": 1656.9435735128577, "CV_RMSE_kronoberg": 998.0953176119142, "_timestamp": 1748506300.2439783, "_runtime": 1.2994253635406494, "_step": 0, "_wandb": {"runtime": 1}}