{"CV_RMSE": 531.1513616967738, "RMSE": 516.1000160582129, "RMSE_STHLM": 411.39472744390656, "RMSE_S\u00f6dermanland": 104.70528861430627, "CV_RMSE_STHLM": 146.51968923605696, "CV_RMSE_S\u00f6dermanland": 384.6316724607169, "_timestamp": 1748365567.9038305, "_runtime": 1.3240635395050049, "_step": 0, "_wandb": {"runtime": 1}}