{"CV_RMSE": 269.77497648417113, "RMSE": 429.9509806170342, "RMSE_STHLM": 394.7880906862028, "RMSE_S\u00f6dermanland": 35.16288993083142, "CV_RMSE_STHLM": 140.6051767382598, "CV_RMSE_S\u00f6dermanland": 129.16979974591135, "_timestamp": 1748533439.8504283, "_runtime": 1.4952032566070557, "_step": 0, "_wandb": {"runtime": 1}}