{"CV_RMSE": 630.1831650011359, "RMSE": 676.5190351044074, "RMSE_STHLM": 559.1836553404788, "RMSE_S\u00f6dermanland": 117.33537976392854, "CV_RMSE_STHLM": 199.15523933772494, "CV_RMSE_S\u00f6dermanland": 431.027925663411, "_timestamp": 1748375824.2604973, "_runtime": 1.3333213329315186, "_step": 0, "_wandb": {"runtime": 1}}