{"CV_RMSE": 1763.0766908810433, "RMSE": 2198.198583168896, "RMSE_STHLM": 1902.7246139965937, "RMSE_S\u00f6dermanland": 295.47396917230276, "CV_RMSE_STHLM": 677.6621102480943, "CV_RMSE_S\u00f6dermanland": 1085.4145806329489, "_timestamp": 1748319350.5420475, "_runtime": 1.344557523727417, "_step": 0, "_wandb": {"runtime": 1}}