{"CV_RMSE": 2058.34500113734, "RMSE": 2781.8529199769414, "RMSE_STHLM": 2460.0330268402054, "RMSE_S\u00f6dermanland": 321.81989313673614, "CV_RMSE_STHLM": 876.1494753289217, "CV_RMSE_S\u00f6dermanland": 1182.1955258084186, "_timestamp": 1748378122.5934193, "_runtime": 1.3419523239135742, "_step": 0, "_wandb": {"runtime": 1}}