{"CV_RMSE": 275.4167169867834, "RMSE": 436.9461381633435, "RMSE_STHLM": 400.8335676733955, "RMSE_S\u00f6dermanland": 36.11257048994797, "CV_RMSE_STHLM": 142.75829477881123, "CV_RMSE_S\u00f6dermanland": 132.65842220797214, "_timestamp": 1748339590.3752296, "_runtime": 1.3337445259094238, "_step": 0, "_wandb": {"runtime": 1}}