{"CV_RMSE": 4540.166898643161, "RMSE": 1747.7023804264093, "RMSE_skane": 1521.1714133179182, "RMSE_kronoberg": 226.53096710849104, "CV_RMSE_'skane": 2412.0054122377137, "CV_RMSE_kronoberg": 2128.161486405448, "_timestamp": 1748521038.885109, "_runtime": 1.2760858535766602, "_step": 0, "_wandb": {"runtime": 1}}