{"CV_RMSE": 306.6749361635066, "RMSE": 22.225693250765623, "RMSE_Kalmar": 14.95672697371263, "RMSE_Blekinge": 7.268966277052995, "CV_RMSE_'Kalmar": 144.7425191004448, "CV_RMSE_Blekinge": 161.93241706306176, "_timestamp": 1748462355.1239219, "_runtime": 1.2795629501342773, "_step": 0, "_wandb": {"runtime": 1}}