{"CV_RMSE": 267.04869762070274, "RMSE": 284.7752364721255, "RMSE_STHLM": 234.84782641012453, "RMSE_S\u00f6dermanland": 49.927410062001016, "CV_RMSE_STHLM": 83.64188514804594, "CV_RMSE_S\u00f6dermanland": 183.4068124726568, "_timestamp": 1748381939.3958097, "_runtime": 1.3664405345916748, "_step": 0, "_wandb": {"runtime": 1}}