{"CV_RMSE": 306.97510908510355, "RMSE": 22.256527244147403, "RMSE_Kalmar": 14.98741973976735, "RMSE_Blekinge": 7.2691075043800515, "CV_RMSE_'Kalmar": 145.0395458687163, "CV_RMSE_Blekinge": 161.9355632163873, "_timestamp": 1748514969.9240143, "_runtime": 1.3091623783111572, "_step": 0, "_wandb": {"runtime": 1}}