{"CV_RMSE": 1666.5372559870698, "RMSE": 839.7751896573055, "RMSE_skane": 796.8795504922156, "RMSE_kronoberg": 42.895639165089946, "CV_RMSE_'skane": 1263.5510842899826, "CV_RMSE_kronoberg": 402.9861716970872, "_timestamp": 1748573259.3000348, "_runtime": 1.368912696838379, "_step": 0, "_wandb": {"runtime": 1}}