{"CV_RMSE": 2245.4498599890344, "RMSE": 749.3400977027198, "RMSE_skane": 613.9469037909304, "RMSE_kronoberg": 135.39319391178944, "CV_RMSE_'skane": 973.4887480828705, "CV_RMSE_kronoberg": 1271.961111906164, "_timestamp": 1748520577.4764378, "_runtime": 1.4991388320922852, "_step": 0, "_wandb": {"runtime": 1}}