{"CV_RMSE": 727.3309334941262, "RMSE": 929.884424535036, "RMSE_STHLM": 810.4657979500519, "RMSE_S\u00f6dermanland": 119.41862658498418, "CV_RMSE_STHLM": 288.65026440642924, "CV_RMSE_S\u00f6dermanland": 438.68066908769697, "_timestamp": 1748381891.7043123, "_runtime": 1.2854564189910889, "_step": 0, "_wandb": {"runtime": 1}}