{"CV_RMSE": 269.76504405212995, "RMSE": 431.0224816834291, "RMSE_STHLM": 395.9776243277283, "RMSE_S\u00f6dermanland": 35.044857355700806, "CV_RMSE_STHLM": 141.0288333577188, "CV_RMSE_S\u00f6dermanland": 128.7362106944111, "_timestamp": 1748559922.7874787, "_runtime": 1.2950665950775146, "_step": 0, "_wandb": {"runtime": 1}}