{"CV_RMSE": 3869.734348607776, "RMSE": 1724.907746619565, "RMSE_skane": 1579.602677133659, "RMSE_kronoberg": 145.30506948590605, "CV_RMSE_'skane": 2504.655407717218, "CV_RMSE_kronoberg": 1365.078940890558, "_timestamp": 1748545950.3612728, "_runtime": 1.3073227405548096, "_step": 0, "_wandb": {"runtime": 1}}