{"CV_RMSE": 738.235207204224, "RMSE": 860.1542892267746, "RMSE_STHLM": 729.9622210927112, "RMSE_S\u00f6dermanland": 130.1920681340634, "CV_RMSE_STHLM": 259.9786303852157, "CV_RMSE_S\u00f6dermanland": 478.2565768190084, "_timestamp": 1748300800.8212998, "_runtime": 1.3258378505706787, "_step": 0, "_wandb": {"runtime": 1}}