{"CV_RMSE": 971.9233428212649, "RMSE": 1438.8023855396748, "RMSE_STHLM": 1300.2901670279944, "RMSE_S\u00f6dermanland": 138.51221851168035, "CV_RMSE_STHLM": 463.1029482885615, "CV_RMSE_S\u00f6dermanland": 508.82039453270335, "_timestamp": 1748367245.1846936, "_runtime": 1.3911476135253906, "_step": 0, "_wandb": {"runtime": 1}}