{"CV_RMSE": 3200.877455275859, "RMSE": 1570.6776436517066, "RMSE_skane": 1479.7084426187207, "RMSE_kronoberg": 90.9692010329858, "CV_RMSE_'skane": 2346.2607441100217, "CV_RMSE_kronoberg": 854.6167111658374, "_timestamp": 1748526173.853339, "_runtime": 1.3479070663452148, "_step": 0, "_wandb": {"runtime": 1}}