{"CV_RMSE": 274.8246323608605, "RMSE": 436.5944944998917, "RMSE_STHLM": 400.6226538986316, "RMSE_S\u00f6dermanland": 35.97184060126011, "CV_RMSE_STHLM": 142.6831770909254, "CV_RMSE_S\u00f6dermanland": 132.1414552699351, "_timestamp": 1748448318.4480364, "_runtime": 1.2630934715270996, "_step": 0, "_wandb": {"runtime": 1}}