{"CV_RMSE": 269.70391809429293, "RMSE": 420.47862107952847, "RMSE_STHLM": 384.3201804801945, "RMSE_S\u00f6dermanland": 36.158440599333986, "CV_RMSE_STHLM": 136.8769934436783, "CV_RMSE_S\u00f6dermanland": 132.82692465061464, "_timestamp": 1748463981.4888062, "_runtime": 1.31339430809021, "_step": 0, "_wandb": {"runtime": 1}}