{"CV_RMSE": 4424.135805918161, "RMSE": 1799.4542352517024, "RMSE_skane": 1598.2903278755339, "RMSE_kronoberg": 201.1639073761684, "CV_RMSE_'skane": 2534.286989231819, "CV_RMSE_kronoberg": 1889.848816686342, "_timestamp": 1748558154.5141063, "_runtime": 1.5109102725982666, "_step": 0, "_wandb": {"runtime": 1}}