{"CV_RMSE": 1063.409752743538, "RMSE": 568.3953181599959, "RMSE_STHLM": 308.8560439290405, "RMSE_S\u00f6dermanland": 259.53927423095547, "CV_RMSE_STHLM": 110.00017393594636, "CV_RMSE_S\u00f6dermanland": 953.4095788075916, "_timestamp": 1748298357.3315516, "_runtime": 1.281179666519165, "_step": 0, "_wandb": {"runtime": 1}}