{"CV_RMSE": 3812.770347014458, "RMSE": 265.4655573769289, "RMSE_Kalmar": 166.75383195281435, "RMSE_Blekinge": 98.7117254241146, "CV_RMSE_'Kalmar": 1613.7467608336872, "CV_RMSE_Blekinge": 2199.023586180771, "_timestamp": 1748523616.6039596, "_runtime": 1.3032445907592773, "_step": 0, "_wandb": {"runtime": 1}}