{"CV_RMSE": 299.7802040709722, "RMSE": 21.816932153071786, "RMSE_Kalmar": 14.781221767567631, "RMSE_Blekinge": 7.035710385504155, "CV_RMSE_'Kalmar": 143.04408162162224, "CV_RMSE_Blekinge": 156.73612244934998, "_timestamp": 1748524134.062218, "_runtime": 1.402289867401123, "_step": 0, "_wandb": {"runtime": 1}}