{"CV_RMSE": 298.9763451437369, "RMSE": 272.4914819006073, "RMSE_STHLM": 211.62072127903716, "RMSE_S\u00f6dermanland": 60.87076062157014, "CV_RMSE_STHLM": 75.36946939103025, "CV_RMSE_S\u00f6dermanland": 223.60687575270666, "_timestamp": 1748297866.6365252, "_runtime": 1.310976266860962, "_step": 0, "_wandb": {"runtime": 1}}