{"CV_RMSE": 632.9350427543675, "RMSE": 608.0493399556669, "RMSE_STHLM": 482.53336978591057, "RMSE_S\u00f6dermanland": 125.51597016975636, "CV_RMSE_STHLM": 171.85596866138485, "CV_RMSE_S\u00f6dermanland": 461.0790740929826, "_timestamp": 1748535330.4318423, "_runtime": 1.3983254432678223, "_step": 0, "_wandb": {"runtime": 1}}