{"CV_RMSE": 1923.3287020694795, "RMSE": 894.1707935103187, "RMSE_skane": 829.4360434901442, "RMSE_kronoberg": 64.73475002017452, "CV_RMSE_'skane": 1315.1734304812012, "CV_RMSE_kronoberg": 608.1552715882783, "_timestamp": 1748543908.489734, "_runtime": 1.3249988555908203, "_step": 0, "_wandb": {"runtime": 1}}