{"CV_RMSE": 4823.855748142396, "RMSE": 1939.6053570759905, "RMSE_skane": 1715.7120120089685, "RMSE_kronoberg": 223.89334506702195, "CV_RMSE_'skane": 2720.473591980394, "CV_RMSE_kronoberg": 2103.3821561620016, "_timestamp": 1748522591.8714015, "_runtime": 1.3379426002502441, "_step": 0, "_wandb": {"runtime": 1}}