{"CV_RMSE": 1092.719238244079, "RMSE": 1234.7072872322785, "RMSE_STHLM": 1037.869272649181, "RMSE_S\u00f6dermanland": 196.83801458309745, "CV_RMSE_STHLM": 369.64081732657814, "CV_RMSE_S\u00f6dermanland": 723.0784209175009, "_timestamp": 1748297282.9898367, "_runtime": 1.3389196395874023, "_step": 0, "_wandb": {"runtime": 1}}