{"CV_RMSE": 2765.2912317327437, "RMSE": 187.53195289190478, "RMSE_Kalmar": 112.09700551724052, "RMSE_Blekinge": 75.43494737466428, "CV_RMSE_'Kalmar": 1084.809730812005, "CV_RMSE_Blekinge": 1680.4815009207389, "_timestamp": 1748510132.29477, "_runtime": 1.3029510974884033, "_step": 0, "_wandb": {"runtime": 1}}