{"CV_RMSE": 306.52971078913504, "RMSE": 22.217093736537006, "RMSE_Kalmar": 14.953048508052582, "RMSE_Blekinge": 7.264045228484424, "CV_RMSE_'Kalmar": 144.70692104567013, "CV_RMSE_Blekinge": 161.82278974346488, "_timestamp": 1748555369.3991458, "_runtime": 1.4111158847808838, "_step": 0, "_wandb": {"runtime": 1}}