{"CV_RMSE": 591.539899259935, "RMSE": 1331.4817191559005, "RMSE_STHLM": 1296.1133747910944, "RMSE_S\u00f6dermanland": 35.36834436480603, "CV_RMSE_STHLM": 461.6153689402394, "CV_RMSE_S\u00f6dermanland": 129.9245303196956, "_timestamp": 1748323680.4478955, "_runtime": 1.3192534446716309, "_step": 0, "_wandb": {"runtime": 1}}