{"CV_RMSE": 2453.817840825347, "RMSE": 167.1487696623568, "RMSE_Kalmar": 100.77878388657096, "RMSE_Blekinge": 66.36998577578584, "CV_RMSE_'Kalmar": 975.2785537410093, "CV_RMSE_Blekinge": 1478.539287084338, "_timestamp": 1748490239.1381898, "_runtime": 1.3723218441009521, "_step": 0, "_wandb": {"runtime": 1}}