{"CV_RMSE": 264.77601628607437, "RMSE": 414.66853486101627, "RMSE_STHLM": 379.3718207768314, "RMSE_S\u00f6dermanland": 35.296714084184856, "CV_RMSE_STHLM": 135.11461760947694, "CV_RMSE_S\u00f6dermanland": 129.66139867659743, "_timestamp": 1748489118.1657178, "_runtime": 1.284721851348877, "_step": 0, "_wandb": {"runtime": 1}}