{"CV_RMSE": 1170.2186742067522, "RMSE": 1542.7862662775742, "RMSE_STHLM": 1355.6621243127731, "RMSE_S\u00f6dermanland": 187.124141964801, "CV_RMSE_STHLM": 482.8238669891159, "CV_RMSE_S\u00f6dermanland": 687.3948072176363, "_timestamp": 1748377649.9147198, "_runtime": 1.385056734085083, "_step": 0, "_wandb": {"runtime": 1}}