{"CV_RMSE": 2729.573730346253, "RMSE": 138.98223958204537, "RMSE_Kalmar": 29.092924236591823, "RMSE_Blekinge": 109.88931534545354, "CV_RMSE_'Kalmar": 281.5444280960499, "CV_RMSE_Blekinge": 2448.029302250203, "_timestamp": 1748508700.0057857, "_runtime": 1.4128615856170654, "_step": 0, "_wandb": {"runtime": 1}}