{"CV_RMSE": 269.4718787246163, "RMSE": 435.71840373390046, "RMSE_STHLM": 401.26608404684924, "RMSE_S\u00f6dermanland": 34.45231968705121, "CV_RMSE_STHLM": 142.91233701708123, "CV_RMSE_S\u00f6dermanland": 126.55954170753506, "_timestamp": 1748457372.1723354, "_runtime": 1.283858299255371, "_step": 0, "_wandb": {"runtime": 1}}