{"CV_RMSE": 273.78174250092286, "RMSE": 433.952069541786, "RMSE_STHLM": 398.01091062928475, "RMSE_S\u00f6dermanland": 35.941158912501244, "CV_RMSE_STHLM": 141.7529954754081, "CV_RMSE_S\u00f6dermanland": 132.02874702551478, "_timestamp": 1748511892.0954278, "_runtime": 1.2847967147827148, "_step": 0, "_wandb": {"runtime": 1}}