{"CV_RMSE": 266.1932094355381, "RMSE": 423.45323395988515, "RMSE_STHLM": 388.67245161908835, "RMSE_S\u00f6dermanland": 34.78078234079681, "CV_RMSE_STHLM": 138.42707022444776, "CV_RMSE_S\u00f6dermanland": 127.76613921109033, "_timestamp": 1748471259.3186476, "_runtime": 1.29014253616333, "_step": 0, "_wandb": {"runtime": 1}}