{"CV_RMSE": 265.6668972918244, "RMSE": 433.3662800705272, "RMSE_STHLM": 399.8084378457358, "RMSE_S\u00f6dermanland": 33.55784222479141, "CV_RMSE_STHLM": 142.39319115993757, "CV_RMSE_S\u00f6dermanland": 123.2737061318868, "_timestamp": 1748534680.7940297, "_runtime": 1.295130729675293, "_step": 0, "_wandb": {"runtime": 1}}