{"CV_RMSE": 802.1763285020583, "RMSE": 153.66955838661727, "RMSE_skane": 82.14722102935652, "RMSE_kronoberg": 71.52233735726075, "CV_RMSE_'skane": 130.25457879919108, "CV_RMSE_kronoberg": 671.9217497028671, "_timestamp": 1748507682.375302, "_runtime": 1.4829461574554443, "_step": 0, "_wandb": {"runtime": 1}}