{"CV_RMSE": 306.98083169583794, "RMSE": 22.256742175701987, "RMSE_Kalmar": 14.987345569468824, "RMSE_Blekinge": 7.269396606233165, "CV_RMSE_'Kalmar": 145.03882809163377, "CV_RMSE_Blekinge": 161.94200360420416, "_timestamp": 1748500641.5815048, "_runtime": 1.419372797012329, "_step": 0, "_wandb": {"runtime": 1}}