{"CV_RMSE": 264.05176969584636, "RMSE": 434.5081593850656, "RMSE_STHLM": 401.5597894119246, "RMSE_S\u00f6dermanland": 32.94836997314099, "CV_RMSE_STHLM": 143.01694122308353, "CV_RMSE_S\u00f6dermanland": 121.03482847276284, "_timestamp": 1748439857.2566748, "_runtime": 1.2676336765289307, "_step": 0, "_wandb": {"runtime": 1}}