{"CV_RMSE": 1482.123464129349, "RMSE": 511.0374265347946, "RMSE_skane": 425.0065821573639, "RMSE_kronoberg": 86.03084437743071, "CV_RMSE_'skane": 673.9005002495198, "CV_RMSE_kronoberg": 808.2229638798293, "_timestamp": 1748571868.2704594, "_runtime": 1.358687400817871, "_step": 0, "_wandb": {"runtime": 1}}