{"CV_RMSE": 551.5233476880264, "RMSE": 726.6291754421349, "RMSE_STHLM": 638.3856053676964, "RMSE_S\u00f6dermanland": 88.24357007443848, "CV_RMSE_STHLM": 227.3632943533545, "CV_RMSE_S\u00f6dermanland": 324.160053334672, "_timestamp": 1748297903.268639, "_runtime": 1.3542242050170898, "_step": 0, "_wandb": {"runtime": 1}}