{"CV_RMSE": 275.57421615198365, "RMSE": 437.13864683859754, "RMSE_STHLM": 400.99926656543335, "RMSE_S\u00f6dermanland": 36.13938027316418, "CV_RMSE_STHLM": 142.8173090260744, "CV_RMSE_S\u00f6dermanland": 132.75690712590924, "_timestamp": 1748560379.1032434, "_runtime": 1.3165903091430664, "_step": 0, "_wandb": {"runtime": 1}}