{"CV_RMSE": 5173.5548129723975, "RMSE": 1987.8891102712796, "RMSE_skane": 1729.0180460091574, "RMSE_kronoberg": 258.8710642621223, "CV_RMSE_'skane": 2741.5719545599745, "CV_RMSE_kronoberg": 2431.9828584124225, "_timestamp": 1748538247.5409, "_runtime": 1.3189799785614014, "_step": 0, "_wandb": {"runtime": 1}}