{"CV_RMSE": 306.6014632399725, "RMSE": 22.23555971856025, "RMSE_Kalmar": 14.980002762109596, "RMSE_Blekinge": 7.255556956450654, "CV_RMSE_'Kalmar": 144.96776866557673, "CV_RMSE_Blekinge": 161.63369457439575, "_timestamp": 1748462024.62224, "_runtime": 1.3362109661102295, "_step": 0, "_wandb": {"runtime": 1}}