{"CV_RMSE": 5231.958513095786, "RMSE": 2021.6874315642963, "RMSE_skane": 1762.2001151041582, "RMSE_kronoberg": 259.48731646013823, "CV_RMSE_'skane": 2794.1862290235063, "CV_RMSE_kronoberg": 2437.77228407228, "_timestamp": 1748540131.3859997, "_runtime": 1.398446798324585, "_step": 0, "_wandb": {"runtime": 1}}