{"CV_RMSE": 5179.45030268096, "RMSE": 1989.4008104616917, "RMSE_skane": 1730.0817342603893, "RMSE_kronoberg": 259.3190762013024, "CV_RMSE_'skane": 2743.2585638378264, "CV_RMSE_kronoberg": 2436.191738843133, "_timestamp": 1748538934.1913788, "_runtime": 1.268021821975708, "_step": 0, "_wandb": {"runtime": 1}}