{"CV_RMSE": 4246.299569572009, "RMSE": 1692.2849897435883, "RMSE_skane": 1492.1335289472977, "RMSE_kronoberg": 200.15146079629068, "CV_RMSE_'skane": 2365.962255201846, "CV_RMSE_kronoberg": 1880.3373143701629, "_timestamp": 1748515908.722385, "_runtime": 1.3214428424835205, "_step": 0, "_wandb": {"runtime": 1}}