{"CV_RMSE": 3658.6284234264294, "RMSE": 1690.3099965967208, "RMSE_skane": 1565.0136282298513, "RMSE_kronoberg": 125.2963683668695, "CV_RMSE_'skane": 2481.5226663264025, "CV_RMSE_kronoberg": 1177.1057571000267, "_timestamp": 1748532971.7330852, "_runtime": 1.3103282451629639, "_step": 0, "_wandb": {"runtime": 1}}