{"CV_RMSE": 2863.01742884794, "RMSE": 183.74317783218123, "RMSE_Kalmar": 97.64205536303525, "RMSE_Blekinge": 86.10112246914599, "CV_RMSE_'Kalmar": 944.9231164164701, "CV_RMSE_Blekinge": 1918.0943124314701, "_timestamp": 1748544866.860933, "_runtime": 1.2946951389312744, "_step": 0, "_wandb": {"runtime": 1}}