{"CV_RMSE": 1260.8503662750086, "RMSE": 2325.089952065184, "RMSE_STHLM": 2194.6346788711153, "RMSE_S\u00f6dermanland": 130.45527319406892, "CV_RMSE_STHLM": 781.6269137253676, "CV_RMSE_S\u00f6dermanland": 479.22345254964097, "_timestamp": 1748387623.0757022, "_runtime": 1.2945082187652588, "_step": 0, "_wandb": {"runtime": 1}}