{"CV_RMSE": 273.19375894666564, "RMSE": 433.05230945933016, "RMSE_STHLM": 397.19179731867257, "RMSE_S\u00f6dermanland": 35.8605121406576, "CV_RMSE_STHLM": 141.46126536873973, "CV_RMSE_S\u00f6dermanland": 131.73249357792588, "_timestamp": 1748294470.5186064, "_runtime": 1.2480974197387695, "_step": 0, "_wandb": {"runtime": 1}}