{"CV_RMSE": 665.1307550887527, "RMSE": 631.6212853801194, "RMSE_STHLM": 498.9306952494072, "RMSE_S\u00f6dermanland": 132.69059013071222, "CV_RMSE_STHLM": 177.69593420042204, "CV_RMSE_S\u00f6dermanland": 487.43482088833065, "_timestamp": 1748312445.1876943, "_runtime": 1.2787513732910156, "_step": 0, "_wandb": {"runtime": 1}}