{"CV_RMSE": 268.1647326501999, "RMSE": 424.47102931205154, "RMSE_STHLM": 389.2052066947465, "RMSE_S\u00f6dermanland": 35.26582261730505, "CV_RMSE_STHLM": 138.61681283152825, "CV_RMSE_S\u00f6dermanland": 129.5479198186716, "_timestamp": 1748467320.6998823, "_runtime": 1.303105354309082, "_step": 0, "_wandb": {"runtime": 1}}