{"CV_RMSE": 1104.727287856609, "RMSE": 1472.3780019282863, "RMSE_STHLM": 1297.4369729107784, "RMSE_S\u00f6dermanland": 174.9410290175078, "CV_RMSE_STHLM": 462.0867730984173, "CV_RMSE_S\u00f6dermanland": 642.6405147581919, "_timestamp": 1748297408.7798495, "_runtime": 1.2857885360717773, "_step": 0, "_wandb": {"runtime": 1}}