{"CV_RMSE": 3188.9488113953826, "RMSE": 1319.414134095249, "RMSE_skane": 1178.9529004212632, "RMSE_kronoberg": 140.46123367398584, "CV_RMSE_'skane": 1869.3756349174362, "CV_RMSE_kronoberg": 1319.5731764779464, "_timestamp": 1748529350.463957, "_runtime": 1.3359661102294922, "_step": 0, "_wandb": {"runtime": 1}}