{"CV_RMSE": 2927.683890630108, "RMSE": 198.0940630814427, "RMSE_Kalmar": 117.88295661261749, "RMSE_Blekinge": 80.21110646882522, "CV_RMSE_'Kalmar": 1140.8028059285564, "CV_RMSE_Blekinge": 1786.8810847015518, "_timestamp": 1748488089.3283937, "_runtime": 1.3392627239227295, "_step": 0, "_wandb": {"runtime": 1}}