{"CV_RMSE": 1343.7198032599035, "RMSE": 2249.2089449138743, "RMSE_STHLM": 2085.6260674955543, "RMSE_S\u00f6dermanland": 163.5828774183201, "CV_RMSE_STHLM": 742.8031107028091, "CV_RMSE_S\u00f6dermanland": 600.9166925570943, "_timestamp": 1748319499.7897122, "_runtime": 1.2789602279663086, "_step": 0, "_wandb": {"runtime": 1}}