{"CV_RMSE": 271.7128605916482, "RMSE": 427.0963374478747, "RMSE_STHLM": 391.0427950981123, "RMSE_S\u00f6dermanland": 36.05354234976236, "CV_RMSE_STHLM": 139.27127644966407, "CV_RMSE_S\u00f6dermanland": 132.44158414198418, "_timestamp": 1748560520.535928, "_runtime": 1.336555004119873, "_step": 0, "_wandb": {"runtime": 1}}