{"CV_RMSE": 3970.618550312435, "RMSE": 265.4442417366448, "RMSE_Kalmar": 154.1883188872685, "RMSE_Blekinge": 111.2559228493763, "CV_RMSE_'Kalmar": 1492.1450214896952, "CV_RMSE_Blekinge": 2478.47352882274, "_timestamp": 1748538331.8794043, "_runtime": 1.4004712104797363, "_step": 0, "_wandb": {"runtime": 1}}