{"CV_RMSE": 676.2629872312773, "RMSE": 705.5318014075957, "RMSE_STHLM": 577.4205943137612, "RMSE_S\u00f6dermanland": 128.11120709383454, "CV_RMSE_STHLM": 205.65038974372183, "CV_RMSE_S\u00f6dermanland": 470.61259748755543, "_timestamp": 1748316520.0738738, "_runtime": 1.3531537055969238, "_step": 0, "_wandb": {"runtime": 1}}