{"CV_RMSE": 265.638909978665, "RMSE": 435.5378362659425, "RMSE_STHLM": 402.221573312003, "RMSE_S\u00f6dermanland": 33.31626295393947, "CV_RMSE_STHLM": 143.252637902969, "CV_RMSE_S\u00f6dermanland": 122.38627207569603, "_timestamp": 1748345109.9862502, "_runtime": 1.2510111331939697, "_step": 0, "_wandb": {"runtime": 1}}