{"CV_RMSE": 300.81704348285996, "RMSE": 21.85113193093331, "RMSE_Kalmar": 14.759398961667012, "RMSE_Blekinge": 7.091732969266297, "CV_RMSE_'Kalmar": 142.83289317742268, "CV_RMSE_Blekinge": 157.9841503054373, "_timestamp": 1748466009.7552502, "_runtime": 1.3033802509307861, "_step": 0, "_wandb": {"runtime": 1}}