{"CV_RMSE": 2933.9924116231314, "RMSE": 197.17667225585464, "RMSE_Kalmar": 115.76026993799331, "RMSE_Blekinge": 81.41640231786133, "CV_RMSE_'Kalmar": 1120.26067681929, "CV_RMSE_Blekinge": 1813.7317348038414, "_timestamp": 1748465482.8813229, "_runtime": 1.3251359462738037, "_step": 0, "_wandb": {"runtime": 1}}