{"CV_RMSE": 275.31570052017025, "RMSE": 436.91319587347425, "RMSE_STHLM": 400.82753990042715, "RMSE_S\u00f6dermanland": 36.0856559730471, "CV_RMSE_STHLM": 142.75614796611967, "CV_RMSE_S\u00f6dermanland": 132.55955255405058, "_timestamp": 1748440468.3263576, "_runtime": 1.2899715900421143, "_step": 0, "_wandb": {"runtime": 1}}