{"CV_RMSE": 275.50357430481233, "RMSE": 437.0587180933215, "RMSE_STHLM": 400.93205139444797, "RMSE_S\u00f6dermanland": 36.126666698873535, "CV_RMSE_STHLM": 142.7933701048687, "CV_RMSE_S\u00f6dermanland": 132.7102041999436, "_timestamp": 1748439290.3894765, "_runtime": 1.254514455795288, "_step": 0, "_wandb": {"runtime": 1}}