{"CV_RMSE": 859.3686116798342, "RMSE": 402.6904509278589, "RMSE_skane": 374.40839709339133, "RMSE_kronoberg": 28.282053834467547, "CV_RMSE_'skane": 593.6708199155253, "CV_RMSE_kronoberg": 265.69779176430893, "_timestamp": 1748546276.4160402, "_runtime": 1.3785412311553955, "_step": 0, "_wandb": {"runtime": 1}}