{"CV_RMSE": 943.8441624792251, "RMSE": 2103.9320107058074, "RMSE_STHLM": 2045.2938422898494, "RMSE_S\u00f6dermanland": 58.638168415958184, "CV_RMSE_STHLM": 728.4386458491747, "CV_RMSE_S\u00f6dermanland": 215.40551663005047, "_timestamp": 1748388033.4062085, "_runtime": 1.2898905277252197, "_step": 0, "_wandb": {"runtime": 1}}