{"CV_RMSE": 1425.3916844094417, "RMSE": 2118.402998039566, "RMSE_STHLM": 1916.1566684916902, "RMSE_S\u00f6dermanland": 202.24632954787577, "CV_RMSE_STHLM": 682.44598402949, "CV_RMSE_S\u00f6dermanland": 742.9457003799517, "_timestamp": 1748295547.777163, "_runtime": 1.272779941558838, "_step": 0, "_wandb": {"runtime": 1}}