{"CV_RMSE": 4219.294042024265, "RMSE": 278.8759850403001, "RMSE_Kalmar": 158.2000078829647, "RMSE_Blekinge": 120.67597715733541, "CV_RMSE_'Kalmar": 1530.967818222239, "CV_RMSE_Blekinge": 2688.326223802026, "_timestamp": 1748522153.7006316, "_runtime": 1.2921216487884521, "_step": 0, "_wandb": {"runtime": 1}}