{"CV_RMSE": 638.0724731783242, "RMSE": 659.0398925322605, "RMSE_STHLM": 537.4496973192726, "RMSE_S\u00f6dermanland": 121.59019521298801, "CV_RMSE_STHLM": 191.41461321224585, "CV_RMSE_S\u00f6dermanland": 446.6578599660784, "_timestamp": 1748336181.7330112, "_runtime": 1.3930532932281494, "_step": 0, "_wandb": {"runtime": 1}}