{"CV_RMSE": 426.6527683675498, "RMSE": 823.3093896095014, "RMSE_STHLM": 783.0876502585517, "RMSE_S\u00f6dermanland": 40.22173935094971, "CV_RMSE_STHLM": 278.89944013957125, "CV_RMSE_S\u00f6dermanland": 147.75332822797853, "_timestamp": 1748346070.5839694, "_runtime": 1.3897242546081543, "_step": 0, "_wandb": {"runtime": 1}}