{"CV_RMSE": 4983.154857116238, "RMSE": 1909.4424962970108, "RMSE_skane": 1659.0249579516365, "RMSE_kronoberg": 250.41753834537445, "CV_RMSE_'skane": 2630.5892567943492, "CV_RMSE_kronoberg": 2352.5656003218896, "_timestamp": 1748530846.9555829, "_runtime": 1.3582918643951416, "_step": 0, "_wandb": {"runtime": 1}}