{"CV_RMSE": 268.88120574037146, "RMSE": 427.10324020351806, "RMSE_STHLM": 391.904037152065, "RMSE_S\u00f6dermanland": 35.19920305145308, "CV_RMSE_STHLM": 139.57801085748258, "CV_RMSE_S\u00f6dermanland": 129.30319488288887, "_timestamp": 1748529583.1212661, "_runtime": 1.333057165145874, "_step": 0, "_wandb": {"runtime": 1}}