{"CV_RMSE": 1580.756452144329, "RMSE": 2191.079066531705, "RMSE_STHLM": 1949.8009008392835, "RMSE_S\u00f6dermanland": 241.27816569242145, "CV_RMSE_STHLM": 694.4284965395153, "CV_RMSE_S\u00f6dermanland": 886.3279556048136, "_timestamp": 1748310405.460495, "_runtime": 1.291783094406128, "_step": 0, "_wandb": {"runtime": 1}}