{"CV_RMSE": 4837.355856312564, "RMSE": 1875.0505441091655, "RMSE_skane": 1636.3204062959956, "RMSE_kronoberg": 238.73013781317, "CV_RMSE_'skane": 2594.588382076103, "CV_RMSE_kronoberg": 2242.7674742364616, "_timestamp": 1748508421.6968544, "_runtime": 1.3057234287261963, "_step": 0, "_wandb": {"runtime": 1}}