{"CV_RMSE": 4227.611263403797, "RMSE": 288.5726281401746, "RMSE_Kalmar": 174.6841558190085, "RMSE_Blekinge": 113.88847232116605, "CV_RMSE_'Kalmar": 1690.491830506534, "CV_RMSE_Blekinge": 2537.1194328972633, "_timestamp": 1748500132.9455934, "_runtime": 1.3434762954711914, "_step": 0, "_wandb": {"runtime": 1}}