{"CV_RMSE": 1525.0808527658319, "RMSE": 1843.8015027073263, "RMSE_STHLM": 1582.0222638266405, "RMSE_S\u00f6dermanland": 261.7792388806858, "CV_RMSE_STHLM": 563.4428323878024, "CV_RMSE_S\u00f6dermanland": 961.6380203780295, "_timestamp": 1748284902.212581, "_runtime": 1.4643299579620361, "_step": 0, "_wandb": {"runtime": 1}}