{"CV_RMSE": 4879.261891785074, "RMSE": 1885.6296326203615, "RMSE_skane": 1643.6811892024139, "RMSE_kronoberg": 241.94844341794763, "CV_RMSE_'skane": 2606.2598137458995, "CV_RMSE_kronoberg": 2273.002078039174, "_timestamp": 1748573600.9919271, "_runtime": 1.331693172454834, "_step": 0, "_wandb": {"runtime": 1}}