{"CV_RMSE": 201.48672708867898, "RMSE": 329.27679423734685, "RMSE_STHLM": 303.89071871286905, "RMSE_S\u00f6dermanland": 25.386075524477796, "CV_RMSE_STHLM": 108.23175577427074, "CV_RMSE_S\u00f6dermanland": 93.25497131440824, "_timestamp": 1748290425.7334793, "_runtime": 1.3243541717529297, "_step": 0, "_wandb": {"runtime": 1}}