{"CV_RMSE": 1215.8593038558529, "RMSE": 1736.5711188297817, "RMSE_STHLM": 1556.4937981535961, "RMSE_S\u00f6dermanland": 180.07732067618545, "CV_RMSE_STHLM": 554.3507789229269, "CV_RMSE_S\u00f6dermanland": 661.5085249329261, "_timestamp": 1748334635.2295613, "_runtime": 1.2801764011383057, "_step": 0, "_wandb": {"runtime": 1}}