{"CV_RMSE": 1452.4521766874548, "RMSE": 2077.82669088196, "RMSE_STHLM": 1863.0666636006372, "RMSE_S\u00f6dermanland": 214.76002728132306, "CV_RMSE_STHLM": 663.5377907560639, "CV_RMSE_S\u00f6dermanland": 788.9143859313908, "_timestamp": 1748305883.7446856, "_runtime": 1.2931926250457764, "_step": 0, "_wandb": {"runtime": 1}}