{"CV_RMSE": 805.6517465080701, "RMSE": 1401.4293612310566, "RMSE_STHLM": 1309.0270304841993, "RMSE_S\u00f6dermanland": 92.40233074685742, "CV_RMSE_STHLM": 466.21461315226725, "CV_RMSE_S\u00f6dermanland": 339.4371333558028, "_timestamp": 1748335767.2348776, "_runtime": 1.2612876892089844, "_step": 0, "_wandb": {"runtime": 1}}