{"CV_RMSE": 457.08235021614485, "RMSE": 427.9691643514461, "RMSE_STHLM": 336.12996943734805, "RMSE_S\u00f6dermanland": 91.83919491409809, "CV_RMSE_STHLM": 119.71387910313148, "CV_RMSE_S\u00f6dermanland": 337.36847111301336, "_timestamp": 1748357939.3700275, "_runtime": 1.3454456329345703, "_step": 0, "_wandb": {"runtime": 1}}