{"CV_RMSE": 271.7090163564849, "RMSE": 433.246709710548, "RMSE_STHLM": 397.85464224031267, "RMSE_S\u00f6dermanland": 35.39206747023531, "CV_RMSE_STHLM": 141.69733993521228, "CV_RMSE_S\u00f6dermanland": 130.01167642127257, "_timestamp": 1748490600.333073, "_runtime": 1.3236207962036133, "_step": 0, "_wandb": {"runtime": 1}}