{"CV_RMSE": 1321.9471377359162, "RMSE": 1954.632363526941, "RMSE_STHLM": 1765.9865041337764, "RMSE_S\u00f6dermanland": 188.64585939316447, "CV_RMSE_STHLM": 628.9623481283732, "CV_RMSE_S\u00f6dermanland": 692.984789607543, "_timestamp": 1748340766.9083574, "_runtime": 1.3072423934936523, "_step": 0, "_wandb": {"runtime": 1}}