{"CV_RMSE": 3664.9502895442247, "RMSE": 1816.7428162755955, "RMSE_skane": 1716.3093357023815, "RMSE_kronoberg": 100.43348057321394, "CV_RMSE_'skane": 2721.4207225724863, "CV_RMSE_kronoberg": 943.5295669717386, "_timestamp": 1748526116.279909, "_runtime": 1.3977599143981934, "_step": 0, "_wandb": {"runtime": 1}}