{"CV_RMSE": 3052.4736470556372, "RMSE": 1603.8386837893506, "RMSE_skane": 1538.607229986253, "RMSE_kronoberg": 65.23145380309755, "CV_RMSE_'skane": 2439.6520560035724, "CV_RMSE_kronoberg": 612.8215910520647, "_timestamp": 1748523274.1712446, "_runtime": 1.2798795700073242, "_step": 0, "_wandb": {"runtime": 1}}