{"CV_RMSE": 2517.7648571190234, "RMSE": 1033.203727228535, "RMSE_skane": 920.5774780404413, "RMSE_kronoberg": 112.62624918809358, "CV_RMSE_'skane": 1459.689447210002, "CV_RMSE_kronoberg": 1058.0754099090213, "_timestamp": 1748506630.6441813, "_runtime": 1.359626293182373, "_step": 0, "_wandb": {"runtime": 1}}