{"CV_RMSE": 262.1783381989693, "RMSE": 420.36589401600713, "RMSE_STHLM": 386.46392584796484, "RMSE_S\u00f6dermanland": 33.90196816804231, "CV_RMSE_STHLM": 137.64049594901795, "CV_RMSE_S\u00f6dermanland": 124.53784224995134, "_timestamp": 1748368272.2715187, "_runtime": 1.4482617378234863, "_step": 0, "_wandb": {"runtime": 1}}