{"CV_RMSE": 305.2300105915149, "RMSE": 22.07235396063142, "RMSE_Kalmar": 14.800292156958394, "RMSE_Blekinge": 7.272061803673028, "CV_RMSE_'Kalmar": 143.2286337770167, "CV_RMSE_Blekinge": 162.00137681449814, "_timestamp": 1748507128.6039195, "_runtime": 1.3286304473876953, "_step": 0, "_wandb": {"runtime": 1}}