{"CV_RMSE": 306.7990515674942, "RMSE": 22.239343738170284, "RMSE_Kalmar": 14.971011287187654, "RMSE_Blekinge": 7.268332450982631, "CV_RMSE_'Kalmar": 144.88075439213858, "CV_RMSE_Blekinge": 161.91829717535563, "_timestamp": 1748501619.3777146, "_runtime": 1.3541717529296875, "_step": 0, "_wandb": {"runtime": 1}}