{"CV_RMSE": 3230.545621071813, "RMSE": 1302.8715588757816, "RMSE_skane": 1153.724506620163, "RMSE_kronoberg": 149.14705225561843, "CV_RMSE_'skane": 1829.3728963321826, "CV_RMSE_kronoberg": 1401.1727247396304, "_timestamp": 1748510378.7681837, "_runtime": 1.3220458030700684, "_step": 0, "_wandb": {"runtime": 1}}