{"CV_RMSE": 271.0206862533647, "RMSE": 425.4593392722965, "RMSE_STHLM": 389.4387005245068, "RMSE_S\u00f6dermanland": 36.0206387477897, "CV_RMSE_STHLM": 138.69997248597394, "CV_RMSE_S\u00f6dermanland": 132.32071376739074, "_timestamp": 1748540569.057685, "_runtime": 1.2484028339385986, "_step": 0, "_wandb": {"runtime": 1}}