{"CV_RMSE": 1533.8848048550954, "RMSE": 2102.1852083631607, "RMSE_STHLM": 1865.4926129235926, "RMSE_S\u00f6dermanland": 236.69259543956827, "CV_RMSE_STHLM": 664.4018011995383, "CV_RMSE_S\u00f6dermanland": 869.4830036555569, "_timestamp": 1748283942.2464263, "_runtime": 1.2762043476104736, "_step": 0, "_wandb": {"runtime": 1}}