{"CV_RMSE": 4993.920062166249, "RMSE": 338.8696939813505, "RMSE_Kalmar": 202.79334450080285, "RMSE_Blekinge": 136.07634948054766, "CV_RMSE_'Kalmar": 1962.5162371045435, "CV_RMSE_Blekinge": 3031.4038250617054, "_timestamp": 1748504947.7547503, "_runtime": 1.315033197402954, "_step": 0, "_wandb": {"runtime": 1}}