{"CV_RMSE": 273.5166755070961, "RMSE": 431.81834358679566, "RMSE_STHLM": 395.7280077236701, "RMSE_S\u00f6dermanland": 36.0903358631256, "CV_RMSE_STHLM": 140.93993152010412, "CV_RMSE_S\u00f6dermanland": 132.576743986992, "_timestamp": 1748466969.6592193, "_runtime": 1.2645373344421387, "_step": 0, "_wandb": {"runtime": 1}}