{"CV_RMSE": 4052.1459198010543, "RMSE": 1652.5908293701425, "RMSE_skane": 1469.2423545020674, "RMSE_kronoberg": 183.3484748680751, "CV_RMSE_'skane": 2329.6654669694512, "CV_RMSE_kronoberg": 1722.4804528316033, "_timestamp": 1748505802.1254628, "_runtime": 1.2538707256317139, "_step": 0, "_wandb": {"runtime": 1}}