{"CV_RMSE": 2442.5419729469995, "RMSE": 148.3720558138464, "RMSE_Kalmar": 68.47533525269277, "RMSE_Blekinge": 79.89672056115363, "CV_RMSE_'Kalmar": 662.6645347034785, "CV_RMSE_Blekinge": 1779.8774382435213, "_timestamp": 1748475142.4307582, "_runtime": 1.2859501838684082, "_step": 0, "_wandb": {"runtime": 1}}