{"CV_RMSE": 1331.7945197193278, "RMSE": 1623.5184535519834, "RMSE_STHLM": 1396.3550758775168, "RMSE_S\u00f6dermanland": 227.1633776744665, "CV_RMSE_STHLM": 497.31680581312435, "CV_RMSE_S\u00f6dermanland": 834.4777139062035, "_timestamp": 1748355538.6736848, "_runtime": 1.316213846206665, "_step": 0, "_wandb": {"runtime": 1}}