{"CV_RMSE": 4040.7969063252976, "RMSE": 255.49465185879677, "RMSE_Kalmar": 131.0270431798876, "RMSE_Blekinge": 124.46760867890914, "CV_RMSE_'Kalmar": 1268.0036436763316, "CV_RMSE_Blekinge": 2772.793262648966, "_timestamp": 1748543622.396213, "_runtime": 1.3410120010375977, "_step": 0, "_wandb": {"runtime": 1}}