{"CV_RMSE": 538.5978858609338, "RMSE": 39.53881259832434, "RMSE_Kalmar": 27.1605119924598, "RMSE_Blekinge": 12.378300605864546, "CV_RMSE_'Kalmar": 262.84366444315935, "CV_RMSE_Blekinge": 275.7542214177745, "_timestamp": 1748523911.9364996, "_runtime": 1.3864645957946777, "_step": 0, "_wandb": {"runtime": 1}}