{"CV_RMSE": 1099.2285783137577, "RMSE": 1773.9625308949767, "RMSE_STHLM": 1633.0577869080355, "RMSE_S\u00f6dermanland": 140.9047439869411, "CV_RMSE_STHLM": 581.6193146882597, "CV_RMSE_S\u00f6dermanland": 517.609263625498, "_timestamp": 1748299512.2395458, "_runtime": 1.3019347190856934, "_step": 0, "_wandb": {"runtime": 1}}