{"CV_RMSE": 1480.3389556919178, "RMSE": 1891.7182422036667, "RMSE_STHLM": 1648.5708178452612, "RMSE_S\u00f6dermanland": 243.1474243584055, "CV_RMSE_STHLM": 587.144335599816, "CV_RMSE_S\u00f6dermanland": 893.1946200921018, "_timestamp": 1748375183.0586133, "_runtime": 1.26332426071167, "_step": 0, "_wandb": {"runtime": 1}}