{"CV_RMSE": 1155.1371835228888, "RMSE": 2150.3220456178587, "RMSE_STHLM": 2032.970430894889, "RMSE_S\u00f6dermanland": 117.35161472296986, "CV_RMSE_STHLM": 724.0496192344282, "CV_RMSE_S\u00f6dermanland": 431.0875642884607, "_timestamp": 1748301428.557422, "_runtime": 1.2883799076080322, "_step": 0, "_wandb": {"runtime": 1}}