{"CV_RMSE": 1607.0447843647298, "RMSE": 2101.9883195632938, "RMSE_STHLM": 1843.2206171539729, "RMSE_S\u00f6dermanland": 258.7677024093209, "CV_RMSE_STHLM": 656.4695510243671, "CV_RMSE_S\u00f6dermanland": 950.5752333403626, "_timestamp": 1748301545.3779905, "_runtime": 1.3024654388427734, "_step": 0, "_wandb": {"runtime": 1}}