{"CV_RMSE": 3901.602487040055, "RMSE": 1561.7447814273946, "RMSE_skane": 1379.2281455910727, "RMSE_kronoberg": 182.51663583632194, "CV_RMSE_'skane": 2186.9368059055064, "CV_RMSE_kronoberg": 1714.6656811345485, "_timestamp": 1748570251.8194096, "_runtime": 1.3028185367584229, "_step": 0, "_wandb": {"runtime": 1}}