{"CV_RMSE": 1707.1663842391044, "RMSE": 2244.077149599195, "RMSE_STHLM": 1970.3828733836087, "RMSE_S\u00f6dermanland": 273.6942762155861, "CV_RMSE_STHLM": 701.7588389573597, "CV_RMSE_S\u00f6dermanland": 1005.4075452817449, "_timestamp": 1748388354.2137241, "_runtime": 1.3165791034698486, "_step": 0, "_wandb": {"runtime": 1}}