{"CV_RMSE": 778.3965875416004, "RMSE": 528.2223746324714, "RMSE_STHLM": 350.2868552589404, "RMSE_S\u00f6dermanland": 177.93551937353098, "CV_RMSE_STHLM": 124.75590412862935, "CV_RMSE_S\u00f6dermanland": 653.640683412971, "_timestamp": 1748355816.9482386, "_runtime": 1.384718656539917, "_step": 0, "_wandb": {"runtime": 1}}