{"CV_RMSE": 517.4972361509397, "RMSE": 770.6668758993566, "RMSE_STHLM": 697.4084012553889, "RMSE_S\u00f6dermanland": 73.25847464396772, "CV_RMSE_STHLM": 248.38447215269093, "CV_RMSE_S\u00f6dermanland": 269.1127639982488, "_timestamp": 1748347600.5893474, "_runtime": 1.317683458328247, "_step": 0, "_wandb": {"runtime": 1}}