{"CV_RMSE": 272.935779733226, "RMSE": 414.0309495170456, "RMSE_STHLM": 376.2060342862404, "RMSE_S\u00f6dermanland": 37.82491523080517, "CV_RMSE_STHLM": 133.9871115384315, "CV_RMSE_S\u00f6dermanland": 138.9486681947945, "_timestamp": 1748489070.685262, "_runtime": 1.2742919921875, "_step": 0, "_wandb": {"runtime": 1}}