{"CV_RMSE": 266.18343952375585, "RMSE": 419.5312614169777, "RMSE_STHLM": 384.3323535299846, "RMSE_S\u00f6dermanland": 35.19890788699315, "CV_RMSE_STHLM": 136.8813289184749, "CV_RMSE_S\u00f6dermanland": 129.30211060528094, "_timestamp": 1748488351.0637078, "_runtime": 1.3004429340362549, "_step": 0, "_wandb": {"runtime": 1}}