{"CV_RMSE": 533.7533038519684, "RMSE": 739.1092440223938, "RMSE_STHLM": 657.5623122825099, "RMSE_S\u00f6dermanland": 81.54693173988393, "CV_RMSE_STHLM": 234.19314644014992, "CV_RMSE_S\u00f6dermanland": 299.5601574118185, "_timestamp": 1748308285.8603554, "_runtime": 1.2789742946624756, "_step": 0, "_wandb": {"runtime": 1}}