{"CV_RMSE": 287.2029664924481, "RMSE": 425.52805584162974, "RMSE_STHLM": 384.6366699779173, "RMSE_S\u00f6dermanland": 40.89138586371246, "CV_RMSE_STHLM": 136.98971229921867, "CV_RMSE_S\u00f6dermanland": 150.21325419322943, "_timestamp": 1748317692.1204052, "_runtime": 1.3104312419891357, "_step": 0, "_wandb": {"runtime": 1}}