{"CV_RMSE": 529.8632500980143, "RMSE": 879.9412088857339, "RMSE_STHLM": 814.6869243764693, "RMSE_S\u00f6dermanland": 65.25428450926466, "CV_RMSE_STHLM": 290.1536335333686, "CV_RMSE_S\u00f6dermanland": 239.7096165646457, "_timestamp": 1748368593.0022957, "_runtime": 1.3027818202972412, "_step": 0, "_wandb": {"runtime": 1}}