{"CV_RMSE": 275.25120019859094, "RMSE": 440.02129833326427, "RMSE_STHLM": 404.2887778695064, "RMSE_S\u00f6dermanland": 35.732520463757844, "CV_RMSE_STHLM": 143.98888012764377, "CV_RMSE_S\u00f6dermanland": 131.26232007094717, "_timestamp": 1748531845.3157604, "_runtime": 1.3615503311157227, "_step": 0, "_wandb": {"runtime": 1}}