{"CV_RMSE": 1360.7615765284745, "RMSE": 1659.8113272098676, "RMSE_STHLM": 1427.812346879431, "RMSE_S\u00f6dermanland": 231.99898033043658, "CV_RMSE_STHLM": 508.5204242942176, "CV_RMSE_S\u00f6dermanland": 852.2411522342568, "_timestamp": 1748381310.3970032, "_runtime": 1.29307222366333, "_step": 0, "_wandb": {"runtime": 1}}