{"CV_RMSE": 1368.102668989842, "RMSE": 1282.1999472936761, "RMSE_STHLM": 1007.4469063289325, "RMSE_S\u00f6dermanland": 274.7530409647436, "CV_RMSE_STHLM": 358.8057838132328, "CV_RMSE_S\u00f6dermanland": 1009.2968851766092, "_timestamp": 1748308557.0626957, "_runtime": 1.269101858139038, "_step": 0, "_wandb": {"runtime": 1}}