{"CV_RMSE": 306.84166146447274, "RMSE": 22.246731387060528, "RMSE_Kalmar": 14.980691310575605, "RMSE_Blekinge": 7.266040076484923, "CV_RMSE_'Kalmar": 144.97443203782842, "CV_RMSE_Blekinge": 161.86722942664431, "_timestamp": 1748541615.526429, "_runtime": 1.2704908847808838, "_step": 0, "_wandb": {"runtime": 1}}