{"CV_RMSE": 1861.7314873481996, "RMSE": 2524.0999771392776, "RMSE_STHLM": 2233.8760776211307, "RMSE_S\u00f6dermanland": 290.2238995181468, "CV_RMSE_STHLM": 795.6028768733746, "CV_RMSE_S\u00f6dermanland": 1066.128610474825, "_timestamp": 1748289015.0200183, "_runtime": 1.255354404449463, "_step": 0, "_wandb": {"runtime": 1}}