{"CV_RMSE": 269.3357487411461, "RMSE": 423.311504307024, "RMSE_STHLM": 387.5681917244084, "RMSE_S\u00f6dermanland": 35.74331258261558, "CV_RMSE_STHLM": 138.033784151946, "CV_RMSE_S\u00f6dermanland": 131.3019645892001, "_timestamp": 1748457189.0578084, "_runtime": 1.277245283126831, "_step": 0, "_wandb": {"runtime": 1}}