{"CV_RMSE": 462.0533355635108, "RMSE": 472.6052270033514, "RMSE_STHLM": 384.0597511570353, "RMSE_S\u00f6dermanland": 88.54547584631611, "CV_RMSE_STHLM": 136.7842406178598, "CV_RMSE_S\u00f6dermanland": 325.26909494565103, "_timestamp": 1748315858.6943989, "_runtime": 1.3748009204864502, "_step": 0, "_wandb": {"runtime": 1}}