{"CV_RMSE": 1465.8959466688777, "RMSE": 1657.5220794307704, "RMSE_STHLM": 1393.5847191681269, "RMSE_S\u00f6dermanland": 263.93736026264355, "CV_RMSE_STHLM": 496.33013345916663, "CV_RMSE_S\u00f6dermanland": 969.5658132097111, "_timestamp": 1748320621.6668248, "_runtime": 1.3051977157592773, "_step": 0, "_wandb": {"runtime": 1}}