{"CV_RMSE": 5077.745773321612, "RMSE": 1943.5016642086537, "RMSE_skane": 1687.8867687686654, "RMSE_kronoberg": 255.61489543998817, "CV_RMSE_'skane": 2676.353227434459, "CV_RMSE_kronoberg": 2401.392545887154, "_timestamp": 1748525432.5476556, "_runtime": 1.357635498046875, "_step": 0, "_wandb": {"runtime": 1}}