{"CV_RMSE": 273.70178219965084, "RMSE": 431.5782084825522, "RMSE_STHLM": 395.40629110202144, "RMSE_S\u00f6dermanland": 36.17191738053076, "CV_RMSE_STHLM": 140.82535100586438, "CV_RMSE_S\u00f6dermanland": 132.87643119378646, "_timestamp": 1748511499.2903683, "_runtime": 1.3119392395019531, "_step": 0, "_wandb": {"runtime": 1}}