{"CV_RMSE": 1087.7141504571614, "RMSE": 1567.8709133657017, "RMSE_STHLM": 1408.3107761258789, "RMSE_S\u00f6dermanland": 159.5601372398229, "CV_RMSE_STHLM": 501.5748708006692, "CV_RMSE_S\u00f6dermanland": 586.1392796564922, "_timestamp": 1748316240.9020967, "_runtime": 1.3166697025299072, "_step": 0, "_wandb": {"runtime": 1}}