{"CV_RMSE": 1794.902654858168, "RMSE": 2277.1152600306486, "RMSE_STHLM": 1980.5200500171336, "RMSE_S\u00f6dermanland": 296.5952100135148, "CV_RMSE_STHLM": 705.3692303187258, "CV_RMSE_S\u00f6dermanland": 1089.5334245394422, "_timestamp": 1748325267.008496, "_runtime": 1.2359750270843506, "_step": 0, "_wandb": {"runtime": 1}}