{"CV_RMSE": 349.1347546042132, "RMSE": 563.4497574935397, "RMSE_STHLM": 518.6966695251582, "RMSE_S\u00f6dermanland": 44.7530879683815, "CV_RMSE_STHLM": 184.73565594485257, "CV_RMSE_S\u00f6dermanland": 164.39909865936062, "_timestamp": 1748380433.7676852, "_runtime": 1.3499372005462646, "_step": 0, "_wandb": {"runtime": 1}}