{"CV_RMSE": 3460.472090891522, "RMSE": 1641.520909824363, "RMSE_skane": 1531.6933595275607, "RMSE_kronoberg": 109.8275502968021, "CV_RMSE_'skane": 2428.689259293172, "CV_RMSE_kronoberg": 1031.7828315983497, "_timestamp": 1748523321.3359325, "_runtime": 1.3310976028442383, "_step": 0, "_wandb": {"runtime": 1}}