{"CV_RMSE": 930.6077306107852, "RMSE": 1003.0954536645131, "RMSE_STHLM": 830.2594143208229, "RMSE_S\u00f6dermanland": 172.8360393436903, "CV_RMSE_STHLM": 295.6998309809025, "CV_RMSE_S\u00f6dermanland": 634.9078996298826, "_timestamp": 1748300895.1778858, "_runtime": 1.260624885559082, "_step": 0, "_wandb": {"runtime": 1}}