{"CV_RMSE": 3540.399734323808, "RMSE": 214.87401793243404, "RMSE_Kalmar": 98.92195646690574, "RMSE_Blekinge": 115.9520614655283, "CV_RMSE_'Kalmar": 957.3092561313458, "CV_RMSE_Blekinge": 2583.090478192462, "_timestamp": 1748505503.1742153, "_runtime": 1.4854562282562256, "_step": 0, "_wandb": {"runtime": 1}}