{"CV_RMSE": 254.45666812922613, "RMSE": 395.914193692208, "RMSE_STHLM": 361.71472909989427, "RMSE_S\u00f6dermanland": 34.199464592313745, "CV_RMSE_STHLM": 128.82598187174708, "CV_RMSE_S\u00f6dermanland": 125.63068625747906, "_timestamp": 1748491918.7323987, "_runtime": 1.2669358253479004, "_step": 0, "_wandb": {"runtime": 1}}