{"CV_RMSE": 261.93663141182316, "RMSE": 424.2118166052166, "RMSE_STHLM": 390.7956163933748, "RMSE_S\u00f6dermanland": 33.41620021184177, "CV_RMSE_STHLM": 139.18324287852684, "CV_RMSE_S\u00f6dermanland": 122.7533885332963, "_timestamp": 1748528163.798909, "_runtime": 1.3366060256958008, "_step": 0, "_wandb": {"runtime": 1}}