{"CV_RMSE": 4670.895692037178, "RMSE": 316.1790217827852, "RMSE_Kalmar": 188.31210031890646, "RMSE_Blekinge": 127.86692146387871, "CV_RMSE_'Kalmar": 1822.375164376514, "CV_RMSE_Blekinge": 2848.5205276606644, "_timestamp": 1748521089.4847152, "_runtime": 1.3083651065826416, "_step": 0, "_wandb": {"runtime": 1}}