{"CV_RMSE": 271.5672400060516, "RMSE": 370.8791097616363, "RMSE_STHLM": 328.8338725944799, "RMSE_S\u00f6dermanland": 42.045237167156394, "CV_RMSE_STHLM": 117.1153483715995, "CV_RMSE_S\u00f6dermanland": 154.45189163445207, "_timestamp": 1748526953.535853, "_runtime": 1.3785929679870605, "_step": 0, "_wandb": {"runtime": 1}}