{"CV_RMSE": 942.2711865962707, "RMSE": 1644.9308127688407, "RMSE_STHLM": 1537.4875459103246, "RMSE_S\u00f6dermanland": 107.44326685851625, "CV_RMSE_STHLM": 547.5816348711089, "CV_RMSE_S\u00f6dermanland": 394.6895517251618, "_timestamp": 1748360756.339769, "_runtime": 1.3255908489227295, "_step": 0, "_wandb": {"runtime": 1}}