{"CV_RMSE": 4563.997544937882, "RMSE": 278.5262092963345, "RMSE_Kalmar": 130.2237461398941, "RMSE_Blekinge": 148.3024631564404, "CV_RMSE_'Kalmar": 1260.2298013538139, "CV_RMSE_Blekinge": 3303.7677435840683, "_timestamp": 1748485534.918966, "_runtime": 1.5441131591796875, "_step": 0, "_wandb": {"runtime": 1}}