{"CV_RMSE": 306.979687337222, "RMSE": 22.256690444377718, "RMSE_Kalmar": 14.987344928834064, "RMSE_Blekinge": 7.269345515543655, "CV_RMSE_'Kalmar": 145.03882189194255, "CV_RMSE_Blekinge": 161.94086544527943, "_timestamp": 1748540942.4986055, "_runtime": 1.2356843948364258, "_step": 0, "_wandb": {"runtime": 1}}