{"CV_RMSE": 3769.5367458055684, "RMSE": 262.0211795400231, "RMSE_Kalmar": 164.0952527705799, "RMSE_Blekinge": 97.92592676944321, "CV_RMSE_'Kalmar": 1588.0185751991603, "CV_RMSE_Blekinge": 2181.518170606408, "_timestamp": 1748459901.5161324, "_runtime": 1.286682367324829, "_step": 0, "_wandb": {"runtime": 1}}