{"CV_RMSE": 266.8619068579243, "RMSE": 422.91430105545464, "RMSE_STHLM": 387.874079962059, "RMSE_S\u00f6dermanland": 35.040221093395665, "CV_RMSE_STHLM": 138.14272733116465, "CV_RMSE_S\u00f6dermanland": 128.7191795267596, "_timestamp": 1748562735.7255626, "_runtime": 1.3178515434265137, "_step": 0, "_wandb": {"runtime": 1}}