{"CV_RMSE": 3287.5463303583683, "RMSE": 192.3794307508817, "RMSE_Kalmar": 79.21819352400377, "RMSE_Blekinge": 113.16123722687794, "CV_RMSE_'Kalmar": 766.6276792645525, "CV_RMSE_Blekinge": 2520.9186510938157, "_timestamp": 1748490097.4135678, "_runtime": 1.32987380027771, "_step": 0, "_wandb": {"runtime": 1}}