{"CV_RMSE": 3552.087232489933, "RMSE": 1721.9528648042296, "RMSE_skane": 1616.7251234886287, "RMSE_kronoberg": 105.22774131560107, "CV_RMSE_'skane": 2563.5176376669583, "CV_RMSE_kronoberg": 988.5695948229746, "_timestamp": 1748539290.2206807, "_runtime": 1.2973456382751465, "_step": 0, "_wandb": {"runtime": 1}}