{"CV_RMSE": 259.05699513996024, "RMSE": 404.7418360521984, "RMSE_STHLM": 370.1033626387371, "RMSE_S\u00f6dermanland": 34.63847341346126, "CV_RMSE_STHLM": 131.8136234170413, "CV_RMSE_S\u00f6dermanland": 127.24337172291892, "_timestamp": 1748566066.027444, "_runtime": 1.3240249156951904, "_step": 0, "_wandb": {"runtime": 1}}