{"CV_RMSE": 4472.9680641415725, "RMSE": 1761.218392921276, "RMSE_skane": 1546.037243998628, "RMSE_kronoberg": 215.18114892264816, "CV_RMSE_'skane": 2451.433262154272, "CV_RMSE_kronoberg": 2021.5348019873002, "_timestamp": 1748507996.4495554, "_runtime": 1.3218634128570557, "_step": 0, "_wandb": {"runtime": 1}}