{"CV_RMSE": 647.1680497163275, "RMSE": 899.1162168238222, "RMSE_STHLM": 800.5592388851372, "RMSE_S\u00f6dermanland": 98.55697793868502, "CV_RMSE_STHLM": 285.1220083089131, "CV_RMSE_S\u00f6dermanland": 362.0460414074144, "_timestamp": 1748377304.7909226, "_runtime": 1.3589096069335938, "_step": 0, "_wandb": {"runtime": 1}}