{"CV_RMSE": 4359.947143689221, "RMSE": 1565.5786294391028, "RMSE_skane": 1325.1456652575355, "RMSE_kronoberg": 240.4329641815673, "CV_RMSE_'skane": 2101.1823444886927, "CV_RMSE_kronoberg": 2258.764799200528, "_timestamp": 1748519713.2572813, "_runtime": 1.349259376525879, "_step": 0, "_wandb": {"runtime": 1}}