{"CV_RMSE": 302.23954407839494, "RMSE": 21.78759985021534, "RMSE_Kalmar": 14.534171788163894, "RMSE_Blekinge": 7.253428062051447, "CV_RMSE_'Kalmar": 140.65327536932801, "CV_RMSE_Blekinge": 161.5862687090669, "_timestamp": 1748475136.2297752, "_runtime": 1.28959321975708, "_step": 0, "_wandb": {"runtime": 1}}