{"CV_RMSE": 1668.266823870785, "RMSE": 2482.2424985591015, "RMSE_STHLM": 2245.8443372344937, "RMSE_S\u00f6dermanland": 236.39816132460766, "CV_RMSE_STHLM": 799.8654149232466, "CV_RMSE_S\u00f6dermanland": 868.4014089475384, "_timestamp": 1748404124.449256, "_runtime": 1.2552919387817383, "_step": 0, "_wandb": {"runtime": 1}}