{"CV_RMSE": 4654.89450050388, "RMSE": 306.7421166304249, "RMSE_Kalmar": 172.89703305182485, "RMSE_Blekinge": 133.84508357860008, "CV_RMSE_'Kalmar": 1673.1970940499177, "CV_RMSE_Blekinge": 2981.6974064539622, "_timestamp": 1748473765.9561718, "_runtime": 1.3054237365722656, "_step": 0, "_wandb": {"runtime": 1}}