{"CV_RMSE": 1091.879205884432, "RMSE": 908.5459759363175, "RMSE_STHLM": 676.9438691794853, "RMSE_S\u00f6dermanland": 231.60210675683223, "CV_RMSE_STHLM": 241.09595657361965, "CV_RMSE_S\u00f6dermanland": 850.7832493108123, "_timestamp": 1748302817.5464406, "_runtime": 1.3608105182647705, "_step": 0, "_wandb": {"runtime": 1}}