{"CV_RMSE": 3061.845132896479, "RMSE": 1706.2643675148754, "RMSE_skane": 1660.6305722936022, "RMSE_kronoberg": 45.63379522127316, "CV_RMSE_'skane": 2633.1351569137455, "CV_RMSE_kronoberg": 428.7099759827332, "_timestamp": 1748566691.247605, "_runtime": 1.331845998764038, "_step": 0, "_wandb": {"runtime": 1}}