{"CV_RMSE": 252.6216090637651, "RMSE": 398.9824626007262, "RMSE_STHLM": 365.6655892478911, "RMSE_S\u00f6dermanland": 33.31687335283513, "CV_RMSE_STHLM": 130.23309470641155, "CV_RMSE_S\u00f6dermanland": 122.38851435735356, "_timestamp": 1748469591.3932936, "_runtime": 1.2802855968475342, "_step": 0, "_wandb": {"runtime": 1}}