{"CV_RMSE": 1273.0723777436567, "RMSE": 1377.216363879831, "RMSE_STHLM": 1141.3112139571215, "RMSE_S\u00f6dermanland": 235.9051499227097, "CV_RMSE_STHLM": 406.48203108880466, "CV_RMSE_S\u00f6dermanland": 866.590346654852, "_timestamp": 1748344479.0901399, "_runtime": 1.339690923690796, "_step": 0, "_wandb": {"runtime": 1}}