{"CV_RMSE": 916.9314450016003, "RMSE": 2021.2480900140313, "RMSE_STHLM": 1961.8456127893396, "RMSE_S\u00f6dermanland": 59.40247722469174, "CV_RMSE_STHLM": 698.7182633598756, "CV_RMSE_S\u00f6dermanland": 218.21318164172476, "_timestamp": 1748322825.3503757, "_runtime": 1.292041540145874, "_step": 0, "_wandb": {"runtime": 1}}