{"CV_RMSE": 2433.589502525197, "RMSE": 876.2628004577314, "RMSE_skane": 742.548705923784, "RMSE_kronoberg": 133.71409453394736, "CV_RMSE_'skane": 1177.402810661391, "CV_RMSE_kronoberg": 1256.1866918638061, "_timestamp": 1748573700.6474369, "_runtime": 1.365299940109253, "_step": 0, "_wandb": {"runtime": 1}}