{"CV_RMSE": 1199.598312607309, "RMSE": 1523.4953540074277, "RMSE_STHLM": 1325.4436528918195, "RMSE_S\u00f6dermanland": 198.0517011156083, "CV_RMSE_STHLM": 472.06145136629897, "CV_RMSE_S\u00f6dermanland": 727.5368612410101, "_timestamp": 1748309344.753526, "_runtime": 1.3172850608825684, "_step": 0, "_wandb": {"runtime": 1}}