{"CV_RMSE": 690.979853342849, "RMSE": 1668.128808164455, "RMSE_STHLM": 1638.9275277563843, "RMSE_S\u00f6dermanland": 29.20128040807071, "CV_RMSE_STHLM": 583.7098436805484, "CV_RMSE_S\u00f6dermanland": 107.27000966230055, "_timestamp": 1748351300.5804393, "_runtime": 1.2909862995147705, "_step": 0, "_wandb": {"runtime": 1}}