{"CV_RMSE": 269.9187701881221, "RMSE": 423.5028871177345, "RMSE_STHLM": 387.60437080866893, "RMSE_S\u00f6dermanland": 35.89851630906552, "CV_RMSE_STHLM": 138.04666946094264, "CV_RMSE_S\u00f6dermanland": 131.87210072717946, "_timestamp": 1748540416.8015797, "_runtime": 1.275559663772583, "_step": 0, "_wandb": {"runtime": 1}}