{"CV_RMSE": 3180.1417498933224, "RMSE": 213.4457057649027, "RMSE_Kalmar": 124.98895204527176, "RMSE_Blekinge": 88.45675371963094, "CV_RMSE_'Kalmar": 1209.5705036639201, "CV_RMSE_Blekinge": 1970.571246229402, "_timestamp": 1748483888.007981, "_runtime": 1.294607162475586, "_step": 0, "_wandb": {"runtime": 1}}