{"CV_RMSE": 250.81417719796366, "RMSE": 384.85462218757937, "RMSE_STHLM": 350.56580383936824, "RMSE_S\u00f6dermanland": 34.28881834821112, "CV_RMSE_STHLM": 124.85525265351461, "CV_RMSE_S\u00f6dermanland": 125.95892454444903, "_timestamp": 1748316342.2911022, "_runtime": 1.3005061149597168, "_step": 0, "_wandb": {"runtime": 1}}