{"CV_RMSE": 1518.2438416290593, "RMSE": 646.8694366481569, "RMSE_skane": 583.7940615736786, "RMSE_kronoberg": 63.075375074478295, "CV_RMSE_'skane": 925.6776874846912, "CV_RMSE_kronoberg": 592.5661541443682, "_timestamp": 1748507193.7820709, "_runtime": 1.3907208442687988, "_step": 0, "_wandb": {"runtime": 1}}