{"CV_RMSE": 3253.6340137570287, "RMSE": 250.60011149358058, "RMSE_Kalmar": 184.8473936528261, "RMSE_Blekinge": 65.7527178407545, "CV_RMSE_'Kalmar": 1788.8457450273493, "CV_RMSE_Blekinge": 1464.7882687296794, "_timestamp": 1748482749.9418416, "_runtime": 1.405397653579712, "_step": 0, "_wandb": {"runtime": 1}}