{"CV_RMSE": 275.114435876411, "RMSE": 436.0339681606005, "RMSE_STHLM": 399.9145875061007, "RMSE_S\u00f6dermanland": 36.11938065449984, "CV_RMSE_STHLM": 142.430996737432, "CV_RMSE_S\u00f6dermanland": 132.68343913897903, "_timestamp": 1748534022.3718388, "_runtime": 1.2987678050994873, "_step": 0, "_wandb": {"runtime": 1}}