{"CV_RMSE": 240.86932340038732, "RMSE": 396.15858927651414, "RMSE_STHLM": 366.08124862914855, "RMSE_S\u00f6dermanland": 30.077340647365574, "CV_RMSE_STHLM": 130.38113326720764, "CV_RMSE_S\u00f6dermanland": 110.48819013317966, "_timestamp": 1748355343.7822134, "_runtime": 1.4404995441436768, "_step": 0, "_wandb": {"runtime": 1}}