{"CV_RMSE": 4624.594142472135, "RMSE": 1911.99715088879, "RMSE_skane": 1708.0149863441036, "RMSE_kronoberg": 203.9821645446864, "CV_RMSE_'skane": 2708.269005831031, "CV_RMSE_kronoberg": 1916.3251366411043, "_timestamp": 1748501798.8183784, "_runtime": 1.5121793746948242, "_step": 0, "_wandb": {"runtime": 1}}