{"CV_RMSE": 477.7492062235991, "RMSE": 32.75196717849693, "RMSE_Kalmar": 19.990290139773688, "RMSE_Blekinge": 12.761677038723244, "CV_RMSE_'Kalmar": 193.4544207074873, "CV_RMSE_Blekinge": 284.29478551611186, "_timestamp": 1748535849.2928798, "_runtime": 1.322422742843628, "_step": 0, "_wandb": {"runtime": 1}}