{"CV_RMSE": 274.8435072143931, "RMSE": 435.62279020626335, "RMSE_STHLM": 399.5409357274641, "RMSE_S\u00f6dermanland": 36.081854478799265, "CV_RMSE_STHLM": 142.2979193330897, "CV_RMSE_S\u00f6dermanland": 132.54558788130342, "_timestamp": 1748461521.8596737, "_runtime": 1.8696568012237549, "_step": 0, "_wandb": {"runtime": 1}}