{"CV_RMSE": 306.59116775686067, "RMSE": 22.231324362606088, "RMSE_Kalmar": 14.973331509380067, "RMSE_Blekinge": 7.257992853226019, "CV_RMSE_'Kalmar": 144.90320815529094, "CV_RMSE_Blekinge": 161.68795960156973, "_timestamp": 1748510790.2962537, "_runtime": 1.2779057025909424, "_step": 0, "_wandb": {"runtime": 1}}