{"CV_RMSE": 408.9583580648767, "RMSE": 26.2465872879402, "RMSE_Kalmar": 13.948056888027883, "RMSE_Blekinge": 12.298530399912316, "CV_RMSE_'Kalmar": 134.98119569059241, "CV_RMSE_Blekinge": 273.97716237428426, "_timestamp": 1748515436.4890099, "_runtime": 1.335967779159546, "_step": 0, "_wandb": {"runtime": 1}}