{"CV_RMSE": 3962.427980185078, "RMSE": 1777.508082700397, "RMSE_skane": 1631.0134428945612, "RMSE_kronoberg": 146.49463980583582, "CV_RMSE_'skane": 2586.1735352450755, "CV_RMSE_kronoberg": 1376.2544449400025, "_timestamp": 1748577907.727964, "_runtime": 1.338101863861084, "_step": 0, "_wandb": {"runtime": 1}}