{"CV_RMSE": 3648.945339664714, "RMSE": 1403.6676976526526, "RMSE_skane": 1221.4079952984914, "RMSE_kronoberg": 182.25970235416125, "CV_RMSE_'skane": 1936.6934386339715, "CV_RMSE_kronoberg": 1712.2519010307424, "_timestamp": 1748538991.968614, "_runtime": 1.307697057723999, "_step": 0, "_wandb": {"runtime": 1}}