{"CV_RMSE": 274.67009697831605, "RMSE": 436.4306330432281, "RMSE_STHLM": 400.48778441887407, "RMSE_S\u00f6dermanland": 35.94284862435404, "CV_RMSE_STHLM": 142.63514284803588, "CV_RMSE_S\u00f6dermanland": 132.03495413028017, "_timestamp": 1748486713.9035435, "_runtime": 1.2622745037078857, "_step": 0, "_wandb": {"runtime": 1}}