{"CV_RMSE": 306.63178489857853, "RMSE": 22.233895322728873, "RMSE_Kalmar": 14.974653491581485, "RMSE_Blekinge": 7.259241831147388, "CV_RMSE_'Kalmar": 144.91600153143372, "CV_RMSE_Blekinge": 161.71578336714478, "_timestamp": 1748505364.7853937, "_runtime": 1.2740366458892822, "_step": 0, "_wandb": {"runtime": 1}}