{"CV_RMSE": 2442.845829032702, "RMSE": 142.9096601151418, "RMSE_Kalmar": 58.79337141520281, "RMSE_Blekinge": 84.11628869993899, "CV_RMSE_'Kalmar": 568.9681104697046, "CV_RMSE_Blekinge": 1873.8777185629974, "_timestamp": 1748544772.1914735, "_runtime": 1.3658525943756104, "_step": 0, "_wandb": {"runtime": 1}}