{"CV_RMSE": 1199.1641528199584, "RMSE": 1883.7266751907996, "RMSE_STHLM": 1724.4809927516346, "RMSE_S\u00f6dermanland": 159.24568243916505, "CV_RMSE_STHLM": 614.1800132475153, "CV_RMSE_S\u00f6dermanland": 584.984139572443, "_timestamp": 1748369079.3496907, "_runtime": 1.321166753768921, "_step": 0, "_wandb": {"runtime": 1}}