{"CV_RMSE": 850.2883965678195, "RMSE": 1622.418004914021, "RMSE_STHLM": 1540.2857960535944, "RMSE_S\u00f6dermanland": 82.1322088604265, "CV_RMSE_STHLM": 548.5782415703344, "CV_RMSE_S\u00f6dermanland": 301.7101549974851, "_timestamp": 1748306941.267904, "_runtime": 1.279850959777832, "_step": 0, "_wandb": {"runtime": 1}}