{"CV_RMSE": 463.70920914614146, "RMSE": 590.4044587024631, "RMSE_STHLM": 514.0069789689836, "RMSE_S\u00f6dermanland": 76.39747973347951, "CV_RMSE_STHLM": 183.06540604356363, "CV_RMSE_S\u00f6dermanland": 280.6438031025778, "_timestamp": 1748449824.5081542, "_runtime": 1.316728115081787, "_step": 0, "_wandb": {"runtime": 1}}