{"CV_RMSE": 1488.120388854229, "RMSE": 2174.788111849163, "RMSE_STHLM": 1959.6859227933908, "RMSE_S\u00f6dermanland": 215.1021890557725, "CV_RMSE_STHLM": 697.9490821187383, "CV_RMSE_S\u00f6dermanland": 790.1713067354908, "_timestamp": 1748300302.3364124, "_runtime": 1.2609803676605225, "_step": 0, "_wandb": {"runtime": 1}}