{"CV_RMSE": 3760.3371731245347, "RMSE": 1330.7006976521945, "RMSE_skane": 1119.3602501904138, "RMSE_kronoberg": 211.34044746178074, "CV_RMSE_'skane": 1774.8841176380768, "CV_RMSE_kronoberg": 1985.453055486458, "_timestamp": 1748538305.3249884, "_runtime": 1.336632251739502, "_step": 0, "_wandb": {"runtime": 1}}