{"CV_RMSE": 840.4625885855003, "RMSE": 1218.414620159984, "RMSE_STHLM": 1095.8697901926864, "RMSE_S\u00f6dermanland": 122.54482996729749, "CV_RMSE_STHLM": 390.29790707297894, "CV_RMSE_S\u00f6dermanland": 450.1646815125214, "_timestamp": 1748315127.050364, "_runtime": 1.2605950832366943, "_step": 0, "_wandb": {"runtime": 1}}