{"CV_RMSE": 304.4313186921963, "RMSE": 22.01809546146394, "RMSE_Kalmar": 14.767749039590445, "RMSE_Blekinge": 7.250346421873495, "CV_RMSE_'Kalmar": 142.91370038313332, "CV_RMSE_Blekinge": 161.517618309063, "_timestamp": 1748508317.2307284, "_runtime": 1.5096914768218994, "_step": 0, "_wandb": {"runtime": 1}}