{"CV_RMSE": 262.85426252406444, "RMSE": 423.85662031365587, "RMSE_STHLM": 390.12566697670724, "RMSE_S\u00f6dermanland": 33.730953336948616, "CV_RMSE_STHLM": 138.94463802098792, "CV_RMSE_S\u00f6dermanland": 123.90962450307654, "_timestamp": 1748431036.966433, "_runtime": 1.2981939315795898, "_step": 0, "_wandb": {"runtime": 1}}