{"CV_RMSE": 306.8593816690177, "RMSE": 22.25049037388332, "RMSE_Kalmar": 14.985931041132249, "RMSE_Blekinge": 7.264559332751072, "CV_RMSE_'Kalmar": 145.02513910773143, "CV_RMSE_Blekinge": 161.83424256128626, "_timestamp": 1748513903.6948826, "_runtime": 1.310417652130127, "_step": 0, "_wandb": {"runtime": 1}}