{"CV_RMSE": 2075.444658426107, "RMSE": 101.50658088670004, "RMSE_Kalmar": 14.74947506502375, "RMSE_Blekinge": 86.75710582167629, "CV_RMSE_'Kalmar": 142.73685546797176, "CV_RMSE_Blekinge": 1932.707802958135, "_timestamp": 1748494018.2869806, "_runtime": 1.3029816150665283, "_step": 0, "_wandb": {"runtime": 1}}