{"CV_RMSE": 305.7060419038645, "RMSE": 22.154851946319077, "RMSE_Kalmar": 14.908372777053376, "RMSE_Blekinge": 7.2464791692657, "CV_RMSE_'Kalmar": 144.27457526180686, "CV_RMSE_Blekinge": 161.43146664205767, "_timestamp": 1748467968.0233374, "_runtime": 1.3054513931274414, "_step": 0, "_wandb": {"runtime": 1}}