{"CV_RMSE": 272.83260774357717, "RMSE": 430.8253858446382, "RMSE_STHLM": 394.83465531370916, "RMSE_S\u00f6dermanland": 35.99073053092904, "CV_RMSE_STHLM": 140.62176089526642, "CV_RMSE_S\u00f6dermanland": 132.21084684831075, "_timestamp": 1748539524.199835, "_runtime": 1.4339361190795898, "_step": 0, "_wandb": {"runtime": 1}}