{"CV_RMSE": 505.94743963738756, "RMSE": 1055.637574598039, "_timestamp": 1748283207.9718666, "_runtime": 1.2695915699005127, "_step": 0, "_wandb": {"runtime": 1}}