{"CV_RMSE": 1306.2226276984265, "RMSE": 2176.717277251733, "RMSE_STHLM": 2016.6550206963211, "RMSE_S\u00f6dermanland": 160.06225655541158, "CV_RMSE_STHLM": 718.2388281071187, "CV_RMSE_S\u00f6dermanland": 587.9837995913078, "_timestamp": 1748365764.8904662, "_runtime": 1.3330681324005127, "_step": 0, "_wandb": {"runtime": 1}}