{"CV_RMSE": 3591.1291058487777, "RMSE": 1536.6792107249817, "RMSE_skane": 1388.831624645066, "RMSE_kronoberg": 147.8475860799155, "CV_RMSE_'skane": 2202.164309690908, "CV_RMSE_kronoberg": 1388.96479615787, "_timestamp": 1748506379.7583869, "_runtime": 1.3066778182983398, "_step": 0, "_wandb": {"runtime": 1}}