{"CV_RMSE": 306.14260887694957, "RMSE": 22.203104777412996, "RMSE_Kalmar": 14.959038018525407, "RMSE_Blekinge": 7.2440667588875876, "CV_RMSE_'Kalmar": 144.76488405024585, "CV_RMSE_Blekinge": 161.37772482670368, "_timestamp": 1748524017.0578094, "_runtime": 1.3913474082946777, "_step": 0, "_wandb": {"runtime": 1}}