{"CV_RMSE": 967.4074156420916, "RMSE": 319.93046043291383, "RMSE_skane": 261.0085567848949, "RMSE_kronoberg": 58.92190364801892, "CV_RMSE_'skane": 413.86134796759234, "CV_RMSE_kronoberg": 553.5460676744992, "_timestamp": 1748546422.665911, "_runtime": 1.3793299198150635, "_step": 0, "_wandb": {"runtime": 1}}