{"CV_RMSE": 204.393872674002, "RMSE": 73.19418071795991, "RMSE_skane": 61.882100951277124, "RMSE_kronoberg": 11.312079766682787, "CV_RMSE_'skane": 98.12172455276499, "CV_RMSE_kronoberg": 106.27214812123704, "_timestamp": 1748562887.5255651, "_runtime": 1.3900730609893799, "_step": 0, "_wandb": {"runtime": 1}}