{"CV_RMSE": 274.9768362286004, "RMSE": 436.48679419489343, "RMSE_STHLM": 400.4575090445887, "RMSE_S\u00f6dermanland": 36.029285150304766, "CV_RMSE_STHLM": 142.62436016625637, "CV_RMSE_S\u00f6dermanland": 132.35247606234404, "_timestamp": 1748557158.197584, "_runtime": 1.3332219123840332, "_step": 0, "_wandb": {"runtime": 1}}