{"CV_RMSE": 1087.9964452236236, "RMSE": 1047.2090469872514, "RMSE_STHLM": 831.6645322711473, "RMSE_S\u00f6dermanland": 215.54451471610417, "CV_RMSE_STHLM": 296.2002687154858, "CV_RMSE_S\u00f6dermanland": 791.7961765081378, "_timestamp": 1748306504.6305964, "_runtime": 1.2624595165252686, "_step": 0, "_wandb": {"runtime": 1}}