{"CV_RMSE": 4648.085785944974, "RMSE": 1800.0716454100348, "RMSE_skane": 1570.3544694028906, "RMSE_kronoberg": 229.71717600714427, "CV_RMSE_'skane": 2489.991230554266, "CV_RMSE_kronoberg": 2158.094555390708, "_timestamp": 1748574828.9140475, "_runtime": 1.2494585514068604, "_step": 0, "_wandb": {"runtime": 1}}