{"CV_RMSE": 1043.7293611468615, "RMSE": 1945.0383730535737, "RMSE_STHLM": 1839.2308250118333, "RMSE_S\u00f6dermanland": 105.80754804174028, "CV_RMSE_STHLM": 655.0485724221013, "CV_RMSE_S\u00f6dermanland": 388.68078872476025, "_timestamp": 1748369232.0162098, "_runtime": 1.3030779361724854, "_step": 0, "_wandb": {"runtime": 1}}