{"CV_RMSE": 890.6301263249197, "RMSE": 1308.2199161079952, "RMSE_STHLM": 1180.1938282913434, "RMSE_S\u00f6dermanland": 128.02608781665188, "CV_RMSE_STHLM": 420.3302118964025, "CV_RMSE_S\u00f6dermanland": 470.2999144285172, "_timestamp": 1748294090.5008605, "_runtime": 1.275482416152954, "_step": 0, "_wandb": {"runtime": 1}}