{"CV_RMSE": 306.848343911343, "RMSE": 22.244990486260907, "RMSE_Kalmar": 14.977082931059146, "RMSE_Blekinge": 7.267907555201761, "CV_RMSE_'Kalmar": 144.93951223605626, "CV_RMSE_Blekinge": 161.90883167528676, "_timestamp": 1748472285.4839134, "_runtime": 1.4648103713989258, "_step": 0, "_wandb": {"runtime": 1}}