{"CV_RMSE": 5042.934831440185, "RMSE": 1932.8315909505848, "RMSE_skane": 1679.5079414347385, "RMSE_kronoberg": 253.32364951584623, "CV_RMSE_'skane": 2663.06756041449, "CV_RMSE_kronoberg": 2379.8672710256956, "_timestamp": 1748531409.2674198, "_runtime": 1.2546699047088623, "_step": 0, "_wandb": {"runtime": 1}}