{"CV_RMSE": 1055.0625211003935, "RMSE": 1091.8624663982278, "RMSE_STHLM": 891.0399136130193, "RMSE_S\u00f6dermanland": 200.8225527852084, "CV_RMSE_STHLM": 317.3470210730975, "CV_RMSE_S\u00f6dermanland": 737.7155000272961, "_timestamp": 1748364350.3486352, "_runtime": 1.3451011180877686, "_step": 0, "_wandb": {"runtime": 1}}