{"CV_RMSE": 4758.353354338395, "RMSE": 1912.2311649482886, "RMSE_skane": 1691.1675513127286, "RMSE_kronoberg": 221.06361363555993, "CV_RMSE_'skane": 2681.555313920817, "CV_RMSE_kronoberg": 2076.798040417578, "_timestamp": 1748551227.1285489, "_runtime": 1.2508268356323242, "_step": 0, "_wandb": {"runtime": 1}}