{"CV_RMSE": 3542.6310974559487, "RMSE": 1350.2039853763572, "RMSE_skane": 1170.7027740660021, "RMSE_kronoberg": 179.50121131035505, "CV_RMSE_'skane": 1856.2940392167052, "CV_RMSE_kronoberg": 1686.3370582392436, "_timestamp": 1748548572.0921996, "_runtime": 1.289475679397583, "_step": 0, "_wandb": {"runtime": 1}}