{"CV_RMSE": 969.1333226094159, "RMSE": 1849.454573635978, "RMSE_STHLM": 1755.8718277305368, "RMSE_S\u00f6dermanland": 93.58274590544131, "CV_RMSE_STHLM": 625.3599703037131, "CV_RMSE_S\u00f6dermanland": 343.7733523057028, "_timestamp": 1748300169.059969, "_runtime": 1.2983698844909668, "_step": 0, "_wandb": {"runtime": 1}}