{"CV_RMSE": 275.46742814217413, "RMSE": 436.994236883656, "RMSE_STHLM": 400.87154356327625, "RMSE_S\u00f6dermanland": 36.12269332037977, "CV_RMSE_STHLM": 142.77182002649334, "CV_RMSE_S\u00f6dermanland": 132.69560811568078, "_timestamp": 1748480327.8997943, "_runtime": 1.2478723526000977, "_step": 0, "_wandb": {"runtime": 1}}