{"CV_RMSE": 272.2026969788311, "RMSE": 431.6094584404002, "RMSE_STHLM": 395.8927931594864, "RMSE_S\u00f6dermanland": 35.7166652809138, "CV_RMSE_STHLM": 140.99862043669876, "CV_RMSE_S\u00f6dermanland": 131.20407654213236, "_timestamp": 1748360235.9964006, "_runtime": 1.3253755569458008, "_step": 0, "_wandb": {"runtime": 1}}