{"CV_RMSE": 1612.1711537619192, "RMSE": 2419.3516053259104, "RMSE_STHLM": 2193.1113117788527, "RMSE_S\u00f6dermanland": 226.2402935470578, "CV_RMSE_STHLM": 781.0843611400742, "CV_RMSE_S\u00f6dermanland": 831.086792621845, "_timestamp": 1748390009.3178651, "_runtime": 1.3413140773773193, "_step": 0, "_wandb": {"runtime": 1}}