{"CV_RMSE": 304.11835494265836, "RMSE": 21.98304276090588, "RMSE_Kalmar": 14.730612503110818, "RMSE_Blekinge": 7.252430257795062, "CV_RMSE_'Kalmar": 142.5543145462337, "CV_RMSE_Blekinge": 161.56404039642464, "_timestamp": 1748505536.5768232, "_runtime": 1.283886194229126, "_step": 0, "_wandb": {"runtime": 1}}