{"CV_RMSE": 275.0410506126923, "RMSE": 436.32033485970794, "RMSE_STHLM": 400.2538209764129, "RMSE_S\u00f6dermanland": 36.066513883295045, "CV_RMSE_STHLM": 142.5518159393635, "CV_RMSE_S\u00f6dermanland": 132.48923467332875, "_timestamp": 1748472846.5899265, "_runtime": 1.2726895809173584, "_step": 0, "_wandb": {"runtime": 1}}