{"CV_RMSE": 536.1363523563874, "RMSE": 496.40465698056516, "RMSE_STHLM": 388.08211782148925, "RMSE_S\u00f6dermanland": 108.32253915907593, "CV_RMSE_STHLM": 138.21682075161866, "CV_RMSE_S\u00f6dermanland": 397.91953160476874, "_timestamp": 1748346778.3985293, "_runtime": 1.3207542896270752, "_step": 0, "_wandb": {"runtime": 1}}