{"CV_RMSE": 275.5820493249836, "RMSE": 437.11427177624677, "RMSE_STHLM": 400.969913250015, "RMSE_S\u00f6dermanland": 36.14435852623178, "CV_RMSE_STHLM": 142.80685473882608, "CV_RMSE_S\u00f6dermanland": 132.77519458615754, "_timestamp": 1748531339.6938725, "_runtime": 1.3375425338745117, "_step": 0, "_wandb": {"runtime": 1}}