{"CV_RMSE": 1166.219642567613, "RMSE": 563.623670078953, "RMSE_skane": 528.7246550829079, "RMSE_kronoberg": 34.899014996044976, "CV_RMSE_'skane": 838.358332583892, "CV_RMSE_kronoberg": 327.86130998372107, "_timestamp": 1748500227.0743942, "_runtime": 1.3323931694030762, "_step": 0, "_wandb": {"runtime": 1}}