{"CV_RMSE": 1695.4046436645654, "RMSE": 149.66080298579922, "RMSE_Kalmar": 130.05143394032297, "RMSE_Blekinge": 19.609369045476253, "CV_RMSE_'Kalmar": 1258.5622639386092, "CV_RMSE_Blekinge": 436.8423797259561, "_timestamp": 1748485335.140775, "_runtime": 1.2776939868927002, "_step": 0, "_wandb": {"runtime": 1}}