{"CV_RMSE": 5092.1367101151645, "RMSE": 1976.096931664663, "RMSE_skane": 1725.2576973562655, "RMSE_kronoberg": 250.83923430839755, "CV_RMSE_'skane": 2735.6094566959814, "CV_RMSE_kronoberg": 2356.5272534191836, "_timestamp": 1748554635.6083722, "_runtime": 1.274510145187378, "_step": 0, "_wandb": {"runtime": 1}}