{"CV_RMSE": 262.99362878431975, "RMSE": 411.32106170212097, "RMSE_STHLM": 376.20225442805025, "RMSE_S\u00f6dermanland": 35.118807274070726, "CV_RMSE_STHLM": 133.98576532854975, "CV_RMSE_S\u00f6dermanland": 129.00786345577004, "_timestamp": 1748483430.45662, "_runtime": 1.2758879661560059, "_step": 0, "_wandb": {"runtime": 1}}