{"CV_RMSE": 274.930008673264, "RMSE": 435.9285215106175, "RMSE_STHLM": 399.85341520686023, "RMSE_S\u00f6dermanland": 36.075106303757266, "CV_RMSE_STHLM": 142.40921000640057, "CV_RMSE_S\u00f6dermanland": 132.52079866686344, "_timestamp": 1748442853.291472, "_runtime": 1.2581689357757568, "_step": 0, "_wandb": {"runtime": 1}}