{"CV_RMSE": 607.6255305518887, "RMSE": 1336.4686474374066, "RMSE_STHLM": 1296.7867195049475, "RMSE_S\u00f6dermanland": 39.68192793245907, "CV_RMSE_STHLM": 461.85518304489625, "CV_RMSE_S\u00f6dermanland": 145.7703475069925, "_timestamp": 1748354239.065112, "_runtime": 1.3880341053009033, "_step": 0, "_wandb": {"runtime": 1}}