{"CV_RMSE": 5184.35879314903, "RMSE": 1996.574694200697, "RMSE_skane": 1738.083717913685, "RMSE_kronoberg": 258.49097628701196, "CV_RMSE_'skane": 2755.946698594638, "CV_RMSE_kronoberg": 2428.4120945543923, "_timestamp": 1748539816.69822, "_runtime": 1.229315996170044, "_step": 0, "_wandb": {"runtime": 1}}