{"CV_RMSE": 273.9910548712889, "RMSE": 437.78599419672037, "RMSE_STHLM": 402.1933560546125, "RMSE_S\u00f6dermanland": 35.59263814210789, "CV_RMSE_STHLM": 143.24258822681094, "CV_RMSE_S\u00f6dermanland": 130.74846664447796, "_timestamp": 1748542852.2921298, "_runtime": 1.2784738540649414, "_step": 0, "_wandb": {"runtime": 1}}