{"CV_RMSE": 3437.163360752969, "RMSE": 256.10737871955973, "RMSE_Kalmar": 180.01853442767413, "RMSE_Blekinge": 76.0888442918856, "CV_RMSE_'Kalmar": 1742.1148493000721, "CV_RMSE_Blekinge": 1695.0485114528967, "_timestamp": 1748544551.9450078, "_runtime": 1.2835307121276855, "_step": 0, "_wandb": {"runtime": 1}}