{"CV_RMSE": 4831.522199239112, "RMSE": 1942.052929670904, "RMSE_skane": 1717.6748174025781, "RMSE_kronoberg": 224.3781122683259, "CV_RMSE_'skane": 2723.585862689077, "CV_RMSE_kronoberg": 2107.9363365500344, "_timestamp": 1748540842.0105326, "_runtime": 1.3584036827087402, "_step": 0, "_wandb": {"runtime": 1}}