{"CV_RMSE": 3691.0912194338216, "RMSE": 265.7325717559523, "RMSE_Kalmar": 176.88315011230355, "RMSE_Blekinge": 88.84942164364872, "CV_RMSE_'Kalmar": 1711.7724204416472, "CV_RMSE_Blekinge": 1979.3187989921746, "_timestamp": 1748533687.838162, "_runtime": 1.4753499031066895, "_step": 0, "_wandb": {"runtime": 1}}