{"CV_RMSE": 5021.7868988517075, "RMSE": 1925.272720942773, "RMSE_skane": 1673.1223932256933, "RMSE_kronoberg": 252.1503277170798, "CV_RMSE_'skane": 2652.942483973087, "CV_RMSE_kronoberg": 2368.8444148786202, "_timestamp": 1748541883.5303335, "_runtime": 1.2512736320495605, "_step": 0, "_wandb": {"runtime": 1}}