{"CV_RMSE": 638.1518887163469, "RMSE": 145.71801518382492, "RMSE_skane": 93.58577722084203, "RMSE_kronoberg": 52.13223796298288, "CV_RMSE_'skane": 148.391824345944, "CV_RMSE_kronoberg": 489.76006437040286, "_timestamp": 1748513396.5016015, "_runtime": 1.3030643463134766, "_step": 0, "_wandb": {"runtime": 1}}