{"CV_RMSE": 4995.164266925691, "RMSE": 1912.7913372719875, "RMSE_skane": 1661.5158846510512, "RMSE_kronoberg": 251.2754526209363, "CV_RMSE_'skane": 2634.5389291507154, "CV_RMSE_kronoberg": 2360.625337774976, "_timestamp": 1748504831.7636878, "_runtime": 1.336540937423706, "_step": 0, "_wandb": {"runtime": 1}}