{"CV_RMSE": 4771.899929463842, "RMSE": 311.633847478602, "RMSE_Kalmar": 172.25962439749543, "RMSE_Blekinge": 139.37422308110652, "CV_RMSE_'Kalmar": 1667.0286232015685, "CV_RMSE_Blekinge": 3104.8713062622737, "_timestamp": 1748499149.3497212, "_runtime": 1.2867162227630615, "_step": 0, "_wandb": {"runtime": 1}}