{"CV_RMSE": 934.6985834528457, "RMSE": 559.0386954854542, "RMSE_STHLM": 337.29466922200805, "RMSE_S\u00f6dermanland": 221.74402626344622, "CV_RMSE_STHLM": 120.12869105651258, "CV_RMSE_S\u00f6dermanland": 814.5698923963331, "_timestamp": 1748364072.2134845, "_runtime": 1.2946364879608154, "_step": 0, "_wandb": {"runtime": 1}}