{"CV_RMSE": 4018.808966617995, "RMSE": 1588.587248017952, "RMSE_skane": 1396.5117797182263, "RMSE_kronoberg": 192.07546829972586, "CV_RMSE_'skane": 2214.3421454305912, "CV_RMSE_kronoberg": 1804.4668211874039, "_timestamp": 1748567026.6358137, "_runtime": 1.32645583152771, "_step": 0, "_wandb": {"runtime": 1}}