{"CV_RMSE": 5114.038735075539, "RMSE": 1968.6534735684304, "RMSE_skane": 1713.4980948992763, "RMSE_kronoberg": 255.15537866915417, "CV_RMSE_'skane": 2716.9631525887044, "CV_RMSE_kronoberg": 2397.0755824868347, "_timestamp": 1748540231.5366445, "_runtime": 1.3190734386444092, "_step": 0, "_wandb": {"runtime": 1}}