{"CV_RMSE": 4372.417320820102, "RMSE": 1838.2311175861023, "RMSE_skane": 1651.563916154173, "RMSE_kronoberg": 186.66720143192916, "CV_RMSE_'skane": 2618.758852252917, "CV_RMSE_kronoberg": 1753.6584685671844, "_timestamp": 1748512129.9129598, "_runtime": 1.3414638042449951, "_step": 0, "_wandb": {"runtime": 1}}