{"CV_RMSE": 260.7033474677311, "RMSE": 409.14180392633403, "RMSE_STHLM": 374.47942920546166, "RMSE_S\u00f6dermanland": 34.66237472087238, "CV_RMSE_STHLM": 133.37217502371013, "CV_RMSE_S\u00f6dermanland": 127.33117244402098, "_timestamp": 1748478903.7267904, "_runtime": 1.3758563995361328, "_step": 0, "_wandb": {"runtime": 1}}