{"CV_RMSE": 2405.292274404864, "RMSE": 162.05799817096278, "RMSE_Kalmar": 95.62928418917679, "RMSE_Blekinge": 66.428713981786, "CV_RMSE_'Kalmar": 925.4446857017107, "CV_RMSE_Blekinge": 1479.8475887031536, "_timestamp": 1748496424.2984717, "_runtime": 1.3368067741394043, "_step": 0, "_wandb": {"runtime": 1}}