{"CV_RMSE": 3693.3159360816453, "RMSE": 1760.5808530601137, "RMSE_skane": 1645.1111115151855, "RMSE_kronoberg": 115.46974154492825, "CV_RMSE_'skane": 2608.5271324236555, "CV_RMSE_kronoberg": 1084.78880365799, "_timestamp": 1748526253.0830038, "_runtime": 1.3597078323364258, "_step": 0, "_wandb": {"runtime": 1}}