{"CV_RMSE": 305.4769977936599, "RMSE": 22.151626399581993, "RMSE_Kalmar": 14.920848194648787, "RMSE_Blekinge": 7.230778204933204, "CV_RMSE_'Kalmar": 144.3953051095044, "CV_RMSE_Blekinge": 161.0816926841555, "_timestamp": 1748545172.7592056, "_runtime": 1.3043596744537354, "_step": 0, "_wandb": {"runtime": 1}}