{"CV_RMSE": 683.0887798624766, "RMSE": 564.6004180281899, "RMSE_STHLM": 419.30091575467674, "RMSE_S\u00f6dermanland": 145.29950227351316, "CV_RMSE_STHLM": 149.33550620467315, "CV_RMSE_S\u00f6dermanland": 533.7532736578034, "_timestamp": 1748487254.1688914, "_runtime": 1.2879323959350586, "_step": 0, "_wandb": {"runtime": 1}}