{"CV_RMSE": 306.2551623969508, "RMSE": 22.213603589852028, "RMSE_Kalmar": 14.968667602720549, "RMSE_Blekinge": 7.244935987131477, "CV_RMSE_'Kalmar": 144.85807357471498, "CV_RMSE_Blekinge": 161.39708882223587, "_timestamp": 1748474144.2474694, "_runtime": 1.3022074699401855, "_step": 0, "_wandb": {"runtime": 1}}