{"CV_RMSE": 3980.5942075159137, "RMSE": 284.54493861726365, "RMSE_Kalmar": 187.1677821247608, "RMSE_Blekinge": 97.37715649250285, "CV_RMSE_'Kalmar": 1811.3011173363948, "CV_RMSE_Blekinge": 2169.293090179519, "_timestamp": 1748541736.6345298, "_runtime": 1.3113267421722412, "_step": 0, "_wandb": {"runtime": 1}}