{"CV_RMSE": 306.96769841170567, "RMSE": 22.255481522564033, "RMSE_Kalmar": 14.986158998017508, "RMSE_Blekinge": 7.269322524546523, "CV_RMSE_'Kalmar": 145.0273451421049, "CV_RMSE_Blekinge": 161.94035326960076, "_timestamp": 1748535374.4802256, "_runtime": 1.2902705669403076, "_step": 0, "_wandb": {"runtime": 1}}