{"CV_RMSE": 272.6993526750823, "RMSE": 435.42053020258743, "RMSE_STHLM": 399.96331293617243, "RMSE_S\u00f6dermanland": 35.45721726641497, "CV_RMSE_STHLM": 142.4483504719253, "CV_RMSE_S\u00f6dermanland": 130.25100220315704, "_timestamp": 1748469928.3753488, "_runtime": 1.3173727989196777, "_step": 0, "_wandb": {"runtime": 1}}