{"CV_RMSE": 382.2359928272938, "RMSE": 654.0647154261761, "RMSE_STHLM": 609.0619074858713, "RMSE_S\u00f6dermanland": 45.00280794030486, "CV_RMSE_STHLM": 216.9195554955616, "CV_RMSE_S\u00f6dermanland": 165.31643733173217, "_timestamp": 1748339879.6244478, "_runtime": 1.3651788234710693, "_step": 0, "_wandb": {"runtime": 1}}