{"CV_RMSE": 257.14409571489665, "RMSE": 401.4323683483811, "RMSE_STHLM": 367.0152247133094, "RMSE_S\u00f6dermanland": 34.41714363507168, "CV_RMSE_STHLM": 130.7137721574905, "CV_RMSE_S\u00f6dermanland": 126.43032355740617, "_timestamp": 1748559168.8012047, "_runtime": 1.3088135719299316, "_step": 0, "_wandb": {"runtime": 1}}