{"CV_RMSE": 1142.2441815376446, "RMSE": 1193.9204065440074, "RMSE_STHLM": 977.7742108045364, "RMSE_S\u00f6dermanland": 216.14619573947087, "CV_RMSE_STHLM": 348.2377482089762, "CV_RMSE_S\u00f6dermanland": 794.0064333286684, "_timestamp": 1748313761.8690586, "_runtime": 1.452089548110962, "_step": 0, "_wandb": {"runtime": 1}}