{"CV_RMSE": 273.61984575366205, "RMSE": 97.95666609608385, "RMSE_skane": 82.80770732945855, "RMSE_kronoberg": 15.148958766625302, "CV_RMSE_'skane": 131.30186151605477, "CV_RMSE_kronoberg": 142.31798423760725, "_timestamp": 1748528948.4101555, "_runtime": 1.3157906532287598, "_step": 0, "_wandb": {"runtime": 1}}