{"CV_RMSE": 273.28681008005356, "RMSE": 432.72998981381045, "RMSE_STHLM": 396.8068226754488, "RMSE_S\u00f6dermanland": 35.92316713836164, "CV_RMSE_STHLM": 141.324155286072, "CV_RMSE_S\u00f6dermanland": 131.96265479398156, "_timestamp": 1748400686.4393659, "_runtime": 1.2635447978973389, "_step": 0, "_wandb": {"runtime": 1}}