{"CV_RMSE": 2413.33684894851, "RMSE": 158.56909359485857, "RMSE_Kalmar": 88.82222063836755, "RMSE_Blekinge": 69.74687295649102, "CV_RMSE_'Kalmar": 859.5698771454925, "CV_RMSE_Blekinge": 1553.7669718030177, "_timestamp": 1748551883.1320283, "_runtime": 1.3898372650146484, "_step": 0, "_wandb": {"runtime": 1}}