{"CV_RMSE": 278.78906479582463, "RMSE": 100.38167526813076, "RMSE_skane": 85.0631588326244, "RMSE_kronoberg": 15.318516435506362, "CV_RMSE_'skane": 134.87815882551436, "CV_RMSE_kronoberg": 143.9109059703103, "_timestamp": 1748539824.3485758, "_runtime": 1.3125147819519043, "_step": 0, "_wandb": {"runtime": 1}}