{"CV_RMSE": 269.41294126989413, "RMSE": 423.77060092107314, "RMSE_STHLM": 388.05330827757626, "RMSE_S\u00f6dermanland": 35.71729264349687, "CV_RMSE_STHLM": 138.2065601305179, "CV_RMSE_S\u00f6dermanland": 131.20638113937625, "_timestamp": 1748491840.6466222, "_runtime": 1.357621192932129, "_step": 0, "_wandb": {"runtime": 1}}