{"CV_RMSE": 870.9432533673626, "RMSE": 1347.9595518260685, "RMSE_STHLM": 1230.1345683170186, "RMSE_S\u00f6dermanland": 117.82498350904982, "CV_RMSE_STHLM": 438.1167833341183, "CV_RMSE_S\u00f6dermanland": 432.8264700332442, "_timestamp": 1748303119.7069232, "_runtime": 1.3307342529296875, "_step": 0, "_wandb": {"runtime": 1}}