{"CV_RMSE": 2846.2395602784404, "RMSE": 148.4668057979832, "RMSE_Kalmar": 36.602880638213755, "RMSE_Blekinge": 111.86392515976945, "CV_RMSE_'Kalmar": 354.22142553110086, "CV_RMSE_Blekinge": 2492.0181347473394, "_timestamp": 1748577987.4851754, "_runtime": 1.2724852561950684, "_step": 0, "_wandb": {"runtime": 1}}