{"CV_RMSE": 1367.3616610852596, "RMSE": 1804.1673604705038, "RMSE_STHLM": 1585.6771414525592, "RMSE_S\u00f6dermanland": 218.49021901794447, "CV_RMSE_STHLM": 564.7445299989329, "CV_RMSE_S\u00f6dermanland": 802.6171310863267, "_timestamp": 1748320553.5858667, "_runtime": 1.3260486125946045, "_step": 0, "_wandb": {"runtime": 1}}