{"CV_RMSE": 262.49206933377394, "RMSE": 423.79743792635554, "RMSE_STHLM": 390.1693132585115, "RMSE_S\u00f6dermanland": 33.62812466784403, "CV_RMSE_STHLM": 138.9601827988367, "CV_RMSE_S\u00f6dermanland": 123.53188653493724, "_timestamp": 1748457562.2333605, "_runtime": 1.8638875484466553, "_step": 0, "_wandb": {"runtime": 1}}