{"CV_RMSE": 306.7055655252639, "RMSE": 22.240010397174764, "RMSE_Kalmar": 14.979609620870432, "RMSE_Blekinge": 7.260400776304333, "CV_RMSE_'Kalmar": 144.96396407293966, "CV_RMSE_Blekinge": 161.74160145232426, "_timestamp": 1748524737.702062, "_runtime": 1.2457289695739746, "_step": 0, "_wandb": {"runtime": 1}}