{"CV_RMSE": 1262.1348579069681, "RMSE": 1138.6688136738449, "RMSE_STHLM": 880.4498297718145, "RMSE_S\u00f6dermanland": 258.2189839020303, "CV_RMSE_STHLM": 313.5753252056324, "CV_RMSE_S\u00f6dermanland": 948.5595327013358, "_timestamp": 1748303082.9481995, "_runtime": 1.285980463027954, "_step": 0, "_wandb": {"runtime": 1}}