{"CV_RMSE": 297.3151541637134, "RMSE": 21.674346834216777, "RMSE_Kalmar": 14.724764106464729, "RMSE_Blekinge": 6.949582727752049, "CV_RMSE_'Kalmar": 142.49771715933608, "CV_RMSE_Blekinge": 154.81743700437733, "_timestamp": 1748486218.8011518, "_runtime": 1.2991888523101807, "_step": 0, "_wandb": {"runtime": 1}}