{"CV_RMSE": 297.06265490364274, "RMSE": 21.646152224643124, "RMSE_Kalmar": 14.69495425007738, "RMSE_Blekinge": 6.951197974565746, "CV_RMSE_'Kalmar": 142.2092346781682, "CV_RMSE_Blekinge": 154.85342022547454, "_timestamp": 1748507129.481417, "_runtime": 22.71421504020691, "_step": 0, "_wandb": {"runtime": 1}}