{"CV_RMSE": 302.0048828211443, "RMSE": 21.82756541940838, "RMSE_Kalmar": 14.62345753842159, "RMSE_Blekinge": 7.204107880986792, "CV_RMSE_'Kalmar": 141.51733101698312, "CV_RMSE_Blekinge": 160.4875518041612, "_timestamp": 1748489536.9677973, "_runtime": 1.2881503105163574, "_step": 0, "_wandb": {"runtime": 1}}