{"CV_RMSE": 4418.020903414627, "RMSE": 1775.9712054410497, "RMSE_skane": 1570.8220821010782, "RMSE_kronoberg": 205.14912333997157, "CV_RMSE_'skane": 2490.7326883209485, "CV_RMSE_kronoberg": 1927.2882150936787, "_timestamp": 1748534373.68826, "_runtime": 1.3680830001831055, "_step": 0, "_wandb": {"runtime": 1}}