{"CV_RMSE": 268.3802602629936, "RMSE": 441.299858346541, "RMSE_STHLM": 407.7758413695661, "RMSE_S\u00f6dermanland": 33.52401697697488, "CV_RMSE_STHLM": 145.23081014349407, "CV_RMSE_S\u00f6dermanland": 123.14945011949955, "_timestamp": 1748343550.8219023, "_runtime": 1.238713264465332, "_step": 0, "_wandb": {"runtime": 1}}