{"CV_RMSE": 266.67413207457605, "RMSE": 411.4331511043162, "RMSE_STHLM": 375.21689564572756, "RMSE_S\u00f6dermanland": 36.21625545858866, "CV_RMSE_STHLM": 133.63482630833195, "CV_RMSE_S\u00f6dermanland": 133.03930576624407, "_timestamp": 1748441918.7356424, "_runtime": 1.3092894554138184, "_step": 0, "_wandb": {"runtime": 1}}