{"CV_RMSE": 1594.4674465530434, "RMSE": 2324.6180371598634, "RMSE_STHLM": 2093.5437183464746, "RMSE_S\u00f6dermanland": 231.0743188133886, "CV_RMSE_STHLM": 745.6230100956974, "CV_RMSE_S\u00f6dermanland": 848.8444364573459, "_timestamp": 1748372099.6037128, "_runtime": 1.2715396881103516, "_step": 0, "_wandb": {"runtime": 1}}