{"CV_RMSE": 622.5355639476346, "RMSE": 689.7805964507218, "RMSE_STHLM": 576.174362077338, "RMSE_S\u00f6dermanland": 113.60623437338381, "CV_RMSE_STHLM": 205.2065397188778, "CV_RMSE_S\u00f6dermanland": 417.32902422875685, "_timestamp": 1748397183.2379565, "_runtime": 1.302729606628418, "_step": 0, "_wandb": {"runtime": 1}}