{"CV_RMSE": 1339.4730080365443, "RMSE": 1706.2164633833834, "RMSE_STHLM": 1485.6170373465204, "RMSE_S\u00f6dermanland": 220.5994260368629, "CV_RMSE_STHLM": 529.1077695337825, "CV_RMSE_S\u00f6dermanland": 810.3652385027617, "_timestamp": 1748386477.0060313, "_runtime": 1.2710072994232178, "_step": 0, "_wandb": {"runtime": 1}}