{"CV_RMSE": 947.4110191098436, "RMSE": 1538.240867887843, "RMSE_STHLM": 1417.793764115849, "RMSE_S\u00f6dermanland": 120.44710377199404, "CV_RMSE_STHLM": 504.9522705596613, "CV_RMSE_S\u00f6dermanland": 442.45874855018224, "_timestamp": 1748286191.9023714, "_runtime": 1.3771343231201172, "_step": 0, "_wandb": {"runtime": 1}}