{"CV_RMSE": 274.28156701980225, "RMSE": 434.19821169408146, "RMSE_STHLM": 398.1328077175891, "RMSE_S\u00f6dermanland": 36.06540397649232, "CV_RMSE_STHLM": 141.7964095551366, "CV_RMSE_S\u00f6dermanland": 132.48515746466566, "_timestamp": 1748454268.2152905, "_runtime": 1.8142025470733643, "_step": 0, "_wandb": {"runtime": 1}}