{"CV_RMSE": 275.3553546206687, "RMSE": 437.2713827648462, "RMSE_STHLM": 401.2122287691666, "RMSE_S\u00f6dermanland": 36.05915399567958, "CV_RMSE_STHLM": 142.8931562691927, "CV_RMSE_S\u00f6dermanland": 132.46219835147602, "_timestamp": 1748447945.2308087, "_runtime": 1.3121957778930664, "_step": 0, "_wandb": {"runtime": 1}}