{"CV_RMSE": 306.8869769251205, "RMSE": 22.249487160510128, "RMSE_Kalmar": 14.981967165856249, "RMSE_Blekinge": 7.267519994653879, "CV_RMSE_'Kalmar": 144.9867790244153, "CV_RMSE_Blekinge": 161.90019790070522, "_timestamp": 1748481891.1134002, "_runtime": 1.2849853038787842, "_step": 0, "_wandb": {"runtime": 1}}