{"CV_RMSE": 765.4330233652017, "RMSE": 896.611222857903, "RMSE_STHLM": 762.1345008691119, "RMSE_S\u00f6dermanland": 134.47672198879113, "CV_RMSE_STHLM": 271.43690177372406, "CV_RMSE_S\u00f6dermanland": 493.9961215914776, "_timestamp": 1748373605.2013617, "_runtime": 1.2826056480407715, "_step": 0, "_wandb": {"runtime": 1}}