{"CV_RMSE": 956.9500497017966, "RMSE": 1538.5141899222936, "RMSE_STHLM": 1415.2209037487312, "RMSE_S\u00f6dermanland": 123.29328617356225, "CV_RMSE_STHLM": 504.03593722748633, "CV_RMSE_S\u00f6dermanland": 452.9141124743103, "_timestamp": 1748293580.2303364, "_runtime": 1.2896554470062256, "_step": 0, "_wandb": {"runtime": 1}}