{"CV_RMSE": 2384.049267116877, "RMSE": 156.49713274698092, "RMSE_Kalmar": 87.48331441721103, "RMSE_Blekinge": 69.01381832976988, "CV_RMSE_'Kalmar": 846.6127201665585, "CV_RMSE_Blekinge": 1537.4365469503189, "_timestamp": 1748577619.81386, "_runtime": 1.3123109340667725, "_step": 0, "_wandb": {"runtime": 1}}