{"CV_RMSE": 4516.068645973769, "RMSE": 1700.5010325698267, "RMSE_skane": 1467.4717099971951, "RMSE_kronoberg": 233.02932257263166, "CV_RMSE_'skane": 2326.8578911160603, "CV_RMSE_kronoberg": 2189.2107548577087, "_timestamp": 1748502153.9281545, "_runtime": 1.257561445236206, "_step": 0, "_wandb": {"runtime": 1}}