{"CV_RMSE": 306.0491511958173, "RMSE": 22.177580040876165, "RMSE_Kalmar": 14.921326120583233, "RMSE_Blekinge": 7.256253920292932, "CV_RMSE_'Kalmar": 144.39993019919257, "CV_RMSE_Blekinge": 161.6492209966247, "_timestamp": 1748515725.996036, "_runtime": 1.3365559577941895, "_step": 0, "_wandb": {"runtime": 1}}