{"CV_RMSE": 304.04259149018714, "RMSE": 21.997802356475418, "RMSE_Kalmar": 14.762721429870329, "RMSE_Blekinge": 7.2350809266050895, "CV_RMSE_'Kalmar": 142.8650460955193, "CV_RMSE_Blekinge": 161.17754539466785, "_timestamp": 1748486096.2371256, "_runtime": 1.3264505863189697, "_step": 0, "_wandb": {"runtime": 1}}