{"CV_RMSE": 266.7740067064496, "RMSE": 433.6039420150212, "RMSE_STHLM": 399.73787913268046, "RMSE_S\u00f6dermanland": 33.86606288234072, "CV_RMSE_STHLM": 142.36806142438164, "CV_RMSE_S\u00f6dermanland": 124.40594528206796, "_timestamp": 1748377131.8151383, "_runtime": 1.286745309829712, "_step": 0, "_wandb": {"runtime": 1}}