{"CV_RMSE": 306.77114221696917, "RMSE": 22.242027822735814, "RMSE_Kalmar": 14.977971973497908, "RMSE_Blekinge": 7.264055849237905, "CV_RMSE_'Kalmar": 144.9481158725604, "CV_RMSE_Blekinge": 161.82302634440876, "_timestamp": 1748494181.3138828, "_runtime": 1.260528802871704, "_step": 0, "_wandb": {"runtime": 1}}