{"CV_RMSE": 4754.937203484383, "RMSE": 1909.5834822147406, "RMSE_skane": 1688.4197171186827, "RMSE_kronoberg": 221.16376509605797, "CV_RMSE_'skane": 2677.198282957742, "CV_RMSE_kronoberg": 2077.738920526641, "_timestamp": 1748568229.098536, "_runtime": 1.4238390922546387, "_step": 0, "_wandb": {"runtime": 1}}