{"CV_RMSE": 705.4068467881511, "RMSE": 1107.7790778400272, "RMSE_STHLM": 1014.0685542810048, "RMSE_S\u00f6dermanland": 93.71052355902238, "CV_RMSE_STHLM": 361.16410718357906, "CV_RMSE_S\u00f6dermanland": 344.242739604572, "_timestamp": 1748329755.2880213, "_runtime": 1.3236823081970215, "_step": 0, "_wandb": {"runtime": 1}}