{"CV_RMSE": 283.3498285311831, "RMSE": 101.19020521287375, "RMSE_skane": 85.45181924249101, "RMSE_kronoberg": 15.73838597038274, "CV_RMSE_'skane": 135.4944279743515, "CV_RMSE_kronoberg": 147.8554005568316, "_timestamp": 1748517902.532945, "_runtime": 1.2970688343048096, "_step": 0, "_wandb": {"runtime": 1}}