{"CV_RMSE": 4330.233434029757, "RMSE": 1589.9255020987157, "RMSE_skane": 1358.2413072032198, "RMSE_kronoberg": 231.684194895496, "CV_RMSE_'skane": 2153.6595780177904, "CV_RMSE_kronoberg": 2176.5738560119667, "_timestamp": 1748569941.9061797, "_runtime": 1.3005647659301758, "_step": 0, "_wandb": {"runtime": 1}}