{"CV_RMSE": 4942.5572463130065, "RMSE": 1896.752999378389, "RMSE_skane": 1648.957689162923, "RMSE_kronoberg": 247.7953102154658, "CV_RMSE_'skane": 2614.6263570236624, "CV_RMSE_kronoberg": 2327.9308892893446, "_timestamp": 1748569102.6208398, "_runtime": 1.3065757751464844, "_step": 0, "_wandb": {"runtime": 1}}