{"CV_RMSE": 512.5784274458689, "RMSE": 496.9056889591509, "RMSE_STHLM": 395.7384435152633, "RMSE_S\u00f6dermanland": 101.16724544388758, "CV_RMSE_STHLM": 140.943648264241, "CV_RMSE_S\u00f6dermanland": 371.6347791816279, "_timestamp": 1748339401.7296703, "_runtime": 1.51924729347229, "_step": 0, "_wandb": {"runtime": 1}}