{"CV_RMSE": 1148.5980895875548, "RMSE": 1541.8948348231002, "RMSE_STHLM": 1361.1924805741444, "RMSE_S\u00f6dermanland": 180.7023542489558, "CV_RMSE_STHLM": 484.7935229587376, "CV_RMSE_S\u00f6dermanland": 663.8045666288173, "_timestamp": 1748296040.0805678, "_runtime": 1.2825138568878174, "_step": 0, "_wandb": {"runtime": 1}}