{"CV_RMSE": 5168.491060053779, "RMSE": 1984.871440007519, "RMSE_skane": 1726.0360865071639, "RMSE_kronoberg": 258.83535350035504, "CV_RMSE_'skane": 2736.843688964848, "CV_RMSE_kronoberg": 2431.647371088931, "_timestamp": 1748534107.4568396, "_runtime": 1.2478196620941162, "_step": 0, "_wandb": {"runtime": 1}}