{"CV_RMSE": 3509.7951584220273, "RMSE": 1456.8198261577536, "RMSE_skane": 1303.1721013528756, "RMSE_kronoberg": 153.64772480487804, "CV_RMSE_'skane": 2066.3405412572024, "CV_RMSE_kronoberg": 1443.454617164825, "_timestamp": 1748515740.1601121, "_runtime": 1.3480350971221924, "_step": 0, "_wandb": {"runtime": 1}}