{"CV_RMSE": 305.71068376468804, "RMSE": 22.148837025368824, "RMSE_Kalmar": 14.897369623630857, "RMSE_Blekinge": 7.251467401737967, "CV_RMSE_'Kalmar": 144.16809313191152, "CV_RMSE_Blekinge": 161.5425906327765, "_timestamp": 1748459911.8148518, "_runtime": 1.301750659942627, "_step": 0, "_wandb": {"runtime": 1}}