{"CV_RMSE": 4190.058733726079, "RMSE": 290.66905139464575, "RMSE_Kalmar": 181.37116449886403, "RMSE_Blekinge": 109.29788689578169, "CV_RMSE_'Kalmar": 1755.204817730942, "CV_RMSE_Blekinge": 2434.8539159951365, "_timestamp": 1748536557.892212, "_runtime": 1.3658199310302734, "_step": 0, "_wandb": {"runtime": 1}}