{"CV_RMSE": 4790.063080339103, "RMSE": 1762.7133534684463, "RMSE_skane": 1507.2291371679516, "RMSE_kronoberg": 255.4842163004947, "CV_RMSE_'skane": 2389.8982090400923, "CV_RMSE_kronoberg": 2400.164871299011, "_timestamp": 1748523445.9318855, "_runtime": 1.3888254165649414, "_step": 0, "_wandb": {"runtime": 1}}