{"CV_RMSE": 2078.8052749970584, "RMSE": 778.7111429460524, "RMSE_skane": 670.6220110331575, "RMSE_kronoberg": 108.08913191289486, "CV_RMSE_'skane": 1063.354140116, "CV_RMSE_kronoberg": 1015.4511348810582, "_timestamp": 1748546809.7969236, "_runtime": 1.3953237533569336, "_step": 0, "_wandb": {"runtime": 1}}