{"CV_RMSE": 790.086456432011, "RMSE": 436.53783103673265, "RMSE_skane": 424.00070944595393, "RMSE_kronoberg": 12.537121590778721, "CV_RMSE_'skane": 672.3055646606034, "CV_RMSE_kronoberg": 117.78089177140761, "_timestamp": 1748536623.9735537, "_runtime": 1.3217525482177734, "_step": 0, "_wandb": {"runtime": 1}}