{"CV_RMSE": 280.14735585984306, "RMSE": 436.805474209814, "RMSE_STHLM": 399.251757606492, "RMSE_S\u00f6dermanland": 37.553716603322016, "CV_RMSE_STHLM": 142.19492752110915, "CV_RMSE_S\u00f6dermanland": 137.95242833873394, "_timestamp": 1748515475.651925, "_runtime": 1.2756011486053467, "_step": 0, "_wandb": {"runtime": 1}}