{"CV_RMSE": 3149.2590639892287, "RMSE": 1250.8598570635368, "RMSE_skane": 1101.561128957971, "RMSE_kronoberg": 149.2987281055656, "CV_RMSE_'skane": 1746.6614095528082, "CV_RMSE_kronoberg": 1402.5976544364203, "_timestamp": 1748547087.8750398, "_runtime": 1.3423209190368652, "_step": 0, "_wandb": {"runtime": 1}}