{"CV_RMSE": 275.5888112245145, "RMSE": 437.2372368825195, "RMSE_STHLM": 401.10404176679754, "RMSE_S\u00f6dermanland": 36.133195115721946, "CV_RMSE_STHLM": 142.85462508512774, "CV_RMSE_S\u00f6dermanland": 132.73418613938674, "_timestamp": 1748469159.8613746, "_runtime": 1.2279067039489746, "_step": 0, "_wandb": {"runtime": 1}}