{"CV_RMSE": 2242.0568791690594, "RMSE": 220.2554793388912, "RMSE_Kalmar": 211.48135856043942, "RMSE_Blekinge": 8.774120778451787, "CV_RMSE_'Kalmar": 2046.5937925203812, "CV_RMSE_Blekinge": 195.4630866486784, "_timestamp": 1748506955.69426, "_runtime": 1.3363897800445557, "_step": 0, "_wandb": {"runtime": 1}}