{"CV_RMSE": 769.0681196762556, "RMSE": 986.1248979157276, "RMSE_STHLM": 860.1627453580554, "RMSE_S\u00f6dermanland": 125.96215255767214, "CV_RMSE_STHLM": 306.35000823990896, "CV_RMSE_S\u00f6dermanland": 462.71811143634665, "_timestamp": 1748290058.4027755, "_runtime": 1.3890235424041748, "_step": 0, "_wandb": {"runtime": 1}}