{"CV_RMSE": 4424.351658397654, "RMSE": 1756.0167616337449, "RMSE_skane": 1546.0051405676102, "RMSE_kronoberg": 210.01162106613458, "CV_RMSE_'skane": 2451.382358193885, "CV_RMSE_kronoberg": 1972.9693002037695, "_timestamp": 1748554833.11053, "_runtime": 1.2792198657989502, "_step": 0, "_wandb": {"runtime": 1}}