{"CV_RMSE": 4717.137296105784, "RMSE": 1831.9790563600752, "RMSE_skane": 1599.8981351960554, "RMSE_kronoberg": 232.08092116401994, "CV_RMSE_'skane": 2536.8363665899396, "CV_RMSE_kronoberg": 2180.300929515845, "_timestamp": 1748519387.8388472, "_runtime": 1.30218505859375, "_step": 0, "_wandb": {"runtime": 1}}