{"CV_RMSE": 4382.959932801366, "RMSE": 304.31635678993365, "RMSE_Kalmar": 190.19057887190857, "RMSE_Blekinge": 114.12577791802507, "CV_RMSE_'Kalmar": 1840.5539890829862, "CV_RMSE_Blekinge": 2542.40594371838, "_timestamp": 1748536626.2128563, "_runtime": 1.4950861930847168, "_step": 0, "_wandb": {"runtime": 1}}