{"CV_RMSE": 315.73522495041146, "RMSE": 22.326142987541544, "RMSE_Kalmar": 14.415246744265763, "RMSE_Blekinge": 7.91089624327578, "CV_RMSE_'Kalmar": 139.5023878477332, "CV_RMSE_Blekinge": 176.23283710267827, "_timestamp": 1748535432.2131686, "_runtime": 1.3199787139892578, "_step": 0, "_wandb": {"runtime": 1}}