{"CV_RMSE": 269.4631536914594, "RMSE": 424.69112410948935, "RMSE_STHLM": 389.05752418177224, "RMSE_S\u00f6dermanland": 35.63359992771714, "CV_RMSE_STHLM": 138.56421518147803, "CV_RMSE_S\u00f6dermanland": 130.89893850998135, "_timestamp": 1748491170.7972631, "_runtime": 1.3050432205200195, "_step": 0, "_wandb": {"runtime": 1}}