{"CV_RMSE": 5121.800012931095, "RMSE": 1990.0749876401828, "RMSE_skane": 1738.2753978591888, "RMSE_kronoberg": 251.79958978099407, "CV_RMSE_'skane": 2756.2506308549505, "CV_RMSE_kronoberg": 2365.549382076145, "_timestamp": 1748512736.55464, "_runtime": 1.2607619762420654, "_step": 0, "_wandb": {"runtime": 1}}