{"CV_RMSE": 1587.0066408456146, "RMSE": 2242.3295637750325, "RMSE_STHLM": 2004.669641857252, "RMSE_S\u00f6dermanland": 237.65992191778062, "CV_RMSE_STHLM": 713.9701929843794, "CV_RMSE_S\u00f6dermanland": 873.036447861235, "_timestamp": 1748384270.8836455, "_runtime": 1.3521535396575928, "_step": 0, "_wandb": {"runtime": 1}}