{"CV_RMSE": 4583.260514477471, "RMSE": 1784.2271228583486, "RMSE_skane": 1559.5940912931344, "RMSE_kronoberg": 224.6330315652143, "CV_RMSE_'skane": 2472.9293202322424, "CV_RMSE_kronoberg": 2110.3311942452283, "_timestamp": 1748532996.1828296, "_runtime": 1.322110652923584, "_step": 0, "_wandb": {"runtime": 1}}