{"CV_RMSE": 306.908417516837, "RMSE": 393.5051965744781, "RMSE_STHLM": 343.2355943414154, "RMSE_S\u00f6dermanland": 50.26960223306268, "CV_RMSE_STHLM": 122.24457257905573, "CV_RMSE_S\u00f6dermanland": 184.66384493778128, "_timestamp": 1748486798.1030896, "_runtime": 1.3488006591796875, "_step": 0, "_wandb": {"runtime": 1}}