{"CV_RMSE": 4828.875743561668, "RMSE": 1906.138515329265, "RMSE_skane": 1674.8068047403158, "RMSE_kronoberg": 231.33171058894905, "CV_RMSE_'skane": 2655.6133267552573, "CV_RMSE_kronoberg": 2173.262416806411, "_timestamp": 1748527842.0037477, "_runtime": 1.279890775680542, "_step": 0, "_wandb": {"runtime": 1}}