{"CV_RMSE": 275.42068234765566, "RMSE": 436.8323735797839, "RMSE_STHLM": 400.70639374858007, "RMSE_S\u00f6dermanland": 36.12597983120386, "CV_RMSE_STHLM": 142.7130013350701, "CV_RMSE_S\u00f6dermanland": 132.7076810125856, "_timestamp": 1748306575.6852345, "_runtime": 1.3443174362182617, "_step": 0, "_wandb": {"runtime": 1}}