{"CV_RMSE": 5221.3518170000425, "RMSE": 2015.3614545791493, "RMSE_skane": 1755.9479095376405, "RMSE_kronoberg": 259.41354504150866, "CV_RMSE_'skane": 2784.2725838334677, "CV_RMSE_kronoberg": 2437.0792331665743, "_timestamp": 1748550069.2903051, "_runtime": 1.2848091125488281, "_step": 0, "_wandb": {"runtime": 1}}