{"CV_RMSE": 3660.2864923461034, "RMSE": 237.87585256958965, "RMSE_Kalmar": 130.0756326791693, "RMSE_Blekinge": 107.80021989042035, "CV_RMSE_'Kalmar": 1258.7964452822835, "CV_RMSE_Blekinge": 2401.49004706382, "_timestamp": 1748533299.1481483, "_runtime": 1.3516201972961426, "_step": 0, "_wandb": {"runtime": 1}}