{"CV_RMSE": 275.3887537617576, "RMSE": 436.86718758969675, "RMSE_STHLM": 400.75457028436887, "RMSE_S\u00f6dermanland": 36.112617305327895, "CV_RMSE_STHLM": 142.73015957892045, "CV_RMSE_S\u00f6dermanland": 132.65859418283716, "_timestamp": 1748561191.714828, "_runtime": 1.2768359184265137, "_step": 0, "_wandb": {"runtime": 1}}