{"CV_RMSE": 236.9194654771619, "RMSE": 378.04756440584686, "RMSE_STHLM": 347.2164674551195, "RMSE_S\u00f6dermanland": 30.831096950727353, "CV_RMSE_STHLM": 123.66237463775529, "CV_RMSE_S\u00f6dermanland": 113.2570908394066, "_timestamp": 1748304513.6253693, "_runtime": 1.5119884014129639, "_step": 0, "_wandb": {"runtime": 1}}