{"CV_RMSE": 1660.3896208816936, "RMSE": 2152.4166935165235, "RMSE_STHLM": 1882.982357548184, "RMSE_S\u00f6dermanland": 269.4343359683398, "CV_RMSE_STHLM": 670.630835691874, "CV_RMSE_S\u00f6dermanland": 989.7587851898196, "_timestamp": 1748366955.3177588, "_runtime": 1.2881457805633545, "_step": 0, "_wandb": {"runtime": 1}}