{"CV_RMSE": 266.78291441148593, "RMSE": 427.8446505861678, "RMSE_STHLM": 393.3575736548127, "RMSE_S\u00f6dermanland": 34.487076931355105, "CV_RMSE_STHLM": 140.0956930309978, "CV_RMSE_S\u00f6dermanland": 126.68722138048814, "_timestamp": 1748516819.845381, "_runtime": 1.2585899829864502, "_step": 0, "_wandb": {"runtime": 1}}