{"CV_RMSE": 968.6524399855448, "RMSE": 1560.4472107878817, "RMSE_STHLM": 1435.9810283928468, "RMSE_S\u00f6dermanland": 124.46618239503485, "CV_RMSE_STHLM": 511.4297291466412, "CV_RMSE_S\u00f6dermanland": 457.22271083890354, "_timestamp": 1748307015.5596888, "_runtime": 1.2956929206848145, "_step": 0, "_wandb": {"runtime": 1}}