{"CV_RMSE": 315.31368712067604, "RMSE": 405.8247902005238, "RMSE_STHLM": 354.34408752134283, "RMSE_S\u00f6dermanland": 51.48070267918096, "CV_RMSE_STHLM": 126.20090176858272, "CV_RMSE_S\u00f6dermanland": 189.1127853520933, "_timestamp": 1748503904.8425114, "_runtime": 22.602487325668335, "_step": 0, "_wandb": {"runtime": 1}}