{"CV_RMSE": 623.8832505094114, "RMSE": 1529.4767743095126, "RMSE_STHLM": 1505.615711935432, "RMSE_S\u00f6dermanland": 23.86106237408055, "CV_RMSE_STHLM": 536.2303683189114, "CV_RMSE_S\u00f6dermanland": 87.6528821905, "_timestamp": 1748349175.9160302, "_runtime": 1.3151791095733643, "_step": 0, "_wandb": {"runtime": 1}}