{"CV_RMSE": 310.8937818522123, "RMSE": 413.1086188213343, "RMSE_STHLM": 363.7422962478957, "RMSE_S\u00f6dermanland": 49.36632257343861, "CV_RMSE_STHLM": 129.54810709264194, "CV_RMSE_S\u00f6dermanland": 181.34567475957041, "_timestamp": 1748470157.7617242, "_runtime": 1.2858741283416748, "_step": 0, "_wandb": {"runtime": 1}}