{"CV_RMSE": 1064.8041670240104, "RMSE": 1189.4541632776218, "RMSE_STHLM": 996.1726417738948, "RMSE_S\u00f6dermanland": 193.28152150372702, "CV_RMSE_STHLM": 354.7904145613397, "CV_RMSE_S\u00f6dermanland": 710.0137524626707, "_timestamp": 1748371521.0262458, "_runtime": 1.385981798171997, "_step": 0, "_wandb": {"runtime": 1}}