{"CV_RMSE": 3626.18650198643, "RMSE": 1359.8470447070695, "RMSE_skane": 1171.6039211323657, "RMSE_kronoberg": 188.24312357470387, "CV_RMSE_'skane": 1857.7229193430744, "CV_RMSE_kronoberg": 1768.4635826433557, "_timestamp": 1748540494.0172982, "_runtime": 1.3875153064727783, "_step": 0, "_wandb": {"runtime": 1}}