{"CV_RMSE": 2384.774124662195, "RMSE": 160.78862875400137, "RMSE_Kalmar": 95.01341118565941, "RMSE_Blekinge": 65.77521756834197, "CV_RMSE_'Kalmar": 919.4846243773491, "CV_RMSE_Blekinge": 1465.2895002848459, "_timestamp": 1748469528.1779115, "_runtime": 1.3365216255187988, "_step": 0, "_wandb": {"runtime": 1}}