{"CV_RMSE": 1819.5251037521525, "RMSE": 2389.66037006793, "RMSE_STHLM": 2097.725822882452, "RMSE_S\u00f6dermanland": 291.93454718547827, "CV_RMSE_STHLM": 747.1124814381508, "CV_RMSE_S\u00f6dermanland": 1072.4126223140017, "_timestamp": 1748309632.6270564, "_runtime": 1.285440444946289, "_step": 0, "_wandb": {"runtime": 1}}