{"CV_RMSE": 274.51690559136307, "RMSE": 436.7104305143729, "RMSE_STHLM": 400.84380081489996, "RMSE_S\u00f6dermanland": 35.86662969947294, "CV_RMSE_STHLM": 142.76193934840126, "CV_RMSE_S\u00f6dermanland": 131.7549662429618, "_timestamp": 1748451512.8087013, "_runtime": 1.2976062297821045, "_step": 0, "_wandb": {"runtime": 1}}