{"CV_RMSE": 4785.787904429604, "RMSE": 1942.0013452784826, "RMSE_skane": 1723.4694109268607, "RMSE_kronoberg": 218.5319343516219, "CV_RMSE_'skane": 2732.773907389314, "CV_RMSE_kronoberg": 2053.0139970402897, "_timestamp": 1748572913.3256092, "_runtime": 1.2934551239013672, "_step": 0, "_wandb": {"runtime": 1}}