{"CV_RMSE": 275.2286347023331, "RMSE": 436.20843141165636, "RMSE_STHLM": 400.0733564055873, "RMSE_S\u00f6dermanland": 36.13507500606911, "CV_RMSE_STHLM": 142.48754284330374, "CV_RMSE_S\u00f6dermanland": 132.74109185902938, "_timestamp": 1748459375.0739274, "_runtime": 1.3218305110931396, "_step": 0, "_wandb": {"runtime": 1}}