{"CV_RMSE": 901.9741078193535, "RMSE": 1557.4942484502465, "RMSE_STHLM": 1452.811115730751, "RMSE_S\u00f6dermanland": 104.68313271949545, "CV_RMSE_STHLM": 517.4238243599825, "CV_RMSE_S\u00f6dermanland": 384.55028345937103, "_timestamp": 1748356750.0388153, "_runtime": 1.301720142364502, "_step": 0, "_wandb": {"runtime": 1}}