{"CV_RMSE": 2812.636180916791, "RMSE": 1187.5602768267336, "RMSE_skane": 1068.5157595726596, "RMSE_kronoberg": 119.04451725407407, "CV_RMSE_'skane": 1694.2638893858239, "CV_RMSE_kronoberg": 1118.3722915309672, "_timestamp": 1748577928.3319147, "_runtime": 1.3574845790863037, "_step": 0, "_wandb": {"runtime": 1}}