{"CV_RMSE": 272.39304527044203, "RMSE": 97.89232599254001, "RMSE_skane": 82.88740471235448, "RMSE_kronoberg": 15.004921280185526, "CV_RMSE_'skane": 131.42823157350074, "CV_RMSE_kronoberg": 140.9648136969413, "_timestamp": 1748521316.9477036, "_runtime": 1.350306510925293, "_step": 0, "_wandb": {"runtime": 1}}