{"CV_RMSE": 306.71235221803033, "RMSE": 22.239358564541384, "RMSE_Kalmar": 14.977918506517321, "RMSE_Blekinge": 7.2614400580240615, "CV_RMSE_'Kalmar": 144.94759845016762, "CV_RMSE_Blekinge": 161.76475376786274, "_timestamp": 1748475054.7043438, "_runtime": 1.3591938018798828, "_step": 0, "_wandb": {"runtime": 1}}