{"CV_RMSE": 1374.9374584038744, "RMSE": 1395.9426714181118, "RMSE_STHLM": 1131.3409353620104, "RMSE_S\u00f6dermanland": 264.6017360561014, "CV_RMSE_STHLM": 402.93108105493053, "CV_RMSE_S\u00f6dermanland": 972.0063773489439, "_timestamp": 1748323895.4428437, "_runtime": 1.2844157218933105, "_step": 0, "_wandb": {"runtime": 1}}