{"CV_RMSE": 266.0559984401534, "RMSE": 431.00926179115, "RMSE_STHLM": 397.081071485703, "RMSE_S\u00f6dermanland": 33.92819030544698, "CV_RMSE_STHLM": 141.4218299711645, "CV_RMSE_S\u00f6dermanland": 124.63416846898892, "_timestamp": 1748344055.1853197, "_runtime": 1.2769825458526611, "_step": 0, "_wandb": {"runtime": 1}}