{"CV_RMSE": 5001.045044742136, "RMSE": 1929.4149380837644, "RMSE_skane": 1680.7618612740996, "RMSE_kronoberg": 248.65307680966473, "CV_RMSE_'skane": 2665.055805402906, "CV_RMSE_kronoberg": 2335.98923933923, "_timestamp": 1748508490.028084, "_runtime": 1.2864551544189453, "_step": 0, "_wandb": {"runtime": 1}}