{"CV_RMSE": 5189.512629136957, "RMSE": 1991.3904813115382, "RMSE_skane": 1731.1868484532633, "RMSE_kronoberg": 260.2036328582749, "CV_RMSE_'skane": 2745.0108590696564, "CV_RMSE_kronoberg": 2444.5017700673006, "_timestamp": 1748575783.422011, "_runtime": 1.2334959506988525, "_step": 0, "_wandb": {"runtime": 1}}