{"CV_RMSE": 274.25091603074725, "RMSE": 437.1924301605078, "RMSE_STHLM": 401.4577310525206, "RMSE_S\u00f6dermanland": 35.734699107987204, "CV_RMSE_STHLM": 142.98059277691672, "CV_RMSE_S\u00f6dermanland": 131.27032325383055, "_timestamp": 1748544378.78719, "_runtime": 1.3007988929748535, "_step": 0, "_wandb": {"runtime": 1}}