{"CV_RMSE": 306.8996443429112, "RMSE": 22.250007799030342, "RMSE_Kalmar": 14.981882320525, "RMSE_Blekinge": 7.268125478505342, "CV_RMSE_'Kalmar": 144.9859579405645, "CV_RMSE_Blekinge": 161.9136864023467, "_timestamp": 1748526288.56431, "_runtime": 1.33349609375, "_step": 0, "_wandb": {"runtime": 1}}