{"CV_RMSE": 252.35042449019522, "RMSE": 420.57507918929394, "RMSE_STHLM": 389.6581797360814, "RMSE_S\u00f6dermanland": 30.916899453212523, "CV_RMSE_STHLM": 138.77814078451655, "CV_RMSE_S\u00f6dermanland": 113.57228370567866, "_timestamp": 1748543345.7415123, "_runtime": 1.395186185836792, "_step": 0, "_wandb": {"runtime": 1}}