{"CV_RMSE": 257.8820649747023, "RMSE": 429.974404876958, "RMSE_STHLM": 398.39913056522187, "RMSE_S\u00f6dermanland": 31.57527431173609, "CV_RMSE_STHLM": 141.89126138056972, "CV_RMSE_S\u00f6dermanland": 115.99080359413259, "_timestamp": 1748345255.7820408, "_runtime": 1.2983999252319336, "_step": 0, "_wandb": {"runtime": 1}}