{"CV_RMSE": 269.8187742095142, "RMSE": 427.3417548839344, "RMSE_STHLM": 391.8855305958753, "RMSE_S\u00f6dermanland": 35.45622428805912, "CV_RMSE_STHLM": 139.57141968195006, "CV_RMSE_S\u00f6dermanland": 130.2473545275641, "_timestamp": 1748454073.3367236, "_runtime": 1.2558104991912842, "_step": 0, "_wandb": {"runtime": 1}}