{"CV_RMSE": 3147.3434071101256, "RMSE": 218.26491328805503, "RMSE_Kalmar": 136.11268679797294, "RMSE_Blekinge": 82.15222649008207, "CV_RMSE_'Kalmar": 1317.2195496578026, "CV_RMSE_Blekinge": 1830.1238574523231, "_timestamp": 1748542338.6841953, "_runtime": 1.3643162250518799, "_step": 0, "_wandb": {"runtime": 1}}