{"CV_RMSE": 272.42706632595804, "RMSE": 432.41814713498854, "RMSE_STHLM": 396.72066844907437, "RMSE_S\u00f6dermanland": 35.69747868591418, "CV_RMSE_STHLM": 141.2934711532121, "CV_RMSE_S\u00f6dermanland": 131.13359517274594, "_timestamp": 1748440400.297141, "_runtime": 1.2839009761810303, "_step": 0, "_wandb": {"runtime": 1}}