{"CV_RMSE": 275.1265052888551, "RMSE": 436.3149436563728, "RMSE_STHLM": 400.2220907760148, "RMSE_S\u00f6dermanland": 36.09285288035803, "CV_RMSE_STHLM": 142.54051511611132, "CV_RMSE_S\u00f6dermanland": 132.5859901727438, "_timestamp": 1748300347.130273, "_runtime": 1.2619671821594238, "_step": 0, "_wandb": {"runtime": 1}}