{"CV_RMSE": 4632.538368964149, "RMSE": 1770.2668435307976, "RMSE_skane": 1536.4887131915796, "RMSE_kronoberg": 233.77813033921802, "CV_RMSE_'skane": 2436.2928856103267, "CV_RMSE_kronoberg": 2196.245483353823, "_timestamp": 1748517080.4840326, "_runtime": 1.2892067432403564, "_step": 0, "_wandb": {"runtime": 1}}