{"CV_RMSE": 1552.3805674017376, "RMSE": 2374.964771985409, "RMSE_STHLM": 2161.9828055017474, "RMSE_S\u00f6dermanland": 212.98196648366158, "CV_RMSE_STHLM": 769.9978333801238, "CV_RMSE_S\u00f6dermanland": 782.3827340216139, "_timestamp": 1748299938.5621462, "_runtime": 1.2807440757751465, "_step": 0, "_wandb": {"runtime": 1}}