{"CV_RMSE": 305.7398983102979, "RMSE": 22.151246272803025, "RMSE_Kalmar": 14.89931066966966, "RMSE_Blekinge": 7.251935603133366, "CV_RMSE_'Kalmar": 144.18687744841606, "CV_RMSE_Blekinge": 161.5530208618819, "_timestamp": 1748477956.1594296, "_runtime": 1.347947597503662, "_step": 0, "_wandb": {"runtime": 1}}