{"CV_RMSE": 273.2849682111116, "RMSE": 434.8677711301187, "RMSE_STHLM": 399.17467561944034, "RMSE_S\u00f6dermanland": 35.69309551067834, "CV_RMSE_STHLM": 142.16747449841563, "CV_RMSE_S\u00f6dermanland": 131.11749371269596, "_timestamp": 1748532332.0011356, "_runtime": 1.272963523864746, "_step": 0, "_wandb": {"runtime": 1}}