{"CV_RMSE": 4237.8469868966695, "RMSE": 1736.4575625017833, "RMSE_skane": 1546.3578598303393, "RMSE_kronoberg": 190.0997026714439, "CV_RMSE_'skane": 2451.9416382087834, "CV_RMSE_kronoberg": 1785.9053486878865, "_timestamp": 1748569989.2738886, "_runtime": 1.3227505683898926, "_step": 0, "_wandb": {"runtime": 1}}