{"CV_RMSE": 1435.1608446384646, "RMSE": 1658.6071984965588, "RMSE_STHLM": 1404.0513902095533, "RMSE_S\u00f6dermanland": 254.55580828700542, "CV_RMSE_STHLM": 500.0578754208936, "CV_RMSE_S\u00f6dermanland": 935.102969217571, "_timestamp": 1748322686.2153122, "_runtime": 1.270545244216919, "_step": 0, "_wandb": {"runtime": 1}}