{"CV_RMSE": 459.4608529679561, "RMSE": 792.4054122799181, "RMSE_STHLM": 738.9758122324284, "RMSE_S\u00f6dermanland": 53.42960004748963, "CV_RMSE_STHLM": 263.1888527935044, "CV_RMSE_S\u00f6dermanland": 196.2720001744517, "_timestamp": 1748338035.0484903, "_runtime": 1.305863380432129, "_step": 0, "_wandb": {"runtime": 1}}