{"CV_RMSE": 622.2582469452392, "RMSE": 732.3174751338744, "RMSE_STHLM": 623.3616803678394, "RMSE_S\u00f6dermanland": 108.95579476603491, "CV_RMSE_STHLM": 222.01247025368244, "CV_RMSE_S\u00f6dermanland": 400.2457766915568, "_timestamp": 1748384765.2309234, "_runtime": 1.2947144508361816, "_step": 0, "_wandb": {"runtime": 1}}