{"CV_RMSE": 4274.58358460744, "RMSE": 1801.0297909547362, "RMSE_skane": 1619.3371943102456, "RMSE_kronoberg": 181.6925966444905, "CV_RMSE_'skane": 2567.6593990120173, "CV_RMSE_kronoberg": 1706.9241855954222, "_timestamp": 1748566130.7592685, "_runtime": 1.3250374794006348, "_step": 0, "_wandb": {"runtime": 1}}