{"CV_RMSE": 1821.5879082562055, "RMSE": 2598.5373620626365, "RMSE_STHLM": 2328.40642940842, "RMSE_S\u00f6dermanland": 270.1309326542162, "CV_RMSE_STHLM": 829.270196465207, "CV_RMSE_S\u00f6dermanland": 992.3177117909984, "_timestamp": 1748388769.4706967, "_runtime": 1.4102277755737305, "_step": 0, "_wandb": {"runtime": 1}}