{"CV_RMSE": 324.59725607600734, "RMSE": 368.4754180333706, "RMSE_STHLM": 310.18629517859455, "RMSE_S\u00f6dermanland": 58.28912285477605, "CV_RMSE_STHLM": 110.47394762989121, "CV_RMSE_S\u00f6dermanland": 214.1233084461161, "_timestamp": 1748372384.6009924, "_runtime": 1.38771653175354, "_step": 0, "_wandb": {"runtime": 1}}