{"CV_RMSE": 4304.580623541132, "RMSE": 1848.852945268097, "RMSE_skane": 1673.0295751698748, "RMSE_kronoberg": 175.82337009822228, "CV_RMSE_'skane": 2652.7953094659747, "CV_RMSE_kronoberg": 1651.7853140751574, "_timestamp": 1748532302.5304193, "_runtime": 1.2868742942810059, "_step": 0, "_wandb": {"runtime": 1}}