{"CV_RMSE": 270.1973908608571, "RMSE": 430.04709216362056, "RMSE_STHLM": 394.7671847623443, "RMSE_S\u00f6dermanland": 35.27990740127627, "CV_RMSE_STHLM": 140.59773101943406, "CV_RMSE_S\u00f6dermanland": 129.59965984142303, "_timestamp": 1748440148.2827632, "_runtime": 1.3348302841186523, "_step": 0, "_wandb": {"runtime": 1}}