{"CV_RMSE": 1816.691084816942, "RMSE": 2374.892145645641, "RMSE_STHLM": 2082.226363747902, "RMSE_S\u00f6dermanland": 292.6657818977394, "CV_RMSE_STHLM": 741.5922941721851, "CV_RMSE_S\u00f6dermanland": 1075.098790644757, "_timestamp": 1748353433.1639276, "_runtime": 1.2944715023040771, "_step": 0, "_wandb": {"runtime": 1}}