{"CV_RMSE": 1029.577961225235, "RMSE": 1514.1455117232463, "RMSE_STHLM": 1366.3423789308686, "RMSE_S\u00f6dermanland": 147.80313279237777, "CV_RMSE_STHLM": 486.62767749813287, "CV_RMSE_S\u00f6dermanland": 542.950283727102, "_timestamp": 1748285734.273686, "_runtime": 1.4906988143920898, "_step": 0, "_wandb": {"runtime": 1}}