{"CV_RMSE": 4893.667063697085, "RMSE": 1948.69300606339, "RMSE_skane": 1717.7050149980319, "RMSE_kronoberg": 230.98799106535796, "CV_RMSE_'skane": 2723.633744711467, "CV_RMSE_kronoberg": 2170.033318985618, "_timestamp": 1748508504.9512682, "_runtime": 1.3083140850067139, "_step": 0, "_wandb": {"runtime": 1}}