{"CV_RMSE": 3391.547161010866, "RMSE": 240.98371152535046, "RMSE_Kalmar": 156.89935913227308, "RMSE_Blekinge": 84.08435239307738, "CV_RMSE_'Kalmar": 1518.380894828449, "CV_RMSE_Blekinge": 1873.166266182417, "_timestamp": 1748475892.3571815, "_runtime": 1.297391653060913, "_step": 0, "_wandb": {"runtime": 1}}