{"CV_RMSE": 5205.049040927137, "RMSE": 2008.5026291995864, "RMSE_skane": 1749.7840894139217, "RMSE_kronoberg": 258.7185397856647, "CV_RMSE_'skane": 2774.499084694379, "CV_RMSE_kronoberg": 2430.549956232758, "_timestamp": 1748536398.9135137, "_runtime": 1.323354721069336, "_step": 0, "_wandb": {"runtime": 1}}