{"CV_RMSE": 4172.730563580427, "RMSE": 1653.9165976689342, "RMSE_skane": 1455.3954684412038, "RMSE_kronoberg": 198.5211292277304, "CV_RMSE_'skane": 2307.70951655582, "CV_RMSE_kronoberg": 1865.0210470246072, "_timestamp": 1748556336.1674016, "_runtime": 1.3449625968933105, "_step": 0, "_wandb": {"runtime": 1}}