{"CV_RMSE": 272.30560917994393, "RMSE": 435.2261775060427, "RMSE_STHLM": 399.8667875521238, "RMSE_S\u00f6dermanland": 35.35938995391887, "CV_RMSE_STHLM": 142.41397261452767, "CV_RMSE_S\u00f6dermanland": 129.89163656541626, "_timestamp": 1748562405.5936944, "_runtime": 1.3107304573059082, "_step": 0, "_wandb": {"runtime": 1}}