{"CV_RMSE": 686.0782551392831, "RMSE": 899.7703174117532, "RMSE_STHLM": 789.5541405974258, "RMSE_S\u00f6dermanland": 110.21617681432744, "CV_RMSE_STHLM": 281.2025035764476, "CV_RMSE_S\u00f6dermanland": 404.87575156283555, "_timestamp": 1748327796.5472932, "_runtime": 1.2734322547912598, "_step": 0, "_wandb": {"runtime": 1}}