{"CV_RMSE": 1276.148901282031, "RMSE": 77.82352568006334, "RMSE_Kalmar": 36.31352867605524, "RMSE_Blekinge": 41.5099970040081, "CV_RMSE_'Kalmar": 351.4212452521475, "CV_RMSE_Blekinge": 924.7276560298834, "_timestamp": 1748558995.2173219, "_runtime": 1.304149866104126, "_step": 0, "_wandb": {"runtime": 1}}