{"CV_RMSE": 423.2925494862785, "RMSE": 160.52147436900367, "RMSE_skane": 138.90961431960812, "RMSE_kronoberg": 21.61186004939556, "CV_RMSE_'skane": 220.2583736568839, "CV_RMSE_kronoberg": 203.03417582939463, "_timestamp": 1748527567.322215, "_runtime": 1.4062590599060059, "_step": 0, "_wandb": {"runtime": 1}}