{"CV_RMSE": 4482.245225817919, "RMSE": 1853.8956113763056, "RMSE_skane": 1656.344753277704, "RMSE_kronoberg": 197.5508580986015, "CV_RMSE_'skane": 2626.339460799742, "CV_RMSE_kronoberg": 1855.905765018177, "_timestamp": 1748578941.4442115, "_runtime": 1.2686433792114258, "_step": 0, "_wandb": {"runtime": 1}}