{"CV_RMSE": 2015.3361374999927, "RMSE": 2755.065308227967, "RMSE_STHLM": 2443.3344034154043, "RMSE_S\u00f6dermanland": 311.7309048125627, "CV_RMSE_STHLM": 870.202201453844, "CV_RMSE_S\u00f6dermanland": 1145.1339360461486, "_timestamp": 1748380602.0220568, "_runtime": 1.2684407234191895, "_step": 0, "_wandb": {"runtime": 1}}