{"CV_RMSE": 203.2599310313288, "RMSE": 263.80452830040645, "RMSE_STHLM": 230.8546920406823, "RMSE_S\u00f6dermanland": 32.949836259724165, "CV_RMSE_STHLM": 82.21971619968899, "CV_RMSE_S\u00f6dermanland": 121.0402148316398, "_timestamp": 1748385105.1463082, "_runtime": 1.2990431785583496, "_step": 0, "_wandb": {"runtime": 1}}