{"CV_RMSE": 1606.4512723084822, "RMSE": 1988.1385031161851, "RMSE_STHLM": 1717.3265742437793, "RMSE_S\u00f6dermanland": 270.8119288724058, "CV_RMSE_STHLM": 611.6319417567872, "CV_RMSE_S\u00f6dermanland": 994.8193305516949, "_timestamp": 1748305857.2732573, "_runtime": 1.2702381610870361, "_step": 0, "_wandb": {"runtime": 1}}