{"CV_RMSE": 318.63781483095465, "RMSE": 22.745971360099812, "RMSE_Kalmar": 14.9271610679656, "RMSE_Blekinge": 7.818810292134214, "CV_RMSE_'Kalmar": 144.45639743192515, "CV_RMSE_Blekinge": 174.1814173990295, "_timestamp": 1748492318.781651, "_runtime": 1.3462340831756592, "_step": 0, "_wandb": {"runtime": 1}}