{"CV_RMSE": 266.0518553984341, "RMSE": 431.0797284134404, "RMSE_STHLM": 397.16035245675624, "RMSE_S\u00f6dermanland": 33.91937595668415, "CV_RMSE_STHLM": 141.45006616979842, "CV_RMSE_S\u00f6dermanland": 124.60178922863565, "_timestamp": 1748445209.3521872, "_runtime": 1.2772290706634521, "_step": 0, "_wandb": {"runtime": 1}}