{"CV_RMSE": 1327.821850138549, "RMSE": 1834.8988911247577, "RMSE_STHLM": 1631.627287630981, "RMSE_S\u00f6dermanland": 203.27160349377672, "CV_RMSE_STHLM": 581.1098373042671, "CV_RMSE_S\u00f6dermanland": 746.7120128342818, "_timestamp": 1748334048.4832149, "_runtime": 1.2838358879089355, "_step": 0, "_wandb": {"runtime": 1}}