{"CV_RMSE": 1315.1909061252486, "RMSE": 2234.142326562869, "RMSE_STHLM": 2077.5418616497223, "RMSE_S\u00f6dermanland": 156.6004649131467, "CV_RMSE_STHLM": 739.9238921585873, "CV_RMSE_S\u00f6dermanland": 575.2670139666615, "_timestamp": 1748398912.365217, "_runtime": 1.30610990524292, "_step": 0, "_wandb": {"runtime": 1}}