{"CV_RMSE": 307.6754136882207, "RMSE": 22.42666796900483, "RMSE_Kalmar": 15.232658316356599, "RMSE_Blekinge": 7.19400965264823, "CV_RMSE_'Kalmar": 147.41282241635417, "CV_RMSE_Blekinge": 160.2625912718665, "_timestamp": 1748505889.386423, "_runtime": 1.3386061191558838, "_step": 0, "_wandb": {"runtime": 1}}