{"CV_RMSE": 266.101407423521, "RMSE": 417.5672239254689, "RMSE_STHLM": 382.1821815739998, "RMSE_S\u00f6dermanland": 35.385042351469124, "CV_RMSE_STHLM": 136.11553756098132, "CV_RMSE_S\u00f6dermanland": 129.98586986253963, "_timestamp": 1748442469.8915272, "_runtime": 1.3678932189941406, "_step": 0, "_wandb": {"runtime": 1}}