{"CV_RMSE": 786.0036735380506, "RMSE": 546.4900003734044, "RMSE_STHLM": 368.22258423737634, "RMSE_S\u00f6dermanland": 178.26741613602812, "CV_RMSE_STHLM": 131.14377752815145, "CV_RMSE_S\u00f6dermanland": 654.8598960098992, "_timestamp": 1748358234.1012046, "_runtime": 1.297710657119751, "_step": 0, "_wandb": {"runtime": 1}}