{"CV_RMSE": 2927.036533094738, "RMSE": 1738.1461324515087, "RMSE_skane": 1716.2493467454349, "RMSE_kronoberg": 21.896785706073818, "CV_RMSE_'skane": 2721.325602661894, "CV_RMSE_kronoberg": 205.71093043284384, "_timestamp": 1748570785.7735844, "_runtime": 1.2729463577270508, "_step": 0, "_wandb": {"runtime": 1}}