{"CV_RMSE": 304.44362477412636, "RMSE": 22.039753952243576, "RMSE_Kalmar": 14.805065880892263, "RMSE_Blekinge": 7.2346880713513135, "CV_RMSE_'Kalmar": 143.274831105409, "CV_RMSE_Blekinge": 161.16879366871737, "_timestamp": 1748487125.4469788, "_runtime": 1.479137897491455, "_step": 0, "_wandb": {"runtime": 1}}