{"CV_RMSE": 2993.977954932695, "RMSE": 209.2088308871792, "RMSE_Kalmar": 132.27302858013894, "RMSE_Blekinge": 76.93580230704026, "CV_RMSE_'Kalmar": 1280.0615669045703, "CV_RMSE_Blekinge": 1713.9163880281246, "_timestamp": 1748546220.2705624, "_runtime": 1.3565514087677002, "_step": 0, "_wandb": {"runtime": 1}}