{"CV_RMSE": 1637.191829870028, "RMSE": 2058.591760771331, "RMSE_STHLM": 1786.0771359296211, "RMSE_S\u00f6dermanland": 272.51462484171, "CV_RMSE_STHLM": 636.1176977984404, "CV_RMSE_S\u00f6dermanland": 1001.0741320715877, "_timestamp": 1748313212.1295393, "_runtime": 1.2630362510681152, "_step": 0, "_wandb": {"runtime": 1}}