{"CV_RMSE": 449.9022797794413, "RMSE": 28.758165335139786, "RMSE_Kalmar": 15.139112652384517, "RMSE_Blekinge": 13.619052682755267, "CV_RMSE_'Kalmar": 146.5075417972695, "CV_RMSE_Blekinge": 303.3947379821718, "_timestamp": 1748465812.9444933, "_runtime": 1.332841396331787, "_step": 0, "_wandb": {"runtime": 1}}