{"CV_RMSE": 267.5229505178467, "RMSE": 417.64015472547555, "RMSE_STHLM": 381.8344202854671, "RMSE_S\u00f6dermanland": 35.80573444000842, "CV_RMSE_STHLM": 135.99168114638718, "CV_RMSE_S\u00f6dermanland": 131.53126937145953, "_timestamp": 1748509266.5644507, "_runtime": 1.3667407035827637, "_step": 0, "_wandb": {"runtime": 1}}