{"CV_RMSE": 3081.8682540595605, "RMSE": 1551.4978164518323, "RMSE_skane": 1471.874216532549, "RMSE_kronoberg": 79.62359991928317, "CV_RMSE_'skane": 2333.838609723915, "CV_RMSE_kronoberg": 748.0296443356457, "_timestamp": 1748542074.2742288, "_runtime": 1.3544247150421143, "_step": 0, "_wandb": {"runtime": 1}}