{"CV_RMSE": 306.61639467914813, "RMSE": 22.225064144726872, "RMSE_Kalmar": 14.960260896179632, "RMSE_Blekinge": 7.264803248547241, "CV_RMSE_'Kalmar": 144.77671835012546, "CV_RMSE_Blekinge": 161.8396763290227, "_timestamp": 1748508097.5393307, "_runtime": 1.2527227401733398, "_step": 0, "_wandb": {"runtime": 1}}