{"CV_RMSE": 261.57090409515445, "RMSE": 412.40064153788796, "RMSE_STHLM": 377.8266183468434, "RMSE_S\u00f6dermanland": 34.57402319104453, "CV_RMSE_STHLM": 134.56428829131738, "CV_RMSE_S\u00f6dermanland": 127.00661580383705, "_timestamp": 1748321003.9108152, "_runtime": 1.3107943534851074, "_step": 0, "_wandb": {"runtime": 1}}