{"CV_RMSE": 2705.217370472248, "RMSE": 1264.1413465840874, "RMSE_skane": 1174.4026407960685, "RMSE_kronoberg": 89.73870578801892, "CV_RMSE_'skane": 1862.1606355117362, "CV_RMSE_kronoberg": 843.0567349605119, "_timestamp": 1748549823.0003448, "_runtime": 1.2942967414855957, "_step": 0, "_wandb": {"runtime": 1}}