{"CV_RMSE": 305.71640422296065, "RMSE": 22.139857076245995, "RMSE_Kalmar": 14.881038515743178, "RMSE_Blekinge": 7.258818560502817, "CV_RMSE_'Kalmar": 144.01005015235333, "CV_RMSE_Blekinge": 161.70635407060732, "_timestamp": 1748488560.5254269, "_runtime": 1.2818429470062256, "_step": 0, "_wandb": {"runtime": 1}}