{"CV_RMSE": 5045.98222828755, "RMSE": 1926.2399819333198, "RMSE_skane": 1671.1876478895836, "RMSE_kronoberg": 255.05233404373624, "CV_RMSE_'skane": 2649.874705955999, "CV_RMSE_kronoberg": 2396.1075223315515, "_timestamp": 1748564786.5570688, "_runtime": 1.2548727989196777, "_step": 0, "_wandb": {"runtime": 1}}