{"CV_RMSE": 263.70746160908703, "RMSE": 418.42366655268205, "RMSE_STHLM": 383.8522250202819, "RMSE_S\u00f6dermanland": 34.57144153240019, "CV_RMSE_STHLM": 136.7103294492496, "CV_RMSE_S\u00f6dermanland": 126.99713215983745, "_timestamp": 1748450940.8017397, "_runtime": 1.3725707530975342, "_step": 0, "_wandb": {"runtime": 1}}