{"CV_RMSE": 1001.8880251964367, "RMSE": 993.1185969571742, "RMSE_STHLM": 797.7240823547615, "RMSE_S\u00f6dermanland": 195.3945146024126, "CV_RMSE_STHLM": 284.11225726920674, "CV_RMSE_S\u00f6dermanland": 717.7757679272299, "_timestamp": 1748337700.3830957, "_runtime": 1.2926688194274902, "_step": 0, "_wandb": {"runtime": 1}}