{"CV_RMSE": 306.67909272504727, "RMSE": 22.23723539613838, "RMSE_Kalmar": 14.976804298061575, "RMSE_Blekinge": 7.260431098076808, "CV_RMSE_'Kalmar": 144.93681578769264, "CV_RMSE_Blekinge": 161.74227693735463, "_timestamp": 1748497522.0985513, "_runtime": 1.3157691955566406, "_step": 0, "_wandb": {"runtime": 1}}