{"CV_RMSE": 306.4960302841199, "RMSE": 22.22511501585009, "RMSE_Kalmar": 14.96990371447311, "RMSE_Blekinge": 7.2552113013769794, "CV_RMSE_'Kalmar": 144.87003594651395, "CV_RMSE_Blekinge": 161.62599433760596, "_timestamp": 1748490357.598811, "_runtime": 1.258023977279663, "_step": 0, "_wandb": {"runtime": 1}}