{"CV_RMSE": 811.9243875331724, "RMSE": 1140.4791613388659, "RMSE_STHLM": 1018.1698263927269, "RMSE_S\u00f6dermanland": 122.3093349461389, "CV_RMSE_STHLM": 362.62478977184577, "CV_RMSE_S\u00f6dermanland": 449.2995977613266, "_timestamp": 1748297410.6845121, "_runtime": 1.3011090755462646, "_step": 0, "_wandb": {"runtime": 1}}