{"CV_RMSE": 306.96926070118445, "RMSE": 22.255763526940285, "RMSE_Kalmar": 14.986533605796614, "RMSE_Blekinge": 7.269229921143673, "CV_RMSE_'Kalmar": 145.0309703786769, "CV_RMSE_Blekinge": 161.93829032250756, "_timestamp": 1748496485.6885989, "_runtime": 1.276115894317627, "_step": 0, "_wandb": {"runtime": 1}}