{"CV_RMSE": 1050.363977884961, "RMSE": 1074.347264535327, "RMSE_STHLM": 873.0606142586652, "RMSE_S\u00f6dermanland": 201.28665027666182, "CV_RMSE_STHLM": 310.9436299298768, "CV_RMSE_S\u00f6dermanland": 739.4203479550843, "_timestamp": 1748320741.9695914, "_runtime": 1.282304286956787, "_step": 0, "_wandb": {"runtime": 1}}