{"CV_RMSE": 306.3070625060346, "RMSE": 22.20358955445773, "RMSE_Kalmar": 14.946843060000818, "RMSE_Blekinge": 7.256746494456911, "CV_RMSE_'Kalmar": 144.64686832258855, "CV_RMSE_Blekinge": 161.66019418344604, "_timestamp": 1748544835.8140893, "_runtime": 1.3554022312164307, "_step": 0, "_wandb": {"runtime": 1}}