{"CV_RMSE": 274.2430967189133, "RMSE": 435.3569386075491, "RMSE_STHLM": 399.4275346431098, "RMSE_S\u00f6dermanland": 35.9294039644393, "CV_RMSE_STHLM": 142.25753113525874, "CV_RMSE_S\u00f6dermanland": 131.9855655836546, "_timestamp": 1748481978.977595, "_runtime": 1.278198003768921, "_step": 0, "_wandb": {"runtime": 1}}