{"CV_RMSE": 3033.2890563560777, "RMSE": 790.5103858260715, "RMSE_skane": 562.5876244732885, "RMSE_kronoberg": 227.92276135278294, "CV_RMSE_'skane": 892.0522586785759, "CV_RMSE_kronoberg": 2141.2367976775017, "_timestamp": 1748558984.6912208, "_runtime": 1.4110498428344727, "_step": 0, "_wandb": {"runtime": 1}}