{"CV_RMSE": 1069.705611941687, "RMSE": 1655.2529368671985, "RMSE_STHLM": 1510.5029527606348, "RMSE_S\u00f6dermanland": 144.74998410656363, "CV_RMSE_STHLM": 537.9709764481881, "CV_RMSE_S\u00f6dermanland": 531.734635493499, "_timestamp": 1748360746.0590756, "_runtime": 1.3945837020874023, "_step": 0, "_wandb": {"runtime": 1}}