{"CV_RMSE": 3078.0513829369893, "RMSE": 218.04902053678228, "RMSE_Kalmar": 141.2304259179936, "RMSE_Blekinge": 76.81859461878865, "CV_RMSE_'Kalmar": 1366.7460572709058, "CV_RMSE_Blekinge": 1711.3053256660837, "_timestamp": 1748520006.8634825, "_runtime": 1.403468370437622, "_step": 0, "_wandb": {"runtime": 1}}