{"CV_RMSE": 275.39858881401955, "RMSE": 437.03905151023497, "RMSE_STHLM": 400.9419210907273, "RMSE_S\u00f6dermanland": 36.097130419507685, "CV_RMSE_STHLM": 142.79688523215458, "CV_RMSE_S\u00f6dermanland": 132.60170358186497, "_timestamp": 1748563941.563184, "_runtime": 1.2523219585418701, "_step": 0, "_wandb": {"runtime": 1}}