{"CV_RMSE": 4251.283301036578, "RMSE": 308.65648086508725, "RMSE_Kalmar": 208.3148675486516, "RMSE_Blekinge": 100.34161331643563, "CV_RMSE_'Kalmar": 2015.950331115983, "CV_RMSE_Blekinge": 2235.3329699205956, "_timestamp": 1748513745.6349638, "_runtime": 1.3523406982421875, "_step": 0, "_wandb": {"runtime": 1}}