{"CV_RMSE": 4720.153978781724, "RMSE": 1788.9103755500184, "RMSE_skane": 1547.697955544765, "RMSE_kronoberg": 241.21242000525348, "CV_RMSE_'skane": 2454.0665257052297, "CV_RMSE_kronoberg": 2266.087453076494, "_timestamp": 1748523542.154503, "_runtime": 1.2652761936187744, "_step": 0, "_wandb": {"runtime": 1}}