{"CV_RMSE": 230.30316425030793, "RMSE": 359.55991748128224, "RMSE_STHLM": 328.7384247701095, "RMSE_S\u00f6dermanland": 30.821492711172773, "CV_RMSE_STHLM": 117.08135429089772, "CV_RMSE_S\u00f6dermanland": 113.2218099594102, "_timestamp": 1748403274.5099487, "_runtime": 1.2956557273864746, "_step": 0, "_wandb": {"runtime": 1}}