{"CV_RMSE": 266.7829167264008, "RMSE": 420.7607677873724, "RMSE_STHLM": 385.51315059390174, "RMSE_S\u00f6dermanland": 35.247617193470646, "CV_RMSE_STHLM": 137.30187397487597, "CV_RMSE_S\u00f6dermanland": 129.48104275152483, "_timestamp": 1748542290.1376166, "_runtime": 1.3165197372436523, "_step": 0, "_wandb": {"runtime": 1}}