{"CV_RMSE": 1370.6907466305784, "RMSE": 1314.984380876869, "RMSE_STHLM": 1042.9709688519197, "RMSE_S\u00f6dermanland": 272.01341202494933, "CV_RMSE_STHLM": 371.4578044981115, "CV_RMSE_S\u00f6dermanland": 999.232942132467, "_timestamp": 1748310550.3854046, "_runtime": 1.2535316944122314, "_step": 0, "_wandb": {"runtime": 1}}