{"CV_RMSE": 4121.787993857675, "RMSE": 1391.9305012536972, "RMSE_skane": 1146.7361489411574, "RMSE_kronoberg": 245.19435231253988, "CV_RMSE_'skane": 1818.2919909214968, "CV_RMSE_kronoberg": 2303.4960029361787, "_timestamp": 1748530920.7623098, "_runtime": 1.2815346717834473, "_step": 0, "_wandb": {"runtime": 1}}