{"CV_RMSE": 275.0311737270674, "RMSE": 436.4417592997895, "RMSE_STHLM": 400.39125915545713, "RMSE_S\u00f6dermanland": 36.05050014433235, "CV_RMSE_STHLM": 142.60076503360168, "CV_RMSE_S\u00f6dermanland": 132.43040869346575, "_timestamp": 1748501329.6275322, "_runtime": 1.33237624168396, "_step": 0, "_wandb": {"runtime": 1}}