{"CV_RMSE": 4427.8930572026975, "RMSE": 1824.7323068431297, "RMSE_skane": 1628.2200191179077, "RMSE_kronoberg": 196.51228772522208, "CV_RMSE_'skane": 2581.7442163603187, "CV_RMSE_kronoberg": 1846.1488408423788, "_timestamp": 1748566576.4455369, "_runtime": 1.311767816543579, "_step": 0, "_wandb": {"runtime": 1}}