{"CV_RMSE": 274.8125812732211, "RMSE": 434.76999677086957, "RMSE_STHLM": 398.6059072942927, "RMSE_S\u00f6dermanland": 36.164089476576855, "CV_RMSE_STHLM": 141.9649056449796, "CV_RMSE_S\u00f6dermanland": 132.84767562824152, "_timestamp": 1748491118.7740467, "_runtime": 1.2636616230010986, "_step": 0, "_wandb": {"runtime": 1}}