{"CV_RMSE": 275.27325178506476, "RMSE": 436.663881810131, "RMSE_STHLM": 400.5642550987781, "RMSE_S\u00f6dermanland": 36.099626711352855, "CV_RMSE_STHLM": 142.66237815152365, "CV_RMSE_S\u00f6dermanland": 132.6108736335411, "_timestamp": 1748534069.7457342, "_runtime": 1.3350322246551514, "_step": 0, "_wandb": {"runtime": 1}}