{"CV_RMSE": 491.44818218983653, "RMSE": 145.31818485087712, "RMSE_skane": 111.89137553250659, "RMSE_kronoberg": 33.42680931837054, "CV_RMSE_'skane": 177.4176144807187, "CV_RMSE_kronoberg": 314.0305677091178, "_timestamp": 1748577453.734205, "_runtime": 1.3481919765472412, "_step": 0, "_wandb": {"runtime": 1}}