{"CV_RMSE": 2308.075656458096, "RMSE": 159.79811368289032, "RMSE_Kalmar": 99.349392877346, "RMSE_Blekinge": 60.44872080554432, "CV_RMSE_'Kalmar": 961.4457375227032, "CV_RMSE_Blekinge": 1346.629918935393, "_timestamp": 1748498027.5495288, "_runtime": 1.3096349239349365, "_step": 0, "_wandb": {"runtime": 1}}