{"CV_RMSE": 289.5880431237899, "RMSE": 446.85986380882235, "RMSE_STHLM": 407.53972487185683, "RMSE_S\u00f6dermanland": 39.320138936965535, "CV_RMSE_STHLM": 145.14671641656952, "CV_RMSE_S\u00f6dermanland": 144.44132670722036, "_timestamp": 1748492159.2485864, "_runtime": 1.2658913135528564, "_step": 0, "_wandb": {"runtime": 1}}