{"CV_RMSE": 1561.7377173925213, "RMSE": 2278.659733077274, "RMSE_STHLM": 2052.5175694002205, "RMSE_S\u00f6dermanland": 226.14216367705322, "CV_RMSE_STHLM": 731.0114018441625, "CV_RMSE_S\u00f6dermanland": 830.7263155483588, "_timestamp": 1748337887.5065906, "_runtime": 1.282869577407837, "_step": 0, "_wandb": {"runtime": 1}}