{"CV_RMSE": 4783.403037020042, "RMSE": 1749.0311034579531, "RMSE_skane": 1491.621550273694, "RMSE_kronoberg": 257.409553184259, "CV_RMSE_'skane": 2365.150449694018, "CV_RMSE_kronoberg": 2418.252587326024, "_timestamp": 1748556985.3035722, "_runtime": 1.345717191696167, "_step": 0, "_wandb": {"runtime": 1}}