{"CV_RMSE": 1317.874973402502, "RMSE": 2031.150089428465, "RMSE_STHLM": 1851.9468712771777, "RMSE_S\u00f6dermanland": 179.20321815128716, "CV_RMSE_STHLM": 659.5774373365492, "CV_RMSE_S\u00f6dermanland": 658.2975360659528, "_timestamp": 1748358817.6349218, "_runtime": 1.3226258754730225, "_step": 0, "_wandb": {"runtime": 1}}