{"CV_RMSE": 2806.9613833870058, "RMSE": 196.83092660641591, "RMSE_Kalmar": 125.23095156939912, "RMSE_Blekinge": 71.5999750370168, "CV_RMSE_'Kalmar": 1211.912434542572, "CV_RMSE_Blekinge": 1595.0489488444337, "_timestamp": 1748533262.3140674, "_runtime": 1.3705754280090332, "_step": 0, "_wandb": {"runtime": 1}}