{"CV_RMSE": 306.74019348859247, "RMSE": 22.235784253443722, "RMSE_Kalmar": 14.969389248793824, "RMSE_Blekinge": 7.266395004649897, "CV_RMSE_'Kalmar": 144.86505724639184, "CV_RMSE_Blekinge": 161.87513624220065, "_timestamp": 1748496354.1113782, "_runtime": 1.3046822547912598, "_step": 0, "_wandb": {"runtime": 1}}