{"CV_RMSE": 1278.666649438043, "RMSE": 1976.6826704806192, "RMSE_STHLM": 1803.4510150974966, "RMSE_S\u00f6dermanland": 173.23165538312267, "CV_RMSE_STHLM": 642.3054663980004, "CV_RMSE_S\u00f6dermanland": 636.3611830400425, "_timestamp": 1748325283.209977, "_runtime": 1.2745468616485596, "_step": 0, "_wandb": {"runtime": 1}}