{"CV_RMSE": 2024.54194541163, "RMSE": 1094.2191042058942, "RMSE_skane": 1057.1434044686555, "RMSE_kronoberg": 37.075699737238565, "CV_RMSE_'skane": 1676.2316138509336, "CV_RMSE_kronoberg": 348.31033156069634, "_timestamp": 1748550136.3336883, "_runtime": 1.3598613739013672, "_step": 0, "_wandb": {"runtime": 1}}