{"CV_RMSE": 306.90160623855206, "RMSE": 22.248545084984716, "RMSE_Kalmar": 14.979140444734533, "RMSE_Blekinge": 7.269404640250182, "CV_RMSE_'Kalmar": 144.95942365872128, "CV_RMSE_Blekinge": 161.9421825798308, "_timestamp": 1748544704.0909154, "_runtime": 1.296018362045288, "_step": 0, "_wandb": {"runtime": 1}}