{"CV_RMSE": 263.8105117605024, "RMSE": 420.70837371667676, "RMSE_STHLM": 386.3511585136014, "RMSE_S\u00f6dermanland": 34.35721520307537, "CV_RMSE_STHLM": 137.6003334634908, "CV_RMSE_S\u00f6dermanland": 126.21017829701157, "_timestamp": 1748443881.5388906, "_runtime": 1.2854804992675781, "_step": 0, "_wandb": {"runtime": 1}}