{"CV_RMSE": 1617.5886543809975, "RMSE": 2018.4595606042983, "RMSE_STHLM": 1747.545612486739, "RMSE_S\u00f6dermanland": 270.9139481175594, "CV_RMSE_STHLM": 622.3945592552691, "CV_RMSE_S\u00f6dermanland": 995.1940951257285, "_timestamp": 1748323462.2465777, "_runtime": 1.2683746814727783, "_step": 0, "_wandb": {"runtime": 1}}