{"CV_RMSE": 4776.100043189204, "RMSE": 1844.833665392494, "RMSE_skane": 1607.8122358641656, "RMSE_kronoberg": 237.02142952832838, "CV_RMSE_'skane": 2549.385152004491, "CV_RMSE_kronoberg": 2226.7148911847135, "_timestamp": 1748577933.5973618, "_runtime": 1.3036658763885498, "_step": 0, "_wandb": {"runtime": 1}}