{"CV_RMSE": 1394.3207527845611, "RMSE": 1779.748090803776, "RMSE_STHLM": 1550.5093923725847, "RMSE_S\u00f6dermanland": 229.2386984311914, "CV_RMSE_STHLM": 552.2194116087559, "CV_RMSE_S\u00f6dermanland": 842.1013411758051, "_timestamp": 1748295490.3116267, "_runtime": 1.257328748703003, "_step": 0, "_wandb": {"runtime": 1}}