{"CV_RMSE": 4107.803375790261, "RMSE": 280.0202467137134, "RMSE_Kalmar": 169.0717322859873, "RMSE_Blekinge": 110.94851442772605, "CV_RMSE_'Kalmar": 1636.1780543805223, "CV_RMSE_Blekinge": 2471.6253214097387, "_timestamp": 1748539710.7819467, "_runtime": 1.3882737159729004, "_step": 0, "_wandb": {"runtime": 1}}