{"CV_RMSE": 3790.394259654263, "RMSE": 252.6075816317312, "RMSE_Kalmar": 145.7960555598417, "RMSE_Blekinge": 106.8115260718895, "CV_RMSE_'Kalmar": 1410.9295699339518, "CV_RMSE_Blekinge": 2379.464689720311, "_timestamp": 1748539652.9368594, "_runtime": 1.355501413345337, "_step": 0, "_wandb": {"runtime": 1}}