{"CV_RMSE": 656.7120139828987, "RMSE": 822.85407135473, "RMSE_STHLM": 713.232425720635, "RMSE_S\u00f6dermanland": 109.62164563409503, "CV_RMSE_STHLM": 254.02025451071287, "CV_RMSE_S\u00f6dermanland": 402.6917594721859, "_timestamp": 1748340394.642363, "_runtime": 1.2894790172576904, "_step": 0, "_wandb": {"runtime": 1}}