{"CV_RMSE": 1235.2149934445176, "RMSE": 1809.7145222862969, "RMSE_STHLM": 1631.655276740346, "RMSE_S\u00f6dermanland": 178.05924554595094, "CV_RMSE_STHLM": 581.1198057246978, "CV_RMSE_S\u00f6dermanland": 654.0951877198198, "_timestamp": 1748317993.1252043, "_runtime": 1.7039902210235596, "_step": 0, "_wandb": {"runtime": 1}}