{"CV_RMSE": 949.9436833177242, "RMSE": 60.690143218692846, "RMSE_Kalmar": 31.910362915995723, "RMSE_Blekinge": 28.779780302697123, "CV_RMSE_'Kalmar": 308.8099637031844, "CV_RMSE_Blekinge": 641.1337196145398, "_timestamp": 1748485377.6979108, "_runtime": 1.2908718585968018, "_step": 0, "_wandb": {"runtime": 1}}