{"CV_RMSE": 1197.8461370530877, "RMSE": 2034.7128557171577, "RMSE_STHLM": 1892.074659955161, "RMSE_S\u00f6dermanland": 142.63819576199677, "CV_RMSE_STHLM": 673.8690913967729, "CV_RMSE_S\u00f6dermanland": 523.9770456563147, "_timestamp": 1748398228.6403887, "_runtime": 1.335012674331665, "_step": 0, "_wandb": {"runtime": 1}}