{"CV_RMSE": 2686.5266715465195, "RMSE": 162.04911875515978, "RMSE_Kalmar": 73.29305512193267, "RMSE_Blekinge": 88.75606363322713, "CV_RMSE_'Kalmar": 709.2876302122515, "CV_RMSE_Blekinge": 1977.2390413342678, "_timestamp": 1748532150.0719285, "_runtime": 1.3082275390625, "_step": 0, "_wandb": {"runtime": 1}}