{"CV_RMSE": 266.4022661076095, "RMSE": 421.98353356397666, "RMSE_STHLM": 386.98194147596627, "RMSE_S\u00f6dermanland": 35.00159208801041, "CV_RMSE_STHLM": 137.82498904961204, "CV_RMSE_S\u00f6dermanland": 128.57727705799743, "_timestamp": 1748489741.4238703, "_runtime": 1.290391206741333, "_step": 0, "_wandb": {"runtime": 1}}