{"CV_RMSE": 602.847362163866, "RMSE": 593.6569328175585, "RMSE_STHLM": 475.66565278064627, "RMSE_S\u00f6dermanland": 117.9912800369122, "CV_RMSE_STHLM": 169.41000692622939, "CV_RMSE_S\u00f6dermanland": 433.43735523763667, "_timestamp": 1748355633.3293471, "_runtime": 1.3214352130889893, "_step": 0, "_wandb": {"runtime": 1}}