{"CV_RMSE": 275.333169647923, "RMSE": 436.8612631693982, "RMSE_STHLM": 400.764765556329, "RMSE_S\u00f6dermanland": 36.09649761306921, "CV_RMSE_STHLM": 142.73379066113816, "CV_RMSE_S\u00f6dermanland": 132.59937898678484, "_timestamp": 1748536731.8657749, "_runtime": 1.4100837707519531, "_step": 0, "_wandb": {"runtime": 1}}