{"CV_RMSE": 1828.8966874110297, "RMSE": 125.92014754068254, "RMSE_Kalmar": 77.4817430336799, "RMSE_Blekinge": 48.43840450700262, "CV_RMSE_'Kalmar": 749.8233196807732, "CV_RMSE_Blekinge": 1079.0733677302565, "_timestamp": 1748470116.6414928, "_runtime": 1.2947258949279785, "_step": 0, "_wandb": {"runtime": 1}}