{"CV_RMSE": 273.3325317781829, "RMSE": 433.38087879444265, "RMSE_STHLM": 397.5138096359681, "RMSE_S\u00f6dermanland": 35.86706915847458, "CV_RMSE_STHLM": 141.57595119603135, "CV_RMSE_S\u00f6dermanland": 131.7565805821515, "_timestamp": 1748534657.1221857, "_runtime": 1.3604516983032227, "_step": 0, "_wandb": {"runtime": 1}}