{"CV_RMSE": 4383.745801621635, "RMSE": 284.7465544330064, "RMSE_Kalmar": 155.52760625665027, "RMSE_Blekinge": 129.2189481763561, "CV_RMSE_'Kalmar": 1505.1058669998413, "CV_RMSE_Blekinge": 2878.639934621794, "_timestamp": 1748566965.1572285, "_runtime": 1.330723524093628, "_step": 0, "_wandb": {"runtime": 1}}