{"CV_RMSE": 2960.3612417870318, "RMSE": 209.04182991915928, "RMSE_Kalmar": 134.6457943935656, "RMSE_Blekinge": 74.39603552559367, "CV_RMSE_'Kalmar": 1303.0238167119253, "CV_RMSE_Blekinge": 1657.3374250751065, "_timestamp": 1748514410.2695875, "_runtime": 1.2905585765838623, "_step": 0, "_wandb": {"runtime": 1}}