{"CV_RMSE": 951.3457080496419, "RMSE": 1635.835501724186, "RMSE_STHLM": 1524.6802432233726, "RMSE_S\u00f6dermanland": 111.15525850081359, "CV_RMSE_STHLM": 543.0202686588981, "CV_RMSE_S\u00f6dermanland": 408.3254393907438, "_timestamp": 1748305206.749454, "_runtime": 1.2950220108032227, "_step": 0, "_wandb": {"runtime": 1}}