{"CV_RMSE": 306.84928683124883, "RMSE": 22.24693240060201, "RMSE_Kalmar": 14.98044151770215, "RMSE_Blekinge": 7.266490882899858, "CV_RMSE_'Kalmar": 144.97201468744015, "CV_RMSE_Blekinge": 161.8772721438087, "_timestamp": 1748459360.8310645, "_runtime": 1.3103735446929932, "_step": 0, "_wandb": {"runtime": 1}}