{"CV_RMSE": 275.5243363071785, "RMSE": 437.11169412800524, "RMSE_STHLM": 400.9844563650324, "RMSE_S\u00f6dermanland": 36.12723776297286, "CV_RMSE_STHLM": 142.81203432074759, "CV_RMSE_S\u00f6dermanland": 132.7123019864309, "_timestamp": 1748461227.6291325, "_runtime": 1.2712254524230957, "_step": 0, "_wandb": {"runtime": 1}}