{"CV_RMSE": 1422.469833440892, "RMSE": 1499.556045335873, "RMSE_STHLM": 1231.7498797237404, "RMSE_S\u00f6dermanland": 267.8061656121326, "CV_RMSE_STHLM": 438.69208221264995, "CV_RMSE_S\u00f6dermanland": 983.7777512282421, "_timestamp": 1748367693.574757, "_runtime": 1.3467001914978027, "_step": 0, "_wandb": {"runtime": 1}}