{"CV_RMSE": 306.9858333475124, "RMSE": 22.257340418329555, "RMSE_Kalmar": 14.98800633630989, "RMSE_Blekinge": 7.2693340820196655, "CV_RMSE_'Kalmar": 145.04522260945055, "CV_RMSE_Blekinge": 161.94061073806185, "_timestamp": 1748539348.4690373, "_runtime": 1.2492082118988037, "_step": 0, "_wandb": {"runtime": 1}}