{"CV_RMSE": 1864.9750146345382, "RMSE": 831.8475971075168, "RMSE_skane": 761.9306577943456, "RMSE_kronoberg": 69.91693931317116, "CV_RMSE_'skane": 1208.1352924857488, "CV_RMSE_kronoberg": 656.8397221487895, "_timestamp": 1748507986.4883375, "_runtime": 1.364135503768921, "_step": 0, "_wandb": {"runtime": 1}}