{"CV_RMSE": 4946.670805773276, "RMSE": 1871.1652389389642, "RMSE_skane": 1617.6475041005801, "RMSE_kronoberg": 253.517734838384, "CV_RMSE_'skane": 2564.9801862059935, "CV_RMSE_kronoberg": 2381.690619567282, "_timestamp": 1748558403.7203746, "_runtime": 1.2797226905822754, "_step": 0, "_wandb": {"runtime": 1}}