{"CV_RMSE": 5144.171449973854, "RMSE": 1974.0409240142371, "RMSE_skane": 1716.1207369552508, "RMSE_kronoberg": 257.92018705898624, "CV_RMSE_'skane": 2721.121675933273, "CV_RMSE_kronoberg": 2423.0497740405804, "_timestamp": 1748519309.7279012, "_runtime": 1.2597103118896484, "_step": 0, "_wandb": {"runtime": 1}}