{"CV_RMSE": 264.8831602084805, "RMSE": 425.92056099649733, "RMSE_STHLM": 391.79958814970325, "RMSE_S\u00f6dermanland": 34.120972846794096, "CV_RMSE_STHLM": 139.5408109753593, "CV_RMSE_S\u00f6dermanland": 125.34234923312118, "_timestamp": 1748514888.91147, "_runtime": 1.333833932876587, "_step": 0, "_wandb": {"runtime": 1}}