{"CV_RMSE": 301.30830240633964, "RMSE": 21.933634067093628, "RMSE_Kalmar": 14.866278361103456, "RMSE_Blekinge": 7.067355705990172, "CV_RMSE_'Kalmar": 143.8672099461625, "CV_RMSE_Blekinge": 157.44109246017712, "_timestamp": 1748511467.8448982, "_runtime": 1.3838391304016113, "_step": 0, "_wandb": {"runtime": 1}}