{"CV_RMSE": 710.8331414271366, "RMSE": 49.25364204601878, "RMSE_Kalmar": 30.667248844143103, "RMSE_Blekinge": 18.58639320187568, "CV_RMSE_'Kalmar": 296.77982752396554, "CV_RMSE_Blekinge": 414.0533139031711, "_timestamp": 1748514113.5596304, "_runtime": 1.3119354248046875, "_step": 0, "_wandb": {"runtime": 1}}