{"CV_RMSE": 2969.1695905829274, "RMSE": 215.12351393943587, "RMSE_Kalmar": 144.69949579621053, "RMSE_Blekinge": 70.42401814322534, "CV_RMSE_'Kalmar": 1400.31770125365, "CV_RMSE_Blekinge": 1568.8518893292774, "_timestamp": 1748522982.0154135, "_runtime": 1.3369314670562744, "_step": 0, "_wandb": {"runtime": 1}}