{"CV_RMSE": 4037.7055302039453, "RMSE": 1315.648415248381, "RMSE_skane": 1065.7322724286912, "RMSE_kronoberg": 249.91614281968992, "CV_RMSE_'skane": 1689.8503262611382, "CV_RMSE_kronoberg": 2347.8552039428073, "_timestamp": 1748567642.0014744, "_runtime": 1.2840592861175537, "_step": 0, "_wandb": {"runtime": 1}}