{"CV_RMSE": 2176.0861439330906, "RMSE": 123.6463720515487, "RMSE_Kalmar": 45.906431785577034, "RMSE_Blekinge": 77.73994026597165, "CV_RMSE_'Kalmar": 444.2557914733261, "CV_RMSE_Blekinge": 1731.8303524597645, "_timestamp": 1748516029.7934473, "_runtime": 1.3127942085266113, "_step": 0, "_wandb": {"runtime": 1}}