{"CV_RMSE": 304.1070022913105, "RMSE": 21.904482014502307, "RMSE_Kalmar": 14.592613341887011, "RMSE_Blekinge": 7.311868672615294, "CV_RMSE_'Kalmar": 141.21883879245493, "CV_RMSE_Blekinge": 162.88816349885556, "_timestamp": 1748475289.0439084, "_runtime": 1.3620164394378662, "_step": 0, "_wandb": {"runtime": 1}}