{"CV_RMSE": 299.7266930630558, "RMSE": 435.451245647849, "RMSE_STHLM": 391.8499739026046, "RMSE_S\u00f6dermanland": 43.60127174524447, "CV_RMSE_STHLM": 139.55875603970878, "CV_RMSE_S\u00f6dermanland": 160.16793702334704, "_timestamp": 1748533754.3985662, "_runtime": 1.304187297821045, "_step": 0, "_wandb": {"runtime": 1}}