{"CV_RMSE": 4367.036637174756, "RMSE": 1792.885502251192, "RMSE_skane": 1597.6998173050101, "RMSE_kronoberg": 195.18568494618188, "CV_RMSE_'skane": 2533.3506616887053, "CV_RMSE_kronoberg": 1833.685975486051, "_timestamp": 1748547800.675574, "_runtime": 1.314601182937622, "_step": 0, "_wandb": {"runtime": 1}}