{"CV_RMSE": 4554.938172896327, "RMSE": 316.0502036727663, "RMSE_Kalmar": 197.28745974238402, "RMSE_Blekinge": 118.76274393038229, "CV_RMSE_'Kalmar": 1909.2334813779098, "CV_RMSE_Blekinge": 2645.7046915184173, "_timestamp": 1748549373.8968942, "_runtime": 1.4268372058868408, "_step": 0, "_wandb": {"runtime": 1}}