{"CV_RMSE": 4254.313814220304, "RMSE": 1541.121866204344, "RMSE_skane": 1309.2501196945004, "RMSE_kronoberg": 231.87174650984372, "CV_RMSE_'skane": 2075.977991058933, "CV_RMSE_kronoberg": 2178.335823161371, "_timestamp": 1748538100.213666, "_runtime": 1.5238640308380127, "_step": 0, "_wandb": {"runtime": 1}}