{"CV_RMSE": 4094.484193287737, "RMSE": 1806.0616318388668, "RMSE_skane": 1648.4539681494448, "RMSE_kronoberg": 157.607663689422, "CV_RMSE_'skane": 2613.827645057259, "CV_RMSE_kronoberg": 1480.6565482304782, "_timestamp": 1748510564.591163, "_runtime": 1.3608248233795166, "_step": 0, "_wandb": {"runtime": 1}}