{"CV_RMSE": 1503.560027501957, "RMSE": 92.94114696503266, "RMSE_Kalmar": 44.99362622819774, "RMSE_Blekinge": 47.94752073683492, "CV_RMSE_'Kalmar": 435.42218930513934, "CV_RMSE_Blekinge": 1068.1378381968175, "_timestamp": 1748521949.1987221, "_runtime": 1.4022510051727295, "_step": 0, "_wandb": {"runtime": 1}}