{"CV_RMSE": 1054.9714972894376, "RMSE": 1228.1228791741303, "RMSE_STHLM": 1041.956950804058, "RMSE_S\u00f6dermanland": 186.16592837007232, "CV_RMSE_STHLM": 371.09665837896796, "CV_RMSE_S\u00f6dermanland": 683.8748389104697, "_timestamp": 1748313296.3261516, "_runtime": 1.343956708908081, "_step": 0, "_wandb": {"runtime": 1}}