{"CV_RMSE": 2240.744036057541, "RMSE": 948.7194736310261, "RMSE_skane": 854.4133082414527, "RMSE_kronoberg": 94.30616538957341, "CV_RMSE_'skane": 1354.777972898709, "CV_RMSE_kronoberg": 885.9660631588317, "_timestamp": 1748510331.8323922, "_runtime": 1.3686802387237549, "_step": 0, "_wandb": {"runtime": 1}}