{"CV_RMSE": 619.4297215340242, "RMSE": 561.8820151431014, "RMSE_STHLM": 435.48058963502683, "RMSE_S\u00f6dermanland": 126.40142550807457, "CV_RMSE_STHLM": 155.0979543615054, "CV_RMSE_S\u00f6dermanland": 464.3317671725188, "_timestamp": 1748506345.2999148, "_runtime": 1.2880759239196777, "_step": 0, "_wandb": {"runtime": 1}}