{"CV_RMSE": 2662.4254677564486, "RMSE": 165.37905164764982, "RMSE_Kalmar": 81.09340210083987, "RMSE_Blekinge": 84.28564954680994, "CV_RMSE_'Kalmar": 784.7748590403858, "CV_RMSE_Blekinge": 1877.6506087160628, "_timestamp": 1748460908.1777105, "_runtime": 1.3203444480895996, "_step": 0, "_wandb": {"runtime": 1}}