{"CV_RMSE": 4179.303702685791, "RMSE": 1527.7391577964804, "RMSE_skane": 1302.7556848175198, "RMSE_kronoberg": 224.98347297896055, "CV_RMSE_'skane": 2065.680261338562, "CV_RMSE_kronoberg": 2113.623441347229, "_timestamp": 1748578750.1375048, "_runtime": 1.3881618976593018, "_step": 0, "_wandb": {"runtime": 1}}