{"CV_RMSE": 306.3749099749176, "RMSE": 22.227850484476228, "RMSE_Kalmar": 14.984353058574147, "RMSE_Blekinge": 7.243497425902083, "CV_RMSE_'Kalmar": 145.00986830878207, "CV_RMSE_Blekinge": 161.3650416661355, "_timestamp": 1748498101.864764, "_runtime": 1.3729119300842285, "_step": 0, "_wandb": {"runtime": 1}}