{"CV_RMSE": 3181.1135098088507, "RMSE": 1207.397919354427, "RMSE_skane": 1045.1949282289308, "RMSE_kronoberg": 162.2029911254961, "CV_RMSE_'skane": 1657.2858270014758, "CV_RMSE_kronoberg": 1523.827682807375, "_timestamp": 1748558420.084632, "_runtime": 1.3619170188903809, "_step": 0, "_wandb": {"runtime": 1}}