{"CV_RMSE": 861.7471873301449, "RMSE": 1154.8612300786883, "RMSE_STHLM": 1019.0769722874956, "RMSE_S\u00f6dermanland": 135.78425779119286, "CV_RMSE_STHLM": 362.9478729951508, "CV_RMSE_S\u00f6dermanland": 498.79931433499416, "_timestamp": 1748324890.1719391, "_runtime": 1.3002562522888184, "_step": 0, "_wandb": {"runtime": 1}}