{"CV_RMSE": 4600.608363266251, "RMSE": 1886.4561347096555, "RMSE_skane": 1680.359388265851, "RMSE_kronoberg": 206.09674644380445, "CV_RMSE_'skane": 2664.417634671011, "CV_RMSE_kronoberg": 1936.1907285952402, "_timestamp": 1748528801.8557007, "_runtime": 1.3237898349761963, "_step": 0, "_wandb": {"runtime": 1}}