{"CV_RMSE": 273.0248057558592, "RMSE": 433.429061545365, "RMSE_STHLM": 397.65992894005495, "RMSE_S\u00f6dermanland": 35.76913260531004, "CV_RMSE_STHLM": 141.62799210369982, "CV_RMSE_S\u00f6dermanland": 131.39681365215935, "_timestamp": 1748526718.063266, "_runtime": 1.3077869415283203, "_step": 0, "_wandb": {"runtime": 1}}