{"CV_RMSE": 593.5667619971204, "RMSE": 695.680808937791, "RMSE_STHLM": 591.4406358522596, "RMSE_S\u00f6dermanland": 104.24017308553135, "CV_RMSE_STHLM": 210.64367719312767, "CV_RMSE_S\u00f6dermanland": 382.9230848039927, "_timestamp": 1748299541.0658126, "_runtime": 1.3188626766204834, "_step": 0, "_wandb": {"runtime": 1}}