{"CV_RMSE": 2699.3893400026036, "RMSE": 131.23853495641362, "RMSE_Kalmar": 17.79720632856019, "RMSE_Blekinge": 113.44132862785344, "CV_RMSE_'Kalmar": 172.23102898606635, "CV_RMSE_Blekinge": 2527.158311016537, "_timestamp": 1748509690.2031918, "_runtime": 1.3792097568511963, "_step": 0, "_wandb": {"runtime": 1}}