{"CV_RMSE": 4962.981996649018, "RMSE": 1893.5663692385297, "RMSE_skane": 1642.508449845659, "RMSE_kronoberg": 251.05791939287053, "CV_RMSE_'skane": 2604.4002904529475, "CV_RMSE_kronoberg": 2358.5817061960697, "_timestamp": 1748506331.6818748, "_runtime": 1.3953487873077393, "_step": 0, "_wandb": {"runtime": 1}}