{"CV_RMSE": 1054.7415231153166, "RMSE": 1370.100545010464, "RMSE_STHLM": 1199.2469429514847, "RMSE_S\u00f6dermanland": 170.8536020589794, "CV_RMSE_STHLM": 427.1160461639637, "CV_RMSE_S\u00f6dermanland": 627.6254769513529, "_timestamp": 1748322004.554244, "_runtime": 1.2828421592712402, "_step": 0, "_wandb": {"runtime": 1}}