{"CV_RMSE": 269.4504407243802, "RMSE": 424.1484820586412, "RMSE_STHLM": 388.4604553203297, "RMSE_S\u00f6dermanland": 35.688026738311535, "CV_RMSE_STHLM": 138.35156699180718, "CV_RMSE_S\u00f6dermanland": 131.098873732573, "_timestamp": 1748518076.7349138, "_runtime": 1.298536777496338, "_step": 0, "_wandb": {"runtime": 1}}