{"CV_RMSE": 510.44241783783986, "RMSE": 1067.8803390018472, "RMSE_STHLM": 1028.6579498842277, "RMSE_S\u00f6dermanland": 39.22238911761949, "CV_RMSE_STHLM": 366.3601720996458, "CV_RMSE_S\u00f6dermanland": 144.08224573819405, "_timestamp": 1748319609.8802836, "_runtime": 1.2920966148376465, "_step": 0, "_wandb": {"runtime": 1}}