{"CV_RMSE": 1426.4032713669183, "RMSE": 786.6258733715325, "RMSE_skane": 763.6892816094495, "RMSE_kronoberg": 22.93659176208307, "CV_RMSE_'skane": 1210.92380804881, "CV_RMSE_kronoberg": 215.47946331810815, "_timestamp": 1748532449.0829194, "_runtime": 1.342947244644165, "_step": 0, "_wandb": {"runtime": 1}}