{"CV_RMSE": 275.1207051202396, "RMSE": 436.66836186315936, "RMSE_STHLM": 400.61520110763763, "RMSE_S\u00f6dermanland": 36.05316075552172, "CV_RMSE_STHLM": 142.68052275301696, "CV_RMSE_S\u00f6dermanland": 132.44018236722266, "_timestamp": 1748308243.087356, "_runtime": 1.291877031326294, "_step": 0, "_wandb": {"runtime": 1}}