{"CV_RMSE": 273.80829070279935, "RMSE": 434.2177760269351, "RMSE_STHLM": 398.29714096776456, "RMSE_S\u00f6dermanland": 35.92063505917053, "CV_RMSE_STHLM": 141.85493742421374, "CV_RMSE_S\u00f6dermanland": 131.9533532785856, "_timestamp": 1748449814.028187, "_runtime": 1.2669291496276855, "_step": 0, "_wandb": {"runtime": 1}}