{"CV_RMSE": 826.6305586288379, "RMSE": 1244.7619263548213, "RMSE_STHLM": 1129.2154400639192, "RMSE_S\u00f6dermanland": 115.54648629090218, "CV_RMSE_STHLM": 402.17407837654423, "CV_RMSE_S\u00f6dermanland": 424.4564802522937, "_timestamp": 1748346291.046292, "_runtime": 1.3229050636291504, "_step": 0, "_wandb": {"runtime": 1}}