{"CV_RMSE": 275.42895156564066, "RMSE": 437.1709317913435, "RMSE_STHLM": 401.0788074907444, "RMSE_S\u00f6dermanland": 36.09212430059907, "CV_RMSE_STHLM": 142.84563780833793, "CV_RMSE_S\u00f6dermanland": 132.5833137573027, "_timestamp": 1748346505.2531393, "_runtime": 1.355628252029419, "_step": 0, "_wandb": {"runtime": 1}}