{"CV_RMSE": 255.532459277351, "RMSE": 396.6000594932841, "RMSE_STHLM": 362.1499351349104, "RMSE_S\u00f6dermanland": 34.45012435837375, "CV_RMSE_STHLM": 128.98098204250866, "CV_RMSE_S\u00f6dermanland": 126.55147723484235, "_timestamp": 1748433152.0625627, "_runtime": 1.3292245864868164, "_step": 0, "_wandb": {"runtime": 1}}