{"CV_RMSE": 913.2720178249091, "RMSE": 705.726165651691, "RMSE_STHLM": 506.1898009669744, "RMSE_S\u00f6dermanland": 199.53636468471652, "CV_RMSE_STHLM": 180.28129041166483, "CV_RMSE_S\u00f6dermanland": 732.9907274132443, "_timestamp": 1748339023.9085484, "_runtime": 1.325911283493042, "_step": 0, "_wandb": {"runtime": 1}}