{"CV_RMSE": 332.64468906183066, "RMSE": 438.1208964663672, "RMSE_STHLM": 384.8831620240255, "RMSE_S\u00f6dermanland": 53.23773444234167, "CV_RMSE_STHLM": 137.0775013144531, "CV_RMSE_S\u00f6dermanland": 195.56718774737757, "_timestamp": 1748426068.4137583, "_runtime": 1.299821376800537, "_step": 0, "_wandb": {"runtime": 1}}