{"CV_RMSE": 1911.4359134218, "RMSE": 2573.6940242288965, "RMSE_STHLM": 2273.811312574565, "RMSE_S\u00f6dermanland": 299.8827116543315, "CV_RMSE_STHLM": 809.8259522426231, "CV_RMSE_S\u00f6dermanland": 1101.609961179177, "_timestamp": 1748290132.2403638, "_runtime": 1.444056749343872, "_step": 0, "_wandb": {"runtime": 1}}