{"CV_RMSE": 4018.368762580307, "RMSE": 1424.3749450866499, "RMSE_skane": 1199.012188885348, "RMSE_kronoberg": 225.3627562013019, "CV_RMSE_'skane": 1901.1821176828985, "CV_RMSE_kronoberg": 2117.1866448974083, "_timestamp": 1748503968.2071066, "_runtime": 1.2962656021118164, "_step": 0, "_wandb": {"runtime": 1}}