{"CV_RMSE": 3830.197779619846, "RMSE": 1474.5857150614302, "RMSE_skane": 1283.5152037152038, "RMSE_kronoberg": 191.0705113462263, "CV_RMSE_'skane": 2035.1720989141709, "CV_RMSE_kronoberg": 1795.025680705675, "_timestamp": 1748515627.0047176, "_runtime": 1.359243631362915, "_step": 0, "_wandb": {"runtime": 1}}