{"CV_RMSE": 4922.947974586696, "RMSE": 312.6659367180759, "RMSE_Kalmar": 162.09629854638408, "RMSE_Blekinge": 150.56963817169182, "CV_RMSE_'Kalmar": 1568.673856900491, "CV_RMSE_Blekinge": 3354.274117686204, "_timestamp": 1748466946.4745116, "_runtime": 1.3130505084991455, "_step": 0, "_wandb": {"runtime": 1}}