{"CV_RMSE": 2604.31415212474, "RMSE": 163.73230475923452, "RMSE_Kalmar": 82.79393274154747, "RMSE_Blekinge": 80.93837201768706, "CV_RMSE_'Kalmar": 801.2316071762658, "CV_RMSE_Blekinge": 1803.0825449484742, "_timestamp": 1748540631.6904962, "_runtime": 1.3160572052001953, "_step": 0, "_wandb": {"runtime": 1}}