{"CV_RMSE": 1610.658612034957, "RMSE": 2127.1894481798695, "RMSE_STHLM": 1870.0380053585814, "RMSE_S\u00f6dermanland": 257.151442821288, "CV_RMSE_STHLM": 666.0206588138992, "CV_RMSE_S\u00f6dermanland": 944.637953221058, "_timestamp": 1748300946.8722234, "_runtime": 1.3107342720031738, "_step": 0, "_wandb": {"runtime": 1}}