{"CV_RMSE": 272.1544446548713, "RMSE": 431.8360447697235, "RMSE_STHLM": 396.15825183429814, "RMSE_S\u00f6dermanland": 35.67779293542536, "CV_RMSE_STHLM": 141.093164483921, "CV_RMSE_S\u00f6dermanland": 131.0612801709503, "_timestamp": 1748500425.557379, "_runtime": 1.3278379440307617, "_step": 0, "_wandb": {"runtime": 1}}