{"CV_RMSE": 1045.335826792864, "RMSE": 902.0221636744827, "RMSE_STHLM": 683.7500810400293, "RMSE_S\u00f6dermanland": 218.27208263445348, "CV_RMSE_STHLM": 243.52001303364716, "CV_RMSE_S\u00f6dermanland": 801.8158137592169, "_timestamp": 1748335646.4806376, "_runtime": 1.2969715595245361, "_step": 0, "_wandb": {"runtime": 1}}