{"CV_RMSE": 826.9205361122822, "RMSE": 510.66396851863556, "RMSE_STHLM": 316.21587101313526, "RMSE_S\u00f6dermanland": 194.44809750550027, "CV_RMSE_STHLM": 112.62140241860773, "CV_RMSE_S\u00f6dermanland": 714.2991336936744, "_timestamp": 1748292223.4959335, "_runtime": 1.382324457168579, "_step": 0, "_wandb": {"runtime": 1}}