{"CV_RMSE": 4981.196200497938, "RMSE": 1949.2569864286293, "RMSE_skane": 1707.174687610638, "RMSE_kronoberg": 242.08229881799124, "CV_RMSE_'skane": 2706.9366082621113, "CV_RMSE_kronoberg": 2274.259592235826, "_timestamp": 1748502053.3768618, "_runtime": 1.3532307147979736, "_step": 0, "_wandb": {"runtime": 1}}