{"CV_RMSE": 1061.4750851555364, "RMSE": 1861.7934855694523, "RMSE_STHLM": 1741.699180487163, "RMSE_S\u00f6dermanland": 120.09430508228924, "CV_RMSE_STHLM": 620.3123317920248, "CV_RMSE_S\u00f6dermanland": 441.1627533635115, "_timestamp": 1748362329.8133118, "_runtime": 1.5431609153747559, "_step": 0, "_wandb": {"runtime": 1}}