{"CV_RMSE": 275.3629329884568, "RMSE": 436.8084731983885, "RMSE_STHLM": 400.6973358350115, "RMSE_S\u00f6dermanland": 36.11113736337705, "CV_RMSE_STHLM": 142.70977532707175, "CV_RMSE_S\u00f6dermanland": 132.65315766138508, "_timestamp": 1748528987.4923992, "_runtime": 1.341597318649292, "_step": 0, "_wandb": {"runtime": 1}}