{"CV_RMSE": 304.29873819899285, "RMSE": 22.031808473315138, "RMSE_Kalmar": 14.80251690019478, "RMSE_Blekinge": 7.229291573120357, "CV_RMSE_'Kalmar": 143.25016355027205, "CV_RMSE_Blekinge": 161.04857464872083, "_timestamp": 1748493791.6523027, "_runtime": 1.330068826675415, "_step": 0, "_wandb": {"runtime": 1}}