{"CV_RMSE": 262.8428147482249, "RMSE": 421.0006255513706, "RMSE_STHLM": 386.9664979251314, "RMSE_S\u00f6dermanland": 34.0341276262392, "CV_RMSE_STHLM": 137.81948877428502, "CV_RMSE_S\u00f6dermanland": 125.0233259739399, "_timestamp": 1748397687.7756474, "_runtime": 1.2844502925872803, "_step": 0, "_wandb": {"runtime": 1}}