{"CV_RMSE": 963.1117447338811, "RMSE": 1614.0053488300389, "RMSE_STHLM": 1496.9595077433248, "RMSE_S\u00f6dermanland": 117.04584108671396, "CV_RMSE_STHLM": 533.1474305377889, "CV_RMSE_S\u00f6dermanland": 429.9643141960922, "_timestamp": 1748400075.368417, "_runtime": 1.2983980178833008, "_step": 0, "_wandb": {"runtime": 1}}