{"CV_RMSE": 3212.420562403492, "RMSE": 1373.0727273160398, "RMSE_skane": 1240.5012352862054, "RMSE_kronoberg": 132.5714920298345, "CV_RMSE_'skane": 1966.9681320605794, "CV_RMSE_kronoberg": 1245.452430342913, "_timestamp": 1748520824.0081317, "_runtime": 1.302398681640625, "_step": 0, "_wandb": {"runtime": 1}}