{"CV_RMSE": 306.85939773385144, "RMSE": 22.249150447985755, "RMSE_Kalmar": 14.98356069562275, "RMSE_Blekinge": 7.265589752363005, "CV_RMSE_'Kalmar": 145.00220028022017, "CV_RMSE_Blekinge": 161.8571974536313, "_timestamp": 1748469161.8503401, "_runtime": 1.2962861061096191, "_step": 0, "_wandb": {"runtime": 1}}