{"CV_RMSE": 272.83200930521457, "RMSE": 434.87777982598726, "RMSE_STHLM": 399.32230266688333, "RMSE_S\u00f6dermanland": 35.55547715910395, "CV_RMSE_STHLM": 142.22005239422043, "CV_RMSE_S\u00f6dermanland": 130.6119569109941, "_timestamp": 1748542579.4794068, "_runtime": 1.2704439163208008, "_step": 0, "_wandb": {"runtime": 1}}