{"CV_RMSE": 274.9810908155863, "RMSE": 436.3987939604338, "RMSE_STHLM": 400.35877839318476, "RMSE_S\u00f6dermanland": 36.04001556724902, "CV_RMSE_STHLM": 142.58919689507965, "CV_RMSE_S\u00f6dermanland": 132.39189392050662, "_timestamp": 1748486894.176314, "_runtime": 1.3095149993896484, "_step": 0, "_wandb": {"runtime": 1}}