{"CV_RMSE": 254.64898393131813, "RMSE": 87.74151533106536, "RMSE_skane": 72.94772306898723, "RMSE_kronoberg": 14.793792262078124, "CV_RMSE_'skane": 115.66763700156538, "CV_RMSE_kronoberg": 138.98134692975276, "_timestamp": 1748534363.695106, "_runtime": 1.6890649795532227, "_step": 0, "_wandb": {"runtime": 1}}