{"CV_RMSE": 3024.0431731163308, "RMSE": 1237.1949453306772, "RMSE_skane": 1101.156451339776, "RMSE_kronoberg": 136.03849399090123, "CV_RMSE_'skane": 1746.0197431391796, "CV_RMSE_kronoberg": 1278.0234299771514, "_timestamp": 1748537784.3578994, "_runtime": 1.3916423320770264, "_step": 0, "_wandb": {"runtime": 1}}