{"CV_RMSE": 275.5239674367042, "RMSE": 437.0313392538985, "RMSE_STHLM": 400.89558562935355, "RMSE_S\u00f6dermanland": 36.135753624544996, "CV_RMSE_STHLM": 142.78038269347772, "CV_RMSE_S\u00f6dermanland": 132.7435847432265, "_timestamp": 1748334221.4652941, "_runtime": 1.2532570362091064, "_step": 0, "_wandb": {"runtime": 1}}