{"CV_RMSE": 305.32925089647375, "RMSE": 22.124781388367907, "RMSE_Kalmar": 14.88511070422819, "RMSE_Blekinge": 7.239670684139716, "CV_RMSE_'Kalmar": 144.04945842801473, "CV_RMSE_Blekinge": 161.27979246845902, "_timestamp": 1748491446.19775, "_runtime": 1.5049951076507568, "_step": 0, "_wandb": {"runtime": 1}}