{"CV_RMSE": 259.4568347386759, "RMSE": 403.37497266185306, "RMSE_STHLM": 368.469219050354, "RMSE_S\u00f6dermanland": 34.90575361149905, "CV_RMSE_STHLM": 131.23161739031207, "CV_RMSE_S\u00f6dermanland": 128.22521734836386, "_timestamp": 1748460256.7385538, "_runtime": 1.3274977207183838, "_step": 0, "_wandb": {"runtime": 1}}