{"CV_RMSE": 277.91303966893327, "RMSE": 94.43783403799387, "RMSE_skane": 78.02459013208916, "RMSE_kronoberg": 16.413243905904707, "CV_RMSE_'skane": 123.71763763016251, "CV_RMSE_kronoberg": 154.19540203877074, "_timestamp": 1748546899.0652356, "_runtime": 1.3862626552581787, "_step": 0, "_wandb": {"runtime": 1}}