{"CV_RMSE": 1155.826314730984, "RMSE": 1744.9310955155938, "RMSE_STHLM": 1583.8481749374048, "RMSE_S\u00f6dermanland": 161.08292057818906, "CV_RMSE_STHLM": 564.0931370968201, "CV_RMSE_S\u00f6dermanland": 591.7331776341639, "_timestamp": 1748308620.1476765, "_runtime": 1.2839374542236328, "_step": 0, "_wandb": {"runtime": 1}}