{"CV_RMSE": 273.58473401714787, "RMSE": 434.35039794078045, "RMSE_STHLM": 398.51139226589277, "RMSE_S\u00f6dermanland": 35.83900567488771, "CV_RMSE_STHLM": 141.93124378286646, "CV_RMSE_S\u00f6dermanland": 131.65349023428138, "_timestamp": 1748536485.6103754, "_runtime": 1.2883844375610352, "_step": 0, "_wandb": {"runtime": 1}}