{"CV_RMSE": 1009.4914586373179, "RMSE": 810.6737219785691, "RMSE_STHLM": 593.3995235571217, "RMSE_S\u00f6dermanland": 217.27419842144738, "CV_RMSE_STHLM": 211.3413419871031, "CV_RMSE_S\u00f6dermanland": 798.1501166502148, "_timestamp": 1748350141.726156, "_runtime": 1.3100841045379639, "_step": 0, "_wandb": {"runtime": 1}}