{"CV_RMSE": 1286.7992918682014, "RMSE": 1290.420141502387, "RMSE_STHLM": 1041.058420602735, "RMSE_S\u00f6dermanland": 249.36172089965197, "CV_RMSE_STHLM": 370.7766436653983, "CV_RMSE_S\u00f6dermanland": 916.0226482028031, "_timestamp": 1748363315.198679, "_runtime": 1.2968518733978271, "_step": 0, "_wandb": {"runtime": 1}}