{"CV_RMSE": 246.20040013980534, "RMSE": 370.3104168514985, "RMSE_STHLM": 335.8509203977054, "RMSE_S\u00f6dermanland": 34.45949645379305, "CV_RMSE_STHLM": 119.61449479934107, "CV_RMSE_S\u00f6dermanland": 126.58590534046427, "_timestamp": 1748561584.8759284, "_runtime": 1.3503844738006592, "_step": 0, "_wandb": {"runtime": 1}}