{"CV_RMSE": 689.8222835827164, "RMSE": 694.0265739509828, "RMSE_STHLM": 560.5927130374947, "RMSE_S\u00f6dermanland": 133.43386091348805, "CV_RMSE_STHLM": 199.65708022704598, "CV_RMSE_S\u00f6dermanland": 490.16520335567037, "_timestamp": 1748292072.054867, "_runtime": 1.4241750240325928, "_step": 0, "_wandb": {"runtime": 1}}