{"CV_RMSE": 266.4750469266204, "RMSE": 424.02212225588977, "RMSE_STHLM": 389.21745738075543, "RMSE_S\u00f6dermanland": 34.804664875134335, "CV_RMSE_STHLM": 138.62117595673917, "CV_RMSE_S\u00f6dermanland": 127.85387096988124, "_timestamp": 1748441250.587831, "_runtime": 1.2824690341949463, "_step": 0, "_wandb": {"runtime": 1}}