{"CV_RMSE": 2126.2473126244618, "RMSE": 170.73401020384722, "RMSE_Kalmar": 133.115763647431, "RMSE_Blekinge": 37.6182465564162, "CV_RMSE_'Kalmar": 1288.2170675557838, "CV_RMSE_Blekinge": 838.0302450686778, "_timestamp": 1748515426.2324948, "_runtime": 1.2917158603668213, "_step": 0, "_wandb": {"runtime": 1}}