{"CV_RMSE": 931.1746843370793, "RMSE": 1127.487114334438, "RMSE_STHLM": 967.8351005148804, "RMSE_S\u00f6dermanland": 159.65201381955754, "CV_RMSE_STHLM": 344.6978988774802, "CV_RMSE_S\u00f6dermanland": 586.4767854595991, "_timestamp": 1748322374.7358096, "_runtime": 1.355203628540039, "_step": 0, "_wandb": {"runtime": 1}}