{"CV_RMSE": 275.62524455621093, "RMSE": 437.19929754603726, "RMSE_STHLM": 401.05104641422434, "RMSE_S\u00f6dermanland": 36.1482511318129, "CV_RMSE_STHLM": 142.83575060261253, "CV_RMSE_S\u00f6dermanland": 132.7894939535984, "_timestamp": 1748517898.507538, "_runtime": 1.2561190128326416, "_step": 0, "_wandb": {"runtime": 1}}