{"CV_RMSE": 304.5502551639332, "RMSE": 22.038760461393046, "RMSE_Kalmar": 14.794846470567558, "RMSE_Blekinge": 7.243913990825488, "CV_RMSE_'Kalmar": 143.17593358613766, "CV_RMSE_Blekinge": 161.3743215777955, "_timestamp": 1748458510.7929962, "_runtime": 1.2831852436065674, "_step": 0, "_wandb": {"runtime": 1}}