{"CV_RMSE": 3242.9012828600726, "RMSE": 226.74378175704337, "RMSE_Kalmar": 143.51976833761435, "RMSE_Blekinge": 83.22401341942901, "CV_RMSE_'Kalmar": 1388.900983912397, "CV_RMSE_Blekinge": 1854.000298947676, "_timestamp": 1748522887.557892, "_runtime": 1.369534969329834, "_step": 0, "_wandb": {"runtime": 1}}