{"CV_RMSE": 272.04642133929593, "RMSE": 434.05589774251047, "RMSE_STHLM": 398.6489960504009, "RMSE_S\u00f6dermanland": 35.40690169210957, "CV_RMSE_STHLM": 141.98025185807708, "CV_RMSE_S\u00f6dermanland": 130.06616948121885, "_timestamp": 1748531202.325857, "_runtime": 1.2782080173492432, "_step": 0, "_wandb": {"runtime": 1}}