{"CV_RMSE": 3169.104538669768, "RMSE": 253.2771075825948, "RMSE_Kalmar": 196.289276129555, "RMSE_Blekinge": 56.98783145303982, "CV_RMSE_'Kalmar": 1899.5736399634354, "CV_RMSE_Blekinge": 1269.5308987063324, "_timestamp": 1748493070.550401, "_runtime": 1.3080739974975586, "_step": 0, "_wandb": {"runtime": 1}}