{"CV_RMSE": 349.66429742580465, "RMSE": 472.2811440043615, "RMSE_STHLM": 417.58038480297125, "RMSE_S\u00f6dermanland": 54.700759201390255, "CV_RMSE_STHLM": 148.7227330125343, "CV_RMSE_S\u00f6dermanland": 200.94156441327033, "_timestamp": 1748531082.2130299, "_runtime": 1.30129075050354, "_step": 0, "_wandb": {"runtime": 1}}