{"CV_RMSE": 1016.7086930655216, "RMSE": 553.5326261202848, "RMSE_STHLM": 306.4756300896404, "RMSE_S\u00f6dermanland": 247.05699603064443, "CV_RMSE_STHLM": 109.15238111621542, "CV_RMSE_S\u00f6dermanland": 907.5563119493062, "_timestamp": 1748327613.3522816, "_runtime": 1.2510194778442383, "_step": 0, "_wandb": {"runtime": 1}}