{"CV_RMSE": 3548.751885561772, "RMSE": 249.36969436859619, "RMSE_Kalmar": 159.24953177479534, "RMSE_Blekinge": 90.12016259380083, "CV_RMSE_'Kalmar": 1541.1245010464065, "CV_RMSE_Blekinge": 2007.627384515365, "_timestamp": 1748497261.5860467, "_runtime": 1.4241857528686523, "_step": 0, "_wandb": {"runtime": 1}}