{"CV_RMSE": 580.2459336962769, "RMSE": 480.6781744996867, "RMSE_STHLM": 357.37044065842196, "RMSE_S\u00f6dermanland": 123.30773384126475, "CV_RMSE_STHLM": 127.27874815693698, "CV_RMSE_S\u00f6dermanland": 452.9671855393399, "_timestamp": 1748397835.497724, "_runtime": 1.3023951053619385, "_step": 0, "_wandb": {"runtime": 1}}