{"CV_RMSE": 3014.772129702419, "RMSE": 1313.5568493081482, "RMSE_skane": 1194.2110366777479, "RMSE_kronoberg": 119.34581263040035, "CV_RMSE_'skane": 1893.5692970577397, "CV_RMSE_kronoberg": 1121.2028326446796, "_timestamp": 1748573180.2687728, "_runtime": 1.307154893875122, "_step": 0, "_wandb": {"runtime": 1}}