{"CV_RMSE": 851.5715505909282, "RMSE": 800.2588821516606, "RMSE_STHLM": 629.4712509170412, "RMSE_S\u00f6dermanland": 170.7876312346194, "CV_RMSE_STHLM": 224.18841544334668, "CV_RMSE_S\u00f6dermanland": 627.3831351475815, "_timestamp": 1748458624.611022, "_runtime": 1.2615900039672852, "_step": 0, "_wandb": {"runtime": 1}}