{"CV_RMSE": 304.87565465442447, "RMSE": 22.109167823434447, "RMSE_Kalmar": 14.89350522082509, "RMSE_Blekinge": 7.215662602609357, "CV_RMSE_'Kalmar": 144.1306956854041, "CV_RMSE_Blekinge": 160.74495896902033, "_timestamp": 1748534260.1088219, "_runtime": 1.3860278129577637, "_step": 0, "_wandb": {"runtime": 1}}