{"CV_RMSE": 1118.1321135475664, "RMSE": 1435.531588378014, "RMSE_STHLM": 1252.5937910064833, "RMSE_S\u00f6dermanland": 182.93779737153056, "CV_RMSE_STHLM": 446.1157150399031, "CV_RMSE_S\u00f6dermanland": 672.0163985076633, "_timestamp": 1748291593.1630173, "_runtime": 1.283461332321167, "_step": 0, "_wandb": {"runtime": 1}}