{"CV_RMSE": 4678.286377295002, "RMSE": 1749.3627839479254, "RMSE_skane": 1505.4816311931963, "RMSE_kronoberg": 243.8811527547292, "CV_RMSE_'skane": 2387.1273221879433, "CV_RMSE_kronoberg": 2291.1590551070594, "_timestamp": 1748523961.7535849, "_runtime": 1.3054559230804443, "_step": 0, "_wandb": {"runtime": 1}}