{"CV_RMSE": 3830.661866671042, "RMSE": 270.98995456723753, "RMSE_Kalmar": 175.10131879639502, "RMSE_Blekinge": 95.88863577084248, "CV_RMSE_'Kalmar": 1694.5288915780163, "CV_RMSE_Blekinge": 2136.132975093026, "_timestamp": 1748518167.845065, "_runtime": 1.2991151809692383, "_step": 0, "_wandb": {"runtime": 1}}