{"CV_RMSE": 1303.4928467321315, "RMSE": 1215.5855894222477, "RMSE_STHLM": 953.1572364487557, "RMSE_S\u00f6dermanland": 262.42835297349205, "CV_RMSE_STHLM": 339.4703256050179, "CV_RMSE_S\u00f6dermanland": 964.0225211271137, "_timestamp": 1748308761.9964423, "_runtime": 1.2806203365325928, "_step": 0, "_wandb": {"runtime": 1}}