{"CV_RMSE": 258.46701343738886, "RMSE": 409.3219461753778, "RMSE_STHLM": 375.3530514959454, "RMSE_S\u00f6dermanland": 33.968894679432374, "CV_RMSE_STHLM": 133.68331869661688, "CV_RMSE_S\u00f6dermanland": 124.78369474077199, "_timestamp": 1748523701.9025598, "_runtime": 1.3094618320465088, "_step": 0, "_wandb": {"runtime": 1}}