{"CV_RMSE": 681.4710005940459, "RMSE": 583.6334149042702, "RMSE_STHLM": 440.8650097302557, "RMSE_S\u00f6dermanland": 142.76840517401456, "CV_RMSE_STHLM": 157.01563464868624, "CV_RMSE_S\u00f6dermanland": 524.4553659453596, "_timestamp": 1748367815.249982, "_runtime": 1.3304460048675537, "_step": 0, "_wandb": {"runtime": 1}}