{"CV_RMSE": 430.39478490407294, "RMSE": 569.8658752027543, "RMSE_STHLM": 501.3059171865513, "RMSE_S\u00f6dermanland": 68.55995801620304, "CV_RMSE_STHLM": 178.5418779057761, "CV_RMSE_S\u00f6dermanland": 251.85290699829687, "_timestamp": 1748329928.9170618, "_runtime": 1.3355166912078857, "_step": 0, "_wandb": {"runtime": 1}}