{"CV_RMSE": 3793.8204488806778, "RMSE": 1829.4181479504487, "RMSE_skane": 1715.055537810361, "RMSE_kronoberg": 114.36261014008751, "CV_RMSE_'skane": 2719.4326709466613, "CV_RMSE_kronoberg": 1074.3877779340164, "_timestamp": 1748557839.7312179, "_runtime": 1.336188793182373, "_step": 0, "_wandb": {"runtime": 1}}