{"CV_RMSE": 831.4829096723965, "RMSE": 1271.577506020737, "RMSE_STHLM": 1157.4472588962587, "RMSE_S\u00f6dermanland": 114.13024712447819, "CV_RMSE_STHLM": 412.22894064370115, "CV_RMSE_S\u00f6dermanland": 419.2539690286954, "_timestamp": 1748307882.2255733, "_runtime": 1.2961533069610596, "_step": 0, "_wandb": {"runtime": 1}}