{"CV_RMSE": 1927.4479950073846, "RMSE": 145.52806968602704, "RMSE_Kalmar": 104.32809095645793, "RMSE_Blekinge": 41.199978729569125, "CV_RMSE_'Kalmar": 1009.6266866753992, "CV_RMSE_Blekinge": 917.8213083319854, "_timestamp": 1748541552.6874652, "_runtime": 1.4296331405639648, "_step": 0, "_wandb": {"runtime": 1}}