{"CV_RMSE": 4095.687783510866, "RMSE": 243.09863236471838, "RMSE_Kalmar": 104.75364150232159, "RMSE_Blekinge": 138.3449908623968, "CV_RMSE_'Kalmar": 1013.7449177644024, "CV_RMSE_Blekinge": 3081.9428657464637, "_timestamp": 1748474464.3602872, "_runtime": 1.3103961944580078, "_step": 0, "_wandb": {"runtime": 1}}