{"CV_RMSE": 1129.0144295679552, "RMSE": 1756.1030504311527, "RMSE_STHLM": 1604.3019763529098, "RMSE_S\u00f6dermanland": 151.80107407824298, "CV_RMSE_STHLM": 571.3778309131851, "CV_RMSE_S\u00f6dermanland": 557.6365986547702, "_timestamp": 1748392352.7539372, "_runtime": 1.307955265045166, "_step": 0, "_wandb": {"runtime": 1}}