{"CV_RMSE": 268.24178506860784, "RMSE": 426.92868404817045, "RMSE_STHLM": 391.9034927295759, "RMSE_S\u00f6dermanland": 35.02519131859458, "CV_RMSE_STHLM": 139.5778169594849, "CV_RMSE_S\u00f6dermanland": 128.66396810912295, "_timestamp": 1748402716.5286198, "_runtime": 1.31520676612854, "_step": 0, "_wandb": {"runtime": 1}}