{"CV_RMSE": 267.6911905124167, "RMSE": 424.79735448516783, "RMSE_STHLM": 389.70931536250964, "RMSE_S\u00f6dermanland": 35.08803912265819, "CV_RMSE_STHLM": 138.7963529189785, "CV_RMSE_S\u00f6dermanland": 128.89483759343824, "_timestamp": 1748462155.1832607, "_runtime": 1.3303515911102295, "_step": 0, "_wandb": {"runtime": 1}}