{"CV_RMSE": 265.13561395043223, "RMSE": 426.2106048229201, "RMSE_STHLM": 392.04466984022076, "RMSE_S\u00f6dermanland": 34.165934982699376, "CV_RMSE_STHLM": 139.62809768745495, "CV_RMSE_S\u00f6dermanland": 125.5075162629773, "_timestamp": 1748540002.7016656, "_runtime": 1.3347866535186768, "_step": 0, "_wandb": {"runtime": 1}}