{"CV_RMSE": 4067.624630267558, "RMSE": 288.62370014313257, "RMSE_Kalmar": 187.47199917910697, "RMSE_Blekinge": 101.1517009640256, "CV_RMSE_'Kalmar": 1814.2451533461963, "CV_RMSE_Blekinge": 2253.379476921362, "_timestamp": 1748549188.727224, "_runtime": 1.3667089939117432, "_step": 0, "_wandb": {"runtime": 1}}