{"CV_RMSE": 275.00670140168273, "RMSE": 436.54947632649765, "RMSE_STHLM": 400.5179180402429, "RMSE_S\u00f6dermanland": 36.03155828625478, "CV_RMSE_STHLM": 142.64587504401212, "CV_RMSE_S\u00f6dermanland": 132.36082635767062, "_timestamp": 1748492642.3889835, "_runtime": 1.3128244876861572, "_step": 0, "_wandb": {"runtime": 1}}