{"CV_RMSE": 4046.0556580833036, "RMSE": 293.0809704484669, "RMSE_Kalmar": 197.06457346823177, "RMSE_Blekinge": 96.01639698023513, "CV_RMSE_'Kalmar": 1907.0765174345008, "CV_RMSE_Blekinge": 2138.9791406488025, "_timestamp": 1748495892.2704523, "_runtime": 1.339874267578125, "_step": 0, "_wandb": {"runtime": 1}}