{"CV_RMSE": 2229.966575749285, "RMSE": 741.8590940267484, "RMSE_skane": 606.9296280729947, "RMSE_kronoberg": 134.92946595375378, "CV_RMSE_'skane": 962.3619895449175, "CV_RMSE_kronoberg": 1267.6045862043675, "_timestamp": 1748509464.01395, "_runtime": 1.367238998413086, "_step": 0, "_wandb": {"runtime": 1}}