{"CV_RMSE": 306.982537927802, "RMSE": 22.25695260818449, "RMSE_Kalmar": 14.987582209605073, "RMSE_Blekinge": 7.26937039857942, "CV_RMSE_'Kalmar": 145.04111815746845, "CV_RMSE_Blekinge": 161.9414197703336, "_timestamp": 1748491847.36306, "_runtime": 1.233469009399414, "_step": 0, "_wandb": {"runtime": 1}}