{"CV_RMSE": 271.71028645037165, "RMSE": 428.68400952108016, "RMSE_STHLM": 392.8016987331146, "RMSE_S\u00f6dermanland": 35.88231078796556, "CV_RMSE_STHLM": 139.89771620886552, "CV_RMSE_S\u00f6dermanland": 131.81257024150614, "_timestamp": 1748465633.114816, "_runtime": 1.3223650455474854, "_step": 0, "_wandb": {"runtime": 1}}