{"CV_RMSE": 275.3300370309297, "RMSE": 436.69749751475194, "RMSE_STHLM": 400.5843620222983, "RMSE_S\u00f6dermanland": 36.11313549245361, "CV_RMSE_STHLM": 142.66953930354907, "CV_RMSE_S\u00f6dermanland": 132.6604977273806, "_timestamp": 1748428535.904416, "_runtime": 1.2374451160430908, "_step": 0, "_wandb": {"runtime": 1}}