{"CV_RMSE": 4839.280930110763, "RMSE": 341.1075331670859, "RMSE_Kalmar": 219.02311397281224, "RMSE_Blekinge": 122.08441919427364, "CV_RMSE_'Kalmar": 2119.5785223175376, "CV_RMSE_Blekinge": 2719.7024077932247, "_timestamp": 1748569621.911986, "_runtime": 1.3594441413879395, "_step": 0, "_wandb": {"runtime": 1}}