{"CV_RMSE": 275.3083041789704, "RMSE": 436.61447459519013, "RMSE_STHLM": 400.4989769354746, "RMSE_S\u00f6dermanland": 36.115497659715544, "CV_RMSE_STHLM": 142.63912910246427, "CV_RMSE_S\u00f6dermanland": 132.6691750765061, "_timestamp": 1748326476.595391, "_runtime": 1.2592740058898926, "_step": 0, "_wandb": {"runtime": 1}}