{"CV_RMSE": 749.0447526383714, "RMSE": 1189.9432355154115, "RMSE_STHLM": 1091.8994344644052, "RMSE_S\u00f6dermanland": 98.04380105100641, "CV_RMSE_STHLM": 388.88385081834775, "CV_RMSE_S\u00f6dermanland": 360.1609018200236, "_timestamp": 1748291085.0017612, "_runtime": 1.3457562923431396, "_step": 0, "_wandb": {"runtime": 1}}