{"CV_RMSE": 266.49758931007443, "RMSE": 415.4605446480246, "RMSE_STHLM": 379.7298966244501, "RMSE_S\u00f6dermanland": 35.73064802357451, "CV_RMSE_STHLM": 135.24214759082116, "CV_RMSE_S\u00f6dermanland": 131.2554417192533, "_timestamp": 1748510797.9104364, "_runtime": 1.425356388092041, "_step": 0, "_wandb": {"runtime": 1}}