{"CV_RMSE": 4892.239474134594, "RMSE": 1926.3385809165657, "RMSE_skane": 1690.9942905438222, "RMSE_kronoberg": 235.3442903727435, "CV_RMSE_'skane": 2681.2805875430586, "CV_RMSE_kronoberg": 2210.958886591536, "_timestamp": 1748578844.6429675, "_runtime": 1.324500560760498, "_step": 0, "_wandb": {"runtime": 1}}