{"CV_RMSE": 436.35578530384703, "RMSE": 32.67206042562901, "RMSE_Kalmar": 23.13425224084357, "RMSE_Blekinge": 9.537808184785447, "CV_RMSE_'Kalmar": 223.87986039526035, "CV_RMSE_Blekinge": 212.47592490858668, "_timestamp": 1748503672.6763997, "_runtime": 1.3693666458129883, "_step": 0, "_wandb": {"runtime": 1}}