{"CV_RMSE": 722.7578091081442, "RMSE": 376.7981295480676, "RMSE_skane": 360.7527201960475, "RMSE_kronoberg": 16.045409352020126, "CV_RMSE_'skane": 572.0180552791451, "CV_RMSE_kronoberg": 150.7397538289991, "_timestamp": 1748500693.7579439, "_runtime": 1.3054819107055664, "_step": 0, "_wandb": {"runtime": 1}}