{"CV_RMSE": 4841.112562602231, "RMSE": 1934.4108425516513, "RMSE_skane": 1707.2528633037107, "RMSE_kronoberg": 227.1579792479407, "CV_RMSE_'skane": 2707.0605654921414, "CV_RMSE_kronoberg": 2134.05199711009, "_timestamp": 1748520178.8408537, "_runtime": 1.3295106887817383, "_step": 0, "_wandb": {"runtime": 1}}