{"CV_RMSE": 1211.6733016657702, "RMSE": 1614.1380374337662, "RMSE_STHLM": 1422.177925004777, "RMSE_S\u00f6dermanland": 191.96011242898908, "CV_RMSE_STHLM": 506.51370498785104, "CV_RMSE_S\u00f6dermanland": 705.1595966779191, "_timestamp": 1748395572.2213554, "_runtime": 1.3109543323516846, "_step": 0, "_wandb": {"runtime": 1}}