{"CV_RMSE": 274.8866002603063, "RMSE": 435.8003332538821, "RMSE_STHLM": 399.7245498096916, "RMSE_S\u00f6dermanland": 36.07578344419052, "CV_RMSE_STHLM": 142.36331413879006, "CV_RMSE_S\u00f6dermanland": 132.5232861215162, "_timestamp": 1748558412.8834147, "_runtime": 1.2857236862182617, "_step": 0, "_wandb": {"runtime": 1}}