{"CV_RMSE": 259.62447200993836, "RMSE": 414.57662542242525, "RMSE_STHLM": 380.8229692325391, "RMSE_S\u00f6dermanland": 33.753656189886165, "CV_RMSE_STHLM": 135.631449271581, "CV_RMSE_S\u00f6dermanland": 123.99302273835734, "_timestamp": 1748446691.23161, "_runtime": 1.2977190017700195, "_step": 0, "_wandb": {"runtime": 1}}