{"CV_RMSE": 397.0053513862361, "RMSE": 855.1520321920293, "RMSE_STHLM": 827.2861518603772, "RMSE_S\u00f6dermanland": 27.865880331652107, "CV_RMSE_STHLM": 294.6408930250651, "CV_RMSE_S\u00f6dermanland": 102.364458361171, "_timestamp": 1748322521.700073, "_runtime": 1.303718090057373, "_step": 0, "_wandb": {"runtime": 1}}