{"CV_RMSE": 266.7917840993919, "RMSE": 433.69504983237607, "RMSE_STHLM": 399.8334094951202, "RMSE_S\u00f6dermanland": 33.861640337255864, "CV_RMSE_STHLM": 142.40208490130914, "CV_RMSE_S\u00f6dermanland": 124.38969919808277, "_timestamp": 1748455495.2495852, "_runtime": 1.2733662128448486, "_step": 0, "_wandb": {"runtime": 1}}