{"CV_RMSE": 4839.70816820354, "RMSE": 1824.4828500492522, "RMSE_skane": 1575.1836008390346, "RMSE_kronoberg": 249.29924921021757, "CV_RMSE_'skane": 2497.648415706715, "CV_RMSE_kronoberg": 2342.059752496825, "_timestamp": 1748508311.0152917, "_runtime": 1.2733826637268066, "_step": 0, "_wandb": {"runtime": 1}}