{"CV_RMSE": 1476.5331835024385, "RMSE": 2110.7154188049226, "RMSE_STHLM": 1892.2272057084056, "RMSE_S\u00f6dermanland": 218.4882130965171, "CV_RMSE_STHLM": 673.9234211070697, "CV_RMSE_S\u00f6dermanland": 802.609762395369, "_timestamp": 1748324159.9897153, "_runtime": 1.3740363121032715, "_step": 0, "_wandb": {"runtime": 1}}