{"CV_RMSE": 1442.039168998645, "RMSE": 2339.225667104854, "RMSE_STHLM": 2155.6689329934625, "RMSE_S\u00f6dermanland": 183.55673411139148, "CV_RMSE_STHLM": 767.7491253241457, "CV_RMSE_S\u00f6dermanland": 674.2900436744993, "_timestamp": 1748340048.0471907, "_runtime": 1.327542781829834, "_step": 0, "_wandb": {"runtime": 1}}