{"CV_RMSE": 730.7538733506019, "RMSE": 1614.6199840751146, "RMSE_STHLM": 1567.6840712253263, "RMSE_S\u00f6dermanland": 46.93591284978826, "CV_RMSE_STHLM": 558.3362343105634, "CV_RMSE_S\u00f6dermanland": 172.4176390400385, "_timestamp": 1748342736.9147525, "_runtime": 1.3028554916381836, "_step": 0, "_wandb": {"runtime": 1}}