{"CV_RMSE": 305.4834864912499, "RMSE": 22.16797370074885, "RMSE_Kalmar": 14.949236233792876, "RMSE_Blekinge": 7.218737466955974, "CV_RMSE_'Kalmar": 144.67002806896332, "CV_RMSE_Blekinge": 160.81345842228657, "_timestamp": 1748568141.8643875, "_runtime": 1.3739914894104004, "_step": 0, "_wandb": {"runtime": 1}}