{"CV_RMSE": 272.1028261507273, "RMSE": 436.48990089716267, "RMSE_STHLM": 401.3273154144072, "RMSE_S\u00f6dermanland": 35.16258548275547, "CV_RMSE_STHLM": 142.93414478550315, "CV_RMSE_S\u00f6dermanland": 129.16868136522416, "_timestamp": 1748453545.2996104, "_runtime": 1.259305477142334, "_step": 0, "_wandb": {"runtime": 1}}