{"CV_RMSE": 1182.3698725422312, "RMSE": 1910.1588361726904, "RMSE_STHLM": 1758.8135736043266, "RMSE_S\u00f6dermanland": 151.34526256836367, "CV_RMSE_STHLM": 626.4076835155892, "CV_RMSE_S\u00f6dermanland": 555.962189026642, "_timestamp": 1748301449.7715068, "_runtime": 1.26749587059021, "_step": 0, "_wandb": {"runtime": 1}}