{"CV_RMSE": 1354.5563643281034, "RMSE": 2077.956387522462, "RMSE_STHLM": 1892.7208338890553, "RMSE_S\u00f6dermanland": 185.23555363340677, "CV_RMSE_STHLM": 674.0992285319153, "CV_RMSE_S\u00f6dermanland": 680.4571357961881, "_timestamp": 1748305661.8810904, "_runtime": 1.2543103694915771, "_step": 0, "_wandb": {"runtime": 1}}