{"CV_RMSE": 274.45654243892545, "RMSE": 436.2539041104285, "RMSE_STHLM": 400.3564572238154, "RMSE_S\u00f6dermanland": 35.89744688661304, "CV_RMSE_STHLM": 142.58837020238778, "CV_RMSE_S\u00f6dermanland": 131.8681722365377, "_timestamp": 1748490637.2274647, "_runtime": 1.335749626159668, "_step": 0, "_wandb": {"runtime": 1}}