{"CV_RMSE": 1438.7181722224282, "RMSE": 2017.8026129073469, "RMSE_STHLM": 1800.7383782937436, "RMSE_S\u00f6dermanland": 217.06423461360333, "CV_RMSE_STHLM": 641.3393511928648, "CV_RMSE_S\u00f6dermanland": 797.3788210295633, "_timestamp": 1748403547.1776798, "_runtime": 1.3099157810211182, "_step": 0, "_wandb": {"runtime": 1}}