{"CV_RMSE": 4153.301104817421, "RMSE": 1446.8381384047734, "RMSE_skane": 1208.7573865645847, "RMSE_kronoberg": 238.08075184018873, "CV_RMSE_'skane": 1916.6343338761912, "CV_RMSE_kronoberg": 2236.66677094123, "_timestamp": 1748570009.8311532, "_runtime": 1.3237812519073486, "_step": 0, "_wandb": {"runtime": 1}}