{"CV_RMSE": 1073.0276814561266, "RMSE": 64.41709991260343, "RMSE_Kalmar": 28.731129233585722, "RMSE_Blekinge": 35.685970679017714, "CV_RMSE_'Kalmar": 278.0431861314747, "CV_RMSE_Blekinge": 794.984495324652, "_timestamp": 1748460514.8908288, "_runtime": 1.328277826309204, "_step": 0, "_wandb": {"runtime": 1}}