{"CV_RMSE": 252.49277981752468, "RMSE": 405.90659227267963, "RMSE_STHLM": 373.3719424622789, "RMSE_S\u00f6dermanland": 32.534649810400694, "CV_RMSE_STHLM": 132.9777396976854, "CV_RMSE_S\u00f6dermanland": 119.51504011983928, "_timestamp": 1748428699.1279492, "_runtime": 1.2861793041229248, "_step": 0, "_wandb": {"runtime": 1}}