{"CV_RMSE": 4599.2019550513305, "RMSE": 1824.0019498513118, "RMSE_skane": 1605.403849602036, "RMSE_kronoberg": 218.59810024927577, "CV_RMSE_'skane": 2545.5663577199302, "CV_RMSE_kronoberg": 2053.6355973314007, "_timestamp": 1748556161.0707917, "_runtime": 1.2960968017578125, "_step": 0, "_wandb": {"runtime": 1}}