{"CV_RMSE": 1745.6817628535434, "RMSE": 2581.9798269756966, "RMSE_STHLM": 2332.953041134363, "RMSE_S\u00f6dermanland": 249.02678584133332, "CV_RMSE_STHLM": 830.8894883343597, "CV_RMSE_S\u00f6dermanland": 914.7922745191837, "_timestamp": 1748380339.3512108, "_runtime": 1.2843549251556396, "_step": 0, "_wandb": {"runtime": 1}}