{"CV_RMSE": 979.1398298482541, "RMSE": 1946.436875730377, "RMSE_STHLM": 1860.249893230643, "RMSE_S\u00f6dermanland": 86.18698249973399, "CV_RMSE_STHLM": 662.5345880124966, "CV_RMSE_S\u00f6dermanland": 316.6052418357575, "_timestamp": 1748367197.9344568, "_runtime": 1.3050048351287842, "_step": 0, "_wandb": {"runtime": 1}}