{"CV_RMSE": 264.4690816546389, "RMSE": 434.20201339821335, "RMSE_STHLM": 401.0949769125255, "RMSE_S\u00f6dermanland": 33.10703648568784, "CV_RMSE_STHLM": 142.85139660517333, "CV_RMSE_S\u00f6dermanland": 121.61768504946554, "_timestamp": 1748518435.796359, "_runtime": 1.3057010173797607, "_step": 0, "_wandb": {"runtime": 1}}