{"CV_RMSE": 1139.6736070935692, "RMSE": 1600.304534404279, "RMSE_STHLM": 1428.563432340012, "RMSE_S\u00f6dermanland": 171.74110206426698, "CV_RMSE_STHLM": 508.7879260411598, "CV_RMSE_S\u00f6dermanland": 630.8856810524094, "_timestamp": 1748286479.8913362, "_runtime": 1.2662811279296875, "_step": 0, "_wandb": {"runtime": 1}}