{"CV_RMSE": 1875.2020877766781, "RMSE": 2671.6455094515504, "RMSE_STHLM": 2393.201695185414, "RMSE_S\u00f6dermanland": 278.44381426613654, "CV_RMSE_STHLM": 852.3472598602583, "CV_RMSE_S\u00f6dermanland": 1022.8548279164199, "_timestamp": 1748360898.236371, "_runtime": 1.3065950870513916, "_step": 0, "_wandb": {"runtime": 1}}