{"CV_RMSE": 261.0119937300026, "RMSE": 415.67973307514194, "RMSE_STHLM": 381.62624229946675, "RMSE_S\u00f6dermanland": 34.053490775675215, "CV_RMSE_STHLM": 135.91753781935896, "CV_RMSE_S\u00f6dermanland": 125.09445591064365, "_timestamp": 1748524243.4466422, "_runtime": 1.357140064239502, "_step": 0, "_wandb": {"runtime": 1}}