{"CV_RMSE": 4718.870501057399, "RMSE": 327.66224820950265, "RMSE_Kalmar": 204.80756080613665, "RMSE_Blekinge": 122.85468740336599, "CV_RMSE_'Kalmar": 1982.0086529626126, "CV_RMSE_Blekinge": 2736.8618480947866, "_timestamp": 1748537492.0502646, "_runtime": 1.4383225440979004, "_step": 0, "_wandb": {"runtime": 1}}