{"CV_RMSE": 304.8673796881915, "RMSE": 22.12265865211059, "RMSE_Kalmar": 14.91801457999965, "RMSE_Blekinge": 7.204644072110941, "CV_RMSE_'Kalmar": 144.36788303225467, "CV_RMSE_Blekinge": 160.4994966559368, "_timestamp": 1748477114.551351, "_runtime": 1.9141919612884521, "_step": 0, "_wandb": {"runtime": 1}}