{"CV_RMSE": 251.50000408529934, "RMSE": 410.7627992653378, "RMSE_STHLM": 379.0487921608178, "RMSE_S\u00f6dermanland": 31.71400710451997, "CV_RMSE_STHLM": 134.9995698237974, "CV_RMSE_S\u00f6dermanland": 116.50043426150194, "_timestamp": 1748343940.0405486, "_runtime": 1.3219175338745117, "_step": 0, "_wandb": {"runtime": 1}}