{"CV_RMSE": 4403.067156065157, "RMSE": 279.7125023999269, "RMSE_Kalmar": 145.09363185690484, "RMSE_Blekinge": 134.61887054302207, "CV_RMSE_'Kalmar": 1404.131921195853, "CV_RMSE_Blekinge": 2998.9352348693037, "_timestamp": 1748522184.7314532, "_runtime": 1.351344108581543, "_step": 0, "_wandb": {"runtime": 1}}