{"CV_RMSE": 1376.4004739206466, "RMSE": 2033.708774052539, "RMSE_STHLM": 1837.1378349480515, "RMSE_S\u00f6dermanland": 196.57093910448745, "CV_RMSE_STHLM": 654.3031465980398, "CV_RMSE_S\u00f6dermanland": 722.0973273226069, "_timestamp": 1748304753.9385002, "_runtime": 1.2993192672729492, "_step": 0, "_wandb": {"runtime": 1}}