{"CV_RMSE": 1681.0371326730574, "RMSE": 2190.8765207415013, "RMSE_STHLM": 1919.3471451589817, "RMSE_S\u00f6dermanland": 271.5293755825196, "CV_RMSE_STHLM": 683.5822835944138, "CV_RMSE_S\u00f6dermanland": 997.4548490786435, "_timestamp": 1748332930.7842348, "_runtime": 1.265122652053833, "_step": 0, "_wandb": {"runtime": 1}}