{"CV_RMSE": 3813.737455523168, "RMSE": 218.9799658169059, "RMSE_Kalmar": 84.4877222429948, "RMSE_Blekinge": 134.49224357391108, "CV_RMSE_'Kalmar": 817.6231184805948, "CV_RMSE_Blekinge": 2996.1143370425734, "_timestamp": 1748577103.1788216, "_runtime": 1.574176549911499, "_step": 0, "_wandb": {"runtime": 1}}