{"CV_RMSE": 3007.8738650640207, "RMSE": 1700.143318235399, "RMSE_skane": 1660.1780951691885, "RMSE_kronoberg": 39.96522306621048, "CV_RMSE_'skane": 2632.417698471229, "CV_RMSE_kronoberg": 375.4561665927916, "_timestamp": 1748538911.854836, "_runtime": 1.3260469436645508, "_step": 0, "_wandb": {"runtime": 1}}