{"CV_RMSE": 4956.229473990709, "RMSE": 1918.2945226630118, "RMSE_skane": 1673.1224237697145, "RMSE_kronoberg": 245.17209889329723, "CV_RMSE_'skane": 2652.9425324044096, "CV_RMSE_kronoberg": 2303.2869415862997, "_timestamp": 1748527868.7876825, "_runtime": 1.2321374416351318, "_step": 0, "_wandb": {"runtime": 1}}