{"CV_RMSE": 4358.117579301722, "RMSE": 1686.8609578174637, "RMSE_skane": 1471.2889207996711, "RMSE_kronoberg": 215.57203701779252, "CV_RMSE_'skane": 2332.9105509508527, "CV_RMSE_kronoberg": 2025.2070283508695, "_timestamp": 1748567170.034469, "_runtime": 1.3629930019378662, "_step": 0, "_wandb": {"runtime": 1}}