{"CV_RMSE": 1488.8887619634531, "RMSE": 2068.9842106380006, "RMSE_STHLM": 1842.2910820873508, "RMSE_S\u00f6dermanland": 226.69312855064965, "CV_RMSE_STHLM": 656.1384938182096, "CV_RMSE_S\u00f6dermanland": 832.7502681452436, "_timestamp": 1748314757.995031, "_runtime": 1.2818012237548828, "_step": 0, "_wandb": {"runtime": 1}}