{"CV_RMSE": 1293.039636680343, "RMSE": 566.3604549606082, "RMSE_skane": 515.7768076981203, "RMSE_kronoberg": 50.583647262487936, "CV_RMSE_'skane": 817.8279191830659, "CV_RMSE_kronoberg": 475.2117174972771, "_timestamp": 1748533671.0869143, "_runtime": 1.3651602268218994, "_step": 0, "_wandb": {"runtime": 1}}