{"CV_RMSE": 1154.9829548374155, "RMSE": 1401.104873137627, "RMSE_STHLM": 1203.3623239325827, "RMSE_S\u00f6dermanland": 197.7425492050442, "CV_RMSE_STHLM": 428.5817536760287, "CV_RMSE_S\u00f6dermanland": 726.4012011613869, "_timestamp": 1748289580.7825663, "_runtime": 1.2792153358459473, "_step": 0, "_wandb": {"runtime": 1}}