{"CV_RMSE": 3446.532080661672, "RMSE": 255.52285208914054, "RMSE_Kalmar": 178.24149527670104, "RMSE_Blekinge": 77.28135681243948, "CV_RMSE_'Kalmar": 1724.9176962261392, "CV_RMSE_Blekinge": 1721.6143844355329, "_timestamp": 1748542004.819954, "_runtime": 1.3634819984436035, "_step": 0, "_wandb": {"runtime": 1}}