{"CV_RMSE": 1297.4180094929116, "RMSE": 1846.6833971065917, "RMSE_STHLM": 1653.842194513739, "RMSE_S\u00f6dermanland": 192.84120259285248, "CV_RMSE_STHLM": 589.0217550701881, "CV_RMSE_S\u00f6dermanland": 708.3962544227235, "_timestamp": 1748330253.3868234, "_runtime": 1.287055492401123, "_step": 0, "_wandb": {"runtime": 1}}