{"CV_RMSE": 276.22696423768247, "RMSE": 99.76574271366655, "RMSE_skane": 84.65025788305795, "RMSE_kronoberg": 15.115484830608612, "CV_RMSE_'skane": 134.223453302946, "CV_RMSE_kronoberg": 142.00351093473645, "_timestamp": 1748514266.3459933, "_runtime": 1.401808261871338, "_step": 0, "_wandb": {"runtime": 1}}