{"CV_RMSE": 4891.885581816057, "RMSE": 1920.041309185918, "RMSE_skane": 1683.4636631266965, "RMSE_kronoberg": 236.57764605922145, "CV_RMSE_'skane": 2669.339846395396, "CV_RMSE_kronoberg": 2222.545735420661, "_timestamp": 1748556488.148704, "_runtime": 1.2569060325622559, "_step": 0, "_wandb": {"runtime": 1}}