{"CV_RMSE": 362.4724830858619, "RMSE": 451.0344137924442, "RMSE_STHLM": 390.19155512827564, "RMSE_S\u00f6dermanland": 60.842858664168574, "CV_RMSE_STHLM": 138.96810431952832, "CV_RMSE_S\u00f6dermanland": 223.50437876633353, "_timestamp": 1748330638.0167005, "_runtime": 1.2856295108795166, "_step": 0, "_wandb": {"runtime": 1}}