{"CV_RMSE": 274.03334104875444, "RMSE": 446.0486229312718, "RMSE_STHLM": 411.33032972499353, "RMSE_S\u00f6dermanland": 34.71829320627822, "CV_RMSE_STHLM": 146.4967537603855, "CV_RMSE_S\u00f6dermanland": 127.53658728836896, "_timestamp": 1748524894.1091285, "_runtime": 1.2634825706481934, "_step": 0, "_wandb": {"runtime": 1}}