{"CV_RMSE": 3451.718193297727, "RMSE": 1458.8585260946086, "RMSE_skane": 1313.0619962647947, "RMSE_kronoberg": 145.79652982981378, "CV_RMSE_'skane": 2082.022192808871, "CV_RMSE_kronoberg": 1369.696000488856, "_timestamp": 1748542507.5024722, "_runtime": 1.3699541091918945, "_step": 0, "_wandb": {"runtime": 1}}