{"CV_RMSE": 3525.650822069195, "RMSE": 235.87495535173812, "RMSE_Kalmar": 137.22345784246096, "RMSE_Blekinge": 98.65149750927716, "CV_RMSE_'Kalmar": 1327.9689468625254, "CV_RMSE_Blekinge": 2197.6818752066692, "_timestamp": 1748461086.7754977, "_runtime": 1.3015177249908447, "_step": 0, "_wandb": {"runtime": 1}}