{"CV_RMSE": 306.03339261528413, "RMSE": 413.6608681004436, "RMSE_STHLM": 365.8189933059827, "RMSE_S\u00f6dermanland": 47.84187479446091, "CV_RMSE_STHLM": 130.28773010501956, "CV_RMSE_S\u00f6dermanland": 175.74566251026457, "_timestamp": 1748470733.679582, "_runtime": 1.24583101272583, "_step": 0, "_wandb": {"runtime": 1}}