{"CV_RMSE": 4827.699758020772, "RMSE": 335.91398633813293, "RMSE_Kalmar": 210.75976184339, "RMSE_Blekinge": 125.15422449474292, "CV_RMSE_'Kalmar": 2039.6105984844194, "CV_RMSE_Blekinge": 2788.0891595363523, "_timestamp": 1748508433.1276155, "_runtime": 1.3752155303955078, "_step": 0, "_wandb": {"runtime": 1}}