{"CV_RMSE": 1615.2738773866054, "RMSE": 2172.6555412668076, "RMSE_STHLM": 1918.9941624816886, "RMSE_S\u00f6dermanland": 253.66137878511884, "CV_RMSE_STHLM": 683.4565675637198, "CV_RMSE_S\u00f6dermanland": 931.8173098228855, "_timestamp": 1748337353.707838, "_runtime": 1.2555389404296875, "_step": 0, "_wandb": {"runtime": 1}}