{"CV_RMSE": 1337.755291257915, "RMSE": 1888.3269015559922, "RMSE_STHLM": 1687.7970128842385, "RMSE_S\u00f6dermanland": 200.52988867175367, "CV_RMSE_STHLM": 601.1148838922892, "CV_RMSE_S\u00f6dermanland": 736.6404073656257, "_timestamp": 1748373447.2610092, "_runtime": 1.2925572395324707, "_step": 0, "_wandb": {"runtime": 1}}