{"CV_RMSE": 5000.638965650376, "RMSE": 1914.1136259394898, "RMSE_skane": 1662.4055867071895, "RMSE_kronoberg": 251.7080392323002, "CV_RMSE_'skane": 2635.949661797869, "CV_RMSE_kronoberg": 2364.6893038525072, "_timestamp": 1748577217.5292249, "_runtime": 1.3161649703979492, "_step": 0, "_wandb": {"runtime": 1}}