{"CV_RMSE": 434.05590863253076, "RMSE": 481.51216047115963, "RMSE_STHLM": 402.36273380393857, "RMSE_S\u00f6dermanland": 79.14942666722105, "CV_RMSE_STHLM": 143.3029127121269, "CV_RMSE_S\u00f6dermanland": 290.75299592040386, "_timestamp": 1748288529.1266944, "_runtime": 1.3004984855651855, "_step": 0, "_wandb": {"runtime": 1}}