{"CV_RMSE": 2895.385441173371, "RMSE": 188.57578964241708, "RMSE_Kalmar": 103.61747810506377, "RMSE_Blekinge": 84.9583115373533, "CV_RMSE_'Kalmar": 1002.7497881135203, "CV_RMSE_Blekinge": 1892.6356530598505, "_timestamp": 1748480493.1165004, "_runtime": 1.3202064037322998, "_step": 0, "_wandb": {"runtime": 1}}