{"CV_RMSE": 894.163984194144, "RMSE": 1462.6996329998806, "RMSE_STHLM": 1350.1935145862649, "RMSE_S\u00f6dermanland": 112.50611841361564, "CV_RMSE_STHLM": 480.8762022665763, "CV_RMSE_S\u00f6dermanland": 413.28778192756766, "_timestamp": 1748378730.074631, "_runtime": 1.3864719867706299, "_step": 0, "_wandb": {"runtime": 1}}