{"CV_RMSE": 403.9919061817549, "RMSE": 555.067705386018, "RMSE_STHLM": 492.8780959020857, "RMSE_S\u00f6dermanland": 62.18960948393233, "CV_RMSE_STHLM": 175.54027950608514, "CV_RMSE_S\u00f6dermanland": 228.4516266756698, "_timestamp": 1748331905.3187451, "_runtime": 1.3125810623168945, "_step": 0, "_wandb": {"runtime": 1}}