{"CV_RMSE": 2408.6204078256515, "RMSE": 138.92813705856173, "RMSE_Kalmar": 54.47014101223231, "RMSE_Blekinge": 84.45799604632941, "CV_RMSE_'Kalmar": 527.1303968925707, "CV_RMSE_Blekinge": 1881.4900109330808, "_timestamp": 1748486522.5601277, "_runtime": 1.3283708095550537, "_step": 0, "_wandb": {"runtime": 1}}