{"CV_RMSE": 4988.104384694397, "RMSE": 1898.6520207147087, "RMSE_skane": 1645.4096255273148, "RMSE_kronoberg": 253.24239518739375, "CV_RMSE_'skane": 2609.0004633096955, "CV_RMSE_kronoberg": 2379.103921384701, "_timestamp": 1748568347.681941, "_runtime": 1.2535340785980225, "_step": 0, "_wandb": {"runtime": 1}}