{"CV_RMSE": 275.6073593419693, "RMSE": 437.19598611335397, "RMSE_STHLM": 401.05277093124823, "RMSE_S\u00f6dermanland": 36.14321518210574, "CV_RMSE_STHLM": 142.83636479545842, "CV_RMSE_S\u00f6dermanland": 132.77099454651088, "_timestamp": 1748346874.368971, "_runtime": 1.2880182266235352, "_step": 0, "_wandb": {"runtime": 1}}