{"CV_RMSE": 720.580481320194, "RMSE": 855.965770776364, "RMSE_STHLM": 730.6460063220045, "RMSE_S\u00f6dermanland": 125.31976445435953, "CV_RMSE_STHLM": 260.2221629164243, "CV_RMSE_S\u00f6dermanland": 460.3583184037698, "_timestamp": 1748287932.0668046, "_runtime": 1.2957537174224854, "_step": 0, "_wandb": {"runtime": 1}}