{"CV_RMSE": 948.8886262214351, "RMSE": 1415.6646820898777, "RMSE_STHLM": 1281.6121358720056, "RMSE_S\u00f6dermanland": 134.0525462178721, "CV_RMSE_STHLM": 456.4507013394559, "CV_RMSE_S\u00f6dermanland": 492.4379248819792, "_timestamp": 1748291819.8803341, "_runtime": 1.2829201221466064, "_step": 0, "_wandb": {"runtime": 1}}