{"CV_RMSE": 645.8891645548217, "RMSE": 1120.9240059254316, "RMSE_STHLM": 1046.5662657332023, "RMSE_S\u00f6dermanland": 74.35774019222941, "CV_RMSE_STHLM": 372.7382822160198, "CV_RMSE_S\u00f6dermanland": 273.1508823388019, "_timestamp": 1748339050.432086, "_runtime": 1.3130300045013428, "_step": 0, "_wandb": {"runtime": 1}}