{"CV_RMSE": 233.76995575219013, "RMSE": 374.0444888924676, "RMSE_STHLM": 343.73302898657215, "RMSE_S\u00f6dermanland": 30.31145990589545, "CV_RMSE_STHLM": 122.42173568971704, "CV_RMSE_S\u00f6dermanland": 111.34822006247308, "_timestamp": 1748502418.5549283, "_runtime": 1.6036713123321533, "_step": 0, "_wandb": {"runtime": 1}}