{"CV_RMSE": 305.9791491424718, "RMSE": 22.160574231613623, "RMSE_Kalmar": 14.89681461825022, "RMSE_Blekinge": 7.263759613363405, "CV_RMSE_'Kalmar": 144.1627221120989, "CV_RMSE_Blekinge": 161.81642703037286, "_timestamp": 1748548602.2233727, "_runtime": 1.3385918140411377, "_step": 0, "_wandb": {"runtime": 1}}