{"CV_RMSE": 268.36946762121886, "RMSE": 427.07643910115934, "RMSE_STHLM": 392.0286213367688, "RMSE_S\u00f6dermanland": 35.04781776439054, "CV_RMSE_STHLM": 139.6223819561108, "CV_RMSE_S\u00f6dermanland": 128.7470856651081, "_timestamp": 1748564455.0421066, "_runtime": 1.2750916481018066, "_step": 0, "_wandb": {"runtime": 1}}