{"CV_RMSE": 271.4347559137558, "RMSE": 432.3774626878075, "RMSE_STHLM": 396.9747465592247, "RMSE_S\u00f6dermanland": 35.40271612858282, "CV_RMSE_STHLM": 141.38396197202303, "CV_RMSE_S\u00f6dermanland": 130.0507939417328, "_timestamp": 1748340449.668815, "_runtime": 1.2904298305511475, "_step": 0, "_wandb": {"runtime": 1}}