{"CV_RMSE": 1915.0235523565607, "RMSE": 2676.699165345622, "RMSE_STHLM": 2386.793799361338, "RMSE_S\u00f6dermanland": 289.9053659842839, "CV_RMSE_STHLM": 850.0650650673543, "CV_RMSE_S\u00f6dermanland": 1064.9584872892062, "_timestamp": 1748319704.5300944, "_runtime": 1.2907373905181885, "_step": 0, "_wandb": {"runtime": 1}}