{"CV_RMSE": 936.5243929491821, "RMSE": 64.49049003061039, "RMSE_Kalmar": 39.69464652246351, "RMSE_Blekinge": 24.79584350814688, "CV_RMSE_'Kalmar": 384.1417405399694, "CV_RMSE_Blekinge": 552.3826524092127, "_timestamp": 1748501536.3249183, "_runtime": 1.323500156402588, "_step": 0, "_wandb": {"runtime": 1}}