{"CV_RMSE": 274.9126461235682, "RMSE": 436.9928206598756, "RMSE_STHLM": 401.03721351736397, "RMSE_S\u00f6dermanland": 35.95560714251162, "CV_RMSE_STHLM": 142.8308239674031, "CV_RMSE_S\u00f6dermanland": 132.08182215616512, "_timestamp": 1748430798.3774376, "_runtime": 1.292496681213379, "_step": 0, "_wandb": {"runtime": 1}}