{"CV_RMSE": 1279.9028465952924, "RMSE": 1405.722129470612, "RMSE_STHLM": 1170.8183796792132, "RMSE_S\u00f6dermanland": 234.90374979139867, "CV_RMSE_STHLM": 416.9911126677056, "CV_RMSE_S\u00f6dermanland": 862.911733927587, "_timestamp": 1748366397.718498, "_runtime": 1.3240890502929688, "_step": 0, "_wandb": {"runtime": 1}}