{"CV_RMSE": 459.0537368161093, "RMSE": 548.1646988489108, "RMSE_STHLM": 468.6356608838116, "RMSE_S\u00f6dermanland": 79.52903796509916, "CV_RMSE_STHLM": 166.90625041370419, "CV_RMSE_S\u00f6dermanland": 292.1474864024051, "_timestamp": 1748290252.3359818, "_runtime": 1.3234727382659912, "_step": 0, "_wandb": {"runtime": 1}}