{"CV_RMSE": 304.3676072615376, "RMSE": 22.05162911526119, "RMSE_Kalmar": 14.832095119229242, "RMSE_Blekinge": 7.219533996031947, "CV_RMSE_'Kalmar": 143.53640437963782, "CV_RMSE_Blekinge": 160.83120288189983, "_timestamp": 1748509927.0576386, "_runtime": 1.3149785995483398, "_step": 0, "_wandb": {"runtime": 1}}