{"CV_RMSE": 1683.5616492331583, "RMSE": 818.1167271168965, "RMSE_skane": 768.6431773274016, "RMSE_kronoberg": 49.47354978949492, "CV_RMSE_'skane": 1218.7788224007425, "CV_RMSE_kronoberg": 464.78282683241576, "_timestamp": 1748529601.7959175, "_runtime": 1.4266705513000488, "_step": 0, "_wandb": {"runtime": 1}}