{"CV_RMSE": 3873.345863581216, "RMSE": 1502.6507970074433, "RMSE_skane": 1311.7534939416914, "RMSE_kronoberg": 190.89730306575186, "CV_RMSE_'skane": 2079.9474005417937, "CV_RMSE_kronoberg": 1793.3984630394223, "_timestamp": 1748528461.0461402, "_runtime": 1.3111813068389893, "_step": 0, "_wandb": {"runtime": 1}}