{"CV_RMSE": 1497.516356979248, "RMSE": 1965.990121956072, "RMSE_STHLM": 1725.6385699744314, "RMSE_S\u00f6dermanland": 240.3515519816405, "CV_RMSE_STHLM": 614.5922884752624, "CV_RMSE_S\u00f6dermanland": 882.9240685039856, "_timestamp": 1748361525.418192, "_runtime": 1.3755857944488525, "_step": 0, "_wandb": {"runtime": 1}}