{"CV_RMSE": 273.9251394340033, "RMSE": 439.7235049430933, "RMSE_STHLM": 404.35875187038374, "RMSE_S\u00f6dermanland": 35.36475307270957, "CV_RMSE_STHLM": 144.01380161588656, "CV_RMSE_S\u00f6dermanland": 129.91133781811678, "_timestamp": 1748463404.7859848, "_runtime": 1.2642228603363037, "_step": 0, "_wandb": {"runtime": 1}}