{"CV_RMSE": 2896.303861603701, "RMSE": 207.0530893361542, "RMSE_Kalmar": 136.21357643892435, "RMSE_Blekinge": 70.83951289722982, "CV_RMSE_'Kalmar": 1318.1959010218486, "CV_RMSE_Blekinge": 1578.1079605818525, "_timestamp": 1748474767.7626038, "_runtime": 1.3844468593597412, "_step": 0, "_wandb": {"runtime": 1}}