{"CV_RMSE": 306.9422980906817, "RMSE": 22.25360519470763, "RMSE_Kalmar": 14.98485746537219, "RMSE_Blekinge": 7.26874772933544, "CV_RMSE_'Kalmar": 145.01474966489215, "CV_RMSE_Blekinge": 161.9275484257895, "_timestamp": 1748541021.0414305, "_runtime": 1.24544358253479, "_step": 0, "_wandb": {"runtime": 1}}