{"CV_RMSE": 1509.0067497154673, "RMSE": 874.2912650246626, "RMSE_skane": 858.577264570982, "RMSE_kronoberg": 15.714000453680514, "CV_RMSE_'skane": 1361.3804406516629, "CV_RMSE_kronoberg": 147.62630906380443, "_timestamp": 1748524064.4755156, "_runtime": 1.382488489151001, "_step": 0, "_wandb": {"runtime": 1}}