{"CV_RMSE": 1629.9086739112543, "RMSE": 2295.4400307622464, "RMSE_STHLM": 2050.549397854714, "RMSE_S\u00f6dermanland": 244.89063290753276, "CV_RMSE_STHLM": 730.3104305774605, "CV_RMSE_S\u00f6dermanland": 899.5982433337938, "_timestamp": 1748307204.1985843, "_runtime": 1.2423553466796875, "_step": 0, "_wandb": {"runtime": 1}}