{"CV_RMSE": 271.5723391496745, "RMSE": 435.7218807870249, "RMSE_STHLM": 400.6367536864738, "RMSE_S\u00f6dermanland": 35.085127100551055, "CV_RMSE_STHLM": 142.6881987803033, "CV_RMSE_S\u00f6dermanland": 128.8841403693712, "_timestamp": 1748527577.8538017, "_runtime": 1.3384497165679932, "_step": 0, "_wandb": {"runtime": 1}}