{"CV_RMSE": 274.7207852016702, "RMSE": 434.8797128308246, "RMSE_STHLM": 398.75507447707287, "RMSE_S\u00f6dermanland": 36.12463835375169, "CV_RMSE_STHLM": 142.01803206543948, "CV_RMSE_S\u00f6dermanland": 132.7027531362307, "_timestamp": 1748341485.3367896, "_runtime": 1.3627426624298096, "_step": 0, "_wandb": {"runtime": 1}}