{"CV_RMSE": 254.46577069841706, "RMSE": 399.59512882370007, "RMSE_STHLM": 365.78811269733694, "RMSE_S\u00f6dermanland": 33.80701612636314, "CV_RMSE_STHLM": 130.276731866879, "CV_RMSE_S\u00f6dermanland": 124.18903883153806, "_timestamp": 1748477608.8347747, "_runtime": 1.2450716495513916, "_step": 0, "_wandb": {"runtime": 1}}