{"CV_RMSE": 349.354159609897, "RMSE": 439.3456313862682, "RMSE_STHLM": 381.2023414815992, "RMSE_S\u00f6dermanland": 58.14328990466903, "CV_RMSE_STHLM": 135.76656404172508, "CV_RMSE_S\u00f6dermanland": 213.58759556817196, "_timestamp": 1748395296.1118045, "_runtime": 1.3081514835357666, "_step": 0, "_wandb": {"runtime": 1}}