{"CV_RMSE": 2421.6428500681686, "RMSE": 361.17907366266684, "RMSE_skane": 124.40599275376104, "RMSE_kronoberg": 236.77308090890583, "CV_RMSE_'skane": 197.26108787594245, "CV_RMSE_kronoberg": 2224.3817621922262, "_timestamp": 1748524912.6780553, "_runtime": 1.2906622886657715, "_step": 0, "_wandb": {"runtime": 1}}