{"CV_RMSE": 1421.1156463438135, "RMSE": 684.6051791144957, "RMSE_skane": 641.6301908153316, "RMSE_kronoberg": 42.97498829916417, "CV_RMSE_'skane": 1017.3840234915406, "CV_RMSE_kronoberg": 403.731622852273, "_timestamp": 1748569548.7869425, "_runtime": 1.3224565982818604, "_step": 0, "_wandb": {"runtime": 1}}