{"CV_RMSE": 5221.853524114928, "RMSE": 2016.5936101496095, "RMSE_skane": 1757.366009215937, "RMSE_kronoberg": 259.22760093367236, "CV_RMSE_'skane": 2786.5211562620566, "CV_RMSE_kronoberg": 2435.332367852872, "_timestamp": 1748519686.665878, "_runtime": 1.2941501140594482, "_step": 0, "_wandb": {"runtime": 1}}