{"CV_RMSE": 1472.2239161837526, "RMSE": 1821.2706856992074, "RMSE_STHLM": 1573.006140139061, "RMSE_S\u00f6dermanland": 248.26454556014644, "CV_RMSE_STHLM": 560.2317080036229, "CV_RMSE_S\u00f6dermanland": 911.9922081801298, "_timestamp": 1748323942.4804702, "_runtime": 1.265451192855835, "_step": 0, "_wandb": {"runtime": 1}}