{"CV_RMSE": 782.5630670930027, "RMSE": 1407.9720266420102, "RMSE_STHLM": 1323.2321778696266, "RMSE_S\u00f6dermanland": 84.73984877238344, "CV_RMSE_STHLM": 471.27382670465533, "CV_RMSE_S\u00f6dermanland": 311.28924038834737, "_timestamp": 1748313144.8038478, "_runtime": 1.305464744567871, "_step": 0, "_wandb": {"runtime": 1}}