{"CV_RMSE": 270.39992422380607, "RMSE": 389.9330018159169, "RMSE_STHLM": 350.2853135378898, "RMSE_S\u00f6dermanland": 39.64768827802708, "CV_RMSE_STHLM": 124.7553550392168, "CV_RMSE_S\u00f6dermanland": 145.64456918458927, "_timestamp": 1748319894.933958, "_runtime": 1.2789220809936523, "_step": 0, "_wandb": {"runtime": 1}}