{"CV_RMSE": 4359.040726936755, "RMSE": 1843.1769896348471, "RMSE_skane": 1659.2270408692339, "RMSE_kronoberg": 183.9499487656132, "CV_RMSE_'skane": 2630.909684253542, "CV_RMSE_kronoberg": 1728.1310426832138, "_timestamp": 1748502924.1734962, "_runtime": 1.2978181838989258, "_step": 0, "_wandb": {"runtime": 1}}