{"CV_RMSE": 276.3944582951883, "RMSE": 98.91021933176127, "RMSE_skane": 83.59956965668387, "RMSE_kronoberg": 15.310649675077402, "CV_RMSE_'skane": 132.5574571723317, "CV_RMSE_kronoberg": 143.8370011228566, "_timestamp": 1748514737.8279676, "_runtime": 1.2633216381072998, "_step": 0, "_wandb": {"runtime": 1}}