{"CV_RMSE": 7211.933026078352, "RMSE": 483.4899029862222, "RMSE_Kalmar": 282.4552199908156, "RMSE_Blekinge": 201.0346829954066, "CV_RMSE_'Kalmar": 2733.437612814344, "CV_RMSE_Blekinge": 4478.495413264008, "_timestamp": 1748457369.7505784, "_runtime": 1.2570765018463135, "_step": 0, "_wandb": {"runtime": 1}}