{"CV_RMSE": 4464.788140956528, "RMSE": 1765.612373325075, "RMSE_skane": 1552.3709379060756, "RMSE_kronoberg": 213.2414354189993, "CV_RMSE_'skane": 2461.4761171872233, "CV_RMSE_kronoberg": 2003.3120237693045, "_timestamp": 1748534747.0647552, "_runtime": 1.313310146331787, "_step": 0, "_wandb": {"runtime": 1}}