{"CV_RMSE": 254.19437273754272, "RMSE": 397.64870322159254, "RMSE_STHLM": 363.71452753893476, "RMSE_S\u00f6dermanland": 33.9341756826578, "CV_RMSE_STHLM": 129.53821716859568, "CV_RMSE_S\u00f6dermanland": 124.65615556894703, "_timestamp": 1748526330.0639093, "_runtime": 1.4990413188934326, "_step": 0, "_wandb": {"runtime": 1}}