{"CV_RMSE": 727.9705851236838, "RMSE": 1541.4573684514148, "RMSE_STHLM": 1487.5055917130214, "RMSE_S\u00f6dermanland": 53.951776738393455, "CV_RMSE_STHLM": 529.7803848601976, "CV_RMSE_S\u00f6dermanland": 198.19020026348616, "_timestamp": 1748287685.328714, "_runtime": 1.2916038036346436, "_step": 0, "_wandb": {"runtime": 1}}