{"CV_RMSE": 203.8580671722208, "RMSE": 76.46237472812815, "RMSE_skane": 65.88252304864334, "RMSE_kronoberg": 10.579851679484818, "CV_RMSE_'skane": 104.46488855493128, "CV_RMSE_kronoberg": 99.39317861728954, "_timestamp": 1748574726.9228718, "_runtime": 1.4475069046020508, "_step": 0, "_wandb": {"runtime": 1}}