{"CV_RMSE": 884.8181847297445, "RMSE": 363.168519687239, "RMSE_skane": 323.60242616624225, "RMSE_kronoberg": 39.56609352099671, "CV_RMSE_'skane": 513.11166939679, "CV_RMSE_kronoberg": 371.7065153329545, "_timestamp": 1748530134.746243, "_runtime": 1.3386430740356445, "_step": 0, "_wandb": {"runtime": 1}}