{"CV_RMSE": 271.5022114117029, "RMSE": 436.66389066166886, "RMSE_STHLM": 401.70103949443813, "RMSE_S\u00f6dermanland": 34.96285116723071, "CV_RMSE_STHLM": 143.0672479402431, "CV_RMSE_S\u00f6dermanland": 128.43496347145975, "_timestamp": 1748514773.119311, "_runtime": 1.3085300922393799, "_step": 0, "_wandb": {"runtime": 1}}