{"CV_RMSE": 1926.2686940288709, "RMSE": 155.8820519527684, "RMSE_Kalmar": 122.72815824337647, "RMSE_Blekinge": 33.15389370939194, "CV_RMSE_'Kalmar": 1187.6918539681594, "CV_RMSE_Blekinge": 738.5768400607114, "_timestamp": 1748525796.2674773, "_runtime": 1.3840243816375732, "_step": 0, "_wandb": {"runtime": 1}}