{"CV_RMSE": 303.85157318085123, "RMSE": 22.110086617853124, "RMSE_Kalmar": 14.97640724882155, "RMSE_Blekinge": 7.133679369031574, "CV_RMSE_'Kalmar": 144.9329733756924, "CV_RMSE_Blekinge": 158.91859980515883, "_timestamp": 1748464832.3318386, "_runtime": 1.276719570159912, "_step": 0, "_wandb": {"runtime": 1}}