{"CV_RMSE": 4582.704314956945, "RMSE": 1768.2589368487454, "RMSE_skane": 1540.4547568493456, "RMSE_kronoberg": 227.8041799993999, "CV_RMSE_'skane": 2442.5815383446284, "CV_RMSE_kronoberg": 2140.1227766123166, "_timestamp": 1748533660.1332161, "_runtime": 1.3112852573394775, "_step": 0, "_wandb": {"runtime": 1}}