{"CV_RMSE": 264.5845981505995, "RMSE": 414.9134089598356, "RMSE_STHLM": 379.70068775603545, "RMSE_S\u00f6dermanland": 35.212721203800115, "CV_RMSE_STHLM": 135.2317447488848, "CV_RMSE_S\u00f6dermanland": 129.35285340171473, "_timestamp": 1748428887.0142236, "_runtime": 1.291569471359253, "_step": 0, "_wandb": {"runtime": 1}}