{"CV_RMSE": 1105.9148708348243, "RMSE": 1237.3567945366626, "RMSE_STHLM": 1036.825432153973, "RMSE_S\u00f6dermanland": 200.53136238268974, "CV_RMSE_STHLM": 369.2690498371886, "CV_RMSE_S\u00f6dermanland": 736.6458209976357, "_timestamp": 1748301375.9473603, "_runtime": 1.278839349746704, "_step": 0, "_wandb": {"runtime": 1}}