{"CV_RMSE": 4547.1656017100895, "RMSE": 1792.4715230508352, "RMSE_skane": 1574.1347847568477, "RMSE_kronoberg": 218.3367382939875, "CV_RMSE_'skane": 2495.985388092253, "CV_RMSE_kronoberg": 2051.1802136178367, "_timestamp": 1748532237.6324673, "_runtime": 1.3866832256317139, "_step": 0, "_wandb": {"runtime": 1}}