{"CV_RMSE": 274.6962760250302, "RMSE": 434.4827592710698, "RMSE_STHLM": 398.3228914592256, "RMSE_S\u00f6dermanland": 36.15986781184422, "CV_RMSE_STHLM": 141.86410855294938, "CV_RMSE_S\u00f6dermanland": 132.83216747208084, "_timestamp": 1748557289.4623413, "_runtime": 1.3158233165740967, "_step": 0, "_wandb": {"runtime": 1}}