{"CV_RMSE": 902.3082202623491, "RMSE": 1294.9128720178855, "RMSE_STHLM": 1161.9377695211574, "RMSE_S\u00f6dermanland": 132.97510249672823, "CV_RMSE_STHLM": 413.82825190702084, "CV_RMSE_S\u00f6dermanland": 488.4799683553282, "_timestamp": 1748333700.775451, "_runtime": 1.3733248710632324, "_step": 0, "_wandb": {"runtime": 1}}