{"CV_RMSE": 3130.1614430408263, "RMSE": 203.85059709887423, "RMSE_Kalmar": 111.99096754082763, "RMSE_Blekinge": 91.85962955804659, "CV_RMSE_'Kalmar": 1083.783556846719, "CV_RMSE_Blekinge": 2046.3778861941073, "_timestamp": 1748495881.608629, "_runtime": 1.286689043045044, "_step": 0, "_wandb": {"runtime": 1}}