{"CV_RMSE": 2944.948183532263, "RMSE": 212.65687379442517, "RMSE_Kalmar": 142.26068908800102, "RMSE_Blekinge": 70.39618470642415, "CV_RMSE_'Kalmar": 1376.716346012913, "CV_RMSE_Blekinge": 1568.23183751935, "_timestamp": 1748461572.2628658, "_runtime": 1.4838178157806396, "_step": 0, "_wandb": {"runtime": 1}}