{"CV_RMSE": 266.83869676903043, "RMSE": 430.68172597759184, "RMSE_STHLM": 396.48242752005007, "RMSE_S\u00f6dermanland": 34.19929845754176, "CV_RMSE_STHLM": 141.20862080255048, "CV_RMSE_S\u00f6dermanland": 125.63007596647994, "_timestamp": 1748556545.5759995, "_runtime": 1.3077285289764404, "_step": 0, "_wandb": {"runtime": 1}}