{"CV_RMSE": 3893.01294628932, "RMSE": 1577.4437837628584, "RMSE_skane": 1399.2148252295108, "RMSE_kronoberg": 178.22895853334774, "CV_RMSE_'skane": 2218.6281583977443, "CV_RMSE_kronoberg": 1674.3847878915758, "_timestamp": 1748535560.8784225, "_runtime": 1.2872395515441895, "_step": 0, "_wandb": {"runtime": 1}}