{"CV_RMSE": 968.2141480439735, "RMSE": 890.5494279820992, "RMSE_STHLM": 694.2938269517206, "RMSE_S\u00f6dermanland": 196.25560103037867, "CV_RMSE_STHLM": 247.2752054833987, "CV_RMSE_S\u00f6dermanland": 720.9389425605748, "_timestamp": 1748312433.5391088, "_runtime": 1.3530218601226807, "_step": 0, "_wandb": {"runtime": 1}}