{"CV_RMSE": 2423.9940121578065, "RMSE": 865.688337890304, "RMSE_skane": 731.0558574802624, "RMSE_kronoberg": 134.63248041004158, "CV_RMSE_'skane": 1159.1794780342425, "CV_RMSE_kronoberg": 1264.8145341235638, "_timestamp": 1748531281.7379797, "_runtime": 1.3971776962280273, "_step": 0, "_wandb": {"runtime": 1}}