{"CV_RMSE": 4378.612674320495, "RMSE": 1566.7244629023537, "RMSE_skane": 1324.1338880909357, "RMSE_kronoberg": 242.59057481141795, "CV_RMSE_'skane": 2099.5780466558176, "CV_RMSE_kronoberg": 2279.034627664678, "_timestamp": 1748571675.3326595, "_runtime": 1.3692774772644043, "_step": 0, "_wandb": {"runtime": 1}}