{"CV_RMSE": 839.5609906080923, "RMSE": 1038.608345961579, "RMSE_STHLM": 897.0309467913576, "RMSE_S\u00f6dermanland": 141.57739917022147, "CV_RMSE_STHLM": 319.4807487582991, "CV_RMSE_S\u00f6dermanland": 520.0802418497932, "_timestamp": 1748305446.9350884, "_runtime": 1.283787488937378, "_step": 0, "_wandb": {"runtime": 1}}