{"CV_RMSE": 4763.214557339066, "RMSE": 1743.1738514206015, "RMSE_skane": 1487.1602713783298, "RMSE_kronoberg": 256.0135800422717, "CV_RMSE_'skane": 2358.0765402404804, "CV_RMSE_kronoberg": 2405.1380170985863, "_timestamp": 1748552036.9525647, "_runtime": 1.277275800704956, "_step": 0, "_wandb": {"runtime": 1}}