{"CV_RMSE": 1217.6853103159383, "RMSE": 1306.5098425990202, "RMSE_STHLM": 1079.7098520433829, "RMSE_S\u00f6dermanland": 226.79999055563744, "CV_RMSE_STHLM": 384.54248786665795, "CV_RMSE_S\u00f6dermanland": 833.1428224492804, "_timestamp": 1748318822.7131674, "_runtime": 1.3236513137817383, "_step": 0, "_wandb": {"runtime": 1}}