{"CV_RMSE": 270.6780316437321, "RMSE": 429.3354999248424, "RMSE_STHLM": 393.83430612423797, "RMSE_S\u00f6dermanland": 35.50119380060445, "CV_RMSE_STHLM": 140.26548298845043, "CV_RMSE_S\u00f6dermanland": 130.41254865528165, "_timestamp": 1748469332.8670666, "_runtime": 1.3627536296844482, "_step": 0, "_wandb": {"runtime": 1}}