{"CV_RMSE": 509.4173646180758, "RMSE": 465.0305697820763, "RMSE_STHLM": 361.39404672307734, "RMSE_S\u00f6dermanland": 103.63652305899902, "CV_RMSE_STHLM": 128.7117697074672, "CV_RMSE_S\u00f6dermanland": 380.7055949106086, "_timestamp": 1748461406.0765424, "_runtime": 1.8895244598388672, "_step": 0, "_wandb": {"runtime": 1}}