{"CV_RMSE": 718.9952812953318, "RMSE": 1427.3287668800237, "RMSE_STHLM": 1363.829511605842, "RMSE_S\u00f6dermanland": 63.49925527418158, "CV_RMSE_STHLM": 485.732710900379, "CV_RMSE_S\u00f6dermanland": 233.26257039495275, "_timestamp": 1748347779.1109502, "_runtime": 1.3351411819458008, "_step": 0, "_wandb": {"runtime": 1}}