{"CV_RMSE": 2998.9766829909895, "RMSE": 1283.446232636612, "RMSE_skane": 1160.0091315708967, "RMSE_kronoberg": 123.43710106571524, "CV_RMSE_'skane": 1839.3379464654809, "CV_RMSE_kronoberg": 1159.6387365255084, "_timestamp": 1748568691.327161, "_runtime": 1.3301961421966553, "_step": 0, "_wandb": {"runtime": 1}}