{"CV_RMSE": 306.15963638995004, "RMSE": 22.17911253642251, "RMSE_Kalmar": 14.915266866376085, "RMSE_Blekinge": 7.263845670046427, "CV_RMSE_'Kalmar": 144.34129225525243, "CV_RMSE_Blekinge": 161.81834413469764, "_timestamp": 1748504874.7641966, "_runtime": 1.3168716430664062, "_step": 0, "_wandb": {"runtime": 1}}