{"CV_RMSE": 275.25668977742953, "RMSE": 436.57971129239274, "RMSE_STHLM": 400.4760404619415, "RMSE_S\u00f6dermanland": 36.1036708304512, "CV_RMSE_STHLM": 142.6309601961802, "CV_RMSE_S\u00f6dermanland": 132.62572958124932, "_timestamp": 1748457531.370898, "_runtime": 1.9230430126190186, "_step": 0, "_wandb": {"runtime": 1}}