{"CV_RMSE": 619.6461878094494, "RMSE": 829.6725526966063, "RMSE_STHLM": 731.9563915825516, "RMSE_S\u00f6dermanland": 97.71616111405473, "CV_RMSE_STHLM": 260.6888612680239, "CV_RMSE_S\u00f6dermanland": 358.9573265414255, "_timestamp": 1748314741.8250756, "_runtime": 1.3491275310516357, "_step": 0, "_wandb": {"runtime": 1}}