{"CV_RMSE": 4684.20779107657, "RMSE": 317.04064414415546, "RMSE_Kalmar": 188.7789692064411, "RMSE_Blekinge": 128.26167493771436, "CV_RMSE_'Kalmar": 1826.893250384914, "CV_RMSE_Blekinge": 2857.3145406916565, "_timestamp": 1748523249.9661808, "_runtime": 1.396263837814331, "_step": 0, "_wandb": {"runtime": 1}}