{"CV_RMSE": 305.63262453810665, "RMSE": 22.151908072657132, "RMSE_Kalmar": 14.908994693004388, "RMSE_Blekinge": 7.242913379652745, "CV_RMSE_'Kalmar": 144.28059380326826, "CV_RMSE_Blekinge": 161.3520307348384, "_timestamp": 1748513508.9143314, "_runtime": 1.441380500793457, "_step": 0, "_wandb": {"runtime": 1}}