{"CV_RMSE": 710.255246633339, "RMSE": 954.8459793324067, "RMSE_STHLM": 843.254715053215, "RMSE_S\u00f6dermanland": 111.59126427919173, "CV_RMSE_STHLM": 300.32815336283875, "CV_RMSE_S\u00f6dermanland": 409.9270932705002, "_timestamp": 1748378402.2888083, "_runtime": 1.3248772621154785, "_step": 0, "_wandb": {"runtime": 1}}