{"CV_RMSE": 4954.717818610276, "RMSE": 1920.6376762642528, "RMSE_skane": 1676.1349396181365, "RMSE_kronoberg": 244.5027366461164, "CV_RMSE_'skane": 2657.719248865967, "CV_RMSE_kronoberg": 2296.9985697443085, "_timestamp": 1748570077.9773371, "_runtime": 1.3285942077636719, "_step": 0, "_wandb": {"runtime": 1}}