{"CV_RMSE": 274.53664155816864, "RMSE": 434.0877855766335, "RMSE_STHLM": 397.9336341896251, "RMSE_S\u00f6dermanland": 36.15415138700842, "CV_RMSE_STHLM": 141.72547319772954, "CV_RMSE_S\u00f6dermanland": 132.8111683604391, "_timestamp": 1748444583.9219332, "_runtime": 1.3144640922546387, "_step": 0, "_wandb": {"runtime": 1}}