{"CV_RMSE": 4815.149748357318, "RMSE": 1832.0652081907435, "RMSE_skane": 1587.450480484909, "RMSE_kronoberg": 244.61472770583455, "CV_RMSE_'skane": 2517.0990705363247, "CV_RMSE_kronoberg": 2298.050677820993, "_timestamp": 1748520808.195454, "_runtime": 1.3885929584503174, "_step": 0, "_wandb": {"runtime": 1}}