{"CV_RMSE": 1201.3028554023367, "RMSE": 1196.5006728059564, "RMSE_STHLM": 962.8283488363857, "RMSE_S\u00f6dermanland": 233.67232396957067, "CV_RMSE_STHLM": 342.914726534526, "CV_RMSE_S\u00f6dermanland": 858.3881288678107, "_timestamp": 1748340902.7621243, "_runtime": 1.307387351989746, "_step": 0, "_wandb": {"runtime": 1}}