{"CV_RMSE": 3679.5266148557903, "RMSE": 1488.2937937916192, "RMSE_skane": 1319.3014178535705, "RMSE_kronoberg": 168.99237593804875, "CV_RMSE_'skane": 2091.9155674210942, "CV_RMSE_kronoberg": 1587.611047434696, "_timestamp": 1748508620.0717022, "_runtime": 1.369474172592163, "_step": 0, "_wandb": {"runtime": 1}}