{"CV_RMSE": 1557.3402838236861, "RMSE": 1643.5192883442653, "RMSE_STHLM": 1350.512799523742, "RMSE_S\u00f6dermanland": 293.0064888205234, "CV_RMSE_STHLM": 480.98991672788594, "CV_RMSE_S\u00f6dermanland": 1076.3503670958003, "_timestamp": 1748387423.4290006, "_runtime": 1.2780275344848633, "_step": 0, "_wandb": {"runtime": 1}}