{"CV_RMSE": 1650.695143995139, "RMSE": 2460.5526075897387, "RMSE_STHLM": 2227.12273413516, "RMSE_S\u00f6dermanland": 233.42987345457846, "CV_RMSE_STHLM": 793.1976496721978, "CV_RMSE_S\u00f6dermanland": 857.4974943229413, "_timestamp": 1748345529.484902, "_runtime": 1.3379859924316406, "_step": 0, "_wandb": {"runtime": 1}}