{"CV_RMSE": 264.77986436412345, "RMSE": 422.8873299948682, "RMSE_STHLM": 388.4718418938234, "RMSE_S\u00f6dermanland": 34.4154881010448, "CV_RMSE_STHLM": 138.35562236028537, "CV_RMSE_S\u00f6dermanland": 126.42424200383806, "_timestamp": 1748513948.9039557, "_runtime": 1.3334357738494873, "_step": 0, "_wandb": {"runtime": 1}}