{"CV_RMSE": 304.2191473510908, "RMSE": 22.110922082458274, "RMSE_Kalmar": 14.948711404187563, "RMSE_Blekinge": 7.16221067827071, "CV_RMSE_'Kalmar": 144.66494907278286, "CV_RMSE_Blekinge": 159.5541982783079, "_timestamp": 1748485414.944434, "_runtime": 1.2961459159851074, "_step": 0, "_wandb": {"runtime": 1}}