{"CV_RMSE": 3597.4093428634787, "RMSE": 237.54050490730603, "RMSE_Kalmar": 134.47304346714935, "RMSE_Blekinge": 103.06746144015668, "CV_RMSE_'Kalmar": 1301.3520335530582, "CV_RMSE_Blekinge": 2296.057309310421, "_timestamp": 1748516716.7986526, "_runtime": 1.381495714187622, "_step": 0, "_wandb": {"runtime": 1}}