{"CV_RMSE": 619.6461483172824, "RMSE": 385.98997256503736, "RMSE_STHLM": 240.6391905196271, "RMSE_S\u00f6dermanland": 145.35078204541026, "CV_RMSE_STHLM": 85.70449998720396, "CV_RMSE_S\u00f6dermanland": 533.9416483300785, "_timestamp": 1748396937.409815, "_runtime": 1.3144559860229492, "_step": 0, "_wandb": {"runtime": 1}}