{"CV_RMSE": 3715.3232784459487, "RMSE": 254.93644923429468, "RMSE_Kalmar": 155.87174015913277, "RMSE_Blekinge": 99.06470907516191, "CV_RMSE_'Kalmar": 1508.4361950883815, "CV_RMSE_Blekinge": 2206.8870833575675, "_timestamp": 1748524874.4776828, "_runtime": 1.2769289016723633, "_step": 0, "_wandb": {"runtime": 1}}