{"CV_RMSE": 4382.3103357989785, "RMSE": 1845.875269218214, "RMSE_skane": 1659.4933472827477, "RMSE_kronoberg": 186.3819219354663, "CV_RMSE_'skane": 2631.331946008585, "CV_RMSE_kronoberg": 1750.9783897903933, "_timestamp": 1748523828.2069397, "_runtime": 1.2768967151641846, "_step": 0, "_wandb": {"runtime": 1}}