{"CV_RMSE": 3094.3122837125434, "RMSE": 1187.3821957785378, "RMSE_skane": 1032.230579358891, "RMSE_kronoberg": 155.1516164196468, "CV_RMSE_'skane": 1636.729248454901, "CV_RMSE_kronoberg": 1457.5830352576425, "_timestamp": 1748531330.3131454, "_runtime": 1.310011386871338, "_step": 0, "_wandb": {"runtime": 1}}