{"CV_RMSE": 275.4646145164595, "RMSE": 437.14300127995347, "RMSE_STHLM": 401.0371277605611, "RMSE_S\u00f6dermanland": 36.10587351939238, "CV_RMSE_STHLM": 142.830793424814, "CV_RMSE_S\u00f6dermanland": 132.63382109164547, "_timestamp": 1748449127.4816248, "_runtime": 1.3473758697509766, "_step": 0, "_wandb": {"runtime": 1}}