{"CV_RMSE": 277.86065355175157, "RMSE": 100.4866275485969, "RMSE_skane": 85.30831258664904, "RMSE_kronoberg": 15.178314961947862, "CV_RMSE_'skane": 135.26688042280503, "CV_RMSE_kronoberg": 142.59377312894654, "_timestamp": 1748554997.0047917, "_runtime": 1.3276407718658447, "_step": 0, "_wandb": {"runtime": 1}}