{"CV_RMSE": 264.41087565106454, "RMSE": 421.1383426280422, "RMSE_STHLM": 386.6463109164707, "RMSE_S\u00f6dermanland": 34.49203171157148, "CV_RMSE_STHLM": 137.70545303712848, "CV_RMSE_S\u00f6dermanland": 126.70542261393604, "_timestamp": 1748475500.3582084, "_runtime": 1.289764404296875, "_step": 0, "_wandb": {"runtime": 1}}