{"CV_RMSE": 306.8858871559563, "RMSE": 22.249056444186074, "RMSE_Kalmar": 14.98129212412368, "RMSE_Blekinge": 7.267764320062392, "CV_RMSE_'Kalmar": 144.9802463624872, "CV_RMSE_Blekinge": 161.90564079346913, "_timestamp": 1748505455.8184834, "_runtime": 1.2241723537445068, "_step": 0, "_wandb": {"runtime": 1}}