{"CV_RMSE": 450.3459125036603, "RMSE": 629.5409814965516, "RMSE_STHLM": 561.3736218706318, "RMSE_S\u00f6dermanland": 68.16735962591976, "CV_RMSE_STHLM": 199.93520367375095, "CV_RMSE_S\u00f6dermanland": 250.41070882990934, "_timestamp": 1748378149.366669, "_runtime": 1.3736379146575928, "_step": 0, "_wandb": {"runtime": 1}}