{"CV_RMSE": 306.92616054559977, "RMSE": 22.2522809244774, "RMSE_Kalmar": 14.983796852066556, "RMSE_Blekinge": 7.2684840724108435, "CV_RMSE_'Kalmar": 145.0044856651602, "CV_RMSE_Blekinge": 161.92167488043958, "_timestamp": 1748472924.3090599, "_runtime": 1.3138139247894287, "_step": 0, "_wandb": {"runtime": 1}}