{"CV_RMSE": 935.1454254282876, "RMSE": 501.4837744718651, "RMSE_skane": 483.5580728333215, "RMSE_kronoberg": 17.92570163854363, "CV_RMSE_'skane": 766.7411302853934, "CV_RMSE_kronoberg": 168.40429514289423, "_timestamp": 1748572065.540877, "_runtime": 1.2992820739746094, "_step": 0, "_wandb": {"runtime": 1}}