{"CV_RMSE": 5182.2185881937585, "RMSE": 1988.8421645749816, "RMSE_skane": 1729.055152424221, "RMSE_kronoberg": 259.7870121507606, "CV_RMSE_'skane": 2741.630791370329, "CV_RMSE_kronoberg": 2440.587796823429, "_timestamp": 1748538788.8159535, "_runtime": 1.3367915153503418, "_step": 0, "_wandb": {"runtime": 1}}