{"CV_RMSE": 549.1543128195892, "RMSE": 1181.0890875558541, "RMSE_STHLM": 1142.3513679262728, "RMSE_S\u00f6dermanland": 38.737719629581335, "CV_RMSE_STHLM": 406.85248560888226, "CV_RMSE_S\u00f6dermanland": 142.30182721070693, "_timestamp": 1748367008.5101106, "_runtime": 1.3435585498809814, "_step": 0, "_wandb": {"runtime": 1}}