{"CV_RMSE": 832.7010034714042, "RMSE": 1212.2212937784354, "RMSE_STHLM": 1091.3512545895887, "RMSE_S\u00f6dermanland": 120.87003918884672, "CV_RMSE_STHLM": 388.6886146144163, "CV_RMSE_S\u00f6dermanland": 444.0123888569879, "_timestamp": 1748283858.1166828, "_runtime": 1.3730738162994385, "_step": 0, "_wandb": {"runtime": 1}}