{"CV_RMSE": 1897.8608530350368, "RMSE": 122.47053205737632, "RMSE_Kalmar": 65.90918327374645, "RMSE_Blekinge": 56.56134878362987, "CV_RMSE_'Kalmar": 637.8308058749656, "CV_RMSE_Blekinge": 1260.0300471600713, "_timestamp": 1748505450.82283, "_runtime": 1.2935559749603271, "_step": 0, "_wandb": {"runtime": 1}}