{"CV_RMSE": 261.04719635428285, "RMSE": 422.8193872944012, "RMSE_STHLM": 389.5218120327076, "RMSE_S\u00f6dermanland": 33.29757526169362, "CV_RMSE_STHLM": 138.72957294397975, "CV_RMSE_S\u00f6dermanland": 122.31762341030311, "_timestamp": 1748461164.0568483, "_runtime": 1.3369941711425781, "_step": 0, "_wandb": {"runtime": 1}}