{"CV_RMSE": 3549.394413321809, "RMSE": 227.3472019242974, "RMSE_Kalmar": 120.26143031962377, "RMSE_Blekinge": 107.08577160467361, "CV_RMSE_'Kalmar": 1163.8202934157139, "CV_RMSE_Blekinge": 2385.5741199060953, "_timestamp": 1748528478.0421705, "_runtime": 1.3130714893341064, "_step": 0, "_wandb": {"runtime": 1}}