{"CV_RMSE": 4887.196578297368, "RMSE": 1900.929703992034, "RMSE_skane": 1661.0718710142403, "RMSE_kronoberg": 239.85783297779378, "CV_RMSE_'skane": 2633.8348906145457, "CV_RMSE_kronoberg": 2253.361687682823, "_timestamp": 1748564389.418866, "_runtime": 1.3100860118865967, "_step": 0, "_wandb": {"runtime": 1}}