{"CV_RMSE": 506.0373565240809, "RMSE": 461.9118950632415, "RMSE_STHLM": 358.9594434501528, "RMSE_S\u00f6dermanland": 102.95245161308871, "CV_RMSE_STHLM": 127.84467712906114, "CV_RMSE_S\u00f6dermanland": 378.19267939501975, "_timestamp": 1748529223.5950422, "_runtime": 1.3162293434143066, "_step": 0, "_wandb": {"runtime": 1}}