{"CV_RMSE": 273.7692905245775, "RMSE": 438.995561822718, "RMSE_STHLM": 403.59963577285214, "RMSE_S\u00f6dermanland": 35.39592604986586, "CV_RMSE_STHLM": 143.74343972915193, "CV_RMSE_S\u00f6dermanland": 130.0258507954256, "_timestamp": 1748500283.993011, "_runtime": 1.2949490547180176, "_step": 0, "_wandb": {"runtime": 1}}