{"CV_RMSE": 3242.0327429434674, "RMSE": 251.47861699457087, "RMSE_Kalmar": 187.32139460621855, "RMSE_Blekinge": 64.15722238835232, "CV_RMSE_'Kalmar": 1812.7876897375988, "CV_RMSE_Blekinge": 1429.2450532058685, "_timestamp": 1748491147.5502524, "_runtime": 1.305213451385498, "_step": 0, "_wandb": {"runtime": 1}}