{"CV_RMSE": 3549.9930204696275, "RMSE": 1461.1941640942728, "RMSE_skane": 1303.2869914403943, "RMSE_kronoberg": 157.90717265387852, "CV_RMSE_'skane": 2066.5227137004135, "CV_RMSE_kronoberg": 1483.4703067692137, "_timestamp": 1748515053.2079475, "_runtime": 1.3476815223693848, "_step": 0, "_wandb": {"runtime": 1}}