{"CV_RMSE": 1362.146612170247, "RMSE": 1563.920770919191, "RMSE_STHLM": 1321.2092752496512, "RMSE_S\u00f6dermanland": 242.7114956695398, "CV_RMSE_STHLM": 470.5533627719375, "CV_RMSE_S\u00f6dermanland": 891.5932493983095, "_timestamp": 1748302440.4494193, "_runtime": 1.293504238128662, "_step": 0, "_wandb": {"runtime": 1}}