{"CV_RMSE": 1590.363348355675, "RMSE": 1832.5519156423015, "RMSE_STHLM": 1549.8855863901365, "RMSE_S\u00f6dermanland": 282.6663292521649, "CV_RMSE_STHLM": 551.9972408987427, "CV_RMSE_S\u00f6dermanland": 1038.3661074569325, "_timestamp": 1748310613.47763, "_runtime": 1.274587869644165, "_step": 0, "_wandb": {"runtime": 1}}