{"CV_RMSE": 290.4662801143409, "RMSE": 426.657909219754, "RMSE_STHLM": 384.9041055241486, "RMSE_S\u00f6dermanland": 41.75380369560543, "CV_RMSE_STHLM": 137.08496041619853, "CV_RMSE_S\u00f6dermanland": 153.3813196981424, "_timestamp": 1748507849.5107195, "_runtime": 1.4056124687194824, "_step": 0, "_wandb": {"runtime": 1}}