{"CV_RMSE": 5185.495182756331, "RMSE": 2000.1235299188631, "RMSE_skane": 1742.207628294897, "RMSE_kronoberg": 257.9159016239662, "CV_RMSE_'skane": 2762.4856685437053, "CV_RMSE_kronoberg": 2423.009514212626, "_timestamp": 1748572916.0508716, "_runtime": 1.2776036262512207, "_step": 0, "_wandb": {"runtime": 1}}