{"CV_RMSE": 1312.7027397803197, "RMSE": 2225.471876786533, "RMSE_STHLM": 2068.690589461739, "RMSE_S\u00f6dermanland": 156.78128732479405, "CV_RMSE_STHLM": 736.7714802198517, "CV_RMSE_S\u00f6dermanland": 575.931259560468, "_timestamp": 1748348109.677639, "_runtime": 1.2891619205474854, "_step": 0, "_wandb": {"runtime": 1}}