{"CV_RMSE": 271.58366014967226, "RMSE": 432.3256549236234, "RMSE_STHLM": 396.87248964808276, "RMSE_S\u00f6dermanland": 35.453165275540634, "CV_RMSE_STHLM": 141.34754281095152, "CV_RMSE_S\u00f6dermanland": 130.2361173387207, "_timestamp": 1748447006.183039, "_runtime": 1.291374921798706, "_step": 0, "_wandb": {"runtime": 1}}