{"CV_RMSE": 273.20376005871424, "RMSE": 432.4630225109822, "RMSE_STHLM": 396.53622854609796, "RMSE_S\u00f6dermanland": 35.92679396488425, "CV_RMSE_STHLM": 141.2277822285272, "CV_RMSE_S\u00f6dermanland": 131.97597783018702, "_timestamp": 1748515030.7195158, "_runtime": 1.280909776687622, "_step": 0, "_wandb": {"runtime": 1}}