{"CV_RMSE": 275.48160718829, "RMSE": 437.02910615601684, "RMSE_STHLM": 400.9058822165016, "RMSE_S\u00f6dermanland": 36.123223939515256, "CV_RMSE_STHLM": 142.78404985945843, "CV_RMSE_S\u00f6dermanland": 132.69755732883155, "_timestamp": 1748530458.8866665, "_runtime": 1.3894474506378174, "_step": 0, "_wandb": {"runtime": 1}}