{"CV_RMSE": 275.54468878440684, "RMSE": 437.0952417248438, "RMSE_STHLM": 400.96010237513593, "RMSE_S\u00f6dermanland": 36.13513934970785, "CV_RMSE_STHLM": 142.80336056099023, "CV_RMSE_S\u00f6dermanland": 132.7413282234166, "_timestamp": 1748297816.5042257, "_runtime": 1.2508807182312012, "_step": 0, "_wandb": {"runtime": 1}}