{"CV_RMSE": 1666.5310213142934, "RMSE": 2331.5047375229747, "RMSE_STHLM": 2079.4463293833396, "RMSE_S\u00f6dermanland": 252.0584081396352, "CV_RMSE_STHLM": 740.602175087062, "CV_RMSE_S\u00f6dermanland": 925.9288462272312, "_timestamp": 1748305663.9320645, "_runtime": 1.273425579071045, "_step": 0, "_wandb": {"runtime": 1}}