{"CV_RMSE": 275.3416715998053, "RMSE": 436.981786801138, "RMSE_STHLM": 400.8956659408485, "RMSE_S\u00f6dermanland": 36.08612086028947, "CV_RMSE_STHLM": 142.7804112967011, "CV_RMSE_S\u00f6dermanland": 132.56126030310418, "_timestamp": 1748287617.4786391, "_runtime": 1.2953710556030273, "_step": 0, "_wandb": {"runtime": 1}}