{"CV_RMSE": 267.5291947403057, "RMSE": 425.00592751850087, "RMSE_STHLM": 389.9891145942556, "RMSE_S\u00f6dermanland": 35.01681292424526, "CV_RMSE_STHLM": 138.89600440634354, "CV_RMSE_S\u00f6dermanland": 128.63319033396218, "_timestamp": 1748561307.2050982, "_runtime": 1.4546191692352295, "_step": 0, "_wandb": {"runtime": 1}}