{"CV_RMSE": 181.17982475177172, "RMSE": 248.67959246076032, "RMSE_STHLM": 220.76192907406468, "RMSE_S\u00f6dermanland": 27.917663386695633, "CV_RMSE_STHLM": 78.62514292309388, "CV_RMSE_S\u00f6dermanland": 102.55468182867783, "_timestamp": 1748298777.5673223, "_runtime": 1.3596303462982178, "_step": 0, "_wandb": {"runtime": 1}}