{"CV_RMSE": 689.9096490549019, "RMSE": 1652.0677647196167, "RMSE_STHLM": 1621.4647506705612, "RMSE_S\u00f6dermanland": 30.603014049055474, "CV_RMSE_STHLM": 577.4904137726573, "CV_RMSE_S\u00f6dermanland": 112.4192352822446, "_timestamp": 1748371321.1905754, "_runtime": 1.358856439590454, "_step": 0, "_wandb": {"runtime": 1}}