{"CV_RMSE": 1260.7367919149756, "RMSE": 2235.043938276648, "RMSE_STHLM": 2094.9553850891716, "RMSE_S\u00f6dermanland": 140.08855318747646, "CV_RMSE_STHLM": 746.1257802058783, "CV_RMSE_S\u00f6dermanland": 514.6110117090973, "_timestamp": 1748301172.1740541, "_runtime": 1.2451961040496826, "_step": 0, "_wandb": {"runtime": 1}}