{"CV_RMSE": 906.9768884319648, "RMSE": 513.9132861257449, "RMSE_STHLM": 295.6811716594731, "RMSE_S\u00f6dermanland": 218.23211446627187, "CV_RMSE_STHLM": 105.30789651504779, "CV_RMSE_S\u00f6dermanland": 801.668991916917, "_timestamp": 1748386005.3050992, "_runtime": 1.4810543060302734, "_step": 0, "_wandb": {"runtime": 1}}