{"CV_RMSE": 5169.217944658618, "RMSE": 1986.6461692231742, "RMSE_skane": 1728.0780947430026, "RMSE_kronoberg": 258.56807448017173, "CV_RMSE_'skane": 2740.081545575585, "CV_RMSE_kronoberg": 2429.136399083033, "_timestamp": 1748533064.2436414, "_runtime": 1.31437349319458, "_step": 0, "_wandb": {"runtime": 1}}