{"CV_RMSE": 2293.8074635285407, "RMSE": 180.9343312142699, "RMSE_Kalmar": 137.85192481337046, "RMSE_Blekinge": 43.08240640089944, "CV_RMSE_'Kalmar": 1334.050885290682, "CV_RMSE_Blekinge": 959.7565782378587, "_timestamp": 1748508631.730085, "_runtime": 1.4159009456634521, "_step": 0, "_wandb": {"runtime": 1}}