{"CV_RMSE": 336.28338338811807, "RMSE": 23.512027834321835, "RMSE_Kalmar": 14.881132270107738, "RMSE_Blekinge": 8.630895564214097, "CV_RMSE_'Kalmar": 144.0109574526555, "CV_RMSE_Blekinge": 192.27242593546254, "_timestamp": 1748492500.9405653, "_runtime": 1.2890193462371826, "_step": 0, "_wandb": {"runtime": 1}}