{"CV_RMSE": 848.9505630543417, "RMSE": 654.769016130219, "RMSE_STHLM": 469.15140010690834, "RMSE_S\u00f6dermanland": 185.6176160233107, "CV_RMSE_STHLM": 167.089932764629, "CV_RMSE_S\u00f6dermanland": 681.8606302897127, "_timestamp": 1748327980.1572394, "_runtime": 1.3286385536193848, "_step": 0, "_wandb": {"runtime": 1}}