{"CV_RMSE": 266.42114979547796, "RMSE": 414.4602212221816, "RMSE_STHLM": 378.64521909143065, "RMSE_S\u00f6dermanland": 35.81500213075094, "CV_RMSE_STHLM": 134.8558358457806, "CV_RMSE_S\u00f6dermanland": 131.56531394969733, "_timestamp": 1748434581.196565, "_runtime": 1.273345947265625, "_step": 0, "_wandb": {"runtime": 1}}