{"CV_RMSE": 446.112260908883, "RMSE": 472.7988717975277, "RMSE_STHLM": 389.0795996282569, "RMSE_S\u00f6dermanland": 83.71927216927074, "CV_RMSE_STHLM": 138.57207742992927, "CV_RMSE_S\u00f6dermanland": 307.54018347895374, "_timestamp": 1748449962.044651, "_runtime": 1.4224879741668701, "_step": 0, "_wandb": {"runtime": 1}}