{"CV_RMSE": 1917.0017344388991, "RMSE": 2715.919551633774, "RMSE_STHLM": 2429.628643228919, "RMSE_S\u00f6dermanland": 286.29090840485526, "CV_RMSE_STHLM": 865.3208464210634, "CV_RMSE_S\u00f6dermanland": 1051.6808880178357, "_timestamp": 1748316381.9891477, "_runtime": 1.2584855556488037, "_step": 0, "_wandb": {"runtime": 1}}