{"CV_RMSE": 588.4311683881663, "RMSE": 706.4393474768865, "RMSE_STHLM": 604.9023493767862, "RMSE_S\u00f6dermanland": 101.53699810010032, "CV_RMSE_STHLM": 215.43811414289974, "CV_RMSE_S\u00f6dermanland": 372.9930542452665, "_timestamp": 1748393890.9050999, "_runtime": 1.2968637943267822, "_step": 0, "_wandb": {"runtime": 1}}