{"CV_RMSE": 4592.452055046515, "RMSE": 304.7605417573399, "RMSE_Kalmar": 174.34931313621854, "RMSE_Blekinge": 130.41122862112138, "CV_RMSE_'Kalmar": 1687.2514174472763, "CV_RMSE_Blekinge": 2905.2006375992387, "_timestamp": 1748535448.5541635, "_runtime": 1.3356153964996338, "_step": 0, "_wandb": {"runtime": 1}}