{"CV_RMSE": 306.50044161796063, "RMSE": 22.222557431806358, "RMSE_Kalmar": 14.96503163910415, "RMSE_Blekinge": 7.257525792702208, "CV_RMSE_'Kalmar": 144.82288683004015, "CV_RMSE_Blekinge": 161.67755478792049, "_timestamp": 1748546339.6126618, "_runtime": 1.3339219093322754, "_step": 0, "_wandb": {"runtime": 1}}