{"CV_RMSE": 739.1636094631104, "RMSE": 221.6108642866005, "RMSE_skane": 171.95345097007242, "RMSE_kronoberg": 49.65741331652808, "CV_RMSE_'skane": 272.6534634832015, "CV_RMSE_kronoberg": 466.51014597990894, "_timestamp": 1748532726.221126, "_runtime": 1.3715991973876953, "_step": 0, "_wandb": {"runtime": 1}}