{"CV_RMSE": 2889.635866096776, "RMSE": 1182.2402622802392, "RMSE_skane": 1052.2550623086286, "RMSE_kronoberg": 129.98519997161074, "CV_RMSE_'skane": 1668.4805427726667, "CV_RMSE_kronoberg": 1221.1553233241093, "_timestamp": 1748502123.0596058, "_runtime": 1.33250093460083, "_step": 0, "_wandb": {"runtime": 1}}