{"CV_RMSE": 1054.7387473611363, "RMSE": 2234.014262521243, "RMSE_STHLM": 2155.9129699481805, "RMSE_S\u00f6dermanland": 78.10129257306254, "CV_RMSE_STHLM": 767.8360399498862, "CV_RMSE_S\u00f6dermanland": 286.90270741125016, "_timestamp": 1748334174.5227726, "_runtime": 1.3065075874328613, "_step": 0, "_wandb": {"runtime": 1}}