{"CV_RMSE": 310.4465477019887, "RMSE": 22.60987124523864, "RMSE_Kalmar": 15.336638238288174, "RMSE_Blekinge": 7.273233006950467, "CV_RMSE_'Kalmar": 148.41907972536941, "CV_RMSE_Blekinge": 162.0274679766193, "_timestamp": 1748498359.8570452, "_runtime": 1.3542842864990234, "_step": 0, "_wandb": {"runtime": 1}}