{"CV_RMSE": 3013.303539281301, "RMSE": 153.45803753237374, "RMSE_Kalmar": 32.16843438259357, "RMSE_Blekinge": 121.28960314978018, "CV_RMSE_'Kalmar": 311.30742950897, "CV_RMSE_Blekinge": 2701.996109772331, "_timestamp": 1748494201.8748798, "_runtime": 1.297226905822754, "_step": 0, "_wandb": {"runtime": 1}}