{"CV_RMSE": 3865.5666848322862, "RMSE": 1777.791502145624, "RMSE_skane": 1643.7582960206664, "RMSE_kronoberg": 134.03320612495756, "CV_RMSE_'skane": 2606.3820761427055, "CV_RMSE_kronoberg": 1259.1846086895805, "_timestamp": 1748532407.4956234, "_runtime": 1.3066773414611816, "_step": 0, "_wandb": {"runtime": 1}}