{"CV_RMSE": 3356.495024813028, "RMSE": 1476.267538080962, "RMSE_skane": 1346.2000545533497, "RMSE_kronoberg": 130.0674835276122, "CV_RMSE_'skane": 2134.5666826955858, "CV_RMSE_kronoberg": 1221.9283421174425, "_timestamp": 1748501113.275055, "_runtime": 1.3725018501281738, "_step": 0, "_wandb": {"runtime": 1}}