{"CV_RMSE": 4654.081864401098, "RMSE": 1832.510595504899, "RMSE_skane": 1608.6123706431617, "RMSE_kronoberg": 223.89822486173728, "CV_RMSE_'skane": 2550.6538646561758, "CV_RMSE_kronoberg": 2103.4279997449225, "_timestamp": 1748572605.8462303, "_runtime": 1.2746472358703613, "_step": 0, "_wandb": {"runtime": 1}}