{"CV_RMSE": 246.8733216445251, "RMSE": 405.9884525670539, "RMSE_STHLM": 375.15656886907226, "RMSE_S\u00f6dermanland": 30.831883697981667, "CV_RMSE_STHLM": 133.61334071316386, "CV_RMSE_S\u00f6dermanland": 113.25998093136123, "_timestamp": 1748346713.7150543, "_runtime": 1.3223483562469482, "_step": 0, "_wandb": {"runtime": 1}}