{"CV_RMSE": 3769.49497411546, "RMSE": 205.37528266151784, "RMSE_Kalmar": 63.945176215091614, "RMSE_Blekinge": 141.43010644642624, "CV_RMSE_'Kalmar": 618.8242859524995, "CV_RMSE_Blekinge": 3150.6706881629607, "_timestamp": 1748544572.6121504, "_runtime": 1.386488437652588, "_step": 0, "_wandb": {"runtime": 1}}