{"CV_RMSE": 1445.2483362839153, "RMSE": 1606.7369732252223, "RMSE_STHLM": 1343.5714161494338, "RMSE_S\u00f6dermanland": 263.16555707578857, "CV_RMSE_STHLM": 478.51771845448775, "CV_RMSE_S\u00f6dermanland": 966.7306178294274, "_timestamp": 1748319657.0979307, "_runtime": 1.264695644378662, "_step": 0, "_wandb": {"runtime": 1}}