{"CV_RMSE": 4594.745532063582, "RMSE": 327.0870113997306, "RMSE_Kalmar": 213.64184497440144, "RMSE_Blekinge": 113.44516642532919, "CV_RMSE_'Kalmar": 2067.5017255587236, "CV_RMSE_Blekinge": 2527.243806504858, "_timestamp": 1748484426.6538758, "_runtime": 1.3283367156982422, "_step": 0, "_wandb": {"runtime": 1}}