{"CV_RMSE": 275.3261759588205, "RMSE": 436.8367167616599, "RMSE_STHLM": 400.7396920353968, "RMSE_S\u00f6dermanland": 36.09702472626309, "CV_RMSE_STHLM": 142.72486063785402, "CV_RMSE_S\u00f6dermanland": 132.60131532096648, "_timestamp": 1748485795.8846703, "_runtime": 1.2287993431091309, "_step": 0, "_wandb": {"runtime": 1}}