{"CV_RMSE": 3262.0010917190166, "RMSE": 1625.0400515110532, "RMSE_skane": 1537.281869884852, "RMSE_kronoberg": 87.75818162620119, "CV_RMSE_'skane": 2437.5505336440574, "CV_RMSE_kronoberg": 824.450558074959, "_timestamp": 1748532171.7269356, "_runtime": 1.453392744064331, "_step": 0, "_wandb": {"runtime": 1}}