{"CV_RMSE": 268.834951456427, "RMSE": 429.8197392815505, "RMSE_STHLM": 394.9261281902252, "RMSE_S\u00f6dermanland": 34.89361109132529, "CV_RMSE_STHLM": 140.6543392842116, "CV_RMSE_S\u00f6dermanland": 128.18061217221538, "_timestamp": 1748565918.8461194, "_runtime": 1.350616455078125, "_step": 0, "_wandb": {"runtime": 1}}