{"CV_RMSE": 3761.697743092308, "RMSE": 241.18612703226623, "RMSE_Kalmar": 127.87976493988728, "RMSE_Blekinge": 113.30636209237895, "CV_RMSE_'Kalmar": 1237.5461123214898, "CV_RMSE_Blekinge": 2524.151630770818, "_timestamp": 1748536426.303996, "_runtime": 1.3912231922149658, "_step": 0, "_wandb": {"runtime": 1}}