{"CV_RMSE": 274.7709293798239, "RMSE": 435.8400187990625, "RMSE_STHLM": 399.80336489030975, "RMSE_S\u00f6dermanland": 36.03665390875274, "CV_RMSE_STHLM": 142.39138440889545, "CV_RMSE_S\u00f6dermanland": 132.37954497092844, "_timestamp": 1748467756.1041017, "_runtime": 1.8218276500701904, "_step": 0, "_wandb": {"runtime": 1}}