{"CV_RMSE": 270.101401551467, "RMSE": 414.81238593683184, "RMSE_STHLM": 377.9257864030578, "RMSE_S\u00f6dermanland": 36.88659953377401, "CV_RMSE_STHLM": 134.59960734576654, "CV_RMSE_S\u00f6dermanland": 135.50179420570046, "_timestamp": 1748480359.0124817, "_runtime": 1.2690367698669434, "_step": 0, "_wandb": {"runtime": 1}}