{"CV_RMSE": 4014.518069157573, "RMSE": 231.9415861369709, "RMSE_Kalmar": 91.46944381549707, "RMSE_Blekinge": 140.47214232147383, "CV_RMSE_'Kalmar": 885.1881659564232, "CV_RMSE_Blekinge": 3129.3299032011496, "_timestamp": 1748465088.3787951, "_runtime": 1.3218321800231934, "_step": 0, "_wandb": {"runtime": 1}}