{"CV_RMSE": 3169.894792523117, "RMSE": 184.38171768589717, "RMSE_Kalmar": 74.41531592399112, "RMSE_Blekinge": 109.96640176190607, "CV_RMSE_'Kalmar": 720.1482186192688, "CV_RMSE_Blekinge": 2449.746573903848, "_timestamp": 1748504958.065765, "_runtime": 1.3282809257507324, "_step": 0, "_wandb": {"runtime": 1}}