{"CV_RMSE": 5000.749515412461, "RMSE": 1939.8873522443953, "RMSE_skane": 1693.3985665076955, "RMSE_kronoberg": 246.48878573669975, "CV_RMSE_'skane": 2685.092864441377, "CV_RMSE_kronoberg": 2315.6566509710833, "_timestamp": 1748549011.5552046, "_runtime": 1.3105237483978271, "_step": 0, "_wandb": {"runtime": 1}}