{"CV_RMSE": 1320.5146439308496, "RMSE": 330.1340494701775, "RMSE_skane": 228.06572444018204, "RMSE_kronoberg": 102.06832502999548, "CV_RMSE_'skane": 361.62641296011947, "CV_RMSE_kronoberg": 958.8882309707301, "_timestamp": 1748508284.4482536, "_runtime": 1.3227217197418213, "_step": 0, "_wandb": {"runtime": 1}}