{"CV_RMSE": 3723.1478319187404, "RMSE": 237.04942095752426, "RMSE_Kalmar": 123.62538022939775, "RMSE_Blekinge": 113.42404072812651, "CV_RMSE_'Kalmar": 1196.3746473812685, "CV_RMSE_Blekinge": 2526.773184537472, "_timestamp": 1748519436.3950753, "_runtime": 1.3212254047393799, "_step": 0, "_wandb": {"runtime": 1}}