{"CV_RMSE": 268.49941539600695, "RMSE": 420.07416157920477, "RMSE_STHLM": 384.2353929869932, "RMSE_S\u00f6dermanland": 35.83876859221159, "CV_RMSE_STHLM": 136.84679607767862, "CV_RMSE_S\u00f6dermanland": 131.6526193183283, "_timestamp": 1748441399.0680091, "_runtime": 1.2817881107330322, "_step": 0, "_wandb": {"runtime": 1}}