{"CV_RMSE": 273.8108237590882, "RMSE": 433.36275560440805, "RMSE_STHLM": 397.34956028800144, "RMSE_S\u00f6dermanland": 36.0131953164066, "CV_RMSE_STHLM": 141.51745320902307, "CV_RMSE_S\u00f6dermanland": 132.29337055006508, "_timestamp": 1748488734.2456012, "_runtime": 1.2684581279754639, "_step": 0, "_wandb": {"runtime": 1}}