{"CV_RMSE": 904.213376791103, "RMSE": 1180.511087492538, "RMSE_STHLM": 1034.679278173267, "RMSE_S\u00f6dermanland": 145.83180931927114, "CV_RMSE_STHLM": 368.50468949582125, "CV_RMSE_S\u00f6dermanland": 535.7086872952817, "_timestamp": 1748325675.9666543, "_runtime": 1.3096973896026611, "_step": 0, "_wandb": {"runtime": 1}}