{"CV_RMSE": 277.4522295305149, "RMSE": 99.54148638851179, "RMSE_skane": 84.22356054255033, "RMSE_kronoberg": 15.317925845961456, "CV_RMSE_'skane": 133.54687189622146, "CV_RMSE_kronoberg": 143.90535763429344, "_timestamp": 1748509271.1456778, "_runtime": 1.2940447330474854, "_step": 0, "_wandb": {"runtime": 1}}