{"CV_RMSE": 279.70896422518877, "RMSE": 100.83012826229776, "RMSE_skane": 85.48487048675565, "RMSE_kronoberg": 15.34525777554211, "CV_RMSE_'skane": 135.54683480986623, "CV_RMSE_kronoberg": 144.16212941532257, "_timestamp": 1748532305.6920054, "_runtime": 1.2522904872894287, "_step": 0, "_wandb": {"runtime": 1}}