{"CV_RMSE": 306.9655815434169, "RMSE": 22.25547682580438, "RMSE_Kalmar": 14.986318701835671, "RMSE_Blekinge": 7.269158123968709, "CV_RMSE_'Kalmar": 145.02889066292585, "CV_RMSE_Blekinge": 161.93669088049106, "_timestamp": 1748576636.5593963, "_runtime": 1.4737153053283691, "_step": 0, "_wandb": {"runtime": 1}}