{"CV_RMSE": 272.674567052157, "RMSE": 437.67616488431474, "RMSE_STHLM": 402.46858857527553, "RMSE_S\u00f6dermanland": 35.20757630903923, "CV_RMSE_STHLM": 143.3406132638496, "CV_RMSE_S\u00f6dermanland": 129.33395378830738, "_timestamp": 1748495965.6543872, "_runtime": 1.3572323322296143, "_step": 0, "_wandb": {"runtime": 1}}