{"CV_RMSE": 4696.457820978035, "RMSE": 1828.9584180217778, "RMSE_skane": 1598.9123264851341, "RMSE_kronoberg": 230.04609153664362, "CV_RMSE_'skane": 2535.273244955287, "CV_RMSE_kronoberg": 2161.184576022748, "_timestamp": 1748554777.4463127, "_runtime": 1.305391550064087, "_step": 0, "_wandb": {"runtime": 1}}