{"CV_RMSE": 1037.1320913993766, "RMSE": 1523.3008698874005, "RMSE_STHLM": 1374.2034928513924, "RMSE_S\u00f6dermanland": 149.097377036008, "CV_RMSE_STHLM": 489.42744106302064, "CV_RMSE_S\u00f6dermanland": 547.7046503363559, "_timestamp": 1748307546.2703383, "_runtime": 1.2789483070373535, "_step": 0, "_wandb": {"runtime": 1}}