{"CV_RMSE": 255.54418342075826, "RMSE": 403.3298473130399, "RMSE_STHLM": 369.5987119610011, "RMSE_S\u00f6dermanland": 33.73113535203887, "CV_RMSE_STHLM": 131.63389029081955, "CV_RMSE_S\u00f6dermanland": 123.91029312993871, "_timestamp": 1748438493.896098, "_runtime": 1.2841558456420898, "_step": 0, "_wandb": {"runtime": 1}}