{"CV_RMSE": 269.5345104273364, "RMSE": 417.7119528547343, "RMSE_STHLM": 381.30754501621476, "RMSE_S\u00f6dermanland": 36.404407838519546, "CV_RMSE_STHLM": 135.80403265318296, "CV_RMSE_S\u00f6dermanland": 133.73047777415343, "_timestamp": 1748486787.7687402, "_runtime": 1.2943542003631592, "_step": 0, "_wandb": {"runtime": 1}}