{"CV_RMSE": 275.62740591954577, "RMSE": 437.22681451023243, "RMSE_STHLM": 401.08086611390695, "RMSE_S\u00f6dermanland": 36.14594839632551, "CV_RMSE_STHLM": 142.8463709942684, "CV_RMSE_S\u00f6dermanland": 132.78103492527737, "_timestamp": 1748466912.262754, "_runtime": 1.2405569553375244, "_step": 0, "_wandb": {"runtime": 1}}