{"CV_RMSE": 275.2260285248622, "RMSE": 436.09837495427143, "RMSE_STHLM": 399.95226969925477, "RMSE_S\u00f6dermanland": 36.146105255016664, "CV_RMSE_STHLM": 142.44441738398467, "CV_RMSE_S\u00f6dermanland": 132.78161114087754, "_timestamp": 1748443891.872901, "_runtime": 1.3414089679718018, "_step": 0, "_wandb": {"runtime": 1}}