{"CV_RMSE": 1225.7103754168415, "RMSE": 1746.134376228833, "RMSE_STHLM": 1564.1141945569368, "RMSE_S\u00f6dermanland": 182.0201816718961, "CV_RMSE_STHLM": 557.064810091509, "CV_RMSE_S\u00f6dermanland": 668.6455653253327, "_timestamp": 1748385399.1280928, "_runtime": 1.3464508056640625, "_step": 0, "_wandb": {"runtime": 1}}