{"CV_RMSE": 4579.35351987186, "RMSE": 1776.6988949834877, "RMSE_skane": 1551.037563394402, "RMSE_kronoberg": 225.66133158908562, "CV_RMSE_'skane": 2459.3618869890097, "CV_RMSE_kronoberg": 2119.9916328828504, "_timestamp": 1748532677.7449844, "_runtime": 1.4390933513641357, "_step": 0, "_wandb": {"runtime": 1}}