{"CV_RMSE": 1728.7110187207231, "RMSE": 2281.6071080034853, "RMSE_STHLM": 2005.4475233114451, "RMSE_S\u00f6dermanland": 276.1595846920401, "CV_RMSE_STHLM": 714.2472382193513, "CV_RMSE_S\u00f6dermanland": 1014.4637805013717, "_timestamp": 1748292953.310366, "_runtime": 1.4044339656829834, "_step": 0, "_wandb": {"runtime": 1}}