{"CV_RMSE": 279.42115619990443, "RMSE": 100.73065955782067, "RMSE_skane": 85.4020606313848, "RMSE_kronoberg": 15.328598926435875, "CV_RMSE_'skane": 135.41552954236488, "CV_RMSE_kronoberg": 144.00562665753955, "_timestamp": 1748507315.0842803, "_runtime": 1.3201782703399658, "_step": 0, "_wandb": {"runtime": 1}}