{"CV_RMSE": 1435.9138899399854, "RMSE": 1695.2447703691844, "RMSE_STHLM": 1444.3954393224471, "RMSE_S\u00f6dermanland": 250.8493310467373, "CV_RMSE_STHLM": 514.4265514009506, "CV_RMSE_S\u00f6dermanland": 921.4873385390349, "_timestamp": 1748357666.0779204, "_runtime": 1.272355318069458, "_step": 0, "_wandb": {"runtime": 1}}