{"CV_RMSE": 3678.1049609583524, "RMSE": 255.59445598745899, "RMSE_Kalmar": 159.9890157760371, "RMSE_Blekinge": 95.6054402114219, "CV_RMSE_'Kalmar": 1548.2807978326168, "CV_RMSE_Blekinge": 2129.8241631257356, "_timestamp": 1748559378.754317, "_runtime": 1.371225118637085, "_step": 0, "_wandb": {"runtime": 1}}