{"CV_RMSE": 695.3556587263324, "RMSE": 1510.8018515819817, "RMSE_STHLM": 1463.3905601327042, "RMSE_S\u00f6dermanland": 47.41129144927758, "CV_RMSE_STHLM": 521.191730953476, "CV_RMSE_S\u00f6dermanland": 174.16392777285643, "_timestamp": 1748284335.0325558, "_runtime": 1.2738168239593506, "_step": 0, "_wandb": {"runtime": 1}}