{"CV_RMSE": 272.4217818469465, "RMSE": 436.8854462805622, "RMSE_STHLM": 401.66917859952787, "RMSE_S\u00f6dermanland": 35.21626768103433, "CV_RMSE_STHLM": 143.05590056967753, "CV_RMSE_S\u00f6dermanland": 129.36588127726898, "_timestamp": 1748451293.387374, "_runtime": 1.793346881866455, "_step": 0, "_wandb": {"runtime": 1}}