{"CV_RMSE": 1642.8516952112677, "RMSE": 2226.1748825165546, "RMSE_STHLM": 1969.9461525107977, "RMSE_S\u00f6dermanland": 256.22873000575703, "CV_RMSE_STHLM": 701.6032992717522, "CV_RMSE_S\u00f6dermanland": 941.2483959395156, "_timestamp": 1748307798.074019, "_runtime": 1.2639219760894775, "_step": 0, "_wandb": {"runtime": 1}}