{"CV_RMSE": 1560.0475795961502, "RMSE": 911.0838175691384, "RMSE_skane": 896.3044260164195, "RMSE_kronoberg": 14.77939155271897, "CV_RMSE_'skane": 1421.201521167684, "CV_RMSE_kronoberg": 138.8460584284663, "_timestamp": 1748532255.2234604, "_runtime": 1.3758234977722168, "_step": 0, "_wandb": {"runtime": 1}}