{"CV_RMSE": 5010.013570231774, "RMSE": 341.69817402102024, "RMSE_Kalmar": 206.51698731484092, "RMSE_Blekinge": 135.1811867061793, "CV_RMSE_'Kalmar": 1998.5514901436215, "CV_RMSE_Blekinge": 3011.4620800881526, "_timestamp": 1748523097.9299178, "_runtime": 1.4057397842407227, "_step": 0, "_wandb": {"runtime": 1}}