{"CV_RMSE": 272.414216072478, "RMSE": 431.15697893856316, "RMSE_STHLM": 395.32797244924626, "RMSE_S\u00f6dermanland": 35.8290064893169, "CV_RMSE_STHLM": 140.79745754029346, "CV_RMSE_S\u00f6dermanland": 131.61675853218455, "_timestamp": 1748525188.1430368, "_runtime": 1.3546009063720703, "_step": 0, "_wandb": {"runtime": 1}}