{"CV_RMSE": 5160.434929277315, "RMSE": 1981.5771935648374, "RMSE_skane": 1723.104590013386, "RMSE_kronoberg": 258.4726035514514, "CV_RMSE_'skane": 2732.195438710443, "CV_RMSE_kronoberg": 2428.2394905668716, "_timestamp": 1748529264.428252, "_runtime": 1.3366930484771729, "_step": 0, "_wandb": {"runtime": 1}}