{"CV_RMSE": 263.93161985139295, "RMSE": 436.08716330286734, "RMSE_STHLM": 403.3445372847483, "RMSE_S\u00f6dermanland": 32.74262601811905, "CV_RMSE_STHLM": 143.6525854991189, "CV_RMSE_S\u00f6dermanland": 120.27903435227407, "_timestamp": 1748434374.2992923, "_runtime": 1.26902437210083, "_step": 0, "_wandb": {"runtime": 1}}