{"CV_RMSE": 1150.9290024331422, "RMSE": 1900.7396172444342, "RMSE_STHLM": 1757.860893055615, "RMSE_S\u00f6dermanland": 142.8787241888193, "CV_RMSE_STHLM": 626.0683829640101, "CV_RMSE_S\u00f6dermanland": 524.8606194691321, "_timestamp": 1748345913.2953022, "_runtime": 1.2941522598266602, "_step": 0, "_wandb": {"runtime": 1}}