{"CV_RMSE": 248.04146576804987, "RMSE": 393.18510624267617, "RMSE_STHLM": 360.6264948138729, "RMSE_S\u00f6dermanland": 32.55861142880324, "CV_RMSE_STHLM": 128.43840337652776, "CV_RMSE_S\u00f6dermanland": 119.6030623915221, "_timestamp": 1748509634.9524379, "_runtime": 1.3648388385772705, "_step": 0, "_wandb": {"runtime": 1}}