{"CV_RMSE": 632.0614690334289, "RMSE": 580.3207187772472, "RMSE_STHLM": 452.091086919107, "RMSE_S\u00f6dermanland": 128.22963185814018, "CV_RMSE_STHLM": 161.01384179944452, "CV_RMSE_S\u00f6dermanland": 471.0476272339844, "_timestamp": 1748309911.1843786, "_runtime": 1.2916617393493652, "_step": 0, "_wandb": {"runtime": 1}}