{"CV_RMSE": 305.74406032948593, "RMSE": 22.163714569033687, "RMSE_Kalmar": 14.921025051925959, "RMSE_Blekinge": 7.242689517107726, "CV_RMSE_'Kalmar": 144.39701663154153, "CV_RMSE_Blekinge": 161.3470436979444, "_timestamp": 1748475374.7232616, "_runtime": 1.3298976421356201, "_step": 0, "_wandb": {"runtime": 1}}