{"CV_RMSE": 1447.0009018593273, "RMSE": 1639.7733371883905, "RMSE_STHLM": 1379.6263206801632, "RMSE_S\u00f6dermanland": 260.14701650822735, "CV_RMSE_STHLM": 491.358800400533, "CV_RMSE_S\u00f6dermanland": 955.6421014587944, "_timestamp": 1748291257.5772133, "_runtime": 1.259981393814087, "_step": 0, "_wandb": {"runtime": 1}}