{"CV_RMSE": 4983.768416634861, "RMSE": 1907.8415870872136, "RMSE_skane": 1657.0204093618333, "RMSE_kronoberg": 250.8211777253802, "CV_RMSE_'skane": 2627.4107970853593, "CV_RMSE_kronoberg": 2356.357619549501, "_timestamp": 1748566991.3273382, "_runtime": 1.2601971626281738, "_step": 0, "_wandb": {"runtime": 1}}