{"CV_RMSE": 1540.3902390561493, "RMSE": 1782.8938012474648, "RMSE_STHLM": 1509.9603999044996, "RMSE_S\u00f6dermanland": 272.9334013429652, "CV_RMSE_STHLM": 537.7777443268894, "CV_RMSE_S\u00f6dermanland": 1002.61249472926, "_timestamp": 1748311598.2397444, "_runtime": 1.2484405040740967, "_step": 0, "_wandb": {"runtime": 1}}