{"CV_RMSE": 2335.498311657958, "RMSE": 1083.8900806470483, "RMSE_skane": 1004.8965328132449, "RMSE_kronoberg": 78.9935478338033, "CV_RMSE_'skane": 1593.387737018887, "CV_RMSE_kronoberg": 742.1105746390707, "_timestamp": 1748503286.1516247, "_runtime": 1.3243305683135986, "_step": 0, "_wandb": {"runtime": 1}}