{"CV_RMSE": 272.96745130588613, "RMSE": 431.48486684777197, "RMSE_STHLM": 395.52429109779143, "RMSE_S\u00f6dermanland": 35.960575749980514, "CV_RMSE_STHLM": 140.86737712228424, "CV_RMSE_S\u00f6dermanland": 132.1000741836019, "_timestamp": 1748308122.6698134, "_runtime": 1.2985572814941406, "_step": 0, "_wandb": {"runtime": 1}}