{"CV_RMSE": 276.00343250087025, "RMSE": 98.81918016158473, "RMSE_skane": 83.54011885403895, "RMSE_kronoberg": 15.279061307545774, "CV_RMSE_'skane": 132.46319057194336, "CV_RMSE_kronoberg": 143.5402419289269, "_timestamp": 1748522628.2149422, "_runtime": 1.3020102977752686, "_step": 0, "_wandb": {"runtime": 1}}