{"CV_RMSE": 330.30808944611687, "RMSE": 648.8103172340657, "RMSE_STHLM": 618.8969771584394, "RMSE_S\u00f6dermanland": 29.913340075626227, "CV_RMSE_STHLM": 220.422350392796, "CV_RMSE_S\u00f6dermanland": 109.88573905332085, "_timestamp": 1748392932.491537, "_runtime": 1.3230102062225342, "_step": 0, "_wandb": {"runtime": 1}}