{"CV_RMSE": 304.2674475288689, "RMSE": 22.025100857455392, "RMSE_Kalmar": 14.79314085157478, "RMSE_Blekinge": 7.2319600058806115, "CV_RMSE_'Kalmar": 143.15942759588498, "CV_RMSE_Blekinge": 161.10801993298392, "_timestamp": 1748466643.382742, "_runtime": 1.2684109210968018, "_step": 0, "_wandb": {"runtime": 1}}