{"CV_RMSE": 438.2244572682084, "RMSE": 570.2342477710688, "RMSE_STHLM": 499.3535956977967, "RMSE_S\u00f6dermanland": 70.88065207327207, "CV_RMSE_STHLM": 177.84655169292324, "CV_RMSE_S\u00f6dermanland": 260.3779055752852, "_timestamp": 1748314511.3506067, "_runtime": 1.308497667312622, "_step": 0, "_wandb": {"runtime": 1}}