{"CV_RMSE": 275.5833223646991, "RMSE": 437.1574570286552, "RMSE_STHLM": 401.01735119994635, "RMSE_S\u00f6dermanland": 36.14010582870883, "CV_RMSE_STHLM": 142.82374993270744, "CV_RMSE_S\u00f6dermanland": 132.75957243199164, "_timestamp": 1748302848.065794, "_runtime": 1.2906029224395752, "_step": 0, "_wandb": {"runtime": 1}}