{"CV_RMSE": 2103.0197161187416, "RMSE": 103.82329975144707, "RMSE_Kalmar": 16.657045031575464, "RMSE_Blekinge": 87.1662547198716, "CV_RMSE_'Kalmar": 161.19720998298837, "CV_RMSE_Blekinge": 1941.8225061357534, "_timestamp": 1748549604.5851204, "_runtime": 1.297344446182251, "_step": 0, "_wandb": {"runtime": 1}}