{"CV_RMSE": 274.7902794486487, "RMSE": 436.5406074309258, "RMSE_STHLM": 400.5733370431904, "RMSE_S\u00f6dermanland": 35.9672703877354, "CV_RMSE_STHLM": 142.66561271819208, "CV_RMSE_S\u00f6dermanland": 132.12466673045657, "_timestamp": 1748526985.3123298, "_runtime": 1.2384107112884521, "_step": 0, "_wandb": {"runtime": 1}}