{"CV_RMSE": 824.3100232954198, "RMSE": 1473.0186085596165, "RMSE_STHLM": 1382.6777297568372, "RMSE_S\u00f6dermanland": 90.34087880277941, "CV_RMSE_STHLM": 492.4455705505158, "CV_RMSE_S\u00f6dermanland": 331.86445274490393, "_timestamp": 1748333962.5371203, "_runtime": 1.2900984287261963, "_step": 0, "_wandb": {"runtime": 1}}