{"CV_RMSE": 305.8505787888293, "RMSE": 22.19446115572385, "RMSE_Kalmar": 14.966932913153718, "RMSE_Blekinge": 7.227528242570134, "CV_RMSE_'Kalmar": 144.8412862563263, "CV_RMSE_Blekinge": 161.009292532503, "_timestamp": 1748465488.6357815, "_runtime": 1.288001537322998, "_step": 0, "_wandb": {"runtime": 1}}