{"CV_RMSE": 893.7360449227604, "RMSE": 696.7318783293498, "RMSE_STHLM": 502.1189597001098, "RMSE_S\u00f6dermanland": 194.61291862924, "CV_RMSE_STHLM": 178.83144587657256, "CV_RMSE_S\u00f6dermanland": 714.9045990461879, "_timestamp": 1748366097.1847742, "_runtime": 1.2868602275848389, "_step": 0, "_wandb": {"runtime": 1}}