{"CV_RMSE": 871.464409644527, "RMSE": 822.0756473596027, "RMSE_STHLM": 647.6336336609569, "RMSE_S\u00f6dermanland": 174.4420136986459, "CV_RMSE_STHLM": 230.65701238419518, "CV_RMSE_S\u00f6dermanland": 640.8073972603319, "_timestamp": 1748336165.4452188, "_runtime": 1.3256866931915283, "_step": 0, "_wandb": {"runtime": 1}}