{"CV_RMSE": 841.4313609572151, "RMSE": 536.196060201755, "RMSE_STHLM": 340.1148713009179, "RMSE_S\u00f6dermanland": 196.0811889008371, "CV_RMSE_STHLM": 121.13311601536451, "CV_RMSE_S\u00f6dermanland": 720.2982449418506, "_timestamp": 1748394774.231924, "_runtime": 1.3308510780334473, "_step": 0, "_wandb": {"runtime": 1}}