{"CV_RMSE": 3478.1869689657997, "RMSE": 1164.6546264130266, "RMSE_skane": 955.7298207276829, "RMSE_kronoberg": 208.9248056853438, "CV_RMSE_'skane": 1515.4278341348036, "CV_RMSE_kronoberg": 1962.7591348309963, "_timestamp": 1748543357.3139334, "_runtime": 1.3555293083190918, "_step": 0, "_wandb": {"runtime": 1}}