{"CV_RMSE": 786.1207234977278, "RMSE": 910.7249416026522, "RMSE_STHLM": 771.5272192806583, "RMSE_S\u00f6dermanland": 139.19772232199387, "CV_RMSE_STHLM": 274.7821517026484, "CV_RMSE_S\u00f6dermanland": 511.3385717950795, "_timestamp": 1748349568.728466, "_runtime": 1.308016061782837, "_step": 0, "_wandb": {"runtime": 1}}