{"CV_RMSE": 306.9067850706718, "RMSE": 22.029681580817165, "RMSE_Kalmar": 14.591765429802889, "RMSE_Blekinge": 7.437916151014277, "CV_RMSE_'Kalmar": 141.21063319164085, "CV_RMSE_Blekinge": 165.69615187903094, "_timestamp": 1748494715.9107964, "_runtime": 1.304530382156372, "_step": 0, "_wandb": {"runtime": 5}}