{"CV_RMSE": 410.1278373547332, "RMSE": 109.83934154345769, "RMSE_skane": 79.62221548639246, "RMSE_kronoberg": 30.217126057065226, "CV_RMSE_'skane": 126.25087022155252, "CV_RMSE_kronoberg": 283.87696713318064, "_timestamp": 1748509407.074948, "_runtime": 1.4069809913635254, "_step": 0, "_wandb": {"runtime": 1}}