{"CV_RMSE": 1794.9153446960613, "RMSE": 773.0979506149724, "RMSE_skane": 700.2234862129243, "RMSE_kronoberg": 72.87446440204815, "CV_RMSE_'skane": 1110.290940083918, "CV_RMSE_kronoberg": 684.6244046121433, "_timestamp": 1748537369.4364684, "_runtime": 1.3892192840576172, "_step": 0, "_wandb": {"runtime": 1}}