{"CV_RMSE": 943.6804912123941, "RMSE": 81.70755593351865, "RMSE_Kalmar": 69.56751352032748, "RMSE_Blekinge": 12.140042413191164, "CV_RMSE_'Kalmar": 673.2340018096207, "CV_RMSE_Blekinge": 270.4464894027734, "_timestamp": 1748496763.5627809, "_runtime": 1.2942278385162354, "_step": 0, "_wandb": {"runtime": 1}}