{"CV_RMSE": 4838.367290193799, "RMSE": 1938.914537772345, "RMSE_skane": 1713.0225981693363, "RMSE_kronoberg": 225.8919396030088, "CV_RMSE_'skane": 2716.2091937145924, "CV_RMSE_kronoberg": 2122.158096479206, "_timestamp": 1748523038.2253602, "_runtime": 1.3507790565490723, "_step": 0, "_wandb": {"runtime": 1}}