{"CV_RMSE": 273.69282627069674, "RMSE": 433.6050376434706, "RMSE_STHLM": 397.6534243723648, "RMSE_S\u00f6dermanland": 35.95161327110581, "CV_RMSE_STHLM": 141.62567547887943, "CV_RMSE_S\u00f6dermanland": 132.06715079181728, "_timestamp": 1748316345.3494177, "_runtime": 1.4093255996704102, "_step": 0, "_wandb": {"runtime": 1}}