{"CV_RMSE": 3866.538349911514, "RMSE": 1815.4826912927456, "RMSE_skane": 1688.9783321137245, "RMSE_kronoberg": 126.50435917902115, "CV_RMSE_'skane": 2678.0840361211276, "CV_RMSE_kronoberg": 1188.4543137903868, "_timestamp": 1748509474.3175073, "_runtime": 1.3365771770477295, "_step": 0, "_wandb": {"runtime": 1}}