{"CV_RMSE": 4980.806919959636, "RMSE": 344.11296031493475, "RMSE_Kalmar": 213.10449976104127, "RMSE_Blekinge": 131.00846055389346, "CV_RMSE_'Kalmar": 2062.301610590722, "CV_RMSE_Blekinge": 2918.5053093689135, "_timestamp": 1748564493.6473594, "_runtime": 1.3363773822784424, "_step": 0, "_wandb": {"runtime": 1}}