{"CV_RMSE": 302.37292665756775, "RMSE": 21.79002377615513, "RMSE_Kalmar": 14.527871356704074, "RMSE_Blekinge": 7.262152419451057, "CV_RMSE_'Kalmar": 140.5923034519749, "CV_RMSE_Blekinge": 161.78062320559286, "_timestamp": 1748474761.6904333, "_runtime": 1.2895493507385254, "_step": 0, "_wandb": {"runtime": 1}}