{"CV_RMSE": 967.1175434928386, "RMSE": 951.7290008493637, "RMSE_STHLM": 762.3723287039337, "RMSE_S\u00f6dermanland": 189.35667214543, "CV_RMSE_STHLM": 271.5216049994224, "CV_RMSE_S\u00f6dermanland": 695.5959384934163, "_timestamp": 1748292471.3039608, "_runtime": 1.2675437927246094, "_step": 0, "_wandb": {"runtime": 1}}