{"CV_RMSE": 305.7583629194979, "RMSE": 22.138055242241, "RMSE_Kalmar": 14.874522657677096, "RMSE_Blekinge": 7.263532584563903, "CV_RMSE_'Kalmar": 143.94699346139123, "CV_RMSE_Blekinge": 161.81136945810673, "_timestamp": 1748476990.079816, "_runtime": 1.327855110168457, "_step": 0, "_wandb": {"runtime": 1}}