{"CV_RMSE": 1375.9710591816433, "RMSE": 132.91696132577306, "RMSE_Kalmar": 125.79956061279965, "RMSE_Blekinge": 7.117400712973421, "CV_RMSE_'Kalmar": 1217.4151027045127, "CV_RMSE_Blekinge": 158.55595647713065, "_timestamp": 1748481842.8907385, "_runtime": 1.378373384475708, "_step": 0, "_wandb": {"runtime": 1}}