{"CV_RMSE": 725.2137002354837, "RMSE": 839.8799962792626, "RMSE_STHLM": 711.4365544437801, "RMSE_S\u00f6dermanland": 128.44344183548253, "CV_RMSE_STHLM": 253.3806485949355, "CV_RMSE_S\u00f6dermanland": 471.8330516405481, "_timestamp": 1748315168.253678, "_runtime": 1.399183988571167, "_step": 0, "_wandb": {"runtime": 1}}