{"CV_RMSE": 302.74984858529035, "RMSE": 21.84504365807734, "RMSE_Kalmar": 14.5952349614791, "RMSE_Blekinge": 7.249808696598241, "CV_RMSE_'Kalmar": 141.24420930463646, "CV_RMSE_Blekinge": 161.50563928065387, "_timestamp": 1748471288.3116567, "_runtime": 1.3084726333618164, "_step": 0, "_wandb": {"runtime": 1}}