{"CV_RMSE": 305.0697601228786, "RMSE": 22.08206397960037, "RMSE_Kalmar": 14.83017854581478, "RMSE_Blekinge": 7.251885433785592, "CV_RMSE_'Kalmar": 143.51785689498175, "CV_RMSE_Blekinge": 161.55190322789684, "_timestamp": 1748504124.7822802, "_runtime": 1.3817481994628906, "_step": 0, "_wandb": {"runtime": 1}}