{"CV_RMSE": 3255.545040330153, "RMSE": 216.31885305846527, "RMSE_Kalmar": 124.08437210530398, "RMSE_Blekinge": 92.23448095316128, "CV_RMSE_'Kalmar": 1200.8165042448773, "CV_RMSE_Blekinge": 2054.7285360852757, "_timestamp": 1748550364.4419005, "_runtime": 1.600813388824463, "_step": 0, "_wandb": {"runtime": 1}}