{"CV_RMSE": 1323.0332795908166, "RMSE": 2178.2971367516748, "RMSE_STHLM": 2013.3369506380689, "RMSE_S\u00f6dermanland": 164.96018611360606, "CV_RMSE_STHLM": 717.0570857041006, "CV_RMSE_S\u00f6dermanland": 605.9761938867161, "_timestamp": 1748358333.9682283, "_runtime": 1.4067413806915283, "_step": 0, "_wandb": {"runtime": 1}}