{"CV_RMSE": 268.81333451959716, "RMSE": 425.27071118894213, "RMSE_STHLM": 389.89522390491317, "RMSE_S\u00f6dermanland": 35.37548728402896, "CV_RMSE_STHLM": 138.86256490479693, "CV_RMSE_S\u00f6dermanland": 129.95076961480024, "_timestamp": 1748508307.4153109, "_runtime": 1.3364918231964111, "_step": 0, "_wandb": {"runtime": 1}}