{"CV_RMSE": 274.3966706921084, "RMSE": 435.2544970668526, "RMSE_STHLM": 399.26780012834655, "RMSE_S\u00f6dermanland": 35.98669693850602, "CV_RMSE_STHLM": 142.20064112208624, "CV_RMSE_S\u00f6dermanland": 132.19602957002212, "_timestamp": 1748429187.6194313, "_runtime": 1.248232364654541, "_step": 0, "_wandb": {"runtime": 1}}