{"CV_RMSE": 306.97378548135714, "RMSE": 22.256600032879668, "RMSE_Kalmar": 14.98765348418828, "RMSE_Blekinge": 7.268946548691386, "CV_RMSE_'Kalmar": 145.0418079114995, "CV_RMSE_Blekinge": 161.93197756985762, "_timestamp": 1748559599.6530151, "_runtime": 1.2645561695098877, "_step": 0, "_wandb": {"runtime": 1}}