{"CV_RMSE": 3352.246334599394, "RMSE": 224.0892311245231, "RMSE_Kalmar": 130.14805062876516, "RMSE_Blekinge": 93.94118049575796, "CV_RMSE_'Kalmar": 1259.4972641493403, "CV_RMSE_Blekinge": 2092.7490704500538, "_timestamp": 1748531544.6753774, "_runtime": 1.3609082698822021, "_step": 0, "_wandb": {"runtime": 1}}