{"CV_RMSE": 269.59811860292103, "RMSE": 404.54332704719303, "RMSE_STHLM": 366.70593509815154, "RMSE_S\u00f6dermanland": 37.83739194904148, "CV_RMSE_STHLM": 130.6036175656258, "CV_RMSE_S\u00f6dermanland": 138.99450103729524, "_timestamp": 1748443766.113563, "_runtime": 1.265213966369629, "_step": 0, "_wandb": {"runtime": 1}}