{"CV_RMSE": 242.31063279600272, "RMSE": 379.9761171421749, "RMSE_STHLM": 347.72691391223645, "RMSE_S\u00f6dermanland": 32.24920322993848, "CV_RMSE_STHLM": 123.84417195133076, "CV_RMSE_S\u00f6dermanland": 118.46646084467197, "_timestamp": 1748315973.5465364, "_runtime": 1.2977304458618164, "_step": 0, "_wandb": {"runtime": 1}}