{"CV_RMSE": 789.064500320495, "RMSE": 891.7442013803548, "RMSE_STHLM": 749.6212723163977, "RMSE_S\u00f6dermanland": 142.1229290639571, "CV_RMSE_STHLM": 266.9802711059588, "CV_RMSE_S\u00f6dermanland": 522.0842292145362, "_timestamp": 1748372289.7893171, "_runtime": 1.3287971019744873, "_step": 0, "_wandb": {"runtime": 1}}