{"CV_RMSE": 279.4271676917423, "RMSE": 100.67148390604552, "RMSE_skane": 85.33009941591234, "RMSE_kronoberg": 15.341384490133182, "CV_RMSE_'skane": 135.30142613516753, "CV_RMSE_kronoberg": 144.12574155657478, "_timestamp": 1748516479.3161392, "_runtime": 1.3037502765655518, "_step": 0, "_wandb": {"runtime": 1}}