{"CV_RMSE": 3282.8166763215404, "RMSE": 220.14972504046955, "RMSE_Kalmar": 128.69313835259845, "RMSE_Blekinge": 91.45658668787111, "CV_RMSE_'Kalmar": 1245.4174679283722, "CV_RMSE_Blekinge": 2037.3992083931682, "_timestamp": 1748495357.9285698, "_runtime": 1.3050777912139893, "_step": 0, "_wandb": {"runtime": 1}}