{"CV_RMSE": 4014.862567477094, "RMSE": 1449.1129313668662, "RMSE_skane": 1229.2222733298245, "RMSE_kronoberg": 219.89065803704176, "CV_RMSE_'skane": 1949.0839429119837, "CV_RMSE_kronoberg": 2065.7786245651105, "_timestamp": 1748554090.2999675, "_runtime": 1.2908415794372559, "_step": 0, "_wandb": {"runtime": 1}}