{"CV_RMSE": 287.02880904674623, "RMSE": 431.92359662712636, "RMSE_STHLM": 391.77134808457356, "RMSE_S\u00f6dermanland": 40.1522485425528, "CV_RMSE_STHLM": 139.53075317614412, "CV_RMSE_S\u00f6dermanland": 147.49805587060212, "_timestamp": 1748432805.637102, "_runtime": 1.4444248676300049, "_step": 0, "_wandb": {"runtime": 1}}