{"CV_RMSE": 3063.4412904108153, "RMSE": 194.52269847784908, "RMSE_Kalmar": 100.7940060469889, "RMSE_Blekinge": 93.72869243086019, "CV_RMSE_'Kalmar": 975.4258649708603, "CV_RMSE_Blekinge": 2088.015425439955, "_timestamp": 1748512254.7494707, "_runtime": 1.3839328289031982, "_step": 0, "_wandb": {"runtime": 1}}