{"CV_RMSE": 250.4047492778683, "RMSE": 404.30383453792126, "RMSE_STHLM": 372.2265432566106, "RMSE_S\u00f6dermanland": 32.077291281310636, "CV_RMSE_STHLM": 132.56980171387002, "CV_RMSE_S\u00f6dermanland": 117.83494756399826, "_timestamp": 1748492113.4837484, "_runtime": 2.0829343795776367, "_step": 0, "_wandb": {"runtime": 1}}