{"CV_RMSE": 275.0038588423513, "RMSE": 436.190798679275, "RMSE_STHLM": 400.12158894200644, "RMSE_S\u00f6dermanland": 36.06920973726856, "CV_RMSE_STHLM": 142.50472103197697, "CV_RMSE_S\u00f6dermanland": 132.4991378103743, "_timestamp": 1748561144.6654978, "_runtime": 1.2790448665618896, "_step": 0, "_wandb": {"runtime": 1}}