{"CV_RMSE": 466.0636251660129, "RMSE": 755.6852429588907, "RMSE_STHLM": 696.32289744218, "RMSE_S\u00f6dermanland": 59.36234551671081, "CV_RMSE_STHLM": 247.99786612503442, "CV_RMSE_S\u00f6dermanland": 218.0657590409785, "_timestamp": 1748390529.6090398, "_runtime": 1.2866077423095703, "_step": 0, "_wandb": {"runtime": 1}}