{"CV_RMSE": 279.9077733203511, "RMSE": 99.95478484634182, "RMSE_skane": 84.40632757810744, "RMSE_kronoberg": 15.54845726823439, "CV_RMSE_'skane": 133.8366716354769, "CV_RMSE_kronoberg": 146.07110168487424, "_timestamp": 1748516529.0368292, "_runtime": 1.286783218383789, "_step": 0, "_wandb": {"runtime": 1}}