{"CV_RMSE": 3936.061242195705, "RMSE": 1560.1428315062067, "RMSE_skane": 1372.8881895720824, "RMSE_kronoberg": 187.25464193412435, "CV_RMSE_'skane": 2176.8840215202154, "CV_RMSE_kronoberg": 1759.1772206754897, "_timestamp": 1748534484.515591, "_runtime": 1.2740638256072998, "_step": 0, "_wandb": {"runtime": 1}}