{"CV_RMSE": 1552.0789107038752, "RMSE": 2173.2639867605244, "RMSE_STHLM": 1938.7179619675874, "RMSE_S\u00f6dermanland": 234.546024792937, "CV_RMSE_STHLM": 690.4812686073719, "CV_RMSE_S\u00f6dermanland": 861.5976420965033, "_timestamp": 1748310956.6414044, "_runtime": 1.260298490524292, "_step": 0, "_wandb": {"runtime": 1}}