{"CV_RMSE": 1352.3242258131268, "RMSE": 1596.0708552720173, "RMSE_STHLM": 1359.771999747227, "RMSE_S\u00f6dermanland": 236.2988555247902, "CV_RMSE_STHLM": 484.2876136812443, "CV_RMSE_S\u00f6dermanland": 868.0366121318824, "_timestamp": 1748290215.523971, "_runtime": 1.2650301456451416, "_step": 0, "_wandb": {"runtime": 1}}