{"CV_RMSE": 810.5677958598703, "RMSE": 61.521267378798086, "RMSE_Kalmar": 44.44158760035266, "RMSE_Blekinge": 17.079679778445428, "CV_RMSE_'Kalmar": 430.0798800034128, "CV_RMSE_Blekinge": 380.4879158564575, "_timestamp": 1748509423.5208042, "_runtime": 1.3951101303100586, "_step": 0, "_wandb": {"runtime": 1}}