{"CV_RMSE": 304.39353946896284, "RMSE": 22.045573810591172, "RMSE_Kalmar": 14.819330829186606, "RMSE_Blekinge": 7.226242981404567, "CV_RMSE_'Kalmar": 143.41287899212844, "CV_RMSE_Blekinge": 160.9806604768344, "_timestamp": 1748500090.114759, "_runtime": 1.3435890674591064, "_step": 0, "_wandb": {"runtime": 1}}