{"CV_RMSE": 3184.638931017949, "RMSE": 214.908548246686, "RMSE_Kalmar": 127.21842198198101, "RMSE_Blekinge": 87.69012626470499, "CV_RMSE_'Kalmar": 1231.1460191804613, "CV_RMSE_Blekinge": 1953.4929118374876, "_timestamp": 1748568110.6032913, "_runtime": 1.4830071926116943, "_step": 0, "_wandb": {"runtime": 1}}