{"CV_RMSE": 5065.649231442096, "RMSE": 1959.1525713261638, "RMSE_skane": 1708.2646876629071, "RMSE_kronoberg": 250.88788366325667, "CV_RMSE_'skane": 2708.6649381547154, "CV_RMSE_kronoberg": 2356.9842932873803, "_timestamp": 1748536961.0192022, "_runtime": 1.3162882328033447, "_step": 0, "_wandb": {"runtime": 1}}