{"CV_RMSE": 4399.604228066509, "RMSE": 1822.4749717625264, "RMSE_skane": 1629.1269443301924, "RMSE_kronoberg": 193.34802743233408, "CV_RMSE_'skane": 2583.182258451679, "CV_RMSE_kronoberg": 1816.4219696148298, "_timestamp": 1748535046.4362843, "_runtime": 1.280426263809204, "_step": 0, "_wandb": {"runtime": 1}}