{"CV_RMSE": 5191.636894692039, "RMSE": 1998.8519748960425, "RMSE_skane": 1739.8913846242958, "RMSE_kronoberg": 258.96059027174675, "CV_RMSE_'skane": 2758.812977734084, "CV_RMSE_kronoberg": 2432.823916957955, "_timestamp": 1748555877.1932948, "_runtime": 1.2563927173614502, "_step": 0, "_wandb": {"runtime": 1}}