{"CV_RMSE": 264.08993915957353, "RMSE": 417.53222502993685, "RMSE_STHLM": 382.7497792885413, "RMSE_S\u00f6dermanland": 34.782445741395605, "CV_RMSE_STHLM": 136.31768949730397, "CV_RMSE_S\u00f6dermanland": 127.77224966226957, "_timestamp": 1748556969.5356975, "_runtime": 1.3647634983062744, "_step": 0, "_wandb": {"runtime": 1}}