{"CV_RMSE": 709.9836386803353, "RMSE": 1293.4851937592452, "RMSE_STHLM": 1218.3327761734715, "RMSE_S\u00f6dermanland": 75.15241758577378, "CV_RMSE_STHLM": 433.9135332632071, "CV_RMSE_S\u00f6dermanland": 276.07010541712816, "_timestamp": 1748285854.8582997, "_runtime": 1.322131633758545, "_step": 0, "_wandb": {"runtime": 1}}