{"CV_RMSE": 455.521070293657, "RMSE": 471.7385327623773, "RMSE_STHLM": 385.06914871293077, "RMSE_S\u00f6dermanland": 86.66938404944652, "CV_RMSE_STHLM": 137.14374113242488, "CV_RMSE_S\u00f6dermanland": 318.3773291612321, "_timestamp": 1748335940.452111, "_runtime": 1.4246020317077637, "_step": 0, "_wandb": {"runtime": 1}}