{"CV_RMSE": 835.4636619427113, "RMSE": 1054.9069883008358, "RMSE_STHLM": 916.3145770907241, "RMSE_S\u00f6dermanland": 138.5924112101117, "CV_RMSE_STHLM": 326.348681987199, "CV_RMSE_S\u00f6dermanland": 509.11497995551235, "_timestamp": 1748298664.5912504, "_runtime": 1.2960665225982666, "_step": 0, "_wandb": {"runtime": 1}}