{"CV_RMSE": 271.31888513185737, "RMSE": 430.04872030575933, "RMSE_STHLM": 394.4309149006615, "RMSE_S\u00f6dermanland": 35.61780540509783, "CV_RMSE_STHLM": 140.47796731721226, "CV_RMSE_S\u00f6dermanland": 130.8409178146451, "_timestamp": 1748486252.7648032, "_runtime": 1.2809371948242188, "_step": 0, "_wandb": {"runtime": 1}}