{"CV_RMSE": 870.7725310846456, "RMSE": 193.83449333159524, "RMSE_skane": 121.68342461836689, "RMSE_kronoberg": 72.15106871322837, "CV_RMSE_'skane": 192.94411937373184, "CV_RMSE_kronoberg": 677.8284117109138, "_timestamp": 1748532564.1933377, "_runtime": 1.3956527709960938, "_step": 0, "_wandb": {"runtime": 1}}