{"CV_RMSE": 4676.0979030802755, "RMSE": 1700.1658470039056, "RMSE_skane": 1446.5754029903205, "RMSE_kronoberg": 253.59044401358514, "CV_RMSE_'skane": 2293.724211929684, "CV_RMSE_kronoberg": 2382.373691150591, "_timestamp": 1748538268.3293676, "_runtime": 1.2893047332763672, "_step": 0, "_wandb": {"runtime": 1}}