{"CV_RMSE": 536.4505480094379, "RMSE": 829.9557276904475, "RMSE_STHLM": 757.349172487838, "RMSE_S\u00f6dermanland": 72.6065552026095, "CV_RMSE_STHLM": 269.73259012230085, "CV_RMSE_S\u00f6dermanland": 266.71795788713695, "_timestamp": 1748338554.9799159, "_runtime": 1.3574919700622559, "_step": 0, "_wandb": {"runtime": 1}}