{"CV_RMSE": 4295.734173653887, "RMSE": 1504.4110988623422, "RMSE_skane": 1259.7809350890236, "RMSE_kronoberg": 244.6301637733186, "CV_RMSE_'skane": 1997.5384805851324, "CV_RMSE_kronoberg": 2298.195693068755, "_timestamp": 1748576533.8324142, "_runtime": 1.282243251800537, "_step": 0, "_wandb": {"runtime": 1}}