{"CV_RMSE": 420.8537732461414, "RMSE": 689.837157639576, "RMSE_STHLM": 637.03367601344, "RMSE_S\u00f6dermanland": 52.80348162613609, "CV_RMSE_STHLM": 226.88179992564147, "CV_RMSE_S\u00f6dermanland": 193.97197332049993, "_timestamp": 1748394670.2027473, "_runtime": 1.3404412269592285, "_step": 0, "_wandb": {"runtime": 1}}