{"CV_RMSE": 268.549148031302, "RMSE": 435.7142624202554, "RMSE_STHLM": 401.5396539288087, "RMSE_S\u00f6dermanland": 34.1746084914467, "CV_RMSE_STHLM": 143.00976989945698, "CV_RMSE_S\u00f6dermanland": 125.53937813184501, "_timestamp": 1748559425.7667139, "_runtime": 1.2479798793792725, "_step": 0, "_wandb": {"runtime": 5}}