{"CV_RMSE": 647.0604493703972, "RMSE": 1288.387969423066, "RMSE_STHLM": 1231.6564070245036, "RMSE_S\u00f6dermanland": 56.731562398562374, "CV_RMSE_STHLM": 438.6587915797599, "CV_RMSE_S\u00f6dermanland": 208.4016577906373, "_timestamp": 1748351327.3712351, "_runtime": 1.288642168045044, "_step": 0, "_wandb": {"runtime": 1}}