{"CV_RMSE": 274.8399140232709, "RMSE": 435.7746172167466, "RMSE_STHLM": 399.7101463460558, "RMSE_S\u00f6dermanland": 36.06447087069078, "CV_RMSE_STHLM": 142.35818429420272, "CV_RMSE_S\u00f6dermanland": 132.48172972906818, "_timestamp": 1748548388.8848803, "_runtime": 1.3214073181152344, "_step": 0, "_wandb": {"runtime": 1}}