{"CV_RMSE": 4605.100926656341, "RMSE": 1680.6792625564892, "RMSE_skane": 1432.2237720512874, "RMSE_kronoberg": 248.45549050520185, "CV_RMSE_'skane": 2270.9679260855505, "CV_RMSE_kronoberg": 2334.13300057079, "_timestamp": 1748560724.1045625, "_runtime": 1.2752366065979004, "_step": 0, "_wandb": {"runtime": 1}}