{"CV_RMSE": 306.9494915496535, "RMSE": 22.255596942992234, "RMSE_Kalmar": 14.987808079385124, "RMSE_Blekinge": 7.267788863607109, "CV_RMSE_'Kalmar": 145.04330399404958, "CV_RMSE_Blekinge": 161.9061875556039, "_timestamp": 1748480861.9296222, "_runtime": 1.4584441184997559, "_step": 0, "_wandb": {"runtime": 1}}