{"CV_RMSE": 376.4347059339117, "RMSE": 431.73855877057576, "RMSE_STHLM": 364.6151676149804, "RMSE_S\u00f6dermanland": 67.12339115559537, "CV_RMSE_STHLM": 129.85898332152053, "CV_RMSE_S\u00f6dermanland": 246.57572261239116, "_timestamp": 1748455988.5348048, "_runtime": 1.2715299129486084, "_step": 0, "_wandb": {"runtime": 1}}