{"CV_RMSE": 1309.7849567137666, "RMSE": 1464.6015175287557, "RMSE_STHLM": 1227.0112561300057, "RMSE_S\u00f6dermanland": 237.59026139875007, "CV_RMSE_STHLM": 437.0044046367254, "CV_RMSE_S\u00f6dermanland": 872.7805520770412, "_timestamp": 1748292723.1399882, "_runtime": 1.2669901847839355, "_step": 0, "_wandb": {"runtime": 1}}