{"CV_RMSE": 306.943367726158, "RMSE": 22.254382427653926, "RMSE_Kalmar": 14.986146767509773, "RMSE_Blekinge": 7.268235660144153, "CV_RMSE_'Kalmar": 145.0272267823526, "CV_RMSE_Blekinge": 161.91614094380537, "_timestamp": 1748461076.4743092, "_runtime": 1.2864081859588623, "_step": 0, "_wandb": {"runtime": 1}}