{"CV_RMSE": 4547.385380888734, "RMSE": 1714.6801307210155, "RMSE_skane": 1480.5195391538016, "RMSE_kronoberg": 234.16059156721388, "CV_RMSE_'skane": 2347.546837981715, "CV_RMSE_kronoberg": 2199.83854290702, "_timestamp": 1748552556.763451, "_runtime": 1.2748630046844482, "_step": 0, "_wandb": {"runtime": 1}}