{"CV_RMSE": 456.94670175248285, "RMSE": 510.2279207158947, "RMSE_STHLM": 427.2610784052346, "RMSE_S\u00f6dermanland": 82.96684231066004, "CV_RMSE_STHLM": 152.17054632556835, "CV_RMSE_S\u00f6dermanland": 304.7761554269145, "_timestamp": 1748357096.5459216, "_runtime": 1.3752944469451904, "_step": 0, "_wandb": {"runtime": 1}}