{"CV_RMSE": 1839.8506572682331, "RMSE": 2626.334386037591, "RMSE_STHLM": 2353.6825175239414, "RMSE_S\u00f6dermanland": 272.6518685136495, "CV_RMSE_STHLM": 838.2723647691125, "CV_RMSE_S\u00f6dermanland": 1001.5782924991206, "_timestamp": 1748363273.8424046, "_runtime": 1.4194166660308838, "_step": 0, "_wandb": {"runtime": 1}}