{"CV_RMSE": 306.7342482147807, "RMSE": 22.236952144204476, "RMSE_Kalmar": 14.971926005013534, "RMSE_Blekinge": 7.265026139190942, "CV_RMSE_'Kalmar": 144.88960650013095, "CV_RMSE_Blekinge": 161.8446417146497, "_timestamp": 1748519974.7451015, "_runtime": 1.2859644889831543, "_step": 0, "_wandb": {"runtime": 1}}