{"CV_RMSE": 763.2728007060485, "RMSE": 748.8698270841529, "RMSE_STHLM": 599.1824947552652, "RMSE_S\u00f6dermanland": 149.68733232888766, "CV_RMSE_STHLM": 213.40096766115502, "CV_RMSE_S\u00f6dermanland": 549.8718330448935, "_timestamp": 1748393716.7125976, "_runtime": 1.3371055126190186, "_step": 0, "_wandb": {"runtime": 1}}