{"CV_RMSE": 262.6134818436669, "RMSE": 420.75319836382, "RMSE_STHLM": 386.76163853695294, "RMSE_S\u00f6dermanland": 33.99155982686703, "CV_RMSE_STHLM": 137.74652737762472, "CV_RMSE_S\u00f6dermanland": 124.86695446604216, "_timestamp": 1748460629.1527343, "_runtime": 1.3434581756591797, "_step": 0, "_wandb": {"runtime": 1}}