{"CV_RMSE": 4009.4706689484406, "RMSE": 1313.3859249813995, "RMSE_skane": 1066.626084652405, "RMSE_kronoberg": 246.7598403289945, "CV_RMSE_'skane": 1691.267576087323, "CV_RMSE_kronoberg": 2318.2030928611175, "_timestamp": 1748534596.6153877, "_runtime": 1.2599365711212158, "_step": 0, "_wandb": {"runtime": 1}}