{"CV_RMSE": 3151.256111081837, "RMSE": 230.34461333684249, "RMSE_Kalmar": 157.15979458675616, "RMSE_Blekinge": 73.18481875008631, "CV_RMSE_'Kalmar": 1520.9012379363498, "CV_RMSE_Blekinge": 1630.354873145487, "_timestamp": 1748539358.862793, "_runtime": 1.3902339935302734, "_step": 0, "_wandb": {"runtime": 1}}