{"CV_RMSE": 292.73984875028214, "RMSE": 483.9457474346825, "RMSE_STHLM": 447.6571145835366, "RMSE_S\u00f6dermanland": 36.2886328511459, "CV_RMSE_STHLM": 159.43466684811355, "CV_RMSE_S\u00f6dermanland": 133.3051819021686, "_timestamp": 1748529593.3929517, "_runtime": 1.356677770614624, "_step": 0, "_wandb": {"runtime": 1}}