{"CV_RMSE": 309.27028626724035, "RMSE": 22.22892999507829, "RMSE_Kalmar": 14.756466434828418, "RMSE_Blekinge": 7.472463560249871, "CV_RMSE_'Kalmar": 142.8045138854363, "CV_RMSE_Blekinge": 166.46577238180404, "_timestamp": 1748474330.078443, "_runtime": 1.3222670555114746, "_step": 0, "_wandb": {"runtime": 1}}