{"CV_RMSE": 241.01626296680453, "RMSE": 388.50338727508654, "RMSE_STHLM": 357.5598743952849, "RMSE_S\u00f6dermanland": 30.943512879801634, "CV_RMSE_STHLM": 127.34621565324751, "CV_RMSE_S\u00f6dermanland": 113.67004731355702, "_timestamp": 1748356902.2148647, "_runtime": 1.440295696258545, "_step": 0, "_wandb": {"runtime": 1}}