{"CV_RMSE": 4238.99191819309, "RMSE": 1810.923469282234, "RMSE_skane": 1635.7976105343967, "RMSE_kronoberg": 175.12585874783738, "CV_RMSE_'skane": 2593.7594247374154, "CV_RMSE_kronoberg": 1645.2324934556748, "_timestamp": 1748542628.8806891, "_runtime": 1.2504401206970215, "_step": 0, "_wandb": {"runtime": 1}}