{"CV_RMSE": 628.2403847619826, "RMSE": 823.4198611483298, "RMSE_STHLM": 722.4416907185372, "RMSE_S\u00f6dermanland": 100.97817042979264, "CV_RMSE_STHLM": 257.30016685662184, "CV_RMSE_S\u00f6dermanland": 370.9402179053607, "_timestamp": 1748330601.3729498, "_runtime": 1.3071417808532715, "_step": 0, "_wandb": {"runtime": 1}}