{"CV_RMSE": 264.56346307406056, "RMSE": 432.3390266641945, "RMSE_STHLM": 399.00352512478355, "RMSE_S\u00f6dermanland": 33.33550153941091, "CV_RMSE_STHLM": 142.10651864357152, "CV_RMSE_S\u00f6dermanland": 122.45694443048906, "_timestamp": 1748506413.378549, "_runtime": 1.2538700103759766, "_step": 0, "_wandb": {"runtime": 1}}