{"CV_RMSE": 4158.695293421594, "RMSE": 301.09247022642535, "RMSE_Kalmar": 202.28960290469342, "RMSE_Blekinge": 98.80286732173194, "CV_RMSE_'Kalmar": 1957.6413184325168, "CV_RMSE_Blekinge": 2201.0539749890777, "_timestamp": 1748484288.909529, "_runtime": 1.4762768745422363, "_step": 0, "_wandb": {"runtime": 1}}