{"CV_RMSE": 302.51750541828443, "RMSE": 21.83062628587359, "RMSE_Kalmar": 14.588184384665, "RMSE_Blekinge": 7.242441901208587, "CV_RMSE_'Kalmar": 141.1759779161129, "CV_RMSE_Blekinge": 161.34152750217152, "_timestamp": 1748513930.4436224, "_runtime": 1.3692913055419922, "_step": 0, "_wandb": {"runtime": 1}}