{"CV_RMSE": 3528.2698281574226, "RMSE": 272.73214502407245, "RMSE_Kalmar": 202.18135065825513, "RMSE_Blekinge": 70.55079436581734, "CV_RMSE_'Kalmar": 1956.5937160476303, "CV_RMSE_Blekinge": 1571.6761121097923, "_timestamp": 1748560745.9481397, "_runtime": 1.4435405731201172, "_step": 0, "_wandb": {"runtime": 1}}