{"CV_RMSE": 306.98242039619373, "RMSE": 22.257220362870108, "RMSE_Kalmar": 14.988064944225789, "RMSE_Blekinge": 7.269155418644318, "CV_RMSE_'Kalmar": 145.0457897828302, "CV_RMSE_Blekinge": 161.93663061336352, "_timestamp": 1748548848.5298555, "_runtime": 1.3020904064178467, "_step": 0, "_wandb": {"runtime": 1}}