{"CV_RMSE": 413.6658280482868, "RMSE": 426.2865960730901, "RMSE_STHLM": 347.3546043027139, "RMSE_S\u00f6dermanland": 78.93199177037624, "CV_RMSE_STHLM": 123.71157256527205, "CV_RMSE_S\u00f6dermanland": 289.9542554830148, "_timestamp": 1748518230.7904303, "_runtime": 1.4759202003479004, "_step": 0, "_wandb": {"runtime": 1}}