{"CV_RMSE": 275.601439759081, "RMSE": 437.2257150070926, "RMSE_STHLM": 401.0874760269682, "RMSE_S\u00f6dermanland": 36.13823898012442, "CV_RMSE_STHLM": 142.84872513821583, "CV_RMSE_S\u00f6dermanland": 132.75271462086522, "_timestamp": 1748509777.8786216, "_runtime": 1.298189640045166, "_step": 0, "_wandb": {"runtime": 1}}