{"CV_RMSE": 4175.833666887862, "RMSE": 1695.6198620804723, "RMSE_skane": 1505.1692920912833, "RMSE_kronoberg": 190.45056998918895, "CV_RMSE_'skane": 2386.632069912183, "CV_RMSE_kronoberg": 1789.2015969756792, "_timestamp": 1748549266.0762937, "_runtime": 1.274810791015625, "_step": 0, "_wandb": {"runtime": 1}}