{"CV_RMSE": 606.016963762654, "RMSE": 508.5660007218019, "RMSE_STHLM": 380.4837194087441, "RMSE_S\u00f6dermanland": 128.08228131305782, "CV_RMSE_STHLM": 135.51062424529866, "CV_RMSE_S\u00f6dermanland": 470.5063395173553, "_timestamp": 1748362995.1082182, "_runtime": 1.3926301002502441, "_step": 0, "_wandb": {"runtime": 1}}