{"CV_RMSE": 279.14742165342045, "RMSE": 100.5345173738211, "RMSE_skane": 85.20114531492311, "RMSE_kronoberg": 15.333372058897996, "CV_RMSE_'skane": 135.09695345918038, "CV_RMSE_kronoberg": 144.05046819424007, "_timestamp": 1748549659.4004722, "_runtime": 1.369636058807373, "_step": 0, "_wandb": {"runtime": 1}}