{"CV_RMSE": 338.84043756233217, "RMSE": 313.3911022748363, "RMSE_STHLM": 244.89443295464844, "RMSE_S\u00f6dermanland": 68.49666932018788, "CV_RMSE_STHLM": 87.22001965143791, "CV_RMSE_S\u00f6dermanland": 251.62041791089425, "_timestamp": 1748343481.7411826, "_runtime": 1.3017456531524658, "_step": 0, "_wandb": {"runtime": 1}}