{"CV_RMSE": 2795.598987810866, "RMSE": 1637.7417878886724, "RMSE_skane": 1612.289342743928, "RMSE_kronoberg": 25.452445144744377, "CV_RMSE_'skane": 2556.484158684875, "CV_RMSE_kronoberg": 239.11482912599104, "_timestamp": 1748504043.883602, "_runtime": 1.3893859386444092, "_step": 0, "_wandb": {"runtime": 1}}