{"CV_RMSE": 2283.6800166730527, "RMSE": 180.21072379928364, "RMSE_Kalmar": 137.37632072995453, "RMSE_Blekinge": 42.83440306932912, "CV_RMSE_'Kalmar": 1329.448265128592, "CV_RMSE_Blekinge": 954.2317515444605, "_timestamp": 1748555196.4212162, "_runtime": 1.3137283325195312, "_step": 0, "_wandb": {"runtime": 1}}