{"CV_RMSE": 3202.7140889084803, "RMSE": 215.46817803884878, "RMSE_Kalmar": 126.7733233418821, "RMSE_Blekinge": 88.69485469696667, "CV_RMSE_'Kalmar": 1226.8386129859557, "CV_RMSE_Blekinge": 1975.8754759225249, "_timestamp": 1748568724.7683353, "_runtime": 1.3457894325256348, "_step": 0, "_wandb": {"runtime": 1}}