{"CV_RMSE": 626.9154654597228, "RMSE": 1486.6546657231438, "RMSE_STHLM": 1457.2820809504576, "RMSE_S\u00f6dermanland": 29.372584772686277, "CV_RMSE_STHLM": 519.0161744580181, "CV_RMSE_S\u00f6dermanland": 107.8992910017047, "_timestamp": 1748289031.2547958, "_runtime": 1.2776858806610107, "_step": 0, "_wandb": {"runtime": 1}}