{"CV_RMSE": 4671.820884229743, "RMSE": 1859.5609580104688, "RMSE_skane": 1638.8837399169154, "RMSE_kronoberg": 220.67721809355328, "CV_RMSE_'skane": 2598.652864561705, "CV_RMSE_kronoberg": 2073.1680196680372, "_timestamp": 1748528292.5194392, "_runtime": 1.2619082927703857, "_step": 0, "_wandb": {"runtime": 1}}