{"CV_RMSE": 1167.2919373465597, "RMSE": 472.3094822587862, "RMSE_skane": 418.7316097889097, "RMSE_kronoberg": 53.57787246987652, "CV_RMSE_'skane": 663.9507554792436, "CV_RMSE_kronoberg": 503.341181867316, "_timestamp": 1748529701.1604872, "_runtime": 1.3007862567901611, "_step": 0, "_wandb": {"runtime": 1}}