{"CV_RMSE": 4252.6347850282755, "RMSE": 285.3694710678402, "RMSE_Kalmar": 167.03475526130103, "RMSE_Blekinge": 118.33471580653921, "CV_RMSE_'Kalmar": 1616.4653734964616, "CV_RMSE_Blekinge": 2636.169411531814, "_timestamp": 1748570917.6651955, "_runtime": 1.3166985511779785, "_step": 0, "_wandb": {"runtime": 1}}