{"CV_RMSE": 1445.433449785685, "RMSE": 2128.304590645065, "RMSE_STHLM": 1921.079754718087, "RMSE_S\u00f6dermanland": 207.22483592697802, "CV_RMSE_STHLM": 684.1993586253576, "CV_RMSE_S\u00f6dermanland": 761.2340911603275, "_timestamp": 1748327456.3449373, "_runtime": 1.337414264678955, "_step": 0, "_wandb": {"runtime": 1}}