{"CV_RMSE": 3859.1394908078414, "RMSE": 295.95082245306344, "RMSE_Kalmar": 216.97348847609177, "RMSE_Blekinge": 78.97733397697164, "CV_RMSE_'Kalmar": 2099.743436865404, "CV_RMSE_Blekinge": 1759.3960539424374, "_timestamp": 1748560039.860232, "_runtime": 1.4056341648101807, "_step": 0, "_wandb": {"runtime": 1}}