{"CV_RMSE": 3976.6886068350263, "RMSE": 263.38300777937354, "RMSE_Kalmar": 150.0621740078793, "RMSE_Blekinge": 113.32083377149428, "CV_RMSE_'Kalmar": 1452.2145871730254, "CV_RMSE_Blekinge": 2524.474019662001, "_timestamp": 1748559762.6425877, "_runtime": 1.39579176902771, "_step": 0, "_wandb": {"runtime": 1}}