{"CV_RMSE": 902.2827227554667, "RMSE": 330.7354907274691, "RMSE_skane": 282.3473236495013, "RMSE_kronoberg": 48.38816707796782, "CV_RMSE_'skane": 447.69660198123876, "CV_RMSE_kronoberg": 454.586120774228, "_timestamp": 1748548824.6296456, "_runtime": 1.297006607055664, "_step": 0, "_wandb": {"runtime": 1}}