{"CV_RMSE": 3538.313628801945, "RMSE": 221.81205850164224, "RMSE_Kalmar": 111.35440072777325, "RMSE_Blekinge": 110.45765777386897, "CV_RMSE_'Kalmar": 1077.6232328494184, "CV_RMSE_Blekinge": 2460.6903959525266, "_timestamp": 1748461489.0443423, "_runtime": 1.899651288986206, "_step": 0, "_wandb": {"runtime": 1}}