{"CV_RMSE": 321.102625857855, "RMSE": 679.2345071220326, "RMSE_STHLM": 655.3625413086245, "RMSE_S\u00f6dermanland": 23.871965813408163, "CV_RMSE_STHLM": 233.40969021676378, "CV_RMSE_S\u00f6dermanland": 87.69293564109122, "_timestamp": 1748307093.3120112, "_runtime": 1.39400315284729, "_step": 0, "_wandb": {"runtime": 1}}