{"CV_RMSE": 884.7562286923305, "RMSE": 1277.4425162193786, "RMSE_STHLM": 1147.8827841614961, "RMSE_S\u00f6dermanland": 129.55973205788254, "CV_RMSE_STHLM": 408.8225190919456, "CV_RMSE_S\u00f6dermanland": 475.9337096003849, "_timestamp": 1748310540.2044632, "_runtime": 1.4272973537445068, "_step": 0, "_wandb": {"runtime": 1}}