{"CV_RMSE": 577.8987824419895, "RMSE": 644.0459075871465, "RMSE_STHLM": 538.9851995977579, "RMSE_S\u00f6dermanland": 105.0607079893887, "CV_RMSE_STHLM": 191.96148778709224, "CV_RMSE_S\u00f6dermanland": 385.9372946548973, "_timestamp": 1748338692.0563812, "_runtime": 1.3027892112731934, "_step": 0, "_wandb": {"runtime": 1}}