{"CV_RMSE": 3729.9953277568184, "RMSE": 252.2385027761303, "RMSE_Kalmar": 149.9371406192266, "RMSE_Blekinge": 102.30136215690369, "CV_RMSE_'Kalmar": 1451.0045866376765, "CV_RMSE_Blekinge": 2278.9907411191416, "_timestamp": 1748505753.5761442, "_runtime": 1.3589003086090088, "_step": 0, "_wandb": {"runtime": 1}}