{"CV_RMSE": 273.4996476835602, "RMSE": 433.5878688429568, "RMSE_STHLM": 397.6926456976966, "RMSE_S\u00f6dermanland": 35.89522314526021, "CV_RMSE_STHLM": 141.63964429280844, "CV_RMSE_S\u00f6dermanland": 131.86000339075179, "_timestamp": 1748542873.0790546, "_runtime": 1.498476505279541, "_step": 0, "_wandb": {"runtime": 1}}