{"CV_RMSE": 4372.526851591674, "RMSE": 1727.1303064486872, "RMSE_skane": 1517.8898211623343, "RMSE_kronoberg": 209.24048528635288, "CV_RMSE_'skane": 2406.802042012158, "CV_RMSE_kronoberg": 1965.7248095795157, "_timestamp": 1748520320.898277, "_runtime": 1.26904296875, "_step": 0, "_wandb": {"runtime": 1}}