{"CV_RMSE": 306.2047944531505, "RMSE": 22.196914238594886, "RMSE_Kalmar": 14.94315733103115, "RMSE_Blekinge": 7.253756907563734, "CV_RMSE_'Kalmar": 144.6111999777208, "CV_RMSE_Blekinge": 161.5935944754297, "_timestamp": 1748485313.9348466, "_runtime": 1.2436697483062744, "_step": 0, "_wandb": {"runtime": 1}}