{"CV_RMSE": 2404.613460523552, "RMSE": 142.3692858125485, "RMSE_Kalmar": 60.87231788405619, "RMSE_Blekinge": 81.49696792849231, "CV_RMSE_'Kalmar": 589.0869472650598, "CV_RMSE_Blekinge": 1815.526513258492, "_timestamp": 1748564592.4635475, "_runtime": 1.3187015056610107, "_step": 0, "_wandb": {"runtime": 1}}