{"CV_RMSE": 4074.668997690561, "RMSE": 1594.3701216990062, "RMSE_skane": 1396.3155423126057, "RMSE_kronoberg": 198.05457938640063, "CV_RMSE_'skane": 2214.030986753603, "CV_RMSE_kronoberg": 1860.638010936958, "_timestamp": 1748521710.025157, "_runtime": 1.2516429424285889, "_step": 0, "_wandb": {"runtime": 1}}