{"CV_RMSE": 318.45107021352896, "RMSE": 493.83762641423067, "RMSE_STHLM": 450.8603950816223, "RMSE_S\u00f6dermanland": 42.97723133260838, "CV_RMSE_STHLM": 160.57552654272263, "CV_RMSE_S\u00f6dermanland": 157.8755436708063, "_timestamp": 1748365954.6576276, "_runtime": 1.3275024890899658, "_step": 0, "_wandb": {"runtime": 1}}