{"CV_RMSE": 4446.922681385305, "RMSE": 1900.4974719290208, "RMSE_skane": 1716.9325634294173, "RMSE_kronoberg": 183.56490849960355, "CV_RMSE_'skane": 2722.4089272136634, "CV_RMSE_kronoberg": 1724.513754171641, "_timestamp": 1748504816.252052, "_runtime": 1.3618969917297363, "_step": 0, "_wandb": {"runtime": 1}}