{"CV_RMSE": 255.37647763529134, "RMSE": 396.2059431888978, "RMSE_STHLM": 361.76052616775576, "RMSE_S\u00f6dermanland": 34.445417021142, "CV_RMSE_STHLM": 128.84229265966766, "CV_RMSE_S\u00f6dermanland": 126.53418497562367, "_timestamp": 1748444888.6769805, "_runtime": 1.2780005931854248, "_step": 0, "_wandb": {"runtime": 1}}