{"CV_RMSE": 483.5260775788211, "RMSE": 526.0388835905169, "RMSE_STHLM": 436.75722340524914, "RMSE_S\u00f6dermanland": 89.28166018526771, "CV_RMSE_STHLM": 155.55263200028662, "CV_RMSE_S\u00f6dermanland": 327.9734455785345, "_timestamp": 1748402912.0012493, "_runtime": 1.3281502723693848, "_step": 0, "_wandb": {"runtime": 1}}