{"CV_RMSE": 3121.139857077601, "RMSE": 202.53509471935104, "RMSE_Kalmar": 110.38108907895484, "RMSE_Blekinge": 92.1540056403962, "CV_RMSE_'Kalmar": 1068.2040878608534, "CV_RMSE_Blekinge": 2052.9357692167473, "_timestamp": 1748515598.9880242, "_runtime": 1.3609952926635742, "_step": 0, "_wandb": {"runtime": 1}}