{"CV_RMSE": 247.7373072315233, "RMSE": 376.113540633421, "RMSE_STHLM": 341.8137805511466, "RMSE_S\u00f6dermanland": 34.299760082274425, "CV_RMSE_STHLM": 121.73818856194377, "CV_RMSE_S\u00f6dermanland": 125.99911866957952, "_timestamp": 1748316258.5652564, "_runtime": 1.290724277496338, "_step": 0, "_wandb": {"runtime": 1}}