{"CV_RMSE": 306.7207184105465, "RMSE": 22.243939197302623, "RMSE_Kalmar": 14.985353350277233, "RMSE_Blekinge": 7.258585847025389, "CV_RMSE_'Kalmar": 145.01954855107, "CV_RMSE_Blekinge": 161.7011698594765, "_timestamp": 1748462741.760315, "_runtime": 1.8931448459625244, "_step": 0, "_wandb": {"runtime": 1}}