{"CV_RMSE": 361.8027240126791, "RMSE": 153.9356820508557, "RMSE_skane": 138.8608401717483, "RMSE_kronoberg": 15.074841879107396, "CV_RMSE_'skane": 220.18103621313153, "CV_RMSE_kronoberg": 141.62168779954757, "_timestamp": 1748508673.533832, "_runtime": 1.3339979648590088, "_step": 0, "_wandb": {"runtime": 1}}