{"CV_RMSE": 3228.861241850929, "RMSE": 802.9863652771476, "RMSE_skane": 552.5522529376681, "RMSE_kronoberg": 250.43411233947953, "CV_RMSE_'skane": 876.1399359476766, "CV_RMSE_kronoberg": 2352.7213059032524, "_timestamp": 1748504674.5439718, "_runtime": 1.332385778427124, "_step": 0, "_wandb": {"runtime": 1}}