{"CV_RMSE": 280.4332046115505, "RMSE": 446.8716066414222, "RMSE_STHLM": 410.3124410904209, "RMSE_S\u00f6dermanland": 36.5591655510013, "CV_RMSE_STHLM": 146.13422911807632, "CV_RMSE_S\u00f6dermanland": 134.29897549347416, "_timestamp": 1748427711.0737498, "_runtime": 1.2624337673187256, "_step": 0, "_wandb": {"runtime": 1}}