{"CV_RMSE": 274.13876495627255, "RMSE": 435.95566235425065, "RMSE_STHLM": 400.1219892036077, "RMSE_S\u00f6dermanland": 35.83367315064292, "CV_RMSE_STHLM": 142.50486358656389, "CV_RMSE_S\u00f6dermanland": 131.6339013697087, "_timestamp": 1748338571.2285724, "_runtime": 1.3096134662628174, "_step": 0, "_wandb": {"runtime": 1}}