{"CV_RMSE": 302.68063707693284, "RMSE": 21.877319310215555, "RMSE_Kalmar": 14.657793338394377, "RMSE_Blekinge": 7.219525971821179, "CV_RMSE_'Kalmar": 141.84961295220364, "CV_RMSE_Blekinge": 160.83102412472923, "_timestamp": 1748493108.7388017, "_runtime": 1.3081426620483398, "_step": 0, "_wandb": {"runtime": 1}}