{"CV_RMSE": 1169.9366128142437, "RMSE": 1477.1802104585818, "RMSE_STHLM": 1283.0975005372784, "RMSE_S\u00f6dermanland": 194.0827099213035, "CV_RMSE_STHLM": 456.97971922578176, "CV_RMSE_S\u00f6dermanland": 712.9568935884619, "_timestamp": 1748329976.5725586, "_runtime": 1.30509352684021, "_step": 0, "_wandb": {"runtime": 1}}