{"CV_RMSE": 4529.703990974598, "RMSE": 1626.5274499791387, "RMSE_skane": 1376.7315151377447, "RMSE_kronoberg": 249.79593484139392, "CV_RMSE_'skane": 2182.9780895418785, "CV_RMSE_kronoberg": 2346.7259014327196, "_timestamp": 1748547826.241252, "_runtime": 1.5459868907928467, "_step": 0, "_wandb": {"runtime": 1}}