{"CV_RMSE": 1256.7120867988324, "RMSE": 1152.0860860254265, "RMSE_STHLM": 896.9422932267837, "RMSE_S\u00f6dermanland": 255.14379279864275, "CV_RMSE_STHLM": 319.44917447728744, "CV_RMSE_S\u00f6dermanland": 937.2629123215448, "_timestamp": 1748285109.2420487, "_runtime": 1.27821683883667, "_step": 0, "_wandb": {"runtime": 1}}