{"CV_RMSE": 4792.033242249923, "RMSE": 1815.9454811877438, "RMSE_skane": 1571.0178669556446, "RMSE_kronoberg": 244.92761423209913, "CV_RMSE_'skane": 2491.0431294222694, "CV_RMSE_kronoberg": 2300.990112827654, "_timestamp": 1748530412.4797955, "_runtime": 1.2720434665679932, "_step": 0, "_wandb": {"runtime": 1}}