{"CV_RMSE": 2677.6939156671842, "RMSE": 196.51835081678385, "RMSE_Kalmar": 134.93777742754673, "RMSE_Blekinge": 61.58057338923712, "CV_RMSE_'Kalmar": 1305.8494589762586, "CV_RMSE_Blekinge": 1371.8444566909259, "_timestamp": 1748500149.2402992, "_runtime": 1.3762171268463135, "_step": 0, "_wandb": {"runtime": 1}}