{"CV_RMSE": 681.4440889236996, "RMSE": 40.91043864357123, "RMSE_Kalmar": 18.24845761645095, "RMSE_Blekinge": 22.661981027120284, "CV_RMSE_'Kalmar": 176.59797693339627, "CV_RMSE_Blekinge": 504.8461119903033, "_timestamp": 1748490317.5298269, "_runtime": 1.354625940322876, "_step": 0, "_wandb": {"runtime": 1}}