{"CV_RMSE": 1039.4933984833817, "RMSE": 1738.2006219940686, "RMSE_STHLM": 1611.463491673518, "RMSE_S\u00f6dermanland": 126.73713032055053, "CV_RMSE_STHLM": 573.9284299589103, "CV_RMSE_S\u00f6dermanland": 465.56496852447134, "_timestamp": 1748343292.8247468, "_runtime": 1.3096189498901367, "_step": 0, "_wandb": {"runtime": 1}}