{"CV_RMSE": 271.92714667627934, "RMSE": 436.61732151977594, "RMSE_STHLM": 401.5213744853159, "RMSE_S\u00f6dermanland": 35.09594703446006, "CV_RMSE_STHLM": 143.00325961091585, "CV_RMSE_S\u00f6dermanland": 128.9238870653635, "_timestamp": 1748429965.2845042, "_runtime": 1.3012580871582031, "_step": 0, "_wandb": {"runtime": 1}}