{"CV_RMSE": 277.3062324538878, "RMSE": 99.3855972141239, "RMSE_skane": 84.05471386287, "RMSE_kronoberg": 15.330883351253908, "CV_RMSE_'skane": 133.2791446028594, "CV_RMSE_kronoberg": 144.02708785102837, "_timestamp": 1748566760.6890073, "_runtime": 1.2420601844787598, "_step": 0, "_wandb": {"runtime": 1}}