{"CV_RMSE": 569.0207536006308, "RMSE": 1128.167200156471, "RMSE_STHLM": 1077.758973342296, "RMSE_S\u00f6dermanland": 50.408226814175, "CV_RMSE_STHLM": 383.84767550774296, "CV_RMSE_S\u00f6dermanland": 185.17307809288778, "_timestamp": 1748378777.1976435, "_runtime": 1.3866565227508545, "_step": 0, "_wandb": {"runtime": 1}}