{"CV_RMSE": 1245.6735454120796, "RMSE": 2026.8787596562026, "RMSE_STHLM": 1868.981977806165, "RMSE_S\u00f6dermanland": 157.89678185003748, "CV_RMSE_STHLM": 665.6445508609215, "CV_RMSE_S\u00f6dermanland": 580.0289945511581, "_timestamp": 1748322364.4619305, "_runtime": 1.3441905975341797, "_step": 0, "_wandb": {"runtime": 1}}