{"CV_RMSE": 306.87285284762095, "RMSE": 22.246423596775934, "RMSE_Kalmar": 14.977671574378206, "RMSE_Blekinge": 7.268752022397729, "CV_RMSE_'Kalmar": 144.9452087843052, "CV_RMSE_Blekinge": 161.92764406331574, "_timestamp": 1748500358.170794, "_runtime": 1.2806499004364014, "_step": 0, "_wandb": {"runtime": 1}}