{"CV_RMSE": 299.08814919481125, "RMSE": 21.5744339511939, "RMSE_Kalmar": 14.407396019437781, "RMSE_Blekinge": 7.167037931756118, "CV_RMSE_'Kalmar": 139.42641309133336, "CV_RMSE_Blekinge": 159.6617361034779, "_timestamp": 1748513828.5887537, "_runtime": 1.3621997833251953, "_step": 0, "_wandb": {"runtime": 1}}