{"CV_RMSE": 1262.7035913896761, "RMSE": 1206.061122571272, "RMSE_STHLM": 954.9060653815488, "RMSE_S\u00f6dermanland": 251.15505718972332, "CV_RMSE_STHLM": 340.09317722334544, "CV_RMSE_S\u00f6dermanland": 922.6104141663307, "_timestamp": 1748332032.0177305, "_runtime": 1.3921635150909424, "_step": 0, "_wandb": {"runtime": 1}}