{"CV_RMSE": 256.89072139962025, "RMSE": 409.8106109442078, "RMSE_STHLM": 376.36935119830844, "RMSE_S\u00f6dermanland": 33.44125974589935, "CV_RMSE_STHLM": 134.04527743509203, "CV_RMSE_S\u00f6dermanland": 122.84544396452823, "_timestamp": 1748450305.2043843, "_runtime": 1.294870376586914, "_step": 0, "_wandb": {"runtime": 1}}