{"CV_RMSE": 266.6027048376091, "RMSE": 422.5619446379797, "RMSE_STHLM": 387.56202993700504, "RMSE_S\u00f6dermanland": 34.99991470097469, "CV_RMSE_STHLM": 138.0315896095388, "CV_RMSE_S\u00f6dermanland": 128.5711152280703, "_timestamp": 1748527373.3869019, "_runtime": 1.3239128589630127, "_step": 0, "_wandb": {"runtime": 1}}