{"CV_RMSE": 306.8482401447024, "RMSE": 22.24749970766829, "RMSE_Kalmar": 14.981527622732568, "RMSE_Blekinge": 7.26597208493572, "CV_RMSE_'Kalmar": 144.9825253812829, "CV_RMSE_Blekinge": 161.8657147634195, "_timestamp": 1748507795.2779062, "_runtime": 1.2780892848968506, "_step": 0, "_wandb": {"runtime": 1}}