{"CV_RMSE": 471.4017192485247, "RMSE": 829.7963213374192, "RMSE_STHLM": 776.7815260517782, "RMSE_S\u00f6dermanland": 53.01479528564098, "CV_RMSE_STHLM": 276.6534916686191, "CV_RMSE_S\u00f6dermanland": 194.74822757990563, "_timestamp": 1748358881.161162, "_runtime": 1.3360629081726074, "_step": 0, "_wandb": {"runtime": 1}}