{"CV_RMSE": 713.7561330181663, "RMSE": 1334.0557802098394, "RMSE_STHLM": 1262.1218875439165, "RMSE_S\u00f6dermanland": 71.93389266592293, "CV_RMSE_STHLM": 449.5091803678373, "CV_RMSE_S\u00f6dermanland": 264.2469526503291, "_timestamp": 1748378620.3121178, "_runtime": 1.361527919769287, "_step": 0, "_wandb": {"runtime": 1}}