{"CV_RMSE": 1019.4618441844234, "RMSE": 1981.6294272956573, "RMSE_STHLM": 1887.0657740949819, "RMSE_S\u00f6dermanland": 94.56365320067529, "CV_RMSE_STHLM": 672.085158957453, "CV_RMSE_S\u00f6dermanland": 347.37668522697044, "_timestamp": 1748324879.4972215, "_runtime": 1.288738489151001, "_step": 0, "_wandb": {"runtime": 1}}