{"CV_RMSE": 1677.9756951586205, "RMSE": 478.8950130380229, "RMSE_skane": 361.25709533781463, "RMSE_kronoberg": 117.63791770020826, "CV_RMSE_'skane": 572.8178044468519, "CV_RMSE_kronoberg": 1105.1578907117687, "_timestamp": 1748517107.1893568, "_runtime": 1.3268427848815918, "_step": 0, "_wandb": {"runtime": 1}}