{"CV_RMSE": 305.86006058712826, "RMSE": 22.145380303965624, "RMSE_Kalmar": 14.879402446218092, "RMSE_Blekinge": 7.265977857747533, "CV_RMSE_'Kalmar": 143.9942172214654, "CV_RMSE_Blekinge": 161.86584336566287, "_timestamp": 1748488607.1182127, "_runtime": 1.3259446620941162, "_step": 0, "_wandb": {"runtime": 1}}