{"CV_RMSE": 784.6451965869833, "RMSE": 993.061497305044, "RMSE_STHLM": 863.148384670324, "RMSE_S\u00f6dermanland": 129.91311263472, "CV_RMSE_STHLM": 307.4133542553588, "CV_RMSE_S\u00f6dermanland": 477.23184233162453, "_timestamp": 1748286877.6345932, "_runtime": 1.258005142211914, "_step": 0, "_wandb": {"runtime": 1}}