{"CV_RMSE": 4151.104299191818, "RMSE": 1518.9844339239794, "RMSE_skane": 1295.8344608462328, "RMSE_kronoberg": 223.14997307774664, "CV_RMSE_'skane": 2054.7058047244705, "CV_RMSE_kronoberg": 2096.3984944673484, "_timestamp": 1748509459.5236201, "_runtime": 1.284006118774414, "_step": 0, "_wandb": {"runtime": 1}}