{"CV_RMSE": 3058.785249791803, "RMSE": 1633.9820349964946, "RMSE_skane": 1574.0630005937312, "RMSE_kronoberg": 59.91903440276327, "CV_RMSE_'skane": 2495.8715654234634, "CV_RMSE_kronoberg": 562.9136843683398, "_timestamp": 1748522481.31582, "_runtime": 1.3272109031677246, "_step": 0, "_wandb": {"runtime": 1}}