{"CV_RMSE": 4607.050295600262, "RMSE": 1723.1731805186546, "RMSE_skane": 1483.0965383132354, "RMSE_kronoberg": 240.07664220541915, "CV_RMSE_'skane": 2351.6329888687665, "CV_RMSE_kronoberg": 2255.4173067314955, "_timestamp": 1748573679.9980733, "_runtime": 1.2692503929138184, "_step": 0, "_wandb": {"runtime": 1}}