{"CV_RMSE": 275.26564353688855, "RMSE": 436.42362204586374, "RMSE_STHLM": 400.3004940698058, "RMSE_S\u00f6dermanland": 36.123127976057944, "CV_RMSE_STHLM": 142.56843872687978, "CV_RMSE_S\u00f6dermanland": 132.69720481000877, "_timestamp": 1748548125.6612914, "_runtime": 1.2590632438659668, "_step": 0, "_wandb": {"runtime": 1}}