{"CV_RMSE": 274.4045123966113, "RMSE": 436.9755583900302, "RMSE_STHLM": 401.1712741036214, "RMSE_S\u00f6dermanland": 35.80428428640879, "CV_RMSE_STHLM": 142.87857012000762, "CV_RMSE_S\u00f6dermanland": 131.5259422766037, "_timestamp": 1748482769.195341, "_runtime": 1.3255341053009033, "_step": 0, "_wandb": {"runtime": 1}}