{"CV_RMSE": 918.4450548240077, "RMSE": 1836.1356491355723, "RMSE_STHLM": 1756.4028613845878, "RMSE_S\u00f6dermanland": 79.7327877509844, "CV_RMSE_STHLM": 625.5490998203915, "CV_RMSE_S\u00f6dermanland": 292.89595500361617, "_timestamp": 1748315123.6563497, "_runtime": 1.2862765789031982, "_step": 0, "_wandb": {"runtime": 1}}