{"CV_RMSE": 2987.2007332730795, "RMSE": 156.65344920784094, "RMSE_Kalmar": 39.88979940098584, "RMSE_Blekinge": 116.76364980685508, "CV_RMSE_'Kalmar": 386.03031678373384, "CV_RMSE_Blekinge": 2601.170416489346, "_timestamp": 1748474356.6549292, "_runtime": 1.3114221096038818, "_step": 0, "_wandb": {"runtime": 1}}