{"CV_RMSE": 3556.071513045452, "RMSE": 228.7298844675127, "RMSE_Kalmar": 122.17616056435233, "RMSE_Blekinge": 106.55372390316037, "CV_RMSE_'Kalmar": 1182.349940945345, "CV_RMSE_Blekinge": 2373.721572100107, "_timestamp": 1748493122.7348285, "_runtime": 1.3199574947357178, "_step": 0, "_wandb": {"runtime": 1}}