{"CV_RMSE": 708.059626089719, "RMSE": 1089.0809613568517, "RMSE_STHLM": 992.5632948716288, "RMSE_S\u00f6dermanland": 96.5176664852228, "CV_RMSE_STHLM": 353.5049328786965, "CV_RMSE_S\u00f6dermanland": 354.55469321102254, "_timestamp": 1748318470.8549106, "_runtime": 1.3125677108764648, "_step": 0, "_wandb": {"runtime": 1}}