{"CV_RMSE": 3327.207699597745, "RMSE": 233.6556279285537, "RMSE_Kalmar": 149.0492456419792, "RMSE_Blekinge": 84.60638228657449, "CV_RMSE_'Kalmar": 1442.4120545997987, "CV_RMSE_Blekinge": 1884.7956449979463, "_timestamp": 1748526839.3074713, "_runtime": 1.2882003784179688, "_step": 0, "_wandb": {"runtime": 1}}