{"CV_RMSE": 1308.6835593687383, "RMSE": 1754.2558604355877, "RMSE_STHLM": 1548.0954725533552, "RMSE_S\u00f6dermanland": 206.16038788223256, "CV_RMSE_STHLM": 551.359685515639, "CV_RMSE_S\u00f6dermanland": 757.3238738530993, "_timestamp": 1748307009.3168535, "_runtime": 1.2664074897766113, "_step": 0, "_wandb": {"runtime": 1}}