{"CV_RMSE": 306.93630257069185, "RMSE": 22.252417657663322, "RMSE_Kalmar": 14.983233669789117, "RMSE_Blekinge": 7.2691839878742055, "CV_RMSE_'Kalmar": 144.99903551408823, "CV_RMSE_Blekinge": 161.9372670566036, "_timestamp": 1748511178.5900693, "_runtime": 1.2337572574615479, "_step": 0, "_wandb": {"runtime": 1}}