{"CV_RMSE": 306.8724574079572, "RMSE": 22.248850334036085, "RMSE_Kalmar": 14.981993578065984, "RMSE_Blekinge": 7.266856755970103, "CV_RMSE_'Kalmar": 144.987034626445, "CV_RMSE_Blekinge": 161.8854227815122, "_timestamp": 1748509039.2254453, "_runtime": 1.3049073219299316, "_step": 0, "_wandb": {"runtime": 1}}