{"CV_RMSE": 309.2572015827318, "RMSE": 22.450002289919247, "RMSE_Kalmar": 15.14837418419099, "RMSE_Blekinge": 7.301628105728259, "CV_RMSE_'Kalmar": 146.59716952442895, "CV_RMSE_Blekinge": 162.66003205830282, "_timestamp": 1748477701.051829, "_runtime": 1.295025110244751, "_step": 0, "_wandb": {"runtime": 1}}