{"CV_RMSE": 1824.1200965056091, "RMSE": 2331.7921789299526, "RMSE_STHLM": 2032.2596353064175, "RMSE_S\u00f6dermanland": 299.5325436235348, "CV_RMSE_STHLM": 723.7964668681344, "CV_RMSE_S\u00f6dermanland": 1100.3236296374748, "_timestamp": 1748299218.883649, "_runtime": 1.2294070720672607, "_step": 0, "_wandb": {"runtime": 1}}