{"CV_RMSE": 4718.3467772236745, "RMSE": 1928.5843632656229, "RMSE_skane": 1715.9644724802272, "RMSE_kronoberg": 212.61989078539565, "CV_RMSE_'skane": 2720.873899281544, "CV_RMSE_kronoberg": 1997.4728779421305, "_timestamp": 1748510663.8980827, "_runtime": 1.3256738185882568, "_step": 0, "_wandb": {"runtime": 1}}