{"CV_RMSE": 1568.7840723338395, "RMSE": 569.3740114141401, "RMSE_skane": 484.090932529906, "RMSE_kronoberg": 85.28307888423409, "CV_RMSE_'skane": 767.5860452376944, "CV_RMSE_kronoberg": 801.198027096145, "_timestamp": 1748513454.667711, "_runtime": 1.328489065170288, "_step": 0, "_wandb": {"runtime": 1}}