{"CV_RMSE": 4916.390951651048, "RMSE": 1911.2607268490594, "RMSE_skane": 1669.7620507873391, "RMSE_kronoberg": 241.4986760617203, "CV_RMSE_'skane": 2647.61424543447, "CV_RMSE_kronoberg": 2268.776706216579, "_timestamp": 1748566460.1802487, "_runtime": 1.3310368061065674, "_step": 0, "_wandb": {"runtime": 1}}