{"CV_RMSE": 263.36218929608896, "RMSE": 95.9401809587737, "RMSE_skane": 81.69534776233027, "RMSE_kronoberg": 14.244833196443427, "CV_RMSE_'skane": 129.53807784724674, "CV_RMSE_kronoberg": 133.82411144884222, "_timestamp": 1748525977.9761956, "_runtime": 1.4399046897888184, "_step": 0, "_wandb": {"runtime": 1}}