{"CV_RMSE": 1963.6476906756307, "RMSE": 2677.666480075404, "RMSE_STHLM": 2373.207291665619, "RMSE_S\u00f6dermanland": 304.45918840978504, "CV_RMSE_STHLM": 845.2261822315223, "CV_RMSE_S\u00f6dermanland": 1118.4215084441084, "_timestamp": 1748393121.0557225, "_runtime": 1.26704740524292, "_step": 0, "_wandb": {"runtime": 1}}