{"CV_RMSE": 269.3501815548671, "RMSE": 442.0555629715311, "RMSE_STHLM": 408.3202985747452, "RMSE_S\u00f6dermanland": 33.73526439678593, "CV_RMSE_STHLM": 145.42472050544941, "CV_RMSE_S\u00f6dermanland": 123.9254610494177, "_timestamp": 1748469084.0089388, "_runtime": 1.2620198726654053, "_step": 0, "_wandb": {"runtime": 1}}