{"CV_RMSE": 270.96071140159825, "RMSE": 429.8438251688598, "RMSE_STHLM": 394.3119927656721, "RMSE_S\u00f6dermanland": 35.53183240318771, "CV_RMSE_STHLM": 140.4356127776434, "CV_RMSE_S\u00f6dermanland": 130.52509862395485, "_timestamp": 1748460965.0302918, "_runtime": 1.4190797805786133, "_step": 0, "_wandb": {"runtime": 1}}