{"CV_RMSE": 304.2668320089074, "RMSE": 21.98430614170586, "RMSE_Kalmar": 14.72106216385538, "RMSE_Blekinge": 7.26324397785048, "CV_RMSE_'Kalmar": 142.46189190827786, "CV_RMSE_Blekinge": 161.8049401006295, "_timestamp": 1748487846.5604408, "_runtime": 1.3104636669158936, "_step": 0, "_wandb": {"runtime": 1}}