{"CV_RMSE": 262.83487587546466, "RMSE": 398.9284367413148, "RMSE_STHLM": 362.52698875408214, "RMSE_S\u00f6dermanland": 36.401447987232636, "CV_RMSE_STHLM": 129.11527102440598, "CV_RMSE_S\u00f6dermanland": 133.71960485105868, "_timestamp": 1748542007.0102265, "_runtime": 1.3526825904846191, "_step": 0, "_wandb": {"runtime": 1}}