{"CV_RMSE": 304.1570282467567, "RMSE": 492.64864356938773, "RMSE_STHLM": 453.85267870623613, "RMSE_S\u00f6dermanland": 38.7959648631516, "CV_RMSE_STHLM": 161.6412389535467, "CV_RMSE_S\u00f6dermanland": 142.51578929320996, "_timestamp": 1748534689.07816, "_runtime": 1.2705011367797852, "_step": 0, "_wandb": {"runtime": 1}}