{"CV_RMSE": 1161.3374770116018, "RMSE": 960.9306029483498, "RMSE_STHLM": 714.0145185536051, "RMSE_S\u00f6dermanland": 246.91608439474473, "CV_RMSE_STHLM": 254.29879964315177, "CV_RMSE_S\u00f6dermanland": 907.0386773684501, "_timestamp": 1748400443.4078438, "_runtime": 1.295264720916748, "_step": 0, "_wandb": {"runtime": 1}}