{"CV_RMSE": 4831.824482542372, "RMSE": 1831.232629964325, "RMSE_skane": 1584.3135087426244, "RMSE_kronoberg": 246.91912122170064, "CV_RMSE_'skane": 2512.1250138625123, "CV_RMSE_kronoberg": 2319.69946867986, "_timestamp": 1748536382.637612, "_runtime": 1.3771870136260986, "_step": 0, "_wandb": {"runtime": 1}}