{"CV_RMSE": 4955.67200887138, "RMSE": 1864.478749032734, "RMSE_skane": 1608.450630087445, "RMSE_kronoberg": 256.0281189452889, "CV_RMSE_'skane": 2550.397405001234, "CV_RMSE_kronoberg": 2405.274603870146, "_timestamp": 1748532468.5809445, "_runtime": 1.253293514251709, "_step": 0, "_wandb": {"runtime": 1}}