{"CV_RMSE": 4939.757217394128, "RMSE": 1888.9040345388319, "RMSE_skane": 1639.8735419203435, "RMSE_kronoberg": 249.03049261848824, "CV_RMSE_'skane": 2600.2223180555125, "CV_RMSE_kronoberg": 2339.534899338616, "_timestamp": 1748550731.7095263, "_runtime": 1.2631993293762207, "_step": 0, "_wandb": {"runtime": 1}}