{"CV_RMSE": 4684.430976194213, "RMSE": 307.4582726193498, "RMSE_Kalmar": 171.81904001864552, "RMSE_Blekinge": 135.63923260070428, "CV_RMSE_'Kalmar": 1662.764903406247, "CV_RMSE_Blekinge": 3021.6660727879666, "_timestamp": 1748550831.104224, "_runtime": 1.371669054031372, "_step": 0, "_wandb": {"runtime": 1}}