{"CV_RMSE": 4033.494413126148, "RMSE": 1545.969620893412, "RMSE_skane": 1343.3599600807547, "RMSE_kronoberg": 202.60966081265718, "CV_RMSE_'skane": 2130.0633616502455, "CV_RMSE_kronoberg": 1903.4310514759024, "_timestamp": 1748564708.3275435, "_runtime": 1.3653514385223389, "_step": 0, "_wandb": {"runtime": 1}}