{"CV_RMSE": 2237.15943874371, "RMSE": 144.58662238402624, "RMSE_Kalmar": 78.08290769529214, "RMSE_Blekinge": 66.5037146887341, "CV_RMSE_'Kalmar": 755.6410422125044, "CV_RMSE_Blekinge": 1481.5183965312053, "_timestamp": 1748525450.5098894, "_runtime": 1.3143572807312012, "_step": 0, "_wandb": {"runtime": 1}}