{"CV_RMSE": 271.118737488379, "RMSE": 432.5866565644909, "RMSE_STHLM": 397.301663192377, "RMSE_S\u00f6dermanland": 35.28499337211388, "CV_RMSE_STHLM": 141.50039448877695, "CV_RMSE_S\u00f6dermanland": 129.61834299960202, "_timestamp": 1748565583.1756537, "_runtime": 1.273005723953247, "_step": 0, "_wandb": {"runtime": 1}}