{"CV_RMSE": 268.88043056747256, "RMSE": 429.5113752856549, "RMSE_STHLM": 394.5709480189814, "RMSE_S\u00f6dermanland": 34.94042726667343, "CV_RMSE_STHLM": 140.52784060826406, "CV_RMSE_S\u00f6dermanland": 128.35258995920853, "_timestamp": 1748563485.6688163, "_runtime": 1.3234224319458008, "_step": 0, "_wandb": {"runtime": 1}}