{"CV_RMSE": 4848.349302408249, "RMSE": 1949.120869997578, "RMSE_skane": 1724.0230693181375, "RMSE_kronoberg": 225.09780067944044, "CV_RMSE_'skane": 2733.651801244404, "CV_RMSE_kronoberg": 2114.6975011638456, "_timestamp": 1748516243.73799, "_runtime": 1.3775978088378906, "_step": 0, "_wandb": {"runtime": 1}}