{"CV_RMSE": 3768.6946012332855, "RMSE": 241.76800208297095, "RMSE_Kalmar": 128.35324078138925, "RMSE_Blekinge": 113.41476130158169, "CV_RMSE_'Kalmar": 1242.1281365940895, "CV_RMSE_Blekinge": 2526.566464639196, "_timestamp": 1748509595.7155478, "_runtime": 1.3757438659667969, "_step": 0, "_wandb": {"runtime": 1}}