{"CV_RMSE": 306.13179661571144, "RMSE": 22.170704283777994, "RMSE_Kalmar": 14.902610103668504, "RMSE_Blekinge": 7.2680941801094905, "CV_RMSE_'Kalmar": 144.21880745485646, "CV_RMSE_Blekinge": 161.91298916085498, "_timestamp": 1748475550.177325, "_runtime": 1.4101059436798096, "_step": 0, "_wandb": {"runtime": 1}}