{"CV_RMSE": 795.0722718999311, "RMSE": 1069.9468164709062, "RMSE_STHLM": 945.1450360709204, "RMSE_S\u00f6dermanland": 124.80178039998592, "CV_RMSE_STHLM": 336.61675206324827, "CV_RMSE_S\u00f6dermanland": 458.4555198366829, "_timestamp": 1748310946.562571, "_runtime": 1.311824083328247, "_step": 0, "_wandb": {"runtime": 1}}