{"CV_RMSE": 1752.6028241134272, "RMSE": 2486.6700216579397, "RMSE_STHLM": 2225.324244232967, "RMSE_S\u00f6dermanland": 261.3457774249726, "CV_RMSE_STHLM": 792.5571111237318, "CV_RMSE_S\u00f6dermanland": 960.0457129896953, "_timestamp": 1748292250.0025299, "_runtime": 1.3709518909454346, "_step": 0, "_wandb": {"runtime": 1}}