{"CV_RMSE": 1711.5087375933456, "RMSE": 2166.3702736523574, "RMSE_STHLM": 1883.0242386271555, "RMSE_S\u00f6dermanland": 283.34603502520173, "CV_RMSE_STHLM": 670.6457517864819, "CV_RMSE_S\u00f6dermanland": 1040.8629858068637, "_timestamp": 1748285576.6161425, "_runtime": 1.2540113925933838, "_step": 0, "_wandb": {"runtime": 1}}