{"CV_RMSE": 994.6805439953357, "RMSE": 1572.4230104512146, "RMSE_STHLM": 1441.3964396112208, "RMSE_S\u00f6dermanland": 131.02657083999384, "CV_RMSE_STHLM": 513.358447032093, "CV_RMSE_S\u00f6dermanland": 481.3220969632427, "_timestamp": 1748293978.324653, "_runtime": 1.2883579730987549, "_step": 0, "_wandb": {"runtime": 1}}