{"CV_RMSE": 264.9275238675568, "RMSE": 424.13921697022704, "RMSE_STHLM": 389.8136221716452, "RMSE_S\u00f6dermanland": 34.32559479858182, "CV_RMSE_STHLM": 138.83350215848068, "CV_RMSE_S\u00f6dermanland": 126.09402170907607, "_timestamp": 1748517246.491872, "_runtime": 1.273564100265503, "_step": 0, "_wandb": {"runtime": 1}}