{"CV_RMSE": 271.04550424714967, "RMSE": 434.2336090452727, "RMSE_STHLM": 399.14751177801617, "RMSE_S\u00f6dermanland": 35.08609726725653, "CV_RMSE_STHLM": 142.1578000000849, "CV_RMSE_S\u00f6dermanland": 128.8877042470648, "_timestamp": 1748463682.893221, "_runtime": 1.3661518096923828, "_step": 0, "_wandb": {"runtime": 1}}