{"CV_RMSE": 274.62102805307404, "RMSE": 436.9306490475712, "RMSE_STHLM": 401.0562748786699, "RMSE_S\u00f6dermanland": 35.87437416890129, "CV_RMSE_STHLM": 142.83761273874276, "CV_RMSE_S\u00f6dermanland": 131.78341531433128, "_timestamp": 1748460561.1483848, "_runtime": 1.3829948902130127, "_step": 0, "_wandb": {"runtime": 1}}