{"CV_RMSE": 306.8278208273433, "RMSE": 22.245547789482153, "RMSE_Kalmar": 14.979697118022012, "RMSE_Blekinge": 7.265850671460143, "CV_RMSE_'Kalmar": 144.96481081956784, "CV_RMSE_Blekinge": 161.86301000777547, "_timestamp": 1748496714.3238027, "_runtime": 1.2541887760162354, "_step": 0, "_wandb": {"runtime": 1}}