{"CV_RMSE": 4151.900189139893, "RMSE": 1676.6222164080973, "RMSE_skane": 1485.3790122773928, "RMSE_kronoberg": 191.24320413070456, "CV_RMSE_'skane": 2355.2521336322297, "CV_RMSE_kronoberg": 1796.6480555076628, "_timestamp": 1748529512.7254782, "_runtime": 1.2841012477874756, "_step": 0, "_wandb": {"runtime": 1}}