{"CV_RMSE": 1133.682662975578, "RMSE": 1108.8165451485822, "RMSE_STHLM": 886.114288997612, "RMSE_S\u00f6dermanland": 222.70225615097021, "CV_RMSE_STHLM": 315.5927424209936, "CV_RMSE_S\u00f6dermanland": 818.0899205545844, "_timestamp": 1748335390.3223603, "_runtime": 1.3034703731536865, "_step": 0, "_wandb": {"runtime": 1}}