{"CV_RMSE": 306.9882940929866, "RMSE": 22.257496567085603, "RMSE_Kalmar": 14.988087116579962, "RMSE_Blekinge": 7.26940945050564, "CV_RMSE_'Kalmar": 145.04600435399962, "CV_RMSE_Blekinge": 161.94228973898703, "_timestamp": 1748498333.5158026, "_runtime": 1.2020366191864014, "_step": 0, "_wandb": {"runtime": 1}}