{"CV_RMSE": 2984.3641235412765, "RMSE": 205.9600111413782, "RMSE_Kalmar": 127.29193171871718, "RMSE_Blekinge": 78.66807942266102, "CV_RMSE_'Kalmar": 1231.8574037295211, "CV_RMSE_Blekinge": 1752.5067198117554, "_timestamp": 1748532452.776099, "_runtime": 1.3476040363311768, "_step": 0, "_wandb": {"runtime": 1}}