{"CV_RMSE": 297.6007330137659, "RMSE": 421.08380611157344, "RMSE_STHLM": 376.58088539280055, "RMSE_S\u00f6dermanland": 44.50292071877286, "CV_RMSE_STHLM": 134.12061608766146, "CV_RMSE_S\u00f6dermanland": 163.48011692610442, "_timestamp": 1748499713.20097, "_runtime": 1.267467975616455, "_step": 0, "_wandb": {"runtime": 1}}