{"CV_RMSE": 299.3453191397225, "RMSE": 21.635130883188406, "RMSE_Kalmar": 14.49430126428188, "RMSE_Blekinge": 7.140829618906527, "CV_RMSE_'Kalmar": 140.26743158982464, "CV_RMSE_Blekinge": 159.07788754989787, "_timestamp": 1748515727.063667, "_runtime": 1.3043551445007324, "_step": 0, "_wandb": {"runtime": 1}}