{"CV_RMSE": 941.8261547718114, "RMSE": 694.3349788220295, "RMSE_STHLM": 484.96803122182865, "RMSE_S\u00f6dermanland": 209.36694760020083, "CV_RMSE_STHLM": 172.72308195474704, "CV_RMSE_S\u00f6dermanland": 769.1030728170643, "_timestamp": 1748304958.1039329, "_runtime": 1.2968308925628662, "_step": 0, "_wandb": {"runtime": 1}}