{"CV_RMSE": 454.25243470364273, "RMSE": 799.6068008833046, "RMSE_STHLM": 748.5204261064143, "RMSE_S\u00f6dermanland": 51.08637477689022, "CV_RMSE_STHLM": 266.58820082935216, "CV_RMSE_S\u00f6dermanland": 187.6642338742906, "_timestamp": 1748304209.2754495, "_runtime": 1.2725245952606201, "_step": 0, "_wandb": {"runtime": 1}}