{"CV_RMSE": 710.5494172460715, "RMSE": 730.6321901408688, "RMSE_STHLM": 594.8802159796847, "RMSE_S\u00f6dermanland": 135.7519741611841, "CV_RMSE_STHLM": 211.86869583764, "CV_RMSE_S\u00f6dermanland": 498.68072140843145, "_timestamp": 1748311108.319078, "_runtime": 1.2614049911499023, "_step": 0, "_wandb": {"runtime": 1}}