{"CV_RMSE": 875.722408194393, "RMSE": 1074.1942496215927, "RMSE_STHLM": 925.5366165961227, "RMSE_S\u00f6dermanland": 148.65763302547003, "CV_RMSE_STHLM": 329.6331440191969, "CV_RMSE_S\u00f6dermanland": 546.089264175196, "_timestamp": 1748295730.334506, "_runtime": 1.295454978942871, "_step": 0, "_wandb": {"runtime": 1}}