{"CV_RMSE": 261.97644469745154, "RMSE": 409.84165751253636, "RMSE_STHLM": 374.87064715254587, "RMSE_S\u00f6dermanland": 34.97101035999047, "CV_RMSE_STHLM": 133.51150868116, "CV_RMSE_S\u00f6dermanland": 128.46493601629155, "_timestamp": 1748541802.0318124, "_runtime": 1.3331663608551025, "_step": 0, "_wandb": {"runtime": 1}}