{"CV_RMSE": 308.71978867648244, "RMSE": 22.255789108789923, "RMSE_Kalmar": 14.84764593135692, "RMSE_Blekinge": 7.408143177433002, "CV_RMSE_'Kalmar": 143.68689610990566, "CV_RMSE_Blekinge": 165.03289256657678, "_timestamp": 1748512224.146532, "_runtime": 1.3554611206054688, "_step": 0, "_wandb": {"runtime": 1}}