{"CV_RMSE": 2803.0865418428616, "RMSE": 1644.027165939889, "RMSE_skane": 1618.892137446569, "RMSE_kronoberg": 25.13502849332007, "CV_RMSE_'skane": 2566.9537063106272, "CV_RMSE_kronoberg": 236.13283553223448, "_timestamp": 1748548540.8639514, "_runtime": 1.342705488204956, "_step": 0, "_wandb": {"runtime": 1}}