{"CV_RMSE": 1629.404564466417, "RMSE": 136.87201835390488, "RMSE_Kalmar": 112.67826587681913, "RMSE_Blekinge": 24.193752477085766, "CV_RMSE_'Kalmar": 1090.4348310659916, "CV_RMSE_Blekinge": 538.9697334004255, "_timestamp": 1748462388.0922947, "_runtime": 1.36311674118042, "_step": 0, "_wandb": {"runtime": 1}}