{"CV_RMSE": 260.42612261897796, "RMSE": 410.4095485153806, "RMSE_STHLM": 375.96685036677457, "RMSE_S\u00f6dermanland": 34.44269814860605, "CV_RMSE_STHLM": 133.9019253383843, "CV_RMSE_S\u00f6dermanland": 126.52419728059365, "_timestamp": 1748477125.7999344, "_runtime": 1.8653564453125, "_step": 0, "_wandb": {"runtime": 1}}