{"CV_RMSE": 272.4938000194279, "RMSE": 432.2457991219378, "RMSE_STHLM": 396.50970004089737, "RMSE_S\u00f6dermanland": 35.73609908104042, "CV_RMSE_STHLM": 141.21833400744268, "CV_RMSE_S\u00f6dermanland": 131.27546601198523, "_timestamp": 1748509603.864429, "_runtime": 1.640855073928833, "_step": 0, "_wandb": {"runtime": 1}}