{"CV_RMSE": 2952.0547348824375, "RMSE": 1290.471834766025, "RMSE_skane": 1174.4700382542744, "RMSE_kronoberg": 116.00179651175058, "CV_RMSE_'skane": 1862.2675025173482, "CV_RMSE_kronoberg": 1089.787232365089, "_timestamp": 1748508793.0431383, "_runtime": 1.355992317199707, "_step": 0, "_wandb": {"runtime": 1}}