{"CV_RMSE": 274.97621293839114, "RMSE": 436.8223773554582, "RMSE_STHLM": 400.8293089620053, "RMSE_S\u00f6dermanland": 35.993068393452866, "CV_RMSE_STHLM": 142.75677802366633, "CV_RMSE_S\u00f6dermanland": 132.21943491472481, "_timestamp": 1748470215.474412, "_runtime": 1.311372995376587, "_step": 0, "_wandb": {"runtime": 1}}