{"CV_RMSE": 306.21041185268217, "RMSE": 22.208188751165817, "RMSE_Kalmar": 14.9626455230182, "RMSE_Blekinge": 7.245543228147619, "CV_RMSE_'Kalmar": 144.7997953840471, "CV_RMSE_Blekinge": 161.41061646863508, "_timestamp": 1748498452.8846376, "_runtime": 1.2706844806671143, "_step": 0, "_wandb": {"runtime": 1}}