{"CV_RMSE": 931.9152362381872, "RMSE": 1592.8915339993673, "RMSE_STHLM": 1482.983014067171, "RMSE_S\u00f6dermanland": 109.90851993219631, "CV_RMSE_STHLM": 528.1696528137926, "CV_RMSE_S\u00f6dermanland": 403.7455834243946, "_timestamp": 1748379983.228707, "_runtime": 1.3232641220092773, "_step": 0, "_wandb": {"runtime": 1}}