{"CV_RMSE": 253.08186380672123, "RMSE": 407.5295954457826, "RMSE_STHLM": 374.9916159371142, "RMSE_S\u00f6dermanland": 32.53797950866839, "CV_RMSE_STHLM": 133.5545921422251, "CV_RMSE_S\u00f6dermanland": 119.52727166449613, "_timestamp": 1748316932.6619804, "_runtime": 1.3445894718170166, "_step": 0, "_wandb": {"runtime": 1}}