{"CV_RMSE": 4209.182314167072, "RMSE": 282.74365400825013, "RMSE_Kalmar": 165.8408122032534, "RMSE_Blekinge": 116.90284180499675, "CV_RMSE_'Kalmar": 1604.911085837936, "CV_RMSE_Blekinge": 2604.2712283291357, "_timestamp": 1748480970.0546713, "_runtime": 1.330526351928711, "_step": 0, "_wandb": {"runtime": 1}}