{"CV_RMSE": 306.98725404325114, "RMSE": 22.25741752812409, "RMSE_Kalmar": 14.98802991577277, "RMSE_Blekinge": 7.26938761235132, "CV_RMSE_'Kalmar": 145.04545079780098, "CV_RMSE_Blekinge": 161.9418032454502, "_timestamp": 1748510126.8431568, "_runtime": 1.2953178882598877, "_step": 0, "_wandb": {"runtime": 1}}