{"CV_RMSE": 2974.618977637927, "RMSE": 186.82441138555714, "RMSE_Kalmar": 94.23246324862514, "RMSE_Blekinge": 92.59194813693202, "CV_RMSE_'Kalmar": 911.9270636963722, "CV_RMSE_Blekinge": 2062.691913941555, "_timestamp": 1748519846.5718107, "_runtime": 1.305464744567871, "_step": 0, "_wandb": {"runtime": 1}}