{"CV_RMSE": 751.436638724009, "RMSE": 1400.0262310339394, "RMSE_STHLM": 1323.8163222596522, "RMSE_S\u00f6dermanland": 76.20990877428726, "CV_RMSE_STHLM": 471.48187179805575, "CV_RMSE_S\u00f6dermanland": 279.9547669259532, "_timestamp": 1748301265.9476683, "_runtime": 1.264479398727417, "_step": 0, "_wandb": {"runtime": 1}}