{"CV_RMSE": 5002.774864317334, "RMSE": 1928.9292990659972, "RMSE_skane": 1679.9560946040353, "RMSE_kronoberg": 248.97320446196176, "CV_RMSE_'skane": 2663.778162691388, "CV_RMSE_kronoberg": 2338.9967016259457, "_timestamp": 1748524256.7458231, "_runtime": 1.2801580429077148, "_step": 0, "_wandb": {"runtime": 1}}