{"CV_RMSE": 5107.970657648304, "RMSE": 1947.45974242915, "RMSE_skane": 1688.7779984564322, "RMSE_kronoberg": 258.68174397271787, "CV_RMSE_'skane": 2677.766382330495, "CV_RMSE_kronoberg": 2430.204275317809, "_timestamp": 1748507721.05248, "_runtime": 1.2773690223693848, "_step": 0, "_wandb": {"runtime": 1}}