{"CV_RMSE": 306.8358505772435, "RMSE": 22.242238910539726, "RMSE_Kalmar": 14.973209527320563, "RMSE_Blekinge": 7.269029383219161, "CV_RMSE_'Kalmar": 144.90202768374738, "CV_RMSE_Blekinge": 161.93382289349614, "_timestamp": 1748462591.2750468, "_runtime": 1.2361388206481934, "_step": 0, "_wandb": {"runtime": 1}}