{"CV_RMSE": 275.25632736799025, "RMSE": 436.6916281236261, "RMSE_STHLM": 400.6000821516845, "RMSE_S\u00f6dermanland": 36.091545971941635, "CV_RMSE_STHLM": 142.6751380833067, "CV_RMSE_S\u00f6dermanland": 132.58118928468357, "_timestamp": 1748323104.3796928, "_runtime": 1.2315537929534912, "_step": 0, "_wandb": {"runtime": 1}}