{"CV_RMSE": 272.69596101578, "RMSE": 430.48562130018627, "RMSE_STHLM": 394.49960493657073, "RMSE_S\u00f6dermanland": 35.98601636361552, "CV_RMSE_STHLM": 140.5024315167842, "CV_RMSE_S\u00f6dermanland": 132.1935294989958, "_timestamp": 1748485491.5709646, "_runtime": 1.2717785835266113, "_step": 0, "_wandb": {"runtime": 1}}