{"CV_RMSE": 2902.3927579326746, "RMSE": 214.30660502061357, "RMSE_Kalmar": 148.5549803574295, "RMSE_Blekinge": 65.75162466318407, "CV_RMSE_'Kalmar": 1437.6288421686727, "CV_RMSE_Blekinge": 1464.7639157640017, "_timestamp": 1748549509.8311503, "_runtime": 1.282569408416748, "_step": 0, "_wandb": {"runtime": 1}}