{"CV_RMSE": 861.5284506181197, "RMSE": 1264.2320001626244, "RMSE_STHLM": 1140.25594082453, "RMSE_S\u00f6dermanland": 123.9760593380945, "CV_RMSE_STHLM": 406.1061918251195, "CV_RMSE_S\u00f6dermanland": 455.4222587930002, "_timestamp": 1748304125.6899478, "_runtime": 1.2869257926940918, "_step": 0, "_wandb": {"runtime": 1}}