{"CV_RMSE": 4160.788016876165, "RMSE": 243.71544192596383, "RMSE_Kalmar": 100.67743456265406, "RMSE_Blekinge": 143.03800736330976, "CV_RMSE_'Kalmar": 974.297753832136, "CV_RMSE_Blekinge": 3186.4902630440292, "_timestamp": 1748532567.7698693, "_runtime": 1.3586044311523438, "_step": 0, "_wandb": {"runtime": 1}}