{"CV_RMSE": 3074.1316403102082, "RMSE": 202.98722262828937, "RMSE_Kalmar": 114.91134632476353, "RMSE_Blekinge": 88.07587630352585, "CV_RMSE_'Kalmar": 1112.0452870138406, "CV_RMSE_Blekinge": 1962.0863532963676, "_timestamp": 1748551872.8221505, "_runtime": 1.316746473312378, "_step": 0, "_wandb": {"runtime": 1}}