{"CV_RMSE": 1056.868739216808, "RMSE": 1585.1785777884681, "RMSE_STHLM": 1436.7749293914203, "RMSE_S\u00f6dermanland": 148.40364839704782, "CV_RMSE_STHLM": 511.7124797990813, "CV_RMSE_S\u00f6dermanland": 545.1562594177267, "_timestamp": 1748293624.7854824, "_runtime": 1.2664713859558105, "_step": 0, "_wandb": {"runtime": 1}}