{"CV_RMSE": 487.2074794207631, "RMSE": 590.38068199518, "RMSE_STHLM": 506.8971304119447, "RMSE_S\u00f6dermanland": 83.48355158323524, "CV_RMSE_STHLM": 180.53320829867442, "CV_RMSE_S\u00f6dermanland": 306.67427112208867, "_timestamp": 1748326005.924609, "_runtime": 1.2925019264221191, "_step": 0, "_wandb": {"runtime": 1}}