{"CV_RMSE": 2550.1925539055537, "RMSE": 962.4655468506766, "RMSE_skane": 831.3231256809074, "RMSE_kronoberg": 131.14242116976914, "CV_RMSE_'skane": 1318.1656326864281, "CV_RMSE_kronoberg": 1232.0269212191256, "_timestamp": 1748508740.515789, "_runtime": 1.4000921249389648, "_step": 0, "_wandb": {"runtime": 1}}