{"CV_RMSE": 306.8702158169143, "RMSE": 22.247554199131503, "RMSE_Kalmar": 14.979879839459151, "RMSE_Blekinge": 7.267674359672351, "CV_RMSE_'Kalmar": 144.96657909154018, "CV_RMSE_Blekinge": 161.90363672537416, "_timestamp": 1748472058.920196, "_runtime": 1.277752161026001, "_step": 0, "_wandb": {"runtime": 1}}