{"CV_RMSE": 1691.5269159105205, "RMSE": 2585.035052890386, "RMSE_STHLM": 2352.661181344173, "RMSE_S\u00f6dermanland": 232.3738715462127, "CV_RMSE_STHLM": 837.9086122713716, "CV_RMSE_S\u00f6dermanland": 853.6183036391488, "_timestamp": 1748329586.976382, "_runtime": 1.259709119796753, "_step": 0, "_wandb": {"runtime": 1}}