{"CV_RMSE": 279.67811210247646, "RMSE": 100.81958273457435, "RMSE_skane": 85.47613453487055, "RMSE_kronoberg": 15.343448199703802, "CV_RMSE_'skane": 135.53298287770173, "CV_RMSE_kronoberg": 144.14512922477476, "_timestamp": 1748517469.1148221, "_runtime": 1.2978720664978027, "_step": 0, "_wandb": {"runtime": 1}}