{"CV_RMSE": 214.4784171489189, "RMSE": 75.40341127540688, "RMSE_skane": 63.248511720516845, "RMSE_kronoberg": 12.154899554890033, "CV_RMSE_'skane": 100.28833782322967, "CV_RMSE_kronoberg": 114.19007932568924, "_timestamp": 1748528697.2248294, "_runtime": 1.3364934921264648, "_step": 0, "_wandb": {"runtime": 1}}