{"CV_RMSE": 312.2112355999663, "RMSE": 398.2736276553705, "RMSE_STHLM": 346.9174468050131, "RMSE_S\u00f6dermanland": 51.35618085035736, "CV_RMSE_STHLM": 123.55587737416374, "CV_RMSE_S\u00f6dermanland": 188.65535822580256, "_timestamp": 1748479092.412343, "_runtime": 1.2750749588012695, "_step": 0, "_wandb": {"runtime": 1}}