{"CV_RMSE": 4438.383788223851, "RMSE": 1831.0765995261927, "RMSE_skane": 1634.5091097046704, "RMSE_kronoberg": 196.56748982152234, "CV_RMSE_'skane": 2591.7163473118453, "CV_RMSE_kronoberg": 1846.6674409120055, "_timestamp": 1748571519.169923, "_runtime": 1.327026128768921, "_step": 0, "_wandb": {"runtime": 1}}