{"CV_RMSE": 274.5019275103227, "RMSE": 435.4763834426716, "RMSE_STHLM": 399.4817791474898, "RMSE_S\u00f6dermanland": 35.99460429518178, "CV_RMSE_STHLM": 142.27685050761409, "CV_RMSE_S\u00f6dermanland": 132.2250770027086, "_timestamp": 1748320874.077827, "_runtime": 1.2956359386444092, "_step": 0, "_wandb": {"runtime": 1}}