{"CV_RMSE": 2440.154282997223, "RMSE": 1312.126743423885, "RMSE_skane": 1266.075081498888, "RMSE_kronoberg": 46.051661924997106, "CV_RMSE_'skane": 2007.5186281694841, "CV_RMSE_kronoberg": 432.635654827739, "_timestamp": 1748557488.8593109, "_runtime": 1.3393847942352295, "_step": 0, "_wandb": {"runtime": 1}}