{"CV_RMSE": 1616.5920659539784, "RMSE": 2283.261784551398, "RMSE_STHLM": 2041.0779431746746, "RMSE_S\u00f6dermanland": 242.18384137672314, "CV_RMSE_STHLM": 726.9371384476483, "CV_RMSE_S\u00f6dermanland": 889.65492750633, "_timestamp": 1748289718.48156, "_runtime": 1.2770888805389404, "_step": 0, "_wandb": {"runtime": 1}}