{"CV_RMSE": 3262.029779729898, "RMSE": 220.0995788937403, "RMSE_Kalmar": 130.25425570352533, "RMSE_Blekinge": 89.84532319021497, "CV_RMSE_'Kalmar": 1260.5250551954064, "CV_RMSE_Blekinge": 2001.5047245344917, "_timestamp": 1748513792.837343, "_runtime": 1.315053939819336, "_step": 0, "_wandb": {"runtime": 1}}