{"CV_RMSE": 307.9996372427411, "RMSE": 22.284703637722156, "RMSE_Kalmar": 14.955924322537342, "RMSE_Blekinge": 7.328779315184814, "CV_RMSE_'Kalmar": 144.7347515084259, "CV_RMSE_Blekinge": 163.26488573431516, "_timestamp": 1748519914.4479146, "_runtime": 1.3178586959838867, "_step": 0, "_wandb": {"runtime": 1}}