{"CV_RMSE": 273.91206600596, "RMSE": 434.1989208437277, "RMSE_STHLM": 398.24497854202457, "RMSE_S\u00f6dermanland": 35.95394230170316, "CV_RMSE_STHLM": 141.8363595915402, "CV_RMSE_S\u00f6dermanland": 132.07570641441978, "_timestamp": 1748532490.231624, "_runtime": 1.3213989734649658, "_step": 0, "_wandb": {"runtime": 1}}