{"CV_RMSE": 4518.737170211978, "RMSE": 1585.9810653240543, "RMSE_skane": 1329.3564917896465, "RMSE_kronoberg": 256.6245735344077, "CV_RMSE_'skane": 2107.8591307446823, "CV_RMSE_kronoberg": 2410.878039467296, "_timestamp": 1748529925.4170084, "_runtime": 1.3246912956237793, "_step": 0, "_wandb": {"runtime": 1}}