{"CV_RMSE": 306.84774357079175, "RMSE": 22.248237000383316, "RMSE_Kalmar": 14.98287061233428, "RMSE_Blekinge": 7.265366388049036, "CV_RMSE_'Kalmar": 144.99552205484787, "CV_RMSE_Blekinge": 161.85222151594385, "_timestamp": 1748494522.250436, "_runtime": 1.2621040344238281, "_step": 0, "_wandb": {"runtime": 1}}