{"CV_RMSE": 4737.5452244806165, "RMSE": 1854.4433564946396, "RMSE_skane": 1624.3104566476984, "RMSE_kronoberg": 230.13289984694114, "CV_RMSE_'skane": 2575.545121534405, "CV_RMSE_kronoberg": 2162.0001029462114, "_timestamp": 1748549335.9998422, "_runtime": 1.3239092826843262, "_step": 0, "_wandb": {"runtime": 1}}