{"CV_RMSE": 273.4337419512502, "RMSE": 432.97337235454034, "RMSE_STHLM": 397.0320428463253, "RMSE_S\u00f6dermanland": 35.94132950821508, "CV_RMSE_STHLM": 141.404368247603, "CV_RMSE_S\u00f6dermanland": 132.02937370364722, "_timestamp": 1748432400.8193276, "_runtime": 1.287421703338623, "_step": 0, "_wandb": {"runtime": 1}}