{"CV_RMSE": 275.39923132668946, "RMSE": 436.98276209657394, "RMSE_STHLM": 400.87939465060606, "RMSE_S\u00f6dermanland": 36.10336744596786, "CV_RMSE_STHLM": 142.7746162190524, "CV_RMSE_S\u00f6dermanland": 132.62461510763706, "_timestamp": 1748360908.4872842, "_runtime": 1.26957106590271, "_step": 0, "_wandb": {"runtime": 1}}