{"CV_RMSE": 243.5461981051971, "RMSE": 393.4006714570445, "RMSE_STHLM": 362.2202953816619, "RMSE_S\u00f6dermanland": 31.1803760753826, "CV_RMSE_STHLM": 129.00604109358756, "CV_RMSE_S\u00f6dermanland": 114.54015701160955, "_timestamp": 1748296980.7566693, "_runtime": 1.3601272106170654, "_step": 0, "_wandb": {"runtime": 1}}