{"CV_RMSE": 276.84130917901973, "RMSE": 99.62142909049575, "RMSE_skane": 84.39796915210245, "RMSE_kronoberg": 15.223459938393308, "CV_RMSE_'skane": 133.82341831728718, "CV_RMSE_kronoberg": 143.01789086173252, "_timestamp": 1748574818.60111, "_runtime": 1.3215630054473877, "_step": 0, "_wandb": {"runtime": 1}}