{"CV_RMSE": 2613.0913467939645, "RMSE": 168.37377297375707, "RMSE_Kalmar": 90.30371756926881, "RMSE_Blekinge": 78.07005540448827, "CV_RMSE_'Kalmar": 873.9069442187304, "CV_RMSE_Blekinge": 1739.184402575234, "_timestamp": 1748482351.1873336, "_runtime": 1.2761125564575195, "_step": 0, "_wandb": {"runtime": 1}}