{"CV_RMSE": 306.7809535929507, "RMSE": 22.24805325947961, "RMSE_Kalmar": 14.98784661975093, "RMSE_Blekinge": 7.26020663972868, "CV_RMSE_'Kalmar": 145.04367696533157, "CV_RMSE_Blekinge": 161.7372766276191, "_timestamp": 1748512197.595985, "_runtime": 1.4091968536376953, "_step": 0, "_wandb": {"runtime": 1}}