{"CV_RMSE": 270.11203822845954, "RMSE": 431.98483757890295, "RMSE_STHLM": 396.9386997555197, "RMSE_S\u00f6dermanland": 35.0461378233833, "CV_RMSE_STHLM": 141.37112377521478, "CV_RMSE_S\u00f6dermanland": 128.74091445324476, "_timestamp": 1748527237.32597, "_runtime": 1.3480470180511475, "_step": 0, "_wandb": {"runtime": 1}}