{"CV_RMSE": 2432.9440685027935, "RMSE": 911.795264105356, "RMSE_skane": 785.378765510684, "RMSE_kronoberg": 126.4164985946719, "CV_RMSE_'skane": 1245.315167300239, "CV_RMSE_kronoberg": 1187.6289012025545, "_timestamp": 1748549298.8706965, "_runtime": 1.371032476425171, "_step": 0, "_wandb": {"runtime": 1}}