{"CV_RMSE": 3262.7519624577353, "RMSE": 178.52787662464868, "RMSE_Kalmar": 56.69564005358873, "RMSE_Blekinge": 121.83223657105994, "CV_RMSE_'Kalmar": 548.6674843895684, "CV_RMSE_Blekinge": 2714.084478068167, "_timestamp": 1748546664.4912975, "_runtime": 1.4413464069366455, "_step": 0, "_wandb": {"runtime": 1}}