{"CV_RMSE": 4185.75294068377, "RMSE": 1635.4288685688698, "RMSE_skane": 1431.4861439801834, "RMSE_kronoberg": 203.94272458868636, "CV_RMSE_'skane": 2269.7983255499735, "CV_RMSE_kronoberg": 1915.9546151337968, "_timestamp": 1748506966.6756272, "_runtime": 1.3118622303009033, "_step": 0, "_wandb": {"runtime": 1}}