{"CV_RMSE": 651.5945296802747, "RMSE": 631.5476705527208, "RMSE_STHLM": 502.9296523006376, "RMSE_S\u00f6dermanland": 128.61801825208315, "CV_RMSE_STHLM": 179.12017691752033, "CV_RMSE_S\u00f6dermanland": 472.47435276275445, "_timestamp": 1748346989.4747467, "_runtime": 1.340505599975586, "_step": 0, "_wandb": {"runtime": 1}}