{"CV_RMSE": 811.5325015261398, "RMSE": 1317.736290901194, "RMSE_STHLM": 1214.5757628368049, "RMSE_S\u00f6dermanland": 103.16052806438927, "CV_RMSE_STHLM": 432.57545965695465, "CV_RMSE_S\u00f6dermanland": 378.9570418691851, "_timestamp": 1748303817.0393338, "_runtime": 1.2648909091949463, "_step": 0, "_wandb": {"runtime": 1}}