{"CV_RMSE": 306.67603594800426, "RMSE": 22.231066286462614, "RMSE_Kalmar": 14.96613954189014, "RMSE_Blekinge": 7.264926744572476, "CV_RMSE_'Kalmar": 144.8336084699046, "CV_RMSE_Blekinge": 161.8424274780997, "_timestamp": 1748490754.4882543, "_runtime": 1.3662822246551514, "_step": 0, "_wandb": {"runtime": 1}}