{"CV_RMSE": 2643.252703986035, "RMSE": 1320.0814203487257, "RMSE_skane": 1249.6365509838963, "RMSE_kronoberg": 70.44486936482936, "CV_RMSE_'skane": 1981.453304942753, "CV_RMSE_kronoberg": 661.799399043282, "_timestamp": 1748528171.0540078, "_runtime": 1.366255760192871, "_step": 0, "_wandb": {"runtime": 1}}