{"CV_RMSE": 635.9429509679907, "RMSE": 1531.8615278022694, "RMSE_STHLM": 1504.6211182160648, "RMSE_S\u00f6dermanland": 27.240409586204667, "CV_RMSE_STHLM": 535.8761402431572, "CV_RMSE_S\u00f6dermanland": 100.06681072483347, "_timestamp": 1748393094.5550091, "_runtime": 1.3259761333465576, "_step": 0, "_wandb": {"runtime": 1}}