{"CV_RMSE": 272.8589449750386, "RMSE": 433.659979869352, "RMSE_STHLM": 397.9656375979386, "RMSE_S\u00f6dermanland": 35.69434227141342, "CV_RMSE_STHLM": 141.73687132494845, "CV_RMSE_S\u00f6dermanland": 131.12207365009013, "_timestamp": 1748439473.9915466, "_runtime": 1.2648046016693115, "_step": 0, "_wandb": {"runtime": 1}}