{"CV_RMSE": 274.26433890399045, "RMSE": 434.6291515233566, "RMSE_STHLM": 398.6152074832145, "RMSE_S\u00f6dermanland": 36.01394404014213, "CV_RMSE_STHLM": 141.96821794020303, "CV_RMSE_S\u00f6dermanland": 132.29612096378742, "_timestamp": 1748477540.856161, "_runtime": 1.2740042209625244, "_step": 0, "_wandb": {"runtime": 1}}