{"CV_RMSE": 4845.440203355662, "RMSE": 1818.728832909307, "RMSE_skane": 1567.5271840010046, "RMSE_kronoberg": 251.2016489083023, "CV_RMSE_'skane": 2485.5082198747427, "CV_RMSE_kronoberg": 2359.9319834809194, "_timestamp": 1748575569.0242767, "_runtime": 1.3013558387756348, "_step": 0, "_wandb": {"runtime": 1}}