{"CV_RMSE": 4664.751283654542, "RMSE": 303.68341421519756, "RMSE_Kalmar": 166.7067648260496, "RMSE_Blekinge": 136.97664938914792, "CV_RMSE_'Kalmar": 1613.2912725101576, "CV_RMSE_Blekinge": 3051.460011144384, "_timestamp": 1748526362.0718336, "_runtime": 1.3943705558776855, "_step": 0, "_wandb": {"runtime": 1}}