{"CV_RMSE": 3818.062810287126, "RMSE": 1718.1184732319798, "RMSE_skane": 1578.0517923051832, "RMSE_kronoberg": 140.0666809267965, "CV_RMSE_'skane": 2502.1962880103324, "CV_RMSE_kronoberg": 1315.8665222767938, "_timestamp": 1748544490.9937809, "_runtime": 1.3053128719329834, "_step": 0, "_wandb": {"runtime": 1}}