{"CV_RMSE": 509.39319292276093, "RMSE": 618.3518268265138, "RMSE_STHLM": 531.1834614447197, "RMSE_S\u00f6dermanland": 87.16836538179416, "CV_RMSE_STHLM": 189.18287111208852, "CV_RMSE_S\u00f6dermanland": 320.21032181067244, "_timestamp": 1748472374.3158288, "_runtime": 1.2939608097076416, "_step": 0, "_wandb": {"runtime": 1}}