{"CV_RMSE": 439.1275477411132, "RMSE": 655.2990143200215, "RMSE_STHLM": 593.2788472822502, "RMSE_S\u00f6dermanland": 62.02016703777123, "CV_RMSE_STHLM": 211.29836270440254, "CV_RMSE_S\u00f6dermanland": 227.82918503671067, "_timestamp": 1748294276.8182328, "_runtime": 1.3729348182678223, "_step": 0, "_wandb": {"runtime": 1}}