{"CV_RMSE": 1412.4343500347595, "RMSE": 2079.8787319431767, "RMSE_STHLM": 1877.402331014021, "RMSE_S\u00f6dermanland": 202.4764009291556, "CV_RMSE_STHLM": 668.6434894786778, "CV_RMSE_S\u00f6dermanland": 743.7908605560818, "_timestamp": 1748300884.9970472, "_runtime": 1.2755722999572754, "_step": 0, "_wandb": {"runtime": 1}}