{"CV_RMSE": 2766.5491020394866, "RMSE": 187.40747412482702, "RMSE_Kalmar": 111.7770869891268, "RMSE_Blekinge": 75.63038713570022, "CV_RMSE_'Kalmar": 1081.7137450560658, "CV_RMSE_Blekinge": 1684.8353569834208, "_timestamp": 1748541636.348662, "_runtime": 1.385624885559082, "_step": 0, "_wandb": {"runtime": 1}}