{"CV_RMSE": 306.660771344458, "RMSE": 22.227040482199314, "RMSE_Kalmar": 14.960233169934202, "RMSE_Blekinge": 7.2668073122651125, "CV_RMSE_'Kalmar": 144.7764500316213, "CV_RMSE_Blekinge": 161.88432131283668, "_timestamp": 1748507208.2666345, "_runtime": 1.2655925750732422, "_step": 0, "_wandb": {"runtime": 1}}