{"CV_RMSE": 1673.160212538845, "RMSE": 820.2108632326837, "RMSE_skane": 772.4945216992955, "RMSE_kronoberg": 47.716341533388096, "CV_RMSE_'skane": 1224.885605231441, "CV_RMSE_kronoberg": 448.2746073074038, "_timestamp": 1748538702.4284754, "_runtime": 1.3465492725372314, "_step": 0, "_wandb": {"runtime": 1}}