{"CV_RMSE": 306.9677386082052, "RMSE": 22.256046116328257, "RMSE_Kalmar": 14.987154043893675, "RMSE_Blekinge": 7.268892072434583, "CV_RMSE_'Kalmar": 145.03697461832587, "CV_RMSE_Blekinge": 161.93076398987932, "_timestamp": 1748474248.541984, "_runtime": 1.3048901557922363, "_step": 0, "_wandb": {"runtime": 1}}