{"CV_RMSE": 1659.9759368873674, "RMSE": 2429.94364275762, "RMSE_STHLM": 2190.4298493317915, "RMSE_S\u00f6dermanland": 239.51379342582877, "CV_RMSE_STHLM": 780.1293487924861, "CV_RMSE_S\u00f6dermanland": 879.8465880948812, "_timestamp": 1748317037.4827867, "_runtime": 1.2663075923919678, "_step": 0, "_wandb": {"runtime": 1}}