{"CV_RMSE": 803.0968158223817, "RMSE": 1023.1575022898271, "RMSE_STHLM": 890.9133422581945, "RMSE_S\u00f6dermanland": 132.2441600316326, "CV_RMSE_STHLM": 317.3019422367926, "CV_RMSE_S\u00f6dermanland": 485.7948735855891, "_timestamp": 1748313187.2009199, "_runtime": 1.2740609645843506, "_step": 0, "_wandb": {"runtime": 1}}