{"CV_RMSE": 932.6212510760549, "RMSE": 83.46402234689616, "RMSE_Kalmar": 73.55078381690441, "RMSE_Blekinge": 9.91323852999175, "CV_RMSE_'Kalmar": 711.7817788732684, "CV_RMSE_Blekinge": 220.8394722027865, "_timestamp": 1748505550.277218, "_runtime": 1.3483901023864746, "_step": 0, "_wandb": {"runtime": 1}}