{"CV_RMSE": 274.8217395480044, "RMSE": 436.0268243690417, "RMSE_STHLM": 399.994909622285, "RMSE_S\u00f6dermanland": 36.031914746756755, "CV_RMSE_STHLM": 142.4596037435918, "CV_RMSE_S\u00f6dermanland": 132.3621358044126, "_timestamp": 1748313622.2948995, "_runtime": 1.4369425773620605, "_step": 0, "_wandb": {"runtime": 1}}