{"CV_RMSE": 2724.067605346132, "RMSE": 163.14221761477512, "RMSE_Kalmar": 72.24623590093343, "RMSE_Blekinge": 90.89598171384168, "CV_RMSE_'Kalmar": 699.1571216219363, "CV_RMSE_Blekinge": 2024.910483724196, "_timestamp": 1748543638.8918285, "_runtime": 1.341869592666626, "_step": 0, "_wandb": {"runtime": 1}}