{"CV_RMSE": 266.8771653835858, "RMSE": 420.68623410320265, "RMSE_STHLM": 385.40220370749586, "RMSE_S\u00f6dermanland": 35.284030395706765, "CV_RMSE_STHLM": 137.26235984833647, "CV_RMSE_S\u00f6dermanland": 129.61480553524933, "_timestamp": 1748454597.9248583, "_runtime": 1.2895684242248535, "_step": 0, "_wandb": {"runtime": 1}}