{"CV_RMSE": 1554.881535770321, "RMSE": 2276.6218910434054, "RMSE_STHLM": 2052.327726546682, "RMSE_S\u00f6dermanland": 224.29416449672385, "CV_RMSE_STHLM": 730.9437886394988, "CV_RMSE_S\u00f6dermanland": 823.9377471308223, "_timestamp": 1748334835.3926895, "_runtime": 1.249525547027588, "_step": 0, "_wandb": {"runtime": 1}}