{"CV_RMSE": 306.7270321003647, "RMSE": 22.23151443640498, "RMSE_Kalmar": 14.96288452301662, "RMSE_Blekinge": 7.26862991338836, "CV_RMSE_'Kalmar": 144.8021082872576, "CV_RMSE_Blekinge": 161.92492381310706, "_timestamp": 1748498735.222194, "_runtime": 1.3167450428009033, "_step": 0, "_wandb": {"runtime": 1}}