{"CV_RMSE": 4498.374725377709, "RMSE": 1803.7000601966165, "RMSE_skane": 1593.8913730246413, "RMSE_kronoberg": 209.8086871719751, "CV_RMSE_'skane": 2527.311902258945, "CV_RMSE_kronoberg": 1971.062823118764, "_timestamp": 1748572514.5370135, "_runtime": 1.2823355197906494, "_step": 0, "_wandb": {"runtime": 1}}