{"CV_RMSE": 4437.398126446455, "RMSE": 1827.0095177114251, "RMSE_skane": 1629.7424203103997, "RMSE_kronoberg": 197.26709740102547, "CV_RMSE_'skane": 2584.1581717395343, "CV_RMSE_kronoberg": 1853.23995470692, "_timestamp": 1748520094.4790378, "_runtime": 1.313194751739502, "_step": 0, "_wandb": {"runtime": 1}}