{"CV_RMSE": 5139.828101692503, "RMSE": 1977.9478057318943, "RMSE_skane": 1721.3771208049577, "RMSE_kronoberg": 256.5706849269365, "CV_RMSE_'skane": 2729.4563226294254, "CV_RMSE_kronoberg": 2410.371779063078, "_timestamp": 1748515800.891478, "_runtime": 1.3369770050048828, "_step": 0, "_wandb": {"runtime": 1}}