{"CV_RMSE": 269.7321468096737, "RMSE": 415.944341653218, "RMSE_STHLM": 379.29058240814226, "RMSE_S\u00f6dermanland": 36.65375924507574, "CV_RMSE_STHLM": 135.0856842767424, "CV_RMSE_S\u00f6dermanland": 134.64646253293128, "_timestamp": 1748453965.3413045, "_runtime": 1.2940914630889893, "_step": 0, "_wandb": {"runtime": 1}}