{"CV_RMSE": 274.2705112112568, "RMSE": 435.77893319773466, "RMSE_STHLM": 399.8865713424144, "RMSE_S\u00f6dermanland": 35.89236185532027, "CV_RMSE_STHLM": 142.42101868150888, "CV_RMSE_S\u00f6dermanland": 131.84949252974792, "_timestamp": 1748489401.1663284, "_runtime": 1.2992613315582275, "_step": 0, "_wandb": {"runtime": 1}}