{"CV_RMSE": 1606.138869610827, "RMSE": 2260.789265309708, "RMSE_STHLM": 2019.3438308670568, "RMSE_S\u00f6dermanland": 241.44543444265096, "CV_RMSE_STHLM": 719.1964573725172, "CV_RMSE_S\u00f6dermanland": 886.9424122383097, "_timestamp": 1748308426.4640574, "_runtime": 1.3169913291931152, "_step": 0, "_wandb": {"runtime": 1}}