{"CV_RMSE": 3009.6331947005765, "RMSE": 1250.9595605495072, "RMSE_skane": 1119.561317284669, "RMSE_kronoberg": 131.39824326483821, "CV_RMSE_'skane": 1775.2029343837246, "CV_RMSE_kronoberg": 1234.430260316852, "_timestamp": 1748554131.6024845, "_runtime": 1.3135695457458496, "_step": 0, "_wandb": {"runtime": 1}}