{"CV_RMSE": 663.0670278469537, "RMSE": 1594.7303967032524, "RMSE_STHLM": 1566.0631990830364, "RMSE_S\u00f6dermanland": 28.66719762021597, "CV_RMSE_STHLM": 557.7589549563644, "CV_RMSE_S\u00f6dermanland": 105.30807289058929, "_timestamp": 1748368409.2409685, "_runtime": 1.3137073516845703, "_step": 0, "_wandb": {"runtime": 1}}