{"CV_RMSE": 1761.615216161389, "RMSE": 2331.436217884517, "RMSE_STHLM": 2050.7074621584375, "RMSE_S\u00f6dermanland": 280.72875572607967, "CV_RMSE_STHLM": 730.3667257390557, "CV_RMSE_S\u00f6dermanland": 1031.2484904223334, "_timestamp": 1748289644.5875127, "_runtime": 1.2583587169647217, "_step": 0, "_wandb": {"runtime": 1}}