{"CV_RMSE": 274.7834148856136, "RMSE": 437.07247078087056, "RMSE_STHLM": 401.1643715990005, "RMSE_S\u00f6dermanland": 35.908099181870035, "CV_RMSE_STHLM": 142.87611176853997, "CV_RMSE_S\u00f6dermanland": 131.9073031170736, "_timestamp": 1748443221.5553644, "_runtime": 1.3028082847595215, "_step": 0, "_wandb": {"runtime": 1}}