{"CV_RMSE": 271.7724428690545, "RMSE": 431.4202477231491, "RMSE_STHLM": 395.81296787899663, "RMSE_S\u00f6dermanland": 35.607279844152444, "CV_RMSE_STHLM": 140.97019038033122, "CV_RMSE_S\u00f6dermanland": 130.80225248872327, "_timestamp": 1748360425.6702929, "_runtime": 1.372452735900879, "_step": 0, "_wandb": {"runtime": 1}}