{"CV_RMSE": 264.3651559642829, "RMSE": 427.4274873067055, "RMSE_STHLM": 393.624452647197, "RMSE_S\u00f6dermanland": 33.80303465950845, "CV_RMSE_STHLM": 140.19074292935392, "CV_RMSE_S\u00f6dermanland": 124.174413034929, "_timestamp": 1748473209.9292889, "_runtime": 1.3165497779846191, "_step": 0, "_wandb": {"runtime": 1}}