{"CV_RMSE": 3060.270938549291, "RMSE": 203.3497288664663, "RMSE_Kalmar": 116.65235183366778, "RMSE_Blekinge": 86.69737703279853, "CV_RMSE_'Kalmar": 1128.8937274225914, "CV_RMSE_Blekinge": 1931.3772111266996, "_timestamp": 1748525423.9487948, "_runtime": 1.3227238655090332, "_step": 0, "_wandb": {"runtime": 1}}