{"CV_RMSE": 3686.5158544715828, "RMSE": 255.0882615910895, "RMSE_Kalmar": 158.42649190438442, "RMSE_Blekinge": 96.66176968670507, "CV_RMSE_'Kalmar": 1533.1595990746878, "CV_RMSE_Blekinge": 2153.356255396895, "_timestamp": 1748487384.6427178, "_runtime": 1.3456907272338867, "_step": 0, "_wandb": {"runtime": 1}}