{"CV_RMSE": 274.27894309363126, "RMSE": 435.34363637520045, "RMSE_STHLM": 399.4019984198583, "RMSE_S\u00f6dermanland": 35.941637955342195, "CV_RMSE_STHLM": 142.24843631890482, "CV_RMSE_S\u00f6dermanland": 132.03050677472643, "_timestamp": 1748438483.5013468, "_runtime": 1.248288869857788, "_step": 0, "_wandb": {"runtime": 1}}