{"CV_RMSE": 273.9600607147961, "RMSE": 421.9406896944313, "RMSE_STHLM": 384.65621169666184, "RMSE_S\u00f6dermanland": 37.284477997769436, "CV_RMSE_STHLM": 136.9966721515614, "CV_RMSE_S\u00f6dermanland": 136.96338856323467, "_timestamp": 1748457477.2543197, "_runtime": 1.2792797088623047, "_step": 0, "_wandb": {"runtime": 1}}