{"CV_RMSE": 2571.352713627673, "RMSE": 1051.7684640628447, "RMSE_skane": 936.049459086779, "RMSE_kronoberg": 115.71900497606559, "CV_RMSE_'skane": 1484.2221867126518, "CV_RMSE_kronoberg": 1087.1305269150212, "_timestamp": 1748569291.802845, "_runtime": 1.3929929733276367, "_step": 0, "_wandb": {"runtime": 1}}