{"CV_RMSE": 263.36606567646015, "RMSE": 94.59924199307224, "RMSE_skane": 80.08163186668685, "RMSE_kronoberg": 14.517610126385389, "CV_RMSE_'skane": 126.97933171250557, "CV_RMSE_kronoberg": 136.3867339639546, "_timestamp": 1748551864.7834952, "_runtime": 1.3792650699615479, "_step": 0, "_wandb": {"runtime": 1}}