{"CV_RMSE": 4804.6285730957115, "RMSE": 1931.7572883027542, "RMSE_skane": 1708.732573820453, "RMSE_kronoberg": 223.02471448230128, "CV_RMSE_'skane": 2709.406829525031, "CV_RMSE_kronoberg": 2095.2217435706802, "_timestamp": 1748502343.5459313, "_runtime": 1.32081937789917, "_step": 0, "_wandb": {"runtime": 1}}