{"CV_RMSE": 3781.517773104925, "RMSE": 267.4868584056227, "RMSE_Kalmar": 172.80801587327412, "RMSE_Blekinge": 94.6788425323486, "CV_RMSE_'Kalmar": 1672.335637483298, "CV_RMSE_Blekinge": 2109.182135621627, "_timestamp": 1748461208.755025, "_runtime": 1.283141851425171, "_step": 0, "_wandb": {"runtime": 1}}