{"CV_RMSE": 1138.1267890442368, "RMSE": 1373.9333374855416, "RMSE_STHLM": 1178.354865344359, "RMSE_S\u00f6dermanland": 195.57847214118254, "CV_RMSE_STHLM": 419.6752587296886, "CV_RMSE_S\u00f6dermanland": 718.4515303145481, "_timestamp": 1748363925.2322798, "_runtime": 1.331918716430664, "_step": 0, "_wandb": {"runtime": 1}}