{"CV_RMSE": 306.61842874577417, "RMSE": 22.234891256651068, "RMSE_Kalmar": 14.977474391594242, "RMSE_Blekinge": 7.257416865056825, "CV_RMSE_'Kalmar": 144.94330056381523, "CV_RMSE_Blekinge": 161.67512818195897, "_timestamp": 1748467426.8283885, "_runtime": 1.278374433517456, "_step": 0, "_wandb": {"runtime": 1}}