{"CV_RMSE": 268.0028275543973, "RMSE": 431.3313883478411, "RMSE_STHLM": 396.85091339865335, "RMSE_S\u00f6dermanland": 34.48047494918771, "CV_RMSE_STHLM": 141.33985835329958, "CV_RMSE_S\u00f6dermanland": 126.66296920109771, "_timestamp": 1748461542.2377813, "_runtime": 1.9011473655700684, "_step": 0, "_wandb": {"runtime": 1}}