{"CV_RMSE": 4671.27046607348, "RMSE": 1859.0129151568815, "RMSE_skane": 1638.2949013562538, "RMSE_kronoberg": 220.71801380062763, "CV_RMSE_'skane": 2597.71918819702, "CV_RMSE_kronoberg": 2073.55127787646, "_timestamp": 1748570670.747604, "_runtime": 1.3333079814910889, "_step": 0, "_wandb": {"runtime": 1}}