{"CV_RMSE": 274.56650998607324, "RMSE": 435.5368898468371, "RMSE_STHLM": 399.5293133453276, "RMSE_S\u00f6dermanland": 36.007576501509476, "CV_RMSE_STHLM": 142.29377998052823, "CV_RMSE_S\u00f6dermanland": 132.27273000554501, "_timestamp": 1748499057.9648776, "_runtime": 1.4896864891052246, "_step": 0, "_wandb": {"runtime": 1}}