{"CV_RMSE": 3047.697051419476, "RMSE": 213.70245826917227, "RMSE_Kalmar": 135.95454996908455, "RMSE_Blekinge": 77.74790830008772, "CV_RMSE_'Kalmar": 1315.6891932492051, "CV_RMSE_Blekinge": 1732.0078581702708, "_timestamp": 1748510593.7001605, "_runtime": 1.3597285747528076, "_step": 0, "_wandb": {"runtime": 1}}