{"CV_RMSE": 299.37617768174107, "RMSE": 21.81621437047712, "RMSE_Kalmar": 14.81201875840932, "RMSE_Blekinge": 7.004195612067798, "CV_RMSE_'Kalmar": 143.34211701686436, "CV_RMSE_Blekinge": 156.03406066487668, "_timestamp": 1748461592.7517962, "_runtime": 1.347182273864746, "_step": 0, "_wandb": {"runtime": 1}}