{"CV_RMSE": 250.15500962861125, "RMSE": 386.44210344302496, "RMSE_STHLM": 352.5224252966472, "RMSE_S\u00f6dermanland": 33.91967814637777, "CV_RMSE_STHLM": 125.55211031538681, "CV_RMSE_S\u00f6dermanland": 124.60289931322446, "_timestamp": 1748430195.4323633, "_runtime": 1.283759355545044, "_step": 0, "_wandb": {"runtime": 1}}