{"CV_RMSE": 1157.7249884595678, "RMSE": 406.2982838208711, "RMSE_skane": 340.5418226098094, "RMSE_kronoberg": 65.75646121106172, "CV_RMSE_'skane": 539.9711774996978, "CV_RMSE_kronoberg": 617.7538109598701, "_timestamp": 1748579433.905385, "_runtime": 1.3374009132385254, "_step": 0, "_wandb": {"runtime": 1}}