{"CV_RMSE": 306.9756354584775, "RMSE": 22.25676542270692, "RMSE_Kalmar": 14.987799077650564, "RMSE_Blekinge": 7.268966345056357, "CV_RMSE_'Kalmar": 145.04321688048933, "CV_RMSE_Blekinge": 161.93241857798816, "_timestamp": 1748515078.171879, "_runtime": 1.2618980407714844, "_step": 0, "_wandb": {"runtime": 1}}