{"CV_RMSE": 260.45926009457116, "RMSE": 404.10348078086605, "RMSE_STHLM": 368.97376157682015, "RMSE_S\u00f6dermanland": 35.1297192040459, "CV_RMSE_STHLM": 131.41131199807606, "CV_RMSE_S\u00f6dermanland": 129.04794809649513, "_timestamp": 1748455757.0699618, "_runtime": 1.2601327896118164, "_step": 0, "_wandb": {"runtime": 1}}