{"CV_RMSE": 289.60871375219176, "RMSE": 435.65053682895655, "RMSE_STHLM": 395.12071141075455, "RMSE_S\u00f6dermanland": 40.529825418202016, "CV_RMSE_STHLM": 140.72364078736805, "CV_RMSE_S\u00f6dermanland": 148.88507296482373, "_timestamp": 1748441960.2991896, "_runtime": 1.273634672164917, "_step": 0, "_wandb": {"runtime": 1}}