{"CV_RMSE": 4665.108623970918, "RMSE": 1923.8615503315054, "RMSE_skane": 1717.1002652385985, "RMSE_kronoberg": 206.76128509290703, "CV_RMSE_'skane": 2722.6748391732535, "CV_RMSE_kronoberg": 1942.433784797665, "_timestamp": 1748545423.0151145, "_runtime": 1.3453195095062256, "_step": 0, "_wandb": {"runtime": 1}}