{"CV_RMSE": 306.2149898658507, "RMSE": 22.190545648174265, "RMSE_Kalmar": 14.931088103680006, "RMSE_Blekinge": 7.259457544494258, "CV_RMSE_'Kalmar": 144.49440100335488, "CV_RMSE_Blekinge": 161.72058886249584, "_timestamp": 1748489955.4145226, "_runtime": 1.375624656677246, "_step": 0, "_wandb": {"runtime": 1}}