{"CV_RMSE": 262.0350118453223, "RMSE": 404.8915772699273, "RMSE_STHLM": 369.37146159625036, "RMSE_S\u00f6dermanland": 35.520115673676955, "CV_RMSE_STHLM": 131.5529542685498, "CV_RMSE_S\u00f6dermanland": 130.4820575767725, "_timestamp": 1748430174.7158387, "_runtime": 1.2805967330932617, "_step": 0, "_wandb": {"runtime": 1}}