{"CV_RMSE": 423.89474348108456, "RMSE": 711.7662504797105, "RMSE_STHLM": 660.4004232913204, "RMSE_S\u00f6dermanland": 51.36582718839005, "CV_RMSE_STHLM": 235.20394972781497, "CV_RMSE_S\u00f6dermanland": 188.69079375326956, "_timestamp": 1748352666.0462158, "_runtime": 1.361041784286499, "_step": 0, "_wandb": {"runtime": 1}}