{"CV_RMSE": 275.59382881266146, "RMSE": 437.2326988612307, "RMSE_STHLM": 401.09750399004093, "RMSE_S\u00f6dermanland": 36.13519487118976, "CV_RMSE_STHLM": 142.8522966327807, "CV_RMSE_S\u00f6dermanland": 132.74153217988075, "_timestamp": 1748491218.1095533, "_runtime": 1.2728233337402344, "_step": 0, "_wandb": {"runtime": 1}}