{"CV_RMSE": 2469.4234603708665, "RMSE": 144.88572530804467, "RMSE_Kalmar": 60.177806991506536, "RMSE_Blekinge": 84.70791831653814, "CV_RMSE_'Kalmar": 582.3658741113535, "CV_RMSE_Blekinge": 1887.057586259513, "_timestamp": 1748539511.055792, "_runtime": 1.3585050106048584, "_step": 0, "_wandb": {"runtime": 1}}