{"CV_RMSE": 4263.398273870054, "RMSE": 1650.226836454472, "RMSE_skane": 1439.3457480160673, "RMSE_kronoberg": 210.88108843840473, "CV_RMSE_'skane": 2282.26069981406, "CV_RMSE_kronoberg": 1981.1375740559945, "_timestamp": 1748530937.165048, "_runtime": 1.2853648662567139, "_step": 0, "_wandb": {"runtime": 1}}