{"CV_RMSE": 275.62936103391587, "RMSE": 437.22094116324365, "RMSE_STHLM": 401.07377282649344, "RMSE_S\u00f6dermanland": 36.14716833675022, "CV_RMSE_STHLM": 142.84384469483345, "CV_RMSE_S\u00f6dermanland": 132.78551633908245, "_timestamp": 1748562213.2782218, "_runtime": 1.3056187629699707, "_step": 0, "_wandb": {"runtime": 1}}