{"CV_RMSE": 288.4824695425507, "RMSE": 434.7445018981763, "RMSE_STHLM": 394.45690745748664, "RMSE_S\u00f6dermanland": 40.28759444068963, "CV_RMSE_STHLM": 140.48722465838466, "CV_RMSE_S\u00f6dermanland": 147.995244884166, "_timestamp": 1748555941.4793334, "_runtime": 1.268770456314087, "_step": 0, "_wandb": {"runtime": 1}}