{"CV_RMSE": 1845.2244718424117, "RMSE": 834.6294789375017, "RMSE_skane": 767.8066259751605, "RMSE_kronoberg": 66.82285296234123, "CV_RMSE_'skane": 1217.452366768225, "CV_RMSE_kronoberg": 627.7721050741869, "_timestamp": 1748533050.3388007, "_runtime": 1.3791136741638184, "_step": 0, "_wandb": {"runtime": 1}}