{"CV_RMSE": 275.0029199277385, "RMSE": 436.18200334150026, "RMSE_STHLM": 400.11213235393524, "RMSE_S\u00f6dermanland": 36.06987098756501, "CV_RMSE_STHLM": 142.50135303464253, "CV_RMSE_S\u00f6dermanland": 132.50156689309597, "_timestamp": 1748389303.843843, "_runtime": 1.2982819080352783, "_step": 0, "_wandb": {"runtime": 1}}