{"CV_RMSE": 255.6065778734205, "RMSE": 406.92661590841016, "RMSE_STHLM": 373.5628279775998, "RMSE_S\u00f6dermanland": 33.36378793081034, "CV_RMSE_STHLM": 133.04572425003556, "CV_RMSE_S\u00f6dermanland": 122.56085362338493, "_timestamp": 1748542143.0815582, "_runtime": 1.3071961402893066, "_step": 0, "_wandb": {"runtime": 1}}