{"CV_RMSE": 1296.581034499118, "RMSE": 1583.356308342965, "RMSE_STHLM": 1362.496097424522, "RMSE_S\u00f6dermanland": 220.86021091844273, "CV_RMSE_STHLM": 485.2578107170835, "CV_RMSE_S\u00f6dermanland": 811.3232237820345, "_timestamp": 1748291911.8636506, "_runtime": 1.2954516410827637, "_step": 0, "_wandb": {"runtime": 1}}