{"CV_RMSE": 306.2235437774002, "RMSE": 22.184994030592367, "RMSE_Kalmar": 14.920593613860012, "RMSE_Blekinge": 7.2644004167323555, "CV_RMSE_'Kalmar": 144.39284142445172, "CV_RMSE_Blekinge": 161.83070235294852, "_timestamp": 1748512888.5151505, "_runtime": 1.259894609451294, "_step": 0, "_wandb": {"runtime": 1}}