{"CV_RMSE": 306.0385550875275, "RMSE": 22.16346070781307, "RMSE_Kalmar": 14.897203254522509, "RMSE_Blekinge": 7.266257453290561, "CV_RMSE_'Kalmar": 144.16648310828234, "CV_RMSE_Blekinge": 161.8720719792452, "_timestamp": 1748471052.5573642, "_runtime": 1.2606163024902344, "_step": 0, "_wandb": {"runtime": 1}}