{"CV_RMSE": 272.8659701458415, "RMSE": 432.8812331752662, "RMSE_STHLM": 397.1011654025052, "RMSE_S\u00f6dermanland": 35.78006777276096, "CV_RMSE_STHLM": 141.42898649080124, "CV_RMSE_S\u00f6dermanland": 131.43698365504025, "_timestamp": 1748502828.1308553, "_runtime": 1.3241102695465088, "_step": 0, "_wandb": {"runtime": 1}}