{"CV_RMSE": 243.74252444650324, "RMSE": 404.63970376804497, "RMSE_STHLM": 374.6067899780737, "RMSE_S\u00f6dermanland": 30.032913789971243, "CV_RMSE_STHLM": 133.4175350139558, "CV_RMSE_S\u00f6dermanland": 110.32498943254743, "_timestamp": 1748340366.5439122, "_runtime": 1.3357372283935547, "_step": 0, "_wandb": {"runtime": 5}}