{"CV_RMSE": 1352.8437547019935, "RMSE": 1811.5273546600304, "RMSE_STHLM": 1598.203720669482, "RMSE_S\u00f6dermanland": 213.3236339905483, "CV_RMSE_STHLM": 569.2059155530407, "CV_RMSE_S\u00f6dermanland": 783.6378391489529, "_timestamp": 1748338749.5735846, "_runtime": 1.2614874839782715, "_step": 0, "_wandb": {"runtime": 1}}