{"CV_RMSE": 1558.6534412180936, "RMSE": 1745.9549258931256, "RMSE_STHLM": 1463.550278848474, "RMSE_S\u00f6dermanland": 282.40464704465177, "CV_RMSE_STHLM": 521.248615339781, "CV_RMSE_S\u00f6dermanland": 1037.4048258783125, "_timestamp": 1748324251.5462382, "_runtime": 1.2687880992889404, "_step": 0, "_wandb": {"runtime": 1}}