{"CV_RMSE": 306.91314758712053, "RMSE": 22.253702006967316, "RMSE_Kalmar": 14.987342202552496, "RMSE_Blekinge": 7.266359804414821, "CV_RMSE_'Kalmar": 145.03879550857252, "CV_RMSE_Blekinge": 161.87435207854801, "_timestamp": 1748500368.4001694, "_runtime": 1.230839490890503, "_step": 0, "_wandb": {"runtime": 1}}