{"CV_RMSE": 272.29211596681654, "RMSE": 434.8418379596269, "RMSE_STHLM": 399.44525206679515, "RMSE_S\u00f6dermanland": 35.39658589283177, "CV_RMSE_STHLM": 142.26384125845493, "CV_RMSE_S\u00f6dermanland": 130.0282747083616, "_timestamp": 1748448045.178939, "_runtime": 1.3156211376190186, "_step": 0, "_wandb": {"runtime": 1}}