{"CV_RMSE": 272.1514604821252, "RMSE": 432.19280532785353, "RMSE_STHLM": 396.5542144808386, "RMSE_S\u00f6dermanland": 35.63859084701492, "CV_RMSE_STHLM": 141.2341879828867, "CV_RMSE_S\u00f6dermanland": 130.91727249923846, "_timestamp": 1748482922.4569995, "_runtime": 1.2640535831451416, "_step": 0, "_wandb": {"runtime": 1}}