{"CV_RMSE": 1467.5937269125839, "RMSE": 1648.8826844038042, "RMSE_STHLM": 1383.5059883640508, "RMSE_S\u00f6dermanland": 265.37669603975337, "CV_RMSE_STHLM": 492.7405577869592, "CV_RMSE_S\u00f6dermanland": 974.8531691256246, "_timestamp": 1748316483.3677676, "_runtime": 1.2490525245666504, "_step": 0, "_wandb": {"runtime": 1}}