{"CV_RMSE": 410.2507109142881, "RMSE": 475.35383660964794, "RMSE_STHLM": 402.7192821665317, "RMSE_S\u00f6dermanland": 72.63455444311623, "CV_RMSE_STHLM": 143.4298986742693, "CV_RMSE_S\u00f6dermanland": 266.8208122400188, "_timestamp": 1748472647.6458957, "_runtime": 1.2855327129364014, "_step": 0, "_wandb": {"runtime": 1}}