{"CV_RMSE": 871.0861882361556, "RMSE": 575.0621364330266, "RMSE_STHLM": 374.21428155604485, "RMSE_S\u00f6dermanland": 200.84785487698173, "CV_RMSE_STHLM": 133.2777417492839, "CV_RMSE_S\u00f6dermanland": 737.8084464868717, "_timestamp": 1748341854.0302308, "_runtime": 1.2967607975006104, "_step": 0, "_wandb": {"runtime": 1}}