{"CV_RMSE": 892.7762656895762, "RMSE": 1531.4388836956746, "RMSE_STHLM": 1426.7310718943766, "RMSE_S\u00f6dermanland": 104.70781180129794, "CV_RMSE_STHLM": 508.1353243786858, "CV_RMSE_S\u00f6dermanland": 384.6409413108904, "_timestamp": 1748353734.1053002, "_runtime": 1.3406691551208496, "_step": 0, "_wandb": {"runtime": 1}}