{"CV_RMSE": 568.2725619218749, "RMSE": 633.5289058318291, "RMSE_STHLM": 530.2408819549456, "RMSE_S\u00f6dermanland": 103.28802387688343, "CV_RMSE_STHLM": 188.84716808842543, "CV_RMSE_S\u00f6dermanland": 379.4253938334494, "_timestamp": 1748383479.7475774, "_runtime": 1.309739351272583, "_step": 0, "_wandb": {"runtime": 1}}