{"CV_RMSE": 4432.825037500201, "RMSE": 303.562715787322, "RMSE_Kalmar": 184.90048754759394, "RMSE_Blekinge": 118.66222823972808, "CV_RMSE_'Kalmar": 1789.3595569121994, "CV_RMSE_Blekinge": 2643.465480588002, "_timestamp": 1748470884.4686613, "_runtime": 1.345388412475586, "_step": 0, "_wandb": {"runtime": 1}}